date,series_id,benchmark,freq,price_usd_per_barrel,price_usd_per_gallon
2010-01-01,DCOILBRENTEU,Brent,daily,,
2010-01-04,DCOILBRENTEU,Brent,daily,79.05,1.8821428571428571
2010-01-05,DCOILBRENTEU,Brent,daily,79.27,1.8873809523809524
2010-01-06,DCOILBRENTEU,Brent,daily,80.14,1.908095238095238
2010-01-07,DCOILBRENTEU,Brent,daily,80.57,1.9183333333333332
2010-01-08,DCOILBRENTEU,Brent,daily,80.06,1.9061904761904762
2010-01-11,DCOILBRENTEU,Brent,daily,80.14,1.908095238095238
2010-01-12,DCOILBRENTEU,Brent,daily,79.38,1.89
2010-01-13,DCOILBRENTEU,Brent,daily,77.57,1.8469047619047618
2010-01-14,DCOILBRENTEU,Brent,daily,77.61,1.8478571428571429
2010-01-15,DCOILBRENTEU,Brent,daily,76.85,1.8297619047619047
2010-01-18,DCOILBRENTEU,Brent,daily,,
2010-01-19,DCOILBRENTEU,Brent,daily,75.18,1.7900000000000003
2010-01-20,DCOILBRENTEU,Brent,daily,75.09,1.787857142857143
2010-01-21,DCOILBRENTEU,Brent,daily,74.13,1.765
2010-01-22,DCOILBRENTEU,Brent,daily,72.73,1.7316666666666667
2010-01-25,DCOILBRENTEU,Brent,daily,72.18,1.7185714285714286
2010-01-26,DCOILBRENTEU,Brent,daily,72.63,1.729285714285714
2010-01-27,DCOILBRENTEU,Brent,daily,72.75,1.7321428571428572
2010-01-28,DCOILBRENTEU,Brent,daily,70.65,1.6821428571428574
2010-01-29,DCOILBRENTEU,Brent,daily,71.2,1.6952380952380952
2010-02-01,DCOILBRENTEU,Brent,daily,71.58,1.7042857142857142
2010-02-02,DCOILBRENTEU,Brent,daily,73.94,1.7604761904761905
2010-02-03,DCOILBRENTEU,Brent,daily,75.77,1.804047619047619
2010-02-04,DCOILBRENTEU,Brent,daily,71.3,1.6976190476190476
2010-02-05,DCOILBRENTEU,Brent,daily,70.11,1.6692857142857143
2010-02-08,DCOILBRENTEU,Brent,daily,69.62,1.6576190476190478
2010-02-09,DCOILBRENTEU,Brent,daily,70.4,1.6761904761904762
2010-02-10,DCOILBRENTEU,Brent,daily,70.4,1.6761904761904762
2010-02-11,DCOILBRENTEU,Brent,daily,72.35,1.7226190476190475
2010-02-12,DCOILBRENTEU,Brent,daily,71.49,1.702142857142857
2010-02-15,DCOILBRENTEU,Brent,daily,,
2010-02-16,DCOILBRENTEU,Brent,daily,74.82,1.7814285714285714
2010-02-17,DCOILBRENTEU,Brent,daily,74.89,1.783095238095238
2010-02-18,DCOILBRENTEU,Brent,daily,76.61,1.8240476190476191
2010-02-19,DCOILBRENTEU,Brent,daily,76.88,1.8304761904761904
2010-02-22,DCOILBRENTEU,Brent,daily,76.95,1.8321428571428573
2010-02-23,DCOILBRENTEU,Brent,daily,76.44,1.8199999999999998
2010-02-24,DCOILBRENTEU,Brent,daily,77.0,1.8333333333333333
2010-02-25,DCOILBRENTEU,Brent,daily,74.38,1.7709523809523808
2010-02-26,DCOILBRENTEU,Brent,daily,76.36,1.818095238095238
2010-03-01,DCOILBRENTEU,Brent,daily,76.07,1.811190476190476
2010-03-02,DCOILBRENTEU,Brent,daily,77.5,1.8452380952380953
2010-03-03,DCOILBRENTEU,Brent,daily,78.66,1.8728571428571428
2010-03-04,DCOILBRENTEU,Brent,daily,77.88,1.854285714285714
2010-03-05,DCOILBRENTEU,Brent,daily,79.2,1.8857142857142857
2010-03-08,DCOILBRENTEU,Brent,daily,78.94,1.8795238095238094
2010-03-09,DCOILBRENTEU,Brent,daily,78.77,1.8754761904761903
2010-03-10,DCOILBRENTEU,Brent,daily,80.29,1.9116666666666668
2010-03-11,DCOILBRENTEU,Brent,daily,79.44,1.8914285714285715
2010-03-12,DCOILBRENTEU,Brent,daily,79.38,1.89
2010-03-15,DCOILBRENTEU,Brent,daily,77.08,1.8352380952380951
2010-03-16,DCOILBRENTEU,Brent,daily,79.45,1.8916666666666668
2010-03-17,DCOILBRENTEU,Brent,daily,80.28,1.9114285714285715
2010-03-18,DCOILBRENTEU,Brent,daily,80.09,1.9069047619047619
2010-03-19,DCOILBRENTEU,Brent,daily,78.37,1.865952380952381
2010-03-22,DCOILBRENTEU,Brent,daily,78.09,1.8592857142857144
2010-03-23,DCOILBRENTEU,Brent,daily,79.17,1.885
2010-03-24,DCOILBRENTEU,Brent,daily,78.03,1.8578571428571429
2010-03-25,DCOILBRENTEU,Brent,daily,78.64,1.8723809523809525
2010-03-26,DCOILBRENTEU,Brent,daily,77.98,1.8566666666666667
2010-03-29,DCOILBRENTEU,Brent,daily,79.89,1.9021428571428571
2010-03-30,DCOILBRENTEU,Brent,daily,79.46,1.8919047619047618
2010-03-31,DCOILBRENTEU,Brent,daily,80.37,1.9135714285714287
2010-04-01,DCOILBRENTEU,Brent,daily,82.63,1.9673809523809522
2010-04-02,DCOILBRENTEU,Brent,daily,,
2010-04-05,DCOILBRENTEU,Brent,daily,84.48,2.0114285714285716
2010-04-06,DCOILBRENTEU,Brent,daily,85.05,2.025
2010-04-07,DCOILBRENTEU,Brent,daily,84.49,2.0116666666666667
2010-04-08,DCOILBRENTEU,Brent,daily,82.63,1.9673809523809522
2010-04-09,DCOILBRENTEU,Brent,daily,82.77,1.9707142857142856
2010-04-12,DCOILBRENTEU,Brent,daily,85.21,2.0288095238095236
2010-04-13,DCOILBRENTEU,Brent,daily,83.44,1.9866666666666666
2010-04-14,DCOILBRENTEU,Brent,daily,85.81,2.0430952380952383
2010-04-15,DCOILBRENTEU,Brent,daily,86.9,2.0690476190476192
2010-04-16,DCOILBRENTEU,Brent,daily,84.81,2.019285714285714
2010-04-19,DCOILBRENTEU,Brent,daily,83.09,1.9783333333333335
2010-04-20,DCOILBRENTEU,Brent,daily,84.73,2.0173809523809525
2010-04-21,DCOILBRENTEU,Brent,daily,84.55,2.013095238095238
2010-04-22,DCOILBRENTEU,Brent,daily,84.58,2.013809523809524
2010-04-23,DCOILBRENTEU,Brent,daily,86.09,2.0497619047619047
2010-04-26,DCOILBRENTEU,Brent,daily,86.72,2.064761904761905
2010-04-27,DCOILBRENTEU,Brent,daily,85.59,2.037857142857143
2010-04-28,DCOILBRENTEU,Brent,daily,84.59,2.014047619047619
2010-04-29,DCOILBRENTEU,Brent,daily,86.82,2.067142857142857
2010-04-30,DCOILBRENTEU,Brent,daily,86.19,2.052142857142857
2010-05-03,DCOILBRENTEU,Brent,daily,88.09,2.0973809523809526
2010-05-04,DCOILBRENTEU,Brent,daily,85.39,2.033095238095238
2010-05-05,DCOILBRENTEU,Brent,daily,82.31,1.9597619047619048
2010-05-06,DCOILBRENTEU,Brent,daily,80.21,1.9097619047619045
2010-05-07,DCOILBRENTEU,Brent,daily,76.48,1.820952380952381
2010-05-10,DCOILBRENTEU,Brent,daily,78.08,1.859047619047619
2010-05-11,DCOILBRENTEU,Brent,daily,79.0,1.880952380952381
2010-05-12,DCOILBRENTEU,Brent,daily,78.7,1.8738095238095238
2010-05-13,DCOILBRENTEU,Brent,daily,79.41,1.8907142857142856
2010-05-14,DCOILBRENTEU,Brent,daily,76.43,1.819761904761905
2010-05-17,DCOILBRENTEU,Brent,daily,73.87,1.7588095238095238
2010-05-18,DCOILBRENTEU,Brent,daily,75.12,1.7885714285714287
2010-05-19,DCOILBRENTEU,Brent,daily,71.86,1.710952380952381
2010-05-20,DCOILBRENTEU,Brent,daily,69.56,1.6561904761904762
2010-05-21,DCOILBRENTEU,Brent,daily,70.45,1.6773809523809524
2010-05-24,DCOILBRENTEU,Brent,daily,69.62,1.6576190476190478
2010-05-25,DCOILBRENTEU,Brent,daily,67.18,1.5995238095238098
2010-05-26,DCOILBRENTEU,Brent,daily,70.59,1.6807142857142858
2010-05-27,DCOILBRENTEU,Brent,daily,73.56,1.7514285714285716
2010-05-28,DCOILBRENTEU,Brent,daily,73.0,1.7380952380952381
2010-05-31,DCOILBRENTEU,Brent,daily,,
2010-06-01,DCOILBRENTEU,Brent,daily,73.08,1.74
2010-06-02,DCOILBRENTEU,Brent,daily,72.78,1.7328571428571429
2010-06-03,DCOILBRENTEU,Brent,daily,73.12,1.740952380952381
2010-06-04,DCOILBRENTEU,Brent,daily,71.84,1.7104761904761905
2010-06-07,DCOILBRENTEU,Brent,daily,71.09,1.6926190476190477
2010-06-08,DCOILBRENTEU,Brent,daily,71.43,1.7007142857142858
2010-06-09,DCOILBRENTEU,Brent,daily,73.68,1.7542857142857144
2010-06-10,DCOILBRENTEU,Brent,daily,74.33,1.7697619047619046
2010-06-11,DCOILBRENTEU,Brent,daily,73.28,1.7447619047619047
2010-06-14,DCOILBRENTEU,Brent,daily,75.11,1.7883333333333333
2010-06-15,DCOILBRENTEU,Brent,daily,75.29,1.7926190476190478
2010-06-16,DCOILBRENTEU,Brent,daily,76.12,1.8123809523809524
2010-06-17,DCOILBRENTEU,Brent,daily,77.52,1.8457142857142856
2010-06-18,DCOILBRENTEU,Brent,daily,77.05,1.8345238095238094
2010-06-21,DCOILBRENTEU,Brent,daily,78.53,1.8697619047619047
2010-06-22,DCOILBRENTEU,Brent,daily,78.08,1.859047619047619
2010-06-23,DCOILBRENTEU,Brent,daily,75.22,1.7909523809523809
2010-06-24,DCOILBRENTEU,Brent,daily,75.17,1.7897619047619049
2010-06-25,DCOILBRENTEU,Brent,daily,76.21,1.8145238095238094
2010-06-28,DCOILBRENTEU,Brent,daily,76.66,1.825238095238095
2010-06-29,DCOILBRENTEU,Brent,daily,74.21,1.7669047619047618
2010-06-30,DCOILBRENTEU,Brent,daily,74.94,1.7842857142857143
2010-07-01,DCOILBRENTEU,Brent,daily,71.73,1.707857142857143
2010-07-02,DCOILBRENTEU,Brent,daily,71.75,1.7083333333333333
2010-07-05,DCOILBRENTEU,Brent,daily,,
2010-07-06,DCOILBRENTEU,Brent,daily,73.08,1.74
2010-07-07,DCOILBRENTEU,Brent,daily,72.97,1.7373809523809522
2010-07-08,DCOILBRENTEU,Brent,daily,74.56,1.7752380952380953
2010-07-09,DCOILBRENTEU,Brent,daily,75.2,1.7904761904761906
2010-07-12,DCOILBRENTEU,Brent,daily,74.35,1.7702380952380952
2010-07-13,DCOILBRENTEU,Brent,daily,76.45,1.8202380952380952
2010-07-14,DCOILBRENTEU,Brent,daily,76.63,1.8245238095238094
2010-07-15,DCOILBRENTEU,Brent,daily,75.52,1.798095238095238
2010-07-16,DCOILBRENTEU,Brent,daily,75.55,1.7988095238095236
2010-07-19,DCOILBRENTEU,Brent,daily,76.29,1.8164285714285715
2010-07-20,DCOILBRENTEU,Brent,daily,76.31,1.816904761904762
2010-07-21,DCOILBRENTEU,Brent,daily,75.75,1.8035714285714286
2010-07-22,DCOILBRENTEU,Brent,daily,77.59,1.8473809523809526
2010-07-23,DCOILBRENTEU,Brent,daily,77.27,1.8397619047619047
2010-07-26,DCOILBRENTEU,Brent,daily,77.9,1.8547619047619048
2010-07-27,DCOILBRENTEU,Brent,daily,75.52,1.798095238095238
2010-07-28,DCOILBRENTEU,Brent,daily,76.66,1.825238095238095
2010-07-29,DCOILBRENTEU,Brent,daily,78.6,1.8714285714285712
2010-07-30,DCOILBRENTEU,Brent,daily,77.5,1.8452380952380953
2010-08-02,DCOILBRENTEU,Brent,daily,81.93,1.9507142857142858
2010-08-03,DCOILBRENTEU,Brent,daily,83.6,1.9904761904761903
2010-08-04,DCOILBRENTEU,Brent,daily,83.76,1.9942857142857144
2010-08-05,DCOILBRENTEU,Brent,daily,82.9,1.973809523809524
2010-08-06,DCOILBRENTEU,Brent,daily,81.28,1.9352380952380952
2010-08-09,DCOILBRENTEU,Brent,daily,81.54,1.9414285714285715
2010-08-10,DCOILBRENTEU,Brent,daily,79.89,1.9021428571428571
2010-08-11,DCOILBRENTEU,Brent,daily,77.83,1.8530952380952381
2010-08-12,DCOILBRENTEU,Brent,daily,76.63,1.8245238095238094
2010-08-13,DCOILBRENTEU,Brent,daily,75.14,1.789047619047619
2010-08-16,DCOILBRENTEU,Brent,daily,74.56,1.7752380952380953
2010-08-17,DCOILBRENTEU,Brent,daily,76.74,1.827142857142857
2010-08-18,DCOILBRENTEU,Brent,daily,75.1,1.788095238095238
2010-08-19,DCOILBRENTEU,Brent,daily,74.84,1.7819047619047619
2010-08-20,DCOILBRENTEU,Brent,daily,73.48,1.7495238095238097
2010-08-23,DCOILBRENTEU,Brent,daily,73.08,1.74
2010-08-24,DCOILBRENTEU,Brent,daily,70.61,1.6811904761904761
2010-08-25,DCOILBRENTEU,Brent,daily,70.74,1.6842857142857142
2010-08-26,DCOILBRENTEU,Brent,daily,74.5,1.7738095238095237
2010-08-27,DCOILBRENTEU,Brent,daily,75.16,1.7895238095238095
2010-08-30,DCOILBRENTEU,Brent,daily,76.05,1.8107142857142857
2010-08-31,DCOILBRENTEU,Brent,daily,75.51,1.797857142857143
2010-09-01,DCOILBRENTEU,Brent,daily,75.53,1.7983333333333333
2010-09-02,DCOILBRENTEU,Brent,daily,74.93,1.784047619047619
2010-09-03,DCOILBRENTEU,Brent,daily,75.03,1.7864285714285715
2010-09-06,DCOILBRENTEU,Brent,daily,,
2010-09-07,DCOILBRENTEU,Brent,daily,75.78,1.8042857142857143
2010-09-08,DCOILBRENTEU,Brent,daily,77.48,1.8447619047619048
2010-09-09,DCOILBRENTEU,Brent,daily,77.87,1.8540476190476192
2010-09-10,DCOILBRENTEU,Brent,daily,77.54,1.8461904761904764
2010-09-13,DCOILBRENTEU,Brent,daily,78.52,1.8695238095238094
2010-09-14,DCOILBRENTEU,Brent,daily,78.89,1.8783333333333334
2010-09-15,DCOILBRENTEU,Brent,daily,78.46,1.868095238095238
2010-09-16,DCOILBRENTEU,Brent,daily,78.89,1.8783333333333334
2010-09-17,DCOILBRENTEU,Brent,daily,77.43,1.8435714285714286
2010-09-20,DCOILBRENTEU,Brent,daily,79.42,1.890952380952381
2010-09-21,DCOILBRENTEU,Brent,daily,78.76,1.8752380952380954
2010-09-22,DCOILBRENTEU,Brent,daily,77.29,1.8402380952380955
2010-09-23,DCOILBRENTEU,Brent,daily,77.69,1.8497619047619047
2010-09-24,DCOILBRENTEU,Brent,daily,78.73,1.8745238095238097
2010-09-27,DCOILBRENTEU,Brent,daily,77.71,1.850238095238095
2010-09-28,DCOILBRENTEU,Brent,daily,79.14,1.8842857142857143
2010-09-29,DCOILBRENTEU,Brent,daily,78.79,1.875952380952381
2010-09-30,DCOILBRENTEU,Brent,daily,80.77,1.923095238095238
2010-10-01,DCOILBRENTEU,Brent,daily,82.69,1.9688095238095238
2010-10-04,DCOILBRENTEU,Brent,daily,83.42,1.9861904761904763
2010-10-05,DCOILBRENTEU,Brent,daily,83.35,1.9845238095238094
2010-10-06,DCOILBRENTEU,Brent,daily,85.01,2.0240476190476193
2010-10-07,DCOILBRENTEU,Brent,daily,83.67,1.9921428571428572
2010-10-08,DCOILBRENTEU,Brent,daily,83.88,1.997142857142857
2010-10-11,DCOILBRENTEU,Brent,daily,83.08,1.9780952380952381
2010-10-12,DCOILBRENTEU,Brent,daily,82.99,1.975952380952381
2010-10-13,DCOILBRENTEU,Brent,daily,84.01,2.000238095238095
2010-10-14,DCOILBRENTEU,Brent,daily,83.55,1.9892857142857143
2010-10-15,DCOILBRENTEU,Brent,daily,81.94,1.950952380952381
2010-10-18,DCOILBRENTEU,Brent,daily,82.3,1.9595238095238094
2010-10-19,DCOILBRENTEU,Brent,daily,81.12,1.9314285714285715
2010-10-20,DCOILBRENTEU,Brent,daily,81.68,1.944761904761905
2010-10-21,DCOILBRENTEU,Brent,daily,81.28,1.9352380952380952
2010-10-22,DCOILBRENTEU,Brent,daily,80.75,1.9226190476190477
2010-10-25,DCOILBRENTEU,Brent,daily,81.91,1.950238095238095
2010-10-26,DCOILBRENTEU,Brent,daily,82.62,1.9671428571428573
2010-10-27,DCOILBRENTEU,Brent,daily,81.27,1.9349999999999998
2010-10-28,DCOILBRENTEU,Brent,daily,82.97,1.9754761904761904
2010-10-29,DCOILBRENTEU,Brent,daily,82.47,1.9635714285714285
2010-11-01,DCOILBRENTEU,Brent,daily,84.06,2.0014285714285713
2010-11-02,DCOILBRENTEU,Brent,daily,84.71,2.0169047619047618
2010-11-03,DCOILBRENTEU,Brent,daily,85.33,2.0316666666666667
2010-11-04,DCOILBRENTEU,Brent,daily,86.83,2.0673809523809523
2010-11-05,DCOILBRENTEU,Brent,daily,87.05,2.0726190476190474
2010-11-08,DCOILBRENTEU,Brent,daily,87.15,2.075
2010-11-09,DCOILBRENTEU,Brent,daily,87.93,2.093571428571429
2010-11-10,DCOILBRENTEU,Brent,daily,87.92,2.0933333333333333
2010-11-11,DCOILBRENTEU,Brent,daily,88.08,2.097142857142857
2010-11-12,DCOILBRENTEU,Brent,daily,86.07,2.049285714285714
2010-11-15,DCOILBRENTEU,Brent,daily,85.49,2.0354761904761904
2010-11-16,DCOILBRENTEU,Brent,daily,83.98,1.9995238095238097
2010-11-17,DCOILBRENTEU,Brent,daily,83.36,1.9847619047619047
2010-11-18,DCOILBRENTEU,Brent,daily,83.7,1.9928571428571429
2010-11-19,DCOILBRENTEU,Brent,daily,83.17,1.9802380952380954
2010-11-22,DCOILBRENTEU,Brent,daily,82.34,1.9604761904761905
2010-11-23,DCOILBRENTEU,Brent,daily,82.37,1.9611904761904764
2010-11-24,DCOILBRENTEU,Brent,daily,84.53,2.0126190476190478
2010-11-25,DCOILBRENTEU,Brent,daily,,
2010-11-26,DCOILBRENTEU,Brent,daily,84.78,2.0185714285714287
2010-11-29,DCOILBRENTEU,Brent,daily,85.9,2.0452380952380955
2010-11-30,DCOILBRENTEU,Brent,daily,86.02,2.048095238095238
2010-12-01,DCOILBRENTEU,Brent,daily,88.56,2.1085714285714285
2010-12-02,DCOILBRENTEU,Brent,daily,89.37,2.127857142857143
2010-12-03,DCOILBRENTEU,Brent,daily,90.65,2.1583333333333337
2010-12-06,DCOILBRENTEU,Brent,daily,91.25,2.1726190476190474
2010-12-07,DCOILBRENTEU,Brent,daily,90.78,2.1614285714285715
2010-12-08,DCOILBRENTEU,Brent,daily,89.74,2.1366666666666667
2010-12-09,DCOILBRENTEU,Brent,daily,89.93,2.1411904761904763
2010-12-10,DCOILBRENTEU,Brent,daily,89.54,2.131904761904762
2010-12-13,DCOILBRENTEU,Brent,daily,90.4,2.1523809523809527
2010-12-14,DCOILBRENTEU,Brent,daily,90.63,2.157857142857143
2010-12-15,DCOILBRENTEU,Brent,daily,91.33,2.1745238095238095
2010-12-16,DCOILBRENTEU,Brent,daily,91.09,2.1688095238095237
2010-12-17,DCOILBRENTEU,Brent,daily,91.11,2.1692857142857145
2010-12-20,DCOILBRENTEU,Brent,daily,91.31,2.1740476190476192
2010-12-21,DCOILBRENTEU,Brent,daily,93.11,2.216904761904762
2010-12-22,DCOILBRENTEU,Brent,daily,93.55,2.2273809523809525
2010-12-23,DCOILBRENTEU,Brent,daily,93.63,2.229285714285714
2010-12-24,DCOILBRENTEU,Brent,daily,,
2010-12-27,DCOILBRENTEU,Brent,daily,93.08,2.216190476190476
2010-12-28,DCOILBRENTEU,Brent,daily,93.52,2.2266666666666666
2010-12-29,DCOILBRENTEU,Brent,daily,93.52,2.2266666666666666
2010-12-30,DCOILBRENTEU,Brent,daily,92.5,2.2023809523809526
2010-12-31,DCOILBRENTEU,Brent,daily,93.23,2.219761904761905
2011-01-03,DCOILBRENTEU,Brent,daily,95.82,2.281428571428571
2011-01-04,DCOILBRENTEU,Brent,daily,93.52,2.2266666666666666
2011-01-05,DCOILBRENTEU,Brent,daily,95.07,2.2635714285714283
2011-01-06,DCOILBRENTEU,Brent,daily,94.95,2.2607142857142857
2011-01-07,DCOILBRENTEU,Brent,daily,94.25,2.244047619047619
2011-01-10,DCOILBRENTEU,Brent,daily,95.05,2.263095238095238
2011-01-11,DCOILBRENTEU,Brent,daily,96.8,2.3047619047619046
2011-01-12,DCOILBRENTEU,Brent,daily,97.86,2.33
2011-01-13,DCOILBRENTEU,Brent,daily,97.86,2.33
2011-01-14,DCOILBRENTEU,Brent,daily,97.86,2.33
2011-01-17,DCOILBRENTEU,Brent,daily,,
2011-01-18,DCOILBRENTEU,Brent,daily,97.83,2.329285714285714
2011-01-19,DCOILBRENTEU,Brent,daily,98.42,2.3433333333333333
2011-01-20,DCOILBRENTEU,Brent,daily,96.27,2.2921428571428573
2011-01-21,DCOILBRENTEU,Brent,daily,96.84,2.3057142857142856
2011-01-24,DCOILBRENTEU,Brent,daily,96.76,2.303809523809524
2011-01-25,DCOILBRENTEU,Brent,daily,96.76,2.303809523809524
2011-01-26,DCOILBRENTEU,Brent,daily,96.04,2.2866666666666666
2011-01-27,DCOILBRENTEU,Brent,daily,96.48,2.297142857142857
2011-01-28,DCOILBRENTEU,Brent,daily,97.06,2.310952380952381
2011-01-31,DCOILBRENTEU,Brent,daily,98.97,2.3564285714285713
2011-02-01,DCOILBRENTEU,Brent,daily,100.4,2.3904761904761904
2011-02-02,DCOILBRENTEU,Brent,daily,101.3,2.4119047619047618
2011-02-03,DCOILBRENTEU,Brent,daily,101.69,2.421190476190476
2011-02-04,DCOILBRENTEU,Brent,daily,99.43,2.3673809523809526
2011-02-07,DCOILBRENTEU,Brent,daily,99.44,2.3676190476190477
2011-02-08,DCOILBRENTEU,Brent,daily,99.25,2.363095238095238
2011-02-09,DCOILBRENTEU,Brent,daily,100.16,2.3847619047619046
2011-02-10,DCOILBRENTEU,Brent,daily,100.74,2.3985714285714286
2011-02-11,DCOILBRENTEU,Brent,daily,99.93,2.3792857142857144
2011-02-14,DCOILBRENTEU,Brent,daily,103.12,2.455238095238095
2011-02-15,DCOILBRENTEU,Brent,daily,102.48,2.44
2011-02-16,DCOILBRENTEU,Brent,daily,102.78,2.447142857142857
2011-02-17,DCOILBRENTEU,Brent,daily,103.45,2.4630952380952382
2011-02-18,DCOILBRENTEU,Brent,daily,102.2,2.4333333333333336
2011-02-21,DCOILBRENTEU,Brent,daily,,
2011-02-22,DCOILBRENTEU,Brent,daily,106.82,2.543333333333333
2011-02-23,DCOILBRENTEU,Brent,daily,109.77,2.6135714285714284
2011-02-24,DCOILBRENTEU,Brent,daily,113.91,2.712142857142857
2011-02-25,DCOILBRENTEU,Brent,daily,111.47,2.654047619047619
2011-02-28,DCOILBRENTEU,Brent,daily,112.27,2.673095238095238
2011-03-01,DCOILBRENTEU,Brent,daily,113.34,2.698571428571429
2011-03-02,DCOILBRENTEU,Brent,daily,116.89,2.783095238095238
2011-03-03,DCOILBRENTEU,Brent,daily,114.42,2.724285714285714
2011-03-04,DCOILBRENTEU,Brent,daily,115.71,2.755
2011-03-07,DCOILBRENTEU,Brent,daily,116.58,2.775714285714286
2011-03-08,DCOILBRENTEU,Brent,daily,112.32,2.674285714285714
2011-03-09,DCOILBRENTEU,Brent,daily,115.19,2.7426190476190477
2011-03-10,DCOILBRENTEU,Brent,daily,114.07,2.715952380952381
2011-03-11,DCOILBRENTEU,Brent,daily,114.07,2.715952380952381
2011-03-14,DCOILBRENTEU,Brent,daily,112.95,2.6892857142857145
2011-03-15,DCOILBRENTEU,Brent,daily,111.11,2.6454761904761903
2011-03-16,DCOILBRENTEU,Brent,daily,110.96,2.6419047619047618
2011-03-17,DCOILBRENTEU,Brent,daily,114.18,2.718571428571429
2011-03-18,DCOILBRENTEU,Brent,daily,114.13,2.7173809523809522
2011-03-21,DCOILBRENTEU,Brent,daily,114.92,2.736190476190476
2011-03-22,DCOILBRENTEU,Brent,daily,115.63,2.753095238095238
2011-03-23,DCOILBRENTEU,Brent,daily,115.65,2.7535714285714286
2011-03-24,DCOILBRENTEU,Brent,daily,115.41,2.7478571428571428
2011-03-25,DCOILBRENTEU,Brent,daily,115.45,2.748809523809524
2011-03-28,DCOILBRENTEU,Brent,daily,115.95,2.7607142857142857
2011-03-29,DCOILBRENTEU,Brent,daily,115.58,2.751904761904762
2011-03-30,DCOILBRENTEU,Brent,daily,115.35,2.7464285714285714
2011-03-31,DCOILBRENTEU,Brent,daily,116.94,2.7842857142857143
2011-04-01,DCOILBRENTEU,Brent,daily,118.63,2.8245238095238094
2011-04-04,DCOILBRENTEU,Brent,daily,120.07,2.8588095238095237
2011-04-05,DCOILBRENTEU,Brent,daily,122.87,2.9254761904761906
2011-04-06,DCOILBRENTEU,Brent,daily,123.01,2.928809523809524
2011-04-07,DCOILBRENTEU,Brent,daily,122.9,2.9261904761904765
2011-04-08,DCOILBRENTEU,Brent,daily,126.3,3.007142857142857
2011-04-11,DCOILBRENTEU,Brent,daily,126.46,3.010952380952381
2011-04-12,DCOILBRENTEU,Brent,daily,121.33,2.888809523809524
2011-04-13,DCOILBRENTEU,Brent,daily,122.7,2.9214285714285717
2011-04-14,DCOILBRENTEU,Brent,daily,122.74,2.9223809523809523
2011-04-15,DCOILBRENTEU,Brent,daily,124.63,2.9673809523809522
2011-04-18,DCOILBRENTEU,Brent,daily,121.69,2.8973809523809524
2011-04-19,DCOILBRENTEU,Brent,daily,121.35,2.8892857142857142
2011-04-20,DCOILBRENTEU,Brent,daily,124.26,2.9585714285714286
2011-04-21,DCOILBRENTEU,Brent,daily,123.64,2.9438095238095237
2011-04-22,DCOILBRENTEU,Brent,daily,,
2011-04-25,DCOILBRENTEU,Brent,daily,,
2011-04-26,DCOILBRENTEU,Brent,daily,124.55,2.9654761904761906
2011-04-27,DCOILBRENTEU,Brent,daily,124.94,2.9747619047619045
2011-04-28,DCOILBRENTEU,Brent,daily,126.59,3.014047619047619
2011-04-29,DCOILBRENTEU,Brent,daily,,
2011-05-02,DCOILBRENTEU,Brent,daily,126.64,3.0152380952380953
2011-05-03,DCOILBRENTEU,Brent,daily,124.01,2.9526190476190477
2011-05-04,DCOILBRENTEU,Brent,daily,121.55,2.894047619047619
2011-05-05,DCOILBRENTEU,Brent,daily,111.93,2.665
2011-05-06,DCOILBRENTEU,Brent,daily,113.69,2.7069047619047617
2011-05-09,DCOILBRENTEU,Brent,daily,113.21,2.69547619047619
2011-05-10,DCOILBRENTEU,Brent,daily,117.82,2.805238095238095
2011-05-11,DCOILBRENTEU,Brent,daily,115.66,2.7538095238095237
2011-05-12,DCOILBRENTEU,Brent,daily,112.87,2.6873809523809524
2011-05-13,DCOILBRENTEU,Brent,daily,113.08,2.6923809523809523
2011-05-16,DCOILBRENTEU,Brent,daily,113.72,2.7076190476190476
2011-05-17,DCOILBRENTEU,Brent,daily,109.39,2.6045238095238097
2011-05-18,DCOILBRENTEU,Brent,daily,112.54,2.67952380952381
2011-05-19,DCOILBRENTEU,Brent,daily,113.2,2.6952380952380954
2011-05-20,DCOILBRENTEU,Brent,daily,111.25,2.6488095238095237
2011-05-23,DCOILBRENTEU,Brent,daily,110.13,2.622142857142857
2011-05-24,DCOILBRENTEU,Brent,daily,112.52,2.679047619047619
2011-05-25,DCOILBRENTEU,Brent,daily,114.47,2.7254761904761904
2011-05-26,DCOILBRENTEU,Brent,daily,115.06,2.7395238095238095
2011-05-27,DCOILBRENTEU,Brent,daily,114.85,2.7345238095238096
2011-05-30,DCOILBRENTEU,Brent,daily,,
2011-05-31,DCOILBRENTEU,Brent,daily,117.18,2.79
2011-06-01,DCOILBRENTEU,Brent,daily,116.15,2.7654761904761904
2011-06-02,DCOILBRENTEU,Brent,daily,114.3,2.7214285714285715
2011-06-03,DCOILBRENTEU,Brent,daily,115.09,2.7402380952380954
2011-06-06,DCOILBRENTEU,Brent,daily,115.4,2.7476190476190476
2011-06-07,DCOILBRENTEU,Brent,daily,116.14,2.7652380952380953
2011-06-08,DCOILBRENTEU,Brent,daily,118.43,2.819761904761905
2011-06-09,DCOILBRENTEU,Brent,daily,119.95,2.855952380952381
2011-06-10,DCOILBRENTEU,Brent,daily,118.71,2.826428571428571
2011-06-13,DCOILBRENTEU,Brent,daily,120.49,2.8688095238095235
2011-06-14,DCOILBRENTEU,Brent,daily,120.35,2.8654761904761905
2011-06-15,DCOILBRENTEU,Brent,daily,114.67,2.730238095238095
2011-06-16,DCOILBRENTEU,Brent,daily,114.69,2.730714285714286
2011-06-17,DCOILBRENTEU,Brent,daily,113.74,2.708095238095238
2011-06-20,DCOILBRENTEU,Brent,daily,112.21,2.6716666666666664
2011-06-21,DCOILBRENTEU,Brent,daily,112.02,2.6671428571428573
2011-06-22,DCOILBRENTEU,Brent,daily,113.59,2.7045238095238098
2011-06-23,DCOILBRENTEU,Brent,daily,108.27,2.577857142857143
2011-06-24,DCOILBRENTEU,Brent,daily,104.79,2.495
2011-06-27,DCOILBRENTEU,Brent,daily,104.57,2.4897619047619046
2011-06-28,DCOILBRENTEU,Brent,daily,107.57,2.5611904761904762
2011-06-29,DCOILBRENTEU,Brent,daily,111.49,2.6545238095238095
2011-06-30,DCOILBRENTEU,Brent,daily,111.71,2.6597619047619045
2011-07-01,DCOILBRENTEU,Brent,daily,109.82,2.6147619047619046
2011-07-04,DCOILBRENTEU,Brent,daily,,
2011-07-05,DCOILBRENTEU,Brent,daily,113.21,2.69547619047619
2011-07-06,DCOILBRENTEU,Brent,daily,113.55,2.7035714285714283
2011-07-07,DCOILBRENTEU,Brent,daily,117.4,2.7952380952380955
2011-07-08,DCOILBRENTEU,Brent,daily,117.4,2.7952380952380955
2011-07-11,DCOILBRENTEU,Brent,daily,117.35,2.794047619047619
2011-07-12,DCOILBRENTEU,Brent,daily,117.36,2.7942857142857145
2011-07-13,DCOILBRENTEU,Brent,daily,118.46,2.82047619047619
2011-07-14,DCOILBRENTEU,Brent,daily,117.38,2.794761904761905
2011-07-15,DCOILBRENTEU,Brent,daily,118.06,2.810952380952381
2011-07-18,DCOILBRENTEU,Brent,daily,117.05,2.7869047619047618
2011-07-19,DCOILBRENTEU,Brent,daily,118.18,2.8138095238095238
2011-07-20,DCOILBRENTEU,Brent,daily,118.52,2.821904761904762
2011-07-21,DCOILBRENTEU,Brent,daily,118.25,2.8154761904761907
2011-07-22,DCOILBRENTEU,Brent,daily,118.99,2.833095238095238
2011-07-25,DCOILBRENTEU,Brent,daily,118.27,2.815952380952381
2011-07-26,DCOILBRENTEU,Brent,daily,118.14,2.8128571428571427
2011-07-27,DCOILBRENTEU,Brent,daily,117.99,2.809285714285714
2011-07-28,DCOILBRENTEU,Brent,daily,118.16,2.8133333333333335
2011-07-29,DCOILBRENTEU,Brent,daily,115.93,2.7602380952380954
2011-08-01,DCOILBRENTEU,Brent,daily,116.37,2.770714285714286
2011-08-02,DCOILBRENTEU,Brent,daily,116.02,2.762380952380952
2011-08-03,DCOILBRENTEU,Brent,daily,113.74,2.708095238095238
2011-08-04,DCOILBRENTEU,Brent,daily,110.22,2.624285714285714
2011-08-05,DCOILBRENTEU,Brent,daily,106.92,2.545714285714286
2011-08-08,DCOILBRENTEU,Brent,daily,103.06,2.453809523809524
2011-08-09,DCOILBRENTEU,Brent,daily,103.63,2.4673809523809522
2011-08-10,DCOILBRENTEU,Brent,daily,103.84,2.4723809523809526
2011-08-11,DCOILBRENTEU,Brent,daily,107.82,2.567142857142857
2011-08-12,DCOILBRENTEU,Brent,daily,108.17,2.5754761904761905
2011-08-15,DCOILBRENTEU,Brent,daily,108.89,2.592619047619048
2011-08-16,DCOILBRENTEU,Brent,daily,109.69,2.611666666666667
2011-08-17,DCOILBRENTEU,Brent,daily,111.37,2.651666666666667
2011-08-18,DCOILBRENTEU,Brent,daily,108.36,2.58
2011-08-19,DCOILBRENTEU,Brent,daily,109.37,2.604047619047619
2011-08-22,DCOILBRENTEU,Brent,daily,108.83,2.591190476190476
2011-08-23,DCOILBRENTEU,Brent,daily,110.35,2.6273809523809524
2011-08-24,DCOILBRENTEU,Brent,daily,111.91,2.6645238095238093
2011-08-25,DCOILBRENTEU,Brent,daily,111.91,2.6645238095238093
2011-08-26,DCOILBRENTEU,Brent,daily,112.29,2.673571428571429
2011-08-29,DCOILBRENTEU,Brent,daily,,
2011-08-30,DCOILBRENTEU,Brent,daily,115.59,2.7521428571428572
2011-08-31,DCOILBRENTEU,Brent,daily,116.48,2.7733333333333334
2011-09-01,DCOILBRENTEU,Brent,daily,116.43,2.7721428571428572
2011-09-02,DCOILBRENTEU,Brent,daily,115.92,2.7600000000000002
2011-09-05,DCOILBRENTEU,Brent,daily,,
2011-09-06,DCOILBRENTEU,Brent,daily,113.29,2.6973809523809527
2011-09-07,DCOILBRENTEU,Brent,daily,117.5,2.7976190476190474
2011-09-08,DCOILBRENTEU,Brent,daily,117.99,2.809285714285714
2011-09-09,DCOILBRENTEU,Brent,daily,115.1,2.7404761904761905
2011-09-12,DCOILBRENTEU,Brent,daily,114.75,2.732142857142857
2011-09-13,DCOILBRENTEU,Brent,daily,114.08,2.716190476190476
2011-09-14,DCOILBRENTEU,Brent,daily,113.1,2.6928571428571426
2011-09-15,DCOILBRENTEU,Brent,daily,116.71,2.7788095238095236
2011-09-16,DCOILBRENTEU,Brent,daily,116.26,2.7680952380952384
2011-09-19,DCOILBRENTEU,Brent,daily,112.89,2.6878571428571427
2011-09-20,DCOILBRENTEU,Brent,daily,114.39,2.7235714285714288
2011-09-21,DCOILBRENTEU,Brent,daily,114.26,2.7204761904761905
2011-09-22,DCOILBRENTEU,Brent,daily,109.21,2.6002380952380952
2011-09-23,DCOILBRENTEU,Brent,daily,109.17,2.599285714285714
2011-09-26,DCOILBRENTEU,Brent,daily,107.9,2.5690476190476192
2011-09-27,DCOILBRENTEU,Brent,daily,109.54,2.6080952380952382
2011-09-28,DCOILBRENTEU,Brent,daily,108.52,2.583809523809524
2011-09-29,DCOILBRENTEU,Brent,daily,107.08,2.5495238095238095
2011-09-30,DCOILBRENTEU,Brent,daily,105.42,2.5100000000000002
2011-10-03,DCOILBRENTEU,Brent,daily,103.61,2.466904761904762
2011-10-04,DCOILBRENTEU,Brent,daily,101.84,2.4247619047619047
2011-10-05,DCOILBRENTEU,Brent,daily,103.77,2.4707142857142856
2011-10-06,DCOILBRENTEU,Brent,daily,104.38,2.485238095238095
2011-10-07,DCOILBRENTEU,Brent,daily,106.56,2.5371428571428574
2011-10-10,DCOILBRENTEU,Brent,daily,109.49,2.6069047619047616
2011-10-11,DCOILBRENTEU,Brent,daily,109.22,2.6004761904761904
2011-10-12,DCOILBRENTEU,Brent,daily,112.44,2.677142857142857
2011-10-13,DCOILBRENTEU,Brent,daily,112.45,2.6773809523809526
2011-10-14,DCOILBRENTEU,Brent,daily,114.33,2.722142857142857
2011-10-17,DCOILBRENTEU,Brent,daily,112.92,2.6885714285714286
2011-10-18,DCOILBRENTEU,Brent,daily,112.08,2.6685714285714286
2011-10-19,DCOILBRENTEU,Brent,daily,111.76,2.660952380952381
2011-10-20,DCOILBRENTEU,Brent,daily,109.0,2.5952380952380953
2011-10-21,DCOILBRENTEU,Brent,daily,111.6,2.657142857142857
2011-10-24,DCOILBRENTEU,Brent,daily,111.67,2.658809523809524
2011-10-25,DCOILBRENTEU,Brent,daily,112.11,2.6692857142857145
2011-10-26,DCOILBRENTEU,Brent,daily,110.43,2.6292857142857144
2011-10-27,DCOILBRENTEU,Brent,daily,112.45,2.6773809523809526
2011-10-28,DCOILBRENTEU,Brent,daily,110.01,2.619285714285714
2011-10-31,DCOILBRENTEU,Brent,daily,108.43,2.581666666666667
2011-11-01,DCOILBRENTEU,Brent,daily,106.97,2.546904761904762
2011-11-02,DCOILBRENTEU,Brent,daily,110.82,2.6385714285714283
2011-11-03,DCOILBRENTEU,Brent,daily,110.76,2.6371428571428575
2011-11-04,DCOILBRENTEU,Brent,daily,112.22,2.671904761904762
2011-11-07,DCOILBRENTEU,Brent,daily,114.75,2.732142857142857
2011-11-08,DCOILBRENTEU,Brent,daily,115.61,2.7526190476190475
2011-11-09,DCOILBRENTEU,Brent,daily,115.29,2.745
2011-11-10,DCOILBRENTEU,Brent,daily,113.32,2.698095238095238
2011-11-11,DCOILBRENTEU,Brent,daily,114.43,2.72452380952381
2011-11-14,DCOILBRENTEU,Brent,daily,112.57,2.680238095238095
2011-11-15,DCOILBRENTEU,Brent,daily,111.9,2.6642857142857146
2011-11-16,DCOILBRENTEU,Brent,daily,111.91,2.6645238095238093
2011-11-17,DCOILBRENTEU,Brent,daily,109.25,2.6011904761904763
2011-11-18,DCOILBRENTEU,Brent,daily,107.82,2.567142857142857
2011-11-21,DCOILBRENTEU,Brent,daily,105.98,2.5233333333333334
2011-11-22,DCOILBRENTEU,Brent,daily,107.77,2.565952380952381
2011-11-23,DCOILBRENTEU,Brent,daily,106.83,2.5435714285714286
2011-11-24,DCOILBRENTEU,Brent,daily,,
2011-11-25,DCOILBRENTEU,Brent,daily,106.08,2.525714285714286
2011-11-28,DCOILBRENTEU,Brent,daily,109.38,2.604285714285714
2011-11-29,DCOILBRENTEU,Brent,daily,111.25,2.6488095238095237
2011-11-30,DCOILBRENTEU,Brent,daily,111.22,2.6480952380952383
2011-12-01,DCOILBRENTEU,Brent,daily,108.83,2.591190476190476
2011-12-02,DCOILBRENTEU,Brent,daily,109.59,2.6092857142857144
2011-12-05,DCOILBRENTEU,Brent,daily,110.18,2.6233333333333335
2011-12-06,DCOILBRENTEU,Brent,daily,110.16,2.6228571428571428
2011-12-07,DCOILBRENTEU,Brent,daily,110.07,2.6207142857142856
2011-12-08,DCOILBRENTEU,Brent,daily,108.23,2.576904761904762
2011-12-09,DCOILBRENTEU,Brent,daily,107.91,2.5692857142857144
2011-12-12,DCOILBRENTEU,Brent,daily,107.82,2.567142857142857
2011-12-13,DCOILBRENTEU,Brent,daily,109.25,2.6011904761904763
2011-12-14,DCOILBRENTEU,Brent,daily,105.72,2.517142857142857
2011-12-15,DCOILBRENTEU,Brent,daily,104.52,2.4885714285714284
2011-12-16,DCOILBRENTEU,Brent,daily,104.0,2.4761904761904763
2011-12-19,DCOILBRENTEU,Brent,daily,104.55,2.4892857142857143
2011-12-20,DCOILBRENTEU,Brent,daily,107.8,2.5666666666666664
2011-12-21,DCOILBRENTEU,Brent,daily,108.0,2.5714285714285716
2011-12-22,DCOILBRENTEU,Brent,daily,108.98,2.594761904761905
2011-12-23,DCOILBRENTEU,Brent,daily,109.28,2.6019047619047617
2011-12-26,DCOILBRENTEU,Brent,daily,,
2011-12-27,DCOILBRENTEU,Brent,daily,,
2011-12-28,DCOILBRENTEU,Brent,daily,107.54,2.560476190476191
2011-12-29,DCOILBRENTEU,Brent,daily,106.89,2.545
2011-12-30,DCOILBRENTEU,Brent,daily,108.09,2.573571428571429
2012-01-02,DCOILBRENTEU,Brent,daily,,
2012-01-03,DCOILBRENTEU,Brent,daily,111.12,2.645714285714286
2012-01-04,DCOILBRENTEU,Brent,daily,113.37,2.6992857142857143
2012-01-05,DCOILBRENTEU,Brent,daily,113.59,2.7045238095238098
2012-01-06,DCOILBRENTEU,Brent,daily,111.96,2.6657142857142855
2012-01-09,DCOILBRENTEU,Brent,daily,111.07,2.6445238095238093
2012-01-10,DCOILBRENTEU,Brent,daily,113.3,2.6976190476190474
2012-01-11,DCOILBRENTEU,Brent,daily,111.66,2.6585714285714284
2012-01-12,DCOILBRENTEU,Brent,daily,112.97,2.689761904761905
2012-01-13,DCOILBRENTEU,Brent,daily,109.88,2.616190476190476
2012-01-16,DCOILBRENTEU,Brent,daily,,
2012-01-17,DCOILBRENTEU,Brent,daily,110.55,2.632142857142857
2012-01-18,DCOILBRENTEU,Brent,daily,109.81,2.6145238095238095
2012-01-19,DCOILBRENTEU,Brent,daily,109.54,2.6080952380952382
2012-01-20,DCOILBRENTEU,Brent,daily,108.5,2.5833333333333335
2012-01-23,DCOILBRENTEU,Brent,daily,109.46,2.606190476190476
2012-01-24,DCOILBRENTEU,Brent,daily,108.38,2.5804761904761904
2012-01-25,DCOILBRENTEU,Brent,daily,108.48,2.5828571428571427
2012-01-26,DCOILBRENTEU,Brent,daily,109.08,2.597142857142857
2012-01-27,DCOILBRENTEU,Brent,daily,110.5,2.630952380952381
2012-01-30,DCOILBRENTEU,Brent,daily,110.24,2.624761904761905
2012-01-31,DCOILBRENTEU,Brent,daily,110.26,2.625238095238095
2012-02-01,DCOILBRENTEU,Brent,daily,111.96,2.6657142857142855
2012-02-02,DCOILBRENTEU,Brent,daily,110.96,2.6419047619047618
2012-02-03,DCOILBRENTEU,Brent,daily,112.56,2.68
2012-02-06,DCOILBRENTEU,Brent,daily,115.47,2.749285714285714
2012-02-07,DCOILBRENTEU,Brent,daily,116.86,2.782380952380952
2012-02-08,DCOILBRENTEU,Brent,daily,117.18,2.79
2012-02-09,DCOILBRENTEU,Brent,daily,118.4,2.8190476190476192
2012-02-10,DCOILBRENTEU,Brent,daily,118.13,2.8126190476190476
2012-02-13,DCOILBRENTEU,Brent,daily,118.73,2.826904761904762
2012-02-14,DCOILBRENTEU,Brent,daily,118.3,2.8166666666666664
2012-02-15,DCOILBRENTEU,Brent,daily,120.25,2.863095238095238
2012-02-16,DCOILBRENTEU,Brent,daily,121.0,2.880952380952381
2012-02-17,DCOILBRENTEU,Brent,daily,120.69,2.8735714285714287
2012-02-20,DCOILBRENTEU,Brent,daily,,
2012-02-21,DCOILBRENTEU,Brent,daily,120.85,2.8773809523809524
2012-02-22,DCOILBRENTEU,Brent,daily,123.07,2.930238095238095
2012-02-23,DCOILBRENTEU,Brent,daily,124.53,2.965
2012-02-24,DCOILBRENTEU,Brent,daily,124.89,2.9735714285714288
2012-02-27,DCOILBRENTEU,Brent,daily,126.46,3.010952380952381
2012-02-28,DCOILBRENTEU,Brent,daily,124.02,2.952857142857143
2012-02-29,DCOILBRENTEU,Brent,daily,122.23,2.9102380952380953
2012-03-01,DCOILBRENTEU,Brent,daily,125.76,2.994285714285714
2012-03-02,DCOILBRENTEU,Brent,daily,125.93,2.9983333333333335
2012-03-05,DCOILBRENTEU,Brent,daily,126.68,3.0161904761904763
2012-03-06,DCOILBRENTEU,Brent,daily,125.03,2.9769047619047617
2012-03-07,DCOILBRENTEU,Brent,daily,125.37,2.9850000000000003
2012-03-08,DCOILBRENTEU,Brent,daily,127.96,3.0466666666666664
2012-03-09,DCOILBRENTEU,Brent,daily,128.08,3.04952380952381
2012-03-12,DCOILBRENTEU,Brent,daily,127.27,3.030238095238095
2012-03-13,DCOILBRENTEU,Brent,daily,128.14,3.0509523809523804
2012-03-14,DCOILBRENTEU,Brent,daily,126.98,3.0233333333333334
2012-03-15,DCOILBRENTEU,Brent,daily,123.63,2.9435714285714285
2012-03-16,DCOILBRENTEU,Brent,daily,125.09,2.9783333333333335
2012-03-19,DCOILBRENTEU,Brent,daily,125.76,2.994285714285714
2012-03-20,DCOILBRENTEU,Brent,daily,124.38,2.9614285714285713
2012-03-21,DCOILBRENTEU,Brent,daily,123.89,2.9497619047619046
2012-03-22,DCOILBRENTEU,Brent,daily,122.49,2.9164285714285714
2012-03-23,DCOILBRENTEU,Brent,daily,125.21,2.981190476190476
2012-03-26,DCOILBRENTEU,Brent,daily,125.85,2.9964285714285714
2012-03-27,DCOILBRENTEU,Brent,daily,125.25,2.982142857142857
2012-03-28,DCOILBRENTEU,Brent,daily,124.41,2.962142857142857
2012-03-29,DCOILBRENTEU,Brent,daily,123.23,2.934047619047619
2012-03-30,DCOILBRENTEU,Brent,daily,123.41,2.9383333333333335
2012-04-02,DCOILBRENTEU,Brent,daily,124.44,2.9628571428571426
2012-04-03,DCOILBRENTEU,Brent,daily,,
2012-04-04,DCOILBRENTEU,Brent,daily,123.04,2.92952380952381
2012-04-05,DCOILBRENTEU,Brent,daily,123.58,2.9423809523809523
2012-04-06,DCOILBRENTEU,Brent,daily,,
2012-04-09,DCOILBRENTEU,Brent,daily,,
2012-04-10,DCOILBRENTEU,Brent,daily,121.89,2.902142857142857
2012-04-11,DCOILBRENTEU,Brent,daily,120.41,2.866904761904762
2012-04-12,DCOILBRENTEU,Brent,daily,120.57,2.8707142857142856
2012-04-13,DCOILBRENTEU,Brent,daily,120.62,2.871904761904762
2012-04-16,DCOILBRENTEU,Brent,daily,118.23,2.815
2012-04-17,DCOILBRENTEU,Brent,daily,117.41,2.7954761904761902
2012-04-18,DCOILBRENTEU,Brent,daily,115.18,2.7423809523809526
2012-04-19,DCOILBRENTEU,Brent,daily,117.0,2.7857142857142856
2012-04-20,DCOILBRENTEU,Brent,daily,118.08,2.8114285714285714
2012-04-23,DCOILBRENTEU,Brent,daily,116.66,2.7776190476190474
2012-04-24,DCOILBRENTEU,Brent,daily,117.74,2.8033333333333332
2012-04-25,DCOILBRENTEU,Brent,daily,117.45,2.7964285714285717
2012-04-26,DCOILBRENTEU,Brent,daily,119.33,2.841190476190476
2012-04-27,DCOILBRENTEU,Brent,daily,119.3,2.8404761904761906
2012-04-30,DCOILBRENTEU,Brent,daily,118.66,2.8252380952380953
2012-05-01,DCOILBRENTEU,Brent,daily,119.57,2.846904761904762
2012-05-02,DCOILBRENTEU,Brent,daily,117.57,2.799285714285714
2012-05-03,DCOILBRENTEU,Brent,daily,115.91,2.7597619047619046
2012-05-04,DCOILBRENTEU,Brent,daily,111.66,2.6585714285714284
2012-05-07,DCOILBRENTEU,Brent,daily,,
2012-05-08,DCOILBRENTEU,Brent,daily,110.48,2.6304761904761906
2012-05-09,DCOILBRENTEU,Brent,daily,111.89,2.664047619047619
2012-05-10,DCOILBRENTEU,Brent,daily,112.24,2.6723809523809523
2012-05-11,DCOILBRENTEU,Brent,daily,112.5,2.6785714285714284
2012-05-14,DCOILBRENTEU,Brent,daily,110.79,2.637857142857143
2012-05-15,DCOILBRENTEU,Brent,daily,111.4,2.6523809523809527
2012-05-16,DCOILBRENTEU,Brent,daily,109.8,2.6142857142857143
2012-05-17,DCOILBRENTEU,Brent,daily,109.31,2.6026190476190476
2012-05-18,DCOILBRENTEU,Brent,daily,108.03,2.572142857142857
2012-05-21,DCOILBRENTEU,Brent,daily,109.02,2.5957142857142856
2012-05-22,DCOILBRENTEU,Brent,daily,109.76,2.6133333333333333
2012-05-23,DCOILBRENTEU,Brent,daily,106.88,2.544761904761905
2012-05-24,DCOILBRENTEU,Brent,daily,107.2,2.5523809523809526
2012-05-25,DCOILBRENTEU,Brent,daily,107.86,2.568095238095238
2012-05-28,DCOILBRENTEU,Brent,daily,,
2012-05-29,DCOILBRENTEU,Brent,daily,107.55,2.5607142857142855
2012-05-30,DCOILBRENTEU,Brent,daily,103.85,2.4726190476190473
2012-05-31,DCOILBRENTEU,Brent,daily,103.86,2.472857142857143
2012-06-01,DCOILBRENTEU,Brent,daily,98.63,2.348333333333333
2012-06-04,DCOILBRENTEU,Brent,daily,97.74,2.327142857142857
2012-06-05,DCOILBRENTEU,Brent,daily,98.65,2.348809523809524
2012-06-06,DCOILBRENTEU,Brent,daily,101.14,2.408095238095238
2012-06-07,DCOILBRENTEU,Brent,daily,100.05,2.382142857142857
2012-06-08,DCOILBRENTEU,Brent,daily,97.57,2.323095238095238
2012-06-11,DCOILBRENTEU,Brent,daily,98.6,2.3476190476190473
2012-06-12,DCOILBRENTEU,Brent,daily,96.59,2.2997619047619047
2012-06-13,DCOILBRENTEU,Brent,daily,97.29,2.3164285714285717
2012-06-14,DCOILBRENTEU,Brent,daily,96.46,2.2966666666666664
2012-06-15,DCOILBRENTEU,Brent,daily,97.13,2.3126190476190476
2012-06-18,DCOILBRENTEU,Brent,daily,95.21,2.2669047619047618
2012-06-19,DCOILBRENTEU,Brent,daily,95.14,2.2652380952380953
2012-06-20,DCOILBRENTEU,Brent,daily,93.5,2.2261904761904763
2012-06-21,DCOILBRENTEU,Brent,daily,89.22,2.124285714285714
2012-06-22,DCOILBRENTEU,Brent,daily,89.22,2.124285714285714
2012-06-25,DCOILBRENTEU,Brent,daily,88.69,2.111666666666667
2012-06-26,DCOILBRENTEU,Brent,daily,90.19,2.1473809523809524
2012-06-27,DCOILBRENTEU,Brent,daily,92.06,2.191904761904762
2012-06-28,DCOILBRENTEU,Brent,daily,91.02,2.1671428571428573
2012-06-29,DCOILBRENTEU,Brent,daily,94.17,2.242142857142857
2012-07-02,DCOILBRENTEU,Brent,daily,95.28,2.2685714285714287
2012-07-03,DCOILBRENTEU,Brent,daily,99.89,2.3783333333333334
2012-07-04,DCOILBRENTEU,Brent,daily,,
2012-07-05,DCOILBRENTEU,Brent,daily,101.54,2.4176190476190476
2012-07-06,DCOILBRENTEU,Brent,daily,98.5,2.3452380952380953
2012-07-09,DCOILBRENTEU,Brent,daily,99.94,2.3795238095238096
2012-07-10,DCOILBRENTEU,Brent,daily,99.15,2.3607142857142858
2012-07-11,DCOILBRENTEU,Brent,daily,99.23,2.362619047619048
2012-07-12,DCOILBRENTEU,Brent,daily,99.18,2.3614285714285717
2012-07-13,DCOILBRENTEU,Brent,daily,101.91,2.426428571428571
2012-07-16,DCOILBRENTEU,Brent,daily,102.1,2.4309523809523808
2012-07-17,DCOILBRENTEU,Brent,daily,104.21,2.481190476190476
2012-07-18,DCOILBRENTEU,Brent,daily,105.92,2.521904761904762
2012-07-19,DCOILBRENTEU,Brent,daily,107.79,2.5664285714285717
2012-07-20,DCOILBRENTEU,Brent,daily,106.98,2.547142857142857
2012-07-23,DCOILBRENTEU,Brent,daily,103.91,2.474047619047619
2012-07-24,DCOILBRENTEU,Brent,daily,103.57,2.465952380952381
2012-07-25,DCOILBRENTEU,Brent,daily,102.35,2.4369047619047617
2012-07-26,DCOILBRENTEU,Brent,daily,104.77,2.4945238095238094
2012-07-27,DCOILBRENTEU,Brent,daily,106.3,2.530952380952381
2012-07-30,DCOILBRENTEU,Brent,daily,106.54,2.5366666666666666
2012-07-31,DCOILBRENTEU,Brent,daily,105.93,2.5221428571428572
2012-08-01,DCOILBRENTEU,Brent,daily,106.78,2.5423809523809524
2012-08-02,DCOILBRENTEU,Brent,daily,107.55,2.5607142857142855
2012-08-03,DCOILBRENTEU,Brent,daily,109.57,2.6088095238095237
2012-08-06,DCOILBRENTEU,Brent,daily,110.01,2.619285714285714
2012-08-07,DCOILBRENTEU,Brent,daily,112.39,2.675952380952381
2012-08-08,DCOILBRENTEU,Brent,daily,113.42,2.7004761904761905
2012-08-09,DCOILBRENTEU,Brent,daily,113.52,2.702857142857143
2012-08-10,DCOILBRENTEU,Brent,daily,113.13,2.6935714285714285
2012-08-13,DCOILBRENTEU,Brent,daily,114.48,2.725714285714286
2012-08-14,DCOILBRENTEU,Brent,daily,113.9,2.711904761904762
2012-08-15,DCOILBRENTEU,Brent,daily,115.51,2.750238095238095
2012-08-16,DCOILBRENTEU,Brent,daily,116.12,2.764761904761905
2012-08-17,DCOILBRENTEU,Brent,daily,115.2,2.742857142857143
2012-08-20,DCOILBRENTEU,Brent,daily,115.5,2.75
2012-08-21,DCOILBRENTEU,Brent,daily,116.03,2.7626190476190478
2012-08-22,DCOILBRENTEU,Brent,daily,115.77,2.7564285714285712
2012-08-23,DCOILBRENTEU,Brent,daily,117.45,2.7964285714285717
2012-08-24,DCOILBRENTEU,Brent,daily,115.76,2.7561904761904765
2012-08-27,DCOILBRENTEU,Brent,daily,113.74,2.708095238095238
2012-08-28,DCOILBRENTEU,Brent,daily,112.62,2.6814285714285715
2012-08-29,DCOILBRENTEU,Brent,daily,112.53,2.6792857142857143
2012-08-30,DCOILBRENTEU,Brent,daily,112.28,2.6733333333333333
2012-08-31,DCOILBRENTEU,Brent,daily,113.93,2.712619047619048
2012-09-03,DCOILBRENTEU,Brent,daily,,
2012-09-04,DCOILBRENTEU,Brent,daily,114.98,2.737619047619048
2012-09-05,DCOILBRENTEU,Brent,daily,113.32,2.698095238095238
2012-09-06,DCOILBRENTEU,Brent,daily,114.5,2.7261904761904763
2012-09-07,DCOILBRENTEU,Brent,daily,113.64,2.7057142857142855
2012-09-10,DCOILBRENTEU,Brent,daily,113.84,2.7104761904761907
2012-09-11,DCOILBRENTEU,Brent,daily,114.86,2.7347619047619047
2012-09-12,DCOILBRENTEU,Brent,daily,114.86,2.7347619047619047
2012-09-13,DCOILBRENTEU,Brent,daily,116.0,2.761904761904762
2012-09-14,DCOILBRENTEU,Brent,daily,117.48,2.797142857142857
2012-09-17,DCOILBRENTEU,Brent,daily,116.7,2.7785714285714285
2012-09-18,DCOILBRENTEU,Brent,daily,113.29,2.6973809523809527
2012-09-19,DCOILBRENTEU,Brent,daily,108.49,2.583095238095238
2012-09-20,DCOILBRENTEU,Brent,daily,109.41,2.605
2012-09-21,DCOILBRENTEU,Brent,daily,111.27,2.649285714285714
2012-09-24,DCOILBRENTEU,Brent,daily,109.2,2.6
2012-09-25,DCOILBRENTEU,Brent,daily,110.77,2.637380952380952
2012-09-26,DCOILBRENTEU,Brent,daily,108.99,2.5949999999999998
2012-09-27,DCOILBRENTEU,Brent,daily,111.45,2.6535714285714285
2012-09-28,DCOILBRENTEU,Brent,daily,111.36,2.6514285714285712
2012-10-01,DCOILBRENTEU,Brent,daily,112.58,2.6804761904761905
2012-10-02,DCOILBRENTEU,Brent,daily,112.49,2.6783333333333332
2012-10-03,DCOILBRENTEU,Brent,daily,109.32,2.6028571428571428
2012-10-04,DCOILBRENTEU,Brent,daily,110.48,2.6304761904761906
2012-10-05,DCOILBRENTEU,Brent,daily,112.17,2.670714285714286
2012-10-08,DCOILBRENTEU,Brent,daily,112.6,2.6809523809523808
2012-10-09,DCOILBRENTEU,Brent,daily,114.32,2.721904761904762
2012-10-10,DCOILBRENTEU,Brent,daily,116.11,2.7645238095238094
2012-10-11,DCOILBRENTEU,Brent,daily,116.18,2.7661904761904763
2012-10-12,DCOILBRENTEU,Brent,daily,115.17,2.742142857142857
2012-10-15,DCOILBRENTEU,Brent,daily,115.0,2.738095238095238
2012-10-16,DCOILBRENTEU,Brent,daily,115.0,2.738095238095238
2012-10-17,DCOILBRENTEU,Brent,daily,113.49,2.702142857142857
2012-10-18,DCOILBRENTEU,Brent,daily,112.58,2.6804761904761905
2012-10-19,DCOILBRENTEU,Brent,daily,111.89,2.664047619047619
2012-10-22,DCOILBRENTEU,Brent,daily,109.62,2.6100000000000003
2012-10-23,DCOILBRENTEU,Brent,daily,107.53,2.560238095238095
2012-10-24,DCOILBRENTEU,Brent,daily,107.66,2.5633333333333335
2012-10-25,DCOILBRENTEU,Brent,daily,107.64,2.5628571428571427
2012-10-26,DCOILBRENTEU,Brent,daily,108.9,2.592857142857143
2012-10-29,DCOILBRENTEU,Brent,daily,109.33,2.603095238095238
2012-10-30,DCOILBRENTEU,Brent,daily,109.4,2.604761904761905
2012-10-31,DCOILBRENTEU,Brent,daily,109.89,2.6164285714285715
2012-11-01,DCOILBRENTEU,Brent,daily,108.84,2.5914285714285716
2012-11-02,DCOILBRENTEU,Brent,daily,106.79,2.5426190476190476
2012-11-05,DCOILBRENTEU,Brent,daily,105.59,2.514047619047619
2012-11-06,DCOILBRENTEU,Brent,daily,109.27,2.6016666666666666
2012-11-07,DCOILBRENTEU,Brent,daily,108.21,2.576428571428571
2012-11-08,DCOILBRENTEU,Brent,daily,107.23,2.553095238095238
2012-11-09,DCOILBRENTEU,Brent,daily,108.61,2.585952380952381
2012-11-12,DCOILBRENTEU,Brent,daily,110.23,2.6245238095238097
2012-11-13,DCOILBRENTEU,Brent,daily,108.82,2.590952380952381
2012-11-14,DCOILBRENTEU,Brent,daily,109.66,2.610952380952381
2012-11-15,DCOILBRENTEU,Brent,daily,110.07,2.6207142857142856
2012-11-16,DCOILBRENTEU,Brent,daily,106.81,2.5430952380952383
2012-11-19,DCOILBRENTEU,Brent,daily,110.06,2.6204761904761904
2012-11-20,DCOILBRENTEU,Brent,daily,110.01,2.619285714285714
2012-11-21,DCOILBRENTEU,Brent,daily,110.81,2.638333333333333
2012-11-22,DCOILBRENTEU,Brent,daily,,
2012-11-23,DCOILBRENTEU,Brent,daily,110.14,2.6223809523809525
2012-11-26,DCOILBRENTEU,Brent,daily,110.18,2.6233333333333335
2012-11-27,DCOILBRENTEU,Brent,daily,109.33,2.603095238095238
2012-11-28,DCOILBRENTEU,Brent,daily,108.26,2.5776190476190477
2012-11-29,DCOILBRENTEU,Brent,daily,110.47,2.630238095238095
2012-11-30,DCOILBRENTEU,Brent,daily,110.84,2.639047619047619
2012-12-03,DCOILBRENTEU,Brent,daily,111.27,2.649285714285714
2012-12-04,DCOILBRENTEU,Brent,daily,109.99,2.6188095238095235
2012-12-05,DCOILBRENTEU,Brent,daily,108.96,2.5942857142857143
2012-12-06,DCOILBRENTEU,Brent,daily,108.01,2.5716666666666668
2012-12-07,DCOILBRENTEU,Brent,daily,107.16,2.551428571428571
2012-12-10,DCOILBRENTEU,Brent,daily,108.25,2.5773809523809526
2012-12-11,DCOILBRENTEU,Brent,daily,107.6,2.5619047619047617
2012-12-12,DCOILBRENTEU,Brent,daily,110.17,2.623095238095238
2012-12-13,DCOILBRENTEU,Brent,daily,110.18,2.6233333333333335
2012-12-14,DCOILBRENTEU,Brent,daily,109.28,2.6019047619047617
2012-12-17,DCOILBRENTEU,Brent,daily,109.35,2.6035714285714286
2012-12-18,DCOILBRENTEU,Brent,daily,109.96,2.618095238095238
2012-12-19,DCOILBRENTEU,Brent,daily,109.95,2.617857142857143
2012-12-20,DCOILBRENTEU,Brent,daily,110.57,2.6326190476190474
2012-12-21,DCOILBRENTEU,Brent,daily,109.13,2.598333333333333
2012-12-24,DCOILBRENTEU,Brent,daily,108.44,2.5819047619047617
2012-12-25,DCOILBRENTEU,Brent,daily,,
2012-12-26,DCOILBRENTEU,Brent,daily,110.72,2.636190476190476
2012-12-27,DCOILBRENTEU,Brent,daily,110.04,2.62
2012-12-28,DCOILBRENTEU,Brent,daily,110.05,2.6202380952380953
2012-12-31,DCOILBRENTEU,Brent,daily,110.8,2.638095238095238
2013-01-01,DCOILBRENTEU,Brent,daily,,
2013-01-02,DCOILBRENTEU,Brent,daily,112.98,2.69
2013-01-03,DCOILBRENTEU,Brent,daily,113.03,2.691190476190476
2013-01-04,DCOILBRENTEU,Brent,daily,112.58,2.6804761904761905
2013-01-07,DCOILBRENTEU,Brent,daily,112.49,2.6783333333333332
2013-01-08,DCOILBRENTEU,Brent,daily,113.03,2.691190476190476
2013-01-09,DCOILBRENTEU,Brent,daily,113.07,2.692142857142857
2013-01-10,DCOILBRENTEU,Brent,daily,112.97,2.689761904761905
2013-01-11,DCOILBRENTEU,Brent,daily,110.3,2.626190476190476
2013-01-14,DCOILBRENTEU,Brent,daily,111.32,2.65047619047619
2013-01-15,DCOILBRENTEU,Brent,daily,111.72,2.66
2013-01-16,DCOILBRENTEU,Brent,daily,110.97,2.642142857142857
2013-01-17,DCOILBRENTEU,Brent,daily,111.01,2.6430952380952384
2013-01-18,DCOILBRENTEU,Brent,daily,111.71,2.6597619047619045
2013-01-21,DCOILBRENTEU,Brent,daily,,
2013-01-22,DCOILBRENTEU,Brent,daily,112.72,2.683809523809524
2013-01-23,DCOILBRENTEU,Brent,daily,113.68,2.706666666666667
2013-01-24,DCOILBRENTEU,Brent,daily,114.59,2.7283333333333335
2013-01-25,DCOILBRENTEU,Brent,daily,113.88,2.7114285714285713
2013-01-28,DCOILBRENTEU,Brent,daily,113.92,2.7123809523809523
2013-01-29,DCOILBRENTEU,Brent,daily,115.22,2.743333333333333
2013-01-30,DCOILBRENTEU,Brent,daily,115.42,2.748095238095238
2013-01-31,DCOILBRENTEU,Brent,daily,115.55,2.751190476190476
2013-02-01,DCOILBRENTEU,Brent,daily,115.55,2.751190476190476
2013-02-04,DCOILBRENTEU,Brent,daily,116.06,2.763333333333333
2013-02-05,DCOILBRENTEU,Brent,daily,117.03,2.7864285714285715
2013-02-06,DCOILBRENTEU,Brent,daily,116.61,2.7764285714285712
2013-02-07,DCOILBRENTEU,Brent,daily,117.17,2.789761904761905
2013-02-08,DCOILBRENTEU,Brent,daily,118.9,2.830952380952381
2013-02-11,DCOILBRENTEU,Brent,daily,118.29,2.8164285714285717
2013-02-12,DCOILBRENTEU,Brent,daily,117.89,2.806904761904762
2013-02-13,DCOILBRENTEU,Brent,daily,118.43,2.819761904761905
2013-02-14,DCOILBRENTEU,Brent,daily,118.48,2.820952380952381
2013-02-15,DCOILBRENTEU,Brent,daily,117.4,2.7952380952380955
2013-02-18,DCOILBRENTEU,Brent,daily,,
2013-02-19,DCOILBRENTEU,Brent,daily,117.04,2.7866666666666666
2013-02-20,DCOILBRENTEU,Brent,daily,116.23,2.7673809523809525
2013-02-21,DCOILBRENTEU,Brent,daily,114.19,2.7188095238095236
2013-02-22,DCOILBRENTEU,Brent,daily,113.74,2.708095238095238
2013-02-25,DCOILBRENTEU,Brent,daily,114.55,2.7273809523809525
2013-02-26,DCOILBRENTEU,Brent,daily,112.96,2.689523809523809
2013-02-27,DCOILBRENTEU,Brent,daily,112.24,2.6723809523809523
2013-02-28,DCOILBRENTEU,Brent,daily,112.2,2.6714285714285717
2013-03-01,DCOILBRENTEU,Brent,daily,110.14,2.6223809523809525
2013-03-04,DCOILBRENTEU,Brent,daily,109.9,2.6166666666666667
2013-03-05,DCOILBRENTEU,Brent,daily,110.42,2.6290476190476193
2013-03-06,DCOILBRENTEU,Brent,daily,110.27,2.6254761904761903
2013-03-07,DCOILBRENTEU,Brent,daily,110.42,2.6290476190476193
2013-03-08,DCOILBRENTEU,Brent,daily,108.91,2.593095238095238
2013-03-11,DCOILBRENTEU,Brent,daily,108.64,2.586666666666667
2013-03-12,DCOILBRENTEU,Brent,daily,108.48,2.5828571428571427
2013-03-13,DCOILBRENTEU,Brent,daily,107.51,2.559761904761905
2013-03-14,DCOILBRENTEU,Brent,daily,108.1,2.5738095238095235
2013-03-15,DCOILBRENTEU,Brent,daily,109.32,2.6028571428571428
2013-03-18,DCOILBRENTEU,Brent,daily,108.54,2.5842857142857145
2013-03-19,DCOILBRENTEU,Brent,daily,106.91,2.5454761904761902
2013-03-20,DCOILBRENTEU,Brent,daily,108.27,2.577857142857143
2013-03-21,DCOILBRENTEU,Brent,daily,106.41,2.5335714285714284
2013-03-22,DCOILBRENTEU,Brent,daily,106.51,2.535952380952381
2013-03-25,DCOILBRENTEU,Brent,daily,106.66,2.5395238095238093
2013-03-26,DCOILBRENTEU,Brent,daily,107.1,2.55
2013-03-27,DCOILBRENTEU,Brent,daily,108.51,2.5835714285714286
2013-03-28,DCOILBRENTEU,Brent,daily,108.46,2.5823809523809524
2013-03-29,DCOILBRENTEU,Brent,daily,,
2013-04-01,DCOILBRENTEU,Brent,daily,108.76,2.5895238095238096
2013-04-02,DCOILBRENTEU,Brent,daily,109.66,2.610952380952381
2013-04-03,DCOILBRENTEU,Brent,daily,107.82,2.567142857142857
2013-04-04,DCOILBRENTEU,Brent,daily,105.09,2.5021428571428572
2013-04-05,DCOILBRENTEU,Brent,daily,103.98,2.475714285714286
2013-04-08,DCOILBRENTEU,Brent,daily,103.16,2.4561904761904763
2013-04-09,DCOILBRENTEU,Brent,daily,104.08,2.478095238095238
2013-04-10,DCOILBRENTEU,Brent,daily,104.8,2.4952380952380953
2013-04-11,DCOILBRENTEU,Brent,daily,103.62,2.467142857142857
2013-04-12,DCOILBRENTEU,Brent,daily,100.58,2.394761904761905
2013-04-15,DCOILBRENTEU,Brent,daily,99.32,2.3647619047619046
2013-04-16,DCOILBRENTEU,Brent,daily,97.88,2.3304761904761904
2013-04-17,DCOILBRENTEU,Brent,daily,96.84,2.3057142857142856
2013-04-18,DCOILBRENTEU,Brent,daily,97.48,2.320952380952381
2013-04-19,DCOILBRENTEU,Brent,daily,98.94,2.355714285714286
2013-04-22,DCOILBRENTEU,Brent,daily,99.07,2.3588095238095237
2013-04-23,DCOILBRENTEU,Brent,daily,99.25,2.363095238095238
2013-04-24,DCOILBRENTEU,Brent,daily,100.71,2.3978571428571427
2013-04-25,DCOILBRENTEU,Brent,daily,101.62,2.4195238095238096
2013-04-26,DCOILBRENTEU,Brent,daily,102.39,2.4378571428571427
2013-04-29,DCOILBRENTEU,Brent,daily,102.88,2.4495238095238094
2013-04-30,DCOILBRENTEU,Brent,daily,101.53,2.4173809523809524
2013-05-01,DCOILBRENTEU,Brent,daily,98.34,2.3414285714285716
2013-05-02,DCOILBRENTEU,Brent,daily,100.32,2.3885714285714283
2013-05-03,DCOILBRENTEU,Brent,daily,104.6,2.4904761904761905
2013-05-06,DCOILBRENTEU,Brent,daily,105.0,2.5
2013-05-07,DCOILBRENTEU,Brent,daily,105.18,2.5042857142857144
2013-05-08,DCOILBRENTEU,Brent,daily,103.79,2.4711904761904764
2013-05-09,DCOILBRENTEU,Brent,daily,103.59,2.4664285714285716
2013-05-10,DCOILBRENTEU,Brent,daily,101.31,2.4121428571428574
2013-05-13,DCOILBRENTEU,Brent,daily,102.17,2.4326190476190477
2013-05-14,DCOILBRENTEU,Brent,daily,102.7,2.4452380952380954
2013-05-15,DCOILBRENTEU,Brent,daily,101.57,2.418333333333333
2013-05-16,DCOILBRENTEU,Brent,daily,104.27,2.4826190476190475
2013-05-17,DCOILBRENTEU,Brent,daily,103.83,2.472142857142857
2013-05-20,DCOILBRENTEU,Brent,daily,104.55,2.4892857142857143
2013-05-21,DCOILBRENTEU,Brent,daily,103.1,2.4547619047619045
2013-05-22,DCOILBRENTEU,Brent,daily,102.14,2.431904761904762
2013-05-23,DCOILBRENTEU,Brent,daily,100.46,2.3919047619047618
2013-05-24,DCOILBRENTEU,Brent,daily,101.24,2.4104761904761904
2013-05-27,DCOILBRENTEU,Brent,daily,,
2013-05-28,DCOILBRENTEU,Brent,daily,103.77,2.4707142857142856
2013-05-29,DCOILBRENTEU,Brent,daily,102.14,2.431904761904762
2013-05-30,DCOILBRENTEU,Brent,daily,101.79,2.423571428571429
2013-05-31,DCOILBRENTEU,Brent,daily,100.43,2.3911904761904763
2013-06-03,DCOILBRENTEU,Brent,daily,101.63,2.419761904761905
2013-06-04,DCOILBRENTEU,Brent,daily,102.04,2.42952380952381
2013-06-05,DCOILBRENTEU,Brent,daily,103.51,2.4645238095238096
2013-06-06,DCOILBRENTEU,Brent,daily,103.37,2.461190476190476
2013-06-07,DCOILBRENTEU,Brent,daily,104.07,2.4778571428571428
2013-06-10,DCOILBRENTEU,Brent,daily,103.87,2.473095238095238
2013-06-11,DCOILBRENTEU,Brent,daily,101.5,2.4166666666666665
2013-06-12,DCOILBRENTEU,Brent,daily,103.11,2.455
2013-06-13,DCOILBRENTEU,Brent,daily,103.38,2.4614285714285713
2013-06-14,DCOILBRENTEU,Brent,daily,105.1,2.5023809523809524
2013-06-17,DCOILBRENTEU,Brent,daily,105.8,2.519047619047619
2013-06-18,DCOILBRENTEU,Brent,daily,105.21,2.505
2013-06-19,DCOILBRENTEU,Brent,daily,105.56,2.513333333333333
2013-06-20,DCOILBRENTEU,Brent,daily,102.72,2.4457142857142857
2013-06-21,DCOILBRENTEU,Brent,daily,100.36,2.3895238095238094
2013-06-24,DCOILBRENTEU,Brent,daily,99.8,2.376190476190476
2013-06-25,DCOILBRENTEU,Brent,daily,101.51,2.416904761904762
2013-06-26,DCOILBRENTEU,Brent,daily,100.62,2.395714285714286
2013-06-27,DCOILBRENTEU,Brent,daily,102.74,2.446190476190476
2013-06-28,DCOILBRENTEU,Brent,daily,102.49,2.440238095238095
2013-07-01,DCOILBRENTEU,Brent,daily,103.19,2.4569047619047617
2013-07-02,DCOILBRENTEU,Brent,daily,103.96,2.4752380952380952
2013-07-03,DCOILBRENTEU,Brent,daily,106.12,2.526666666666667
2013-07-04,DCOILBRENTEU,Brent,daily,,
2013-07-05,DCOILBRENTEU,Brent,daily,107.46,2.5585714285714283
2013-07-08,DCOILBRENTEU,Brent,daily,107.75,2.5654761904761907
2013-07-09,DCOILBRENTEU,Brent,daily,107.9,2.5690476190476192
2013-07-10,DCOILBRENTEU,Brent,daily,108.43,2.581666666666667
2013-07-11,DCOILBRENTEU,Brent,daily,108.18,2.575714285714286
2013-07-12,DCOILBRENTEU,Brent,daily,109.03,2.595952380952381
2013-07-15,DCOILBRENTEU,Brent,daily,109.05,2.5964285714285715
2013-07-16,DCOILBRENTEU,Brent,daily,109.29,2.6021428571428573
2013-07-17,DCOILBRENTEU,Brent,daily,109.67,2.611190476190476
2013-07-18,DCOILBRENTEU,Brent,daily,109.71,2.612142857142857
2013-07-19,DCOILBRENTEU,Brent,daily,109.34,2.6033333333333335
2013-07-22,DCOILBRENTEU,Brent,daily,108.82,2.590952380952381
2013-07-23,DCOILBRENTEU,Brent,daily,109.27,2.6016666666666666
2013-07-24,DCOILBRENTEU,Brent,daily,108.23,2.576904761904762
2013-07-25,DCOILBRENTEU,Brent,daily,108.1,2.5738095238095235
2013-07-26,DCOILBRENTEU,Brent,daily,107.57,2.5611904761904762
2013-07-29,DCOILBRENTEU,Brent,daily,108.1,2.5738095238095235
2013-07-30,DCOILBRENTEU,Brent,daily,107.47,2.558809523809524
2013-07-31,DCOILBRENTEU,Brent,daily,107.89,2.5688095238095237
2013-08-01,DCOILBRENTEU,Brent,daily,109.94,2.6176190476190477
2013-08-02,DCOILBRENTEU,Brent,daily,109.63,2.610238095238095
2013-08-05,DCOILBRENTEU,Brent,daily,109.81,2.6145238095238095
2013-08-06,DCOILBRENTEU,Brent,daily,108.77,2.5897619047619047
2013-08-07,DCOILBRENTEU,Brent,daily,108.39,2.5807142857142855
2013-08-08,DCOILBRENTEU,Brent,daily,107.32,2.555238095238095
2013-08-09,DCOILBRENTEU,Brent,daily,108.49,2.583095238095238
2013-08-12,DCOILBRENTEU,Brent,daily,109.28,2.6019047619047617
2013-08-13,DCOILBRENTEU,Brent,daily,110.69,2.6354761904761905
2013-08-14,DCOILBRENTEU,Brent,daily,110.26,2.625238095238095
2013-08-15,DCOILBRENTEU,Brent,daily,111.58,2.6566666666666667
2013-08-16,DCOILBRENTEU,Brent,daily,111.82,2.662380952380952
2013-08-19,DCOILBRENTEU,Brent,daily,111.41,2.6526190476190474
2013-08-20,DCOILBRENTEU,Brent,daily,110.74,2.6366666666666667
2013-08-21,DCOILBRENTEU,Brent,daily,110.82,2.6385714285714283
2013-08-22,DCOILBRENTEU,Brent,daily,110.51,2.6311904761904765
2013-08-23,DCOILBRENTEU,Brent,daily,112.12,2.6695238095238096
2013-08-26,DCOILBRENTEU,Brent,daily,112.23,2.672142857142857
2013-08-27,DCOILBRENTEU,Brent,daily,115.21,2.743095238095238
2013-08-28,DCOILBRENTEU,Brent,daily,116.27,2.768333333333333
2013-08-29,DCOILBRENTEU,Brent,daily,116.91,2.7835714285714284
2013-08-30,DCOILBRENTEU,Brent,daily,115.97,2.761190476190476
2013-09-02,DCOILBRENTEU,Brent,daily,,
2013-09-03,DCOILBRENTEU,Brent,daily,115.49,2.749761904761905
2013-09-04,DCOILBRENTEU,Brent,daily,115.65,2.7535714285714286
2013-09-05,DCOILBRENTEU,Brent,daily,115.81,2.7573809523809523
2013-09-06,DCOILBRENTEU,Brent,daily,117.15,2.7892857142857146
2013-09-09,DCOILBRENTEU,Brent,daily,115.2,2.742857142857143
2013-09-10,DCOILBRENTEU,Brent,daily,112.1,2.669047619047619
2013-09-11,DCOILBRENTEU,Brent,daily,112.37,2.6754761904761906
2013-09-12,DCOILBRENTEU,Brent,daily,113.11,2.693095238095238
2013-09-13,DCOILBRENTEU,Brent,daily,113.31,2.697857142857143
2013-09-16,DCOILBRENTEU,Brent,daily,110.86,2.6395238095238094
2013-09-17,DCOILBRENTEU,Brent,daily,109.05,2.5964285714285715
2013-09-18,DCOILBRENTEU,Brent,daily,109.09,2.5973809523809526
2013-09-19,DCOILBRENTEU,Brent,daily,110.66,2.6347619047619046
2013-09-20,DCOILBRENTEU,Brent,daily,110.22,2.624285714285714
2013-09-23,DCOILBRENTEU,Brent,daily,108.56,2.584761904761905
2013-09-24,DCOILBRENTEU,Brent,daily,107.68,2.5638095238095238
2013-09-25,DCOILBRENTEU,Brent,daily,109.46,2.606190476190476
2013-09-26,DCOILBRENTEU,Brent,daily,108.86,2.591904761904762
2013-09-27,DCOILBRENTEU,Brent,daily,109.45,2.605952380952381
2013-09-30,DCOILBRENTEU,Brent,daily,107.85,2.5678571428571426
2013-10-01,DCOILBRENTEU,Brent,daily,107.32,2.555238095238095
2013-10-02,DCOILBRENTEU,Brent,daily,109.09,2.5973809523809526
2013-10-03,DCOILBRENTEU,Brent,daily,109.49,2.6069047619047616
2013-10-04,DCOILBRENTEU,Brent,daily,109.42,2.605238095238095
2013-10-07,DCOILBRENTEU,Brent,daily,109.66,2.610952380952381
2013-10-08,DCOILBRENTEU,Brent,daily,110.56,2.6323809523809523
2013-10-09,DCOILBRENTEU,Brent,daily,109.02,2.5957142857142856
2013-10-10,DCOILBRENTEU,Brent,daily,111.63,2.657857142857143
2013-10-11,DCOILBRENTEU,Brent,daily,110.65,2.6345238095238095
2013-10-14,DCOILBRENTEU,Brent,daily,110.13,2.622142857142857
2013-10-15,DCOILBRENTEU,Brent,daily,110.67,2.6350000000000002
2013-10-16,DCOILBRENTEU,Brent,daily,110.79,2.637857142857143
2013-10-17,DCOILBRENTEU,Brent,daily,109.55,2.6083333333333334
2013-10-18,DCOILBRENTEU,Brent,daily,109.4,2.604761904761905
2013-10-21,DCOILBRENTEU,Brent,daily,109.47,2.6064285714285713
2013-10-22,DCOILBRENTEU,Brent,daily,109.57,2.6088095238095237
2013-10-23,DCOILBRENTEU,Brent,daily,107.74,2.565238095238095
2013-10-24,DCOILBRENTEU,Brent,daily,106.63,2.538809523809524
2013-10-25,DCOILBRENTEU,Brent,daily,105.7,2.5166666666666666
2013-10-28,DCOILBRENTEU,Brent,daily,108.29,2.5783333333333336
2013-10-29,DCOILBRENTEU,Brent,daily,108.04,2.5723809523809527
2013-10-30,DCOILBRENTEU,Brent,daily,108.41,2.5811904761904763
2013-10-31,DCOILBRENTEU,Brent,daily,107.53,2.560238095238095
2013-11-01,DCOILBRENTEU,Brent,daily,105.78,2.5185714285714287
2013-11-04,DCOILBRENTEU,Brent,daily,104.85,2.4964285714285714
2013-11-05,DCOILBRENTEU,Brent,daily,105.01,2.500238095238095
2013-11-06,DCOILBRENTEU,Brent,daily,105.46,2.510952380952381
2013-11-07,DCOILBRENTEU,Brent,daily,103.08,2.454285714285714
2013-11-08,DCOILBRENTEU,Brent,daily,104.29,2.4830952380952382
2013-11-11,DCOILBRENTEU,Brent,daily,105.76,2.5180952380952384
2013-11-12,DCOILBRENTEU,Brent,daily,106.29,2.5307142857142857
2013-11-13,DCOILBRENTEU,Brent,daily,106.9,2.5452380952380955
2013-11-14,DCOILBRENTEU,Brent,daily,108.29,2.5783333333333336
2013-11-15,DCOILBRENTEU,Brent,daily,108.25,2.5773809523809526
2013-11-18,DCOILBRENTEU,Brent,daily,108.8,2.5904761904761906
2013-11-19,DCOILBRENTEU,Brent,daily,108.29,2.5783333333333336
2013-11-20,DCOILBRENTEU,Brent,daily,108.27,2.577857142857143
2013-11-21,DCOILBRENTEU,Brent,daily,109.9,2.6166666666666667
2013-11-22,DCOILBRENTEU,Brent,daily,111.36,2.6514285714285712
2013-11-25,DCOILBRENTEU,Brent,daily,110.83,2.638809523809524
2013-11-26,DCOILBRENTEU,Brent,daily,112.04,2.6676190476190476
2013-11-27,DCOILBRENTEU,Brent,daily,111.32,2.65047619047619
2013-11-28,DCOILBRENTEU,Brent,daily,,
2013-11-29,DCOILBRENTEU,Brent,daily,111.07,2.6445238095238093
2013-12-02,DCOILBRENTEU,Brent,daily,111.49,2.6545238095238095
2013-12-03,DCOILBRENTEU,Brent,daily,113.06,2.691904761904762
2013-12-04,DCOILBRENTEU,Brent,daily,113.27,2.696904761904762
2013-12-05,DCOILBRENTEU,Brent,daily,112.07,2.668333333333333
2013-12-06,DCOILBRENTEU,Brent,daily,111.5,2.6547619047619047
2013-12-09,DCOILBRENTEU,Brent,daily,110.07,2.6207142857142856
2013-12-10,DCOILBRENTEU,Brent,daily,108.91,2.593095238095238
2013-12-11,DCOILBRENTEU,Brent,daily,109.47,2.6064285714285713
2013-12-12,DCOILBRENTEU,Brent,daily,108.99,2.5949999999999998
2013-12-13,DCOILBRENTEU,Brent,daily,108.08,2.5733333333333333
2013-12-16,DCOILBRENTEU,Brent,daily,110.3,2.626190476190476
2013-12-17,DCOILBRENTEU,Brent,daily,108.91,2.593095238095238
2013-12-18,DCOILBRENTEU,Brent,daily,109.56,2.6085714285714285
2013-12-19,DCOILBRENTEU,Brent,daily,110.78,2.6376190476190478
2013-12-20,DCOILBRENTEU,Brent,daily,112.15,2.6702380952380955
2013-12-23,DCOILBRENTEU,Brent,daily,111.58,2.6566666666666667
2013-12-24,DCOILBRENTEU,Brent,daily,111.57,2.656428571428571
2013-12-25,DCOILBRENTEU,Brent,daily,,
2013-12-26,DCOILBRENTEU,Brent,daily,111.65,2.6583333333333337
2013-12-27,DCOILBRENTEU,Brent,daily,112.06,2.6680952380952383
2013-12-30,DCOILBRENTEU,Brent,daily,110.47,2.630238095238095
2013-12-31,DCOILBRENTEU,Brent,daily,109.95,2.617857142857143
2014-01-01,DCOILBRENTEU,Brent,daily,,
2014-01-02,DCOILBRENTEU,Brent,daily,107.94,2.57
2014-01-03,DCOILBRENTEU,Brent,daily,106.57,2.537380952380952
2014-01-06,DCOILBRENTEU,Brent,daily,106.71,2.5407142857142855
2014-01-07,DCOILBRENTEU,Brent,daily,107.01,2.547857142857143
2014-01-08,DCOILBRENTEU,Brent,daily,107.42,2.5576190476190477
2014-01-09,DCOILBRENTEU,Brent,daily,107.49,2.559285714285714
2014-01-10,DCOILBRENTEU,Brent,daily,106.44,2.5342857142857143
2014-01-13,DCOILBRENTEU,Brent,daily,108.02,2.571904761904762
2014-01-14,DCOILBRENTEU,Brent,daily,107.12,2.5504761904761906
2014-01-15,DCOILBRENTEU,Brent,daily,108.09,2.573571428571429
2014-01-16,DCOILBRENTEU,Brent,daily,107.46,2.5585714285714283
2014-01-17,DCOILBRENTEU,Brent,daily,108.45,2.5821428571428573
2014-01-20,DCOILBRENTEU,Brent,daily,108.01,2.5716666666666668
2014-01-21,DCOILBRENTEU,Brent,daily,109.17,2.599285714285714
2014-01-22,DCOILBRENTEU,Brent,daily,109.69,2.611666666666667
2014-01-23,DCOILBRENTEU,Brent,daily,109.69,2.611666666666667
2014-01-24,DCOILBRENTEU,Brent,daily,109.14,2.5985714285714288
2014-01-27,DCOILBRENTEU,Brent,daily,108.72,2.5885714285714285
2014-01-28,DCOILBRENTEU,Brent,daily,109.1,2.5976190476190473
2014-01-29,DCOILBRENTEU,Brent,daily,108.83,2.591190476190476
2014-01-30,DCOILBRENTEU,Brent,daily,109.36,2.603809523809524
2014-01-31,DCOILBRENTEU,Brent,daily,108.16,2.5752380952380953
2014-02-03,DCOILBRENTEU,Brent,daily,106.55,2.5369047619047618
2014-02-04,DCOILBRENTEU,Brent,daily,107.04,2.548571428571429
2014-02-05,DCOILBRENTEU,Brent,daily,106.81,2.5430952380952383
2014-02-06,DCOILBRENTEU,Brent,daily,108.15,2.575
2014-02-07,DCOILBRENTEU,Brent,daily,110.12,2.621904761904762
2014-02-10,DCOILBRENTEU,Brent,daily,110.18,2.6233333333333335
2014-02-11,DCOILBRENTEU,Brent,daily,109.21,2.6002380952380952
2014-02-12,DCOILBRENTEU,Brent,daily,108.62,2.586190476190476
2014-02-13,DCOILBRENTEU,Brent,daily,108.98,2.594761904761905
2014-02-14,DCOILBRENTEU,Brent,daily,108.63,2.5864285714285713
2014-02-17,DCOILBRENTEU,Brent,daily,,
2014-02-18,DCOILBRENTEU,Brent,daily,110.14,2.6223809523809525
2014-02-19,DCOILBRENTEU,Brent,daily,110.37,2.627857142857143
2014-02-20,DCOILBRENTEU,Brent,daily,109.42,2.605238095238095
2014-02-21,DCOILBRENTEU,Brent,daily,109.03,2.595952380952381
2014-02-24,DCOILBRENTEU,Brent,daily,109.76,2.6133333333333333
2014-02-25,DCOILBRENTEU,Brent,daily,109.19,2.5997619047619045
2014-02-26,DCOILBRENTEU,Brent,daily,109.39,2.6045238095238097
2014-02-27,DCOILBRENTEU,Brent,daily,108.54,2.5842857142857145
2014-02-28,DCOILBRENTEU,Brent,daily,108.98,2.594761904761905
2014-03-03,DCOILBRENTEU,Brent,daily,111.26,2.6490476190476193
2014-03-04,DCOILBRENTEU,Brent,daily,109.17,2.599285714285714
2014-03-05,DCOILBRENTEU,Brent,daily,108.15,2.575
2014-03-06,DCOILBRENTEU,Brent,daily,107.99,2.571190476190476
2014-03-07,DCOILBRENTEU,Brent,daily,109.14,2.5985714285714288
2014-03-10,DCOILBRENTEU,Brent,daily,108.27,2.577857142857143
2014-03-11,DCOILBRENTEU,Brent,daily,108.35,2.5797619047619045
2014-03-12,DCOILBRENTEU,Brent,daily,107.88,2.5685714285714285
2014-03-13,DCOILBRENTEU,Brent,daily,107.48,2.559047619047619
2014-03-14,DCOILBRENTEU,Brent,daily,108.08,2.5733333333333333
2014-03-17,DCOILBRENTEU,Brent,daily,106.99,2.5473809523809523
2014-03-18,DCOILBRENTEU,Brent,daily,106.79,2.5426190476190476
2014-03-19,DCOILBRENTEU,Brent,daily,105.95,2.5226190476190475
2014-03-20,DCOILBRENTEU,Brent,daily,105.73,2.5173809523809525
2014-03-21,DCOILBRENTEU,Brent,daily,107.2,2.5523809523809526
2014-03-24,DCOILBRENTEU,Brent,daily,106.59,2.537857142857143
2014-03-25,DCOILBRENTEU,Brent,daily,107.01,2.547857142857143
2014-03-26,DCOILBRENTEU,Brent,daily,105.9,2.5214285714285714
2014-03-27,DCOILBRENTEU,Brent,daily,106.58,2.5376190476190477
2014-03-28,DCOILBRENTEU,Brent,daily,106.64,2.539047619047619
2014-03-31,DCOILBRENTEU,Brent,daily,105.95,2.5226190476190475
2014-04-01,DCOILBRENTEU,Brent,daily,105.7,2.5166666666666666
2014-04-02,DCOILBRENTEU,Brent,daily,103.37,2.461190476190476
2014-04-03,DCOILBRENTEU,Brent,daily,104.88,2.497142857142857
2014-04-04,DCOILBRENTEU,Brent,daily,106.41,2.5335714285714284
2014-04-07,DCOILBRENTEU,Brent,daily,104.89,2.4973809523809525
2014-04-08,DCOILBRENTEU,Brent,daily,105.83,2.519761904761905
2014-04-09,DCOILBRENTEU,Brent,daily,107.39,2.556904761904762
2014-04-10,DCOILBRENTEU,Brent,daily,107.1,2.55
2014-04-11,DCOILBRENTEU,Brent,daily,107.34,2.5557142857142856
2014-04-14,DCOILBRENTEU,Brent,daily,107.68,2.5638095238095238
2014-04-15,DCOILBRENTEU,Brent,daily,109.1,2.5976190476190473
2014-04-16,DCOILBRENTEU,Brent,daily,109.71,2.612142857142857
2014-04-17,DCOILBRENTEU,Brent,daily,109.79,2.614047619047619
2014-04-18,DCOILBRENTEU,Brent,daily,,
2014-04-21,DCOILBRENTEU,Brent,daily,109.69,2.611666666666667
2014-04-22,DCOILBRENTEU,Brent,daily,108.54,2.5842857142857145
2014-04-23,DCOILBRENTEU,Brent,daily,108.48,2.5828571428571427
2014-04-24,DCOILBRENTEU,Brent,daily,109.79,2.614047619047619
2014-04-25,DCOILBRENTEU,Brent,daily,109.53,2.607857142857143
2014-04-28,DCOILBRENTEU,Brent,daily,109.12,2.598095238095238
2014-04-29,DCOILBRENTEU,Brent,daily,109.89,2.6164285714285715
2014-04-30,DCOILBRENTEU,Brent,daily,108.63,2.5864285714285713
2014-05-01,DCOILBRENTEU,Brent,daily,108.63,2.5864285714285713
2014-05-02,DCOILBRENTEU,Brent,daily,109.48,2.606666666666667
2014-05-05,DCOILBRENTEU,Brent,daily,109.48,2.606666666666667
2014-05-06,DCOILBRENTEU,Brent,daily,108.3,2.5785714285714283
2014-05-07,DCOILBRENTEU,Brent,daily,108.17,2.5754761904761905
2014-05-08,DCOILBRENTEU,Brent,daily,108.19,2.5759523809523808
2014-05-09,DCOILBRENTEU,Brent,daily,108.26,2.5776190476190477
2014-05-12,DCOILBRENTEU,Brent,daily,108.37,2.580238095238095
2014-05-13,DCOILBRENTEU,Brent,daily,108.78,2.59
2014-05-14,DCOILBRENTEU,Brent,daily,109.87,2.6159523809523813
2014-05-15,DCOILBRENTEU,Brent,daily,109.74,2.6128571428571425
2014-05-16,DCOILBRENTEU,Brent,daily,110.9,2.6404761904761904
2014-05-19,DCOILBRENTEU,Brent,daily,110.84,2.639047619047619
2014-05-20,DCOILBRENTEU,Brent,daily,110.35,2.6273809523809524
2014-05-21,DCOILBRENTEU,Brent,daily,111.32,2.65047619047619
2014-05-22,DCOILBRENTEU,Brent,daily,110.89,2.6402380952380953
2014-05-23,DCOILBRENTEU,Brent,daily,110.19,2.6235714285714287
2014-05-26,DCOILBRENTEU,Brent,daily,110.01,2.619285714285714
2014-05-27,DCOILBRENTEU,Brent,daily,109.81,2.6145238095238095
2014-05-28,DCOILBRENTEU,Brent,daily,109.09,2.5973809523809526
2014-05-29,DCOILBRENTEU,Brent,daily,109.98,2.6185714285714288
2014-05-30,DCOILBRENTEU,Brent,daily,109.21,2.6002380952380952
2014-06-02,DCOILBRENTEU,Brent,daily,109.34,2.6033333333333335
2014-06-03,DCOILBRENTEU,Brent,daily,108.87,2.592142857142857
2014-06-04,DCOILBRENTEU,Brent,daily,109.07,2.596904761904762
2014-06-05,DCOILBRENTEU,Brent,daily,108.43,2.581666666666667
2014-06-06,DCOILBRENTEU,Brent,daily,109.21,2.6002380952380952
2014-06-09,DCOILBRENTEU,Brent,daily,110.55,2.632142857142857
2014-06-10,DCOILBRENTEU,Brent,daily,109.18,2.59952380952381
2014-06-11,DCOILBRENTEU,Brent,daily,109.83,2.6149999999999998
2014-06-12,DCOILBRENTEU,Brent,daily,112.18,2.670952380952381
2014-06-13,DCOILBRENTEU,Brent,daily,113.15,2.6940476190476192
2014-06-16,DCOILBRENTEU,Brent,daily,113.42,2.7004761904761905
2014-06-17,DCOILBRENTEU,Brent,daily,114.02,2.7147619047619047
2014-06-18,DCOILBRENTEU,Brent,daily,114.25,2.7202380952380953
2014-06-19,DCOILBRENTEU,Brent,daily,115.19,2.7426190476190477
2014-06-20,DCOILBRENTEU,Brent,daily,114.55,2.7273809523809525
2014-06-23,DCOILBRENTEU,Brent,daily,113.62,2.705238095238095
2014-06-24,DCOILBRENTEU,Brent,daily,113.74,2.708095238095238
2014-06-25,DCOILBRENTEU,Brent,daily,112.84,2.6866666666666665
2014-06-26,DCOILBRENTEU,Brent,daily,112.61,2.6811904761904763
2014-06-27,DCOILBRENTEU,Brent,daily,112.62,2.6814285714285715
2014-06-30,DCOILBRENTEU,Brent,daily,111.03,2.6435714285714287
2014-07-01,DCOILBRENTEU,Brent,daily,110.84,2.639047619047619
2014-07-02,DCOILBRENTEU,Brent,daily,110.18,2.6233333333333335
2014-07-03,DCOILBRENTEU,Brent,daily,108.98,2.594761904761905
2014-07-04,DCOILBRENTEU,Brent,daily,,
2014-07-07,DCOILBRENTEU,Brent,daily,108.7,2.5880952380952382
2014-07-08,DCOILBRENTEU,Brent,daily,107.65,2.5630952380952383
2014-07-09,DCOILBRENTEU,Brent,daily,106.84,2.5438095238095237
2014-07-10,DCOILBRENTEU,Brent,daily,106.2,2.5285714285714285
2014-07-11,DCOILBRENTEU,Brent,daily,105.77,2.518333333333333
2014-07-14,DCOILBRENTEU,Brent,daily,104.73,2.4935714285714288
2014-07-15,DCOILBRENTEU,Brent,daily,104.73,2.4935714285714288
2014-07-16,DCOILBRENTEU,Brent,daily,105.41,2.5097619047619046
2014-07-17,DCOILBRENTEU,Brent,daily,106.04,2.5247619047619048
2014-07-18,DCOILBRENTEU,Brent,daily,106.03,2.5245238095238096
2014-07-21,DCOILBRENTEU,Brent,daily,105.71,2.5169047619047618
2014-07-22,DCOILBRENTEU,Brent,daily,106.48,2.5352380952380953
2014-07-23,DCOILBRENTEU,Brent,daily,106.85,2.544047619047619
2014-07-24,DCOILBRENTEU,Brent,daily,105.78,2.5185714285714287
2014-07-25,DCOILBRENTEU,Brent,daily,106.89,2.545
2014-07-28,DCOILBRENTEU,Brent,daily,106.7,2.5404761904761903
2014-07-29,DCOILBRENTEU,Brent,daily,106.98,2.547142857142857
2014-07-30,DCOILBRENTEU,Brent,daily,106.47,2.535
2014-07-31,DCOILBRENTEU,Brent,daily,104.94,2.4985714285714287
2014-08-01,DCOILBRENTEU,Brent,daily,103.45,2.4630952380952382
2014-08-04,DCOILBRENTEU,Brent,daily,103.63,2.4673809523809522
2014-08-05,DCOILBRENTEU,Brent,daily,102.82,2.448095238095238
2014-08-06,DCOILBRENTEU,Brent,daily,104.17,2.480238095238095
2014-08-07,DCOILBRENTEU,Brent,daily,104.02,2.4766666666666666
2014-08-08,DCOILBRENTEU,Brent,daily,103.36,2.460952380952381
2014-08-11,DCOILBRENTEU,Brent,daily,103.47,2.4635714285714285
2014-08-12,DCOILBRENTEU,Brent,daily,101.68,2.420952380952381
2014-08-13,DCOILBRENTEU,Brent,daily,102.27,2.435
2014-08-14,DCOILBRENTEU,Brent,daily,101.15,2.4083333333333337
2014-08-15,DCOILBRENTEU,Brent,daily,101.13,2.407857142857143
2014-08-18,DCOILBRENTEU,Brent,daily,99.37,2.3659523809523813
2014-08-19,DCOILBRENTEU,Brent,daily,99.74,2.374761904761905
2014-08-20,DCOILBRENTEU,Brent,daily,99.92,2.3790476190476193
2014-08-21,DCOILBRENTEU,Brent,daily,100.28,2.3876190476190478
2014-08-22,DCOILBRENTEU,Brent,daily,100.09,2.383095238095238
2014-08-25,DCOILBRENTEU,Brent,daily,100.49,2.3926190476190476
2014-08-26,DCOILBRENTEU,Brent,daily,100.5,2.392857142857143
2014-08-27,DCOILBRENTEU,Brent,daily,100.4,2.3904761904761904
2014-08-28,DCOILBRENTEU,Brent,daily,100.71,2.3978571428571427
2014-08-29,DCOILBRENTEU,Brent,daily,101.12,2.4076190476190478
2014-09-01,DCOILBRENTEU,Brent,daily,,
2014-09-02,DCOILBRENTEU,Brent,daily,100.21,2.385952380952381
2014-09-03,DCOILBRENTEU,Brent,daily,100.88,2.401904761904762
2014-09-04,DCOILBRENTEU,Brent,daily,101.21,2.4097619047619045
2014-09-05,DCOILBRENTEU,Brent,daily,99.51,2.369285714285714
2014-09-08,DCOILBRENTEU,Brent,daily,99.53,2.369761904761905
2014-09-09,DCOILBRENTEU,Brent,daily,98.08,2.335238095238095
2014-09-10,DCOILBRENTEU,Brent,daily,96.26,2.291904761904762
2014-09-11,DCOILBRENTEU,Brent,daily,96.42,2.295714285714286
2014-09-12,DCOILBRENTEU,Brent,daily,96.31,2.2930952380952383
2014-09-15,DCOILBRENTEU,Brent,daily,96.43,2.295952380952381
2014-09-16,DCOILBRENTEU,Brent,daily,97.39,2.3188095238095237
2014-09-17,DCOILBRENTEU,Brent,daily,97.7,2.3261904761904764
2014-09-18,DCOILBRENTEU,Brent,daily,96.82,2.305238095238095
2014-09-19,DCOILBRENTEU,Brent,daily,96.75,2.3035714285714284
2014-09-22,DCOILBRENTEU,Brent,daily,95.37,2.270714285714286
2014-09-23,DCOILBRENTEU,Brent,daily,94.87,2.258809523809524
2014-09-24,DCOILBRENTEU,Brent,daily,94.53,2.250714285714286
2014-09-25,DCOILBRENTEU,Brent,daily,95.2,2.2666666666666666
2014-09-26,DCOILBRENTEU,Brent,daily,95.08,2.263809523809524
2014-09-29,DCOILBRENTEU,Brent,daily,95.7,2.2785714285714285
2014-09-30,DCOILBRENTEU,Brent,daily,94.67,2.2540476190476193
2014-10-01,DCOILBRENTEU,Brent,daily,94.57,2.2516666666666665
2014-10-02,DCOILBRENTEU,Brent,daily,91.29,2.173571428571429
2014-10-03,DCOILBRENTEU,Brent,daily,90.8,2.1619047619047618
2014-10-06,DCOILBRENTEU,Brent,daily,90.65,2.1583333333333337
2014-10-07,DCOILBRENTEU,Brent,daily,90.9,2.1642857142857146
2014-10-08,DCOILBRENTEU,Brent,daily,90.25,2.1488095238095237
2014-10-09,DCOILBRENTEU,Brent,daily,90.47,2.154047619047619
2014-10-10,DCOILBRENTEU,Brent,daily,88.66,2.110952380952381
2014-10-13,DCOILBRENTEU,Brent,daily,87.82,2.090952380952381
2014-10-14,DCOILBRENTEU,Brent,daily,86.36,2.0561904761904763
2014-10-15,DCOILBRENTEU,Brent,daily,84.02,2.0004761904761903
2014-10-16,DCOILBRENTEU,Brent,daily,84.02,2.0004761904761903
2014-10-17,DCOILBRENTEU,Brent,daily,85.27,2.030238095238095
2014-10-20,DCOILBRENTEU,Brent,daily,84.42,2.0100000000000002
2014-10-21,DCOILBRENTEU,Brent,daily,85.17,2.027857142857143
2014-10-22,DCOILBRENTEU,Brent,daily,86.38,2.0566666666666666
2014-10-23,DCOILBRENTEU,Brent,daily,85.94,2.046190476190476
2014-10-24,DCOILBRENTEU,Brent,daily,86.0,2.0476190476190474
2014-10-27,DCOILBRENTEU,Brent,daily,85.64,2.039047619047619
2014-10-28,DCOILBRENTEU,Brent,daily,85.57,2.037380952380952
2014-10-29,DCOILBRENTEU,Brent,daily,86.91,2.0692857142857144
2014-10-30,DCOILBRENTEU,Brent,daily,85.5,2.0357142857142856
2014-10-31,DCOILBRENTEU,Brent,daily,84.17,2.0040476190476193
2014-11-03,DCOILBRENTEU,Brent,daily,84.9,2.0214285714285714
2014-11-04,DCOILBRENTEU,Brent,daily,82.12,1.9552380952380954
2014-11-05,DCOILBRENTEU,Brent,daily,82.88,1.9733333333333332
2014-11-06,DCOILBRENTEU,Brent,daily,82.08,1.9542857142857142
2014-11-07,DCOILBRENTEU,Brent,daily,83.2,1.980952380952381
2014-11-10,DCOILBRENTEU,Brent,daily,82.9,1.973809523809524
2014-11-11,DCOILBRENTEU,Brent,daily,80.94,1.927142857142857
2014-11-12,DCOILBRENTEU,Brent,daily,80.42,1.9147619047619049
2014-11-13,DCOILBRENTEU,Brent,daily,77.74,1.850952380952381
2014-11-14,DCOILBRENTEU,Brent,daily,77.51,1.8454761904761905
2014-11-17,DCOILBRENTEU,Brent,daily,76.86,1.83
2014-11-18,DCOILBRENTEU,Brent,daily,77.23,1.838809523809524
2014-11-19,DCOILBRENTEU,Brent,daily,77.21,1.8383333333333332
2014-11-20,DCOILBRENTEU,Brent,daily,77.61,1.8478571428571429
2014-11-21,DCOILBRENTEU,Brent,daily,79.2,1.8857142857142857
2014-11-24,DCOILBRENTEU,Brent,daily,79.62,1.895714285714286
2014-11-25,DCOILBRENTEU,Brent,daily,77.62,1.8480952380952382
2014-11-26,DCOILBRENTEU,Brent,daily,77.39,1.8426190476190476
2014-11-27,DCOILBRENTEU,Brent,daily,,
2014-11-28,DCOILBRENTEU,Brent,daily,71.89,1.7116666666666667
2014-12-01,DCOILBRENTEU,Brent,daily,70.87,1.6873809523809524
2014-12-02,DCOILBRENTEU,Brent,daily,71.13,1.6935714285714285
2014-12-03,DCOILBRENTEU,Brent,daily,70.13,1.6697619047619046
2014-12-04,DCOILBRENTEU,Brent,daily,68.48,1.6304761904761906
2014-12-05,DCOILBRENTEU,Brent,daily,68.0,1.619047619047619
2014-12-08,DCOILBRENTEU,Brent,daily,65.64,1.562857142857143
2014-12-09,DCOILBRENTEU,Brent,daily,66.11,1.5740476190476191
2014-12-10,DCOILBRENTEU,Brent,daily,63.32,1.5076190476190476
2014-12-11,DCOILBRENTEU,Brent,daily,63.65,1.5154761904761904
2014-12-12,DCOILBRENTEU,Brent,daily,61.67,1.4683333333333333
2014-12-15,DCOILBRENTEU,Brent,daily,61.09,1.4545238095238096
2014-12-16,DCOILBRENTEU,Brent,daily,60.26,1.4347619047619047
2014-12-17,DCOILBRENTEU,Brent,daily,59.84,1.424761904761905
2014-12-18,DCOILBRENTEU,Brent,daily,58.81,1.4002380952380953
2014-12-19,DCOILBRENTEU,Brent,daily,58.87,1.4016666666666666
2014-12-22,DCOILBRENTEU,Brent,daily,58.31,1.3883333333333334
2014-12-23,DCOILBRENTEU,Brent,daily,59.07,1.4064285714285714
2014-12-24,DCOILBRENTEU,Brent,daily,58.67,1.3969047619047619
2014-12-25,DCOILBRENTEU,Brent,daily,,
2014-12-26,DCOILBRENTEU,Brent,daily,58.72,1.398095238095238
2014-12-29,DCOILBRENTEU,Brent,daily,57.86,1.3776190476190475
2014-12-30,DCOILBRENTEU,Brent,daily,55.6,1.3238095238095238
2014-12-31,DCOILBRENTEU,Brent,daily,55.27,1.315952380952381
2015-01-01,DCOILBRENTEU,Brent,daily,,
2015-01-02,DCOILBRENTEU,Brent,daily,55.38,1.3185714285714287
2015-01-05,DCOILBRENTEU,Brent,daily,51.08,1.216190476190476
2015-01-06,DCOILBRENTEU,Brent,daily,50.12,1.1933333333333334
2015-01-07,DCOILBRENTEU,Brent,daily,49.06,1.168095238095238
2015-01-08,DCOILBRENTEU,Brent,daily,49.43,1.176904761904762
2015-01-09,DCOILBRENTEU,Brent,daily,47.64,1.1342857142857143
2015-01-12,DCOILBRENTEU,Brent,daily,46.9,1.1166666666666667
2015-01-13,DCOILBRENTEU,Brent,daily,45.13,1.0745238095238097
2015-01-14,DCOILBRENTEU,Brent,daily,45.82,1.090952380952381
2015-01-15,DCOILBRENTEU,Brent,daily,47.66,1.1347619047619046
2015-01-16,DCOILBRENTEU,Brent,daily,47.38,1.1280952380952383
2015-01-19,DCOILBRENTEU,Brent,daily,,
2015-01-20,DCOILBRENTEU,Brent,daily,46.49,1.106904761904762
2015-01-21,DCOILBRENTEU,Brent,daily,46.5,1.1071428571428572
2015-01-22,DCOILBRENTEU,Brent,daily,46.09,1.0973809523809526
2015-01-23,DCOILBRENTEU,Brent,daily,46.69,1.1116666666666666
2015-01-26,DCOILBRENTEU,Brent,daily,46.07,1.0969047619047618
2015-01-27,DCOILBRENTEU,Brent,daily,46.55,1.1083333333333332
2015-01-28,DCOILBRENTEU,Brent,daily,47.07,1.1207142857142858
2015-01-29,DCOILBRENTEU,Brent,daily,46.61,1.1097619047619047
2015-01-30,DCOILBRENTEU,Brent,daily,47.52,1.1314285714285715
2015-02-02,DCOILBRENTEU,Brent,daily,51.74,1.231904761904762
2015-02-03,DCOILBRENTEU,Brent,daily,54.41,1.2954761904761904
2015-02-04,DCOILBRENTEU,Brent,daily,55.07,1.3111904761904762
2015-02-05,DCOILBRENTEU,Brent,daily,55.98,1.3328571428571427
2015-02-06,DCOILBRENTEU,Brent,daily,55.88,1.3304761904761906
2015-02-09,DCOILBRENTEU,Brent,daily,57.0,1.3571428571428572
2015-02-10,DCOILBRENTEU,Brent,daily,55.79,1.3283333333333334
2015-02-11,DCOILBRENTEU,Brent,daily,53.48,1.2733333333333332
2015-02-12,DCOILBRENTEU,Brent,daily,56.23,1.3388095238095237
2015-02-13,DCOILBRENTEU,Brent,daily,60.33,1.4364285714285714
2015-02-16,DCOILBRENTEU,Brent,daily,61.57,1.465952380952381
2015-02-17,DCOILBRENTEU,Brent,daily,60.78,1.447142857142857
2015-02-18,DCOILBRENTEU,Brent,daily,60.72,1.4457142857142857
2015-02-19,DCOILBRENTEU,Brent,daily,58.78,1.3995238095238096
2015-02-20,DCOILBRENTEU,Brent,daily,60.99,1.4521428571428572
2015-02-23,DCOILBRENTEU,Brent,daily,59.78,1.4233333333333333
2015-02-24,DCOILBRENTEU,Brent,daily,60.33,1.4364285714285714
2015-02-25,DCOILBRENTEU,Brent,daily,59.77,1.4230952380952382
2015-02-26,DCOILBRENTEU,Brent,daily,61.39,1.4616666666666667
2015-02-27,DCOILBRENTEU,Brent,daily,61.89,1.4735714285714285
2015-03-02,DCOILBRENTEU,Brent,daily,60.75,1.4464285714285714
2015-03-03,DCOILBRENTEU,Brent,daily,61.18,1.4566666666666666
2015-03-04,DCOILBRENTEU,Brent,daily,59.18,1.409047619047619
2015-03-05,DCOILBRENTEU,Brent,daily,60.33,1.4364285714285714
2015-03-06,DCOILBRENTEU,Brent,daily,59.15,1.4083333333333332
2015-03-09,DCOILBRENTEU,Brent,daily,58.67,1.3969047619047619
2015-03-10,DCOILBRENTEU,Brent,daily,55.95,1.3321428571428573
2015-03-11,DCOILBRENTEU,Brent,daily,56.46,1.3442857142857143
2015-03-12,DCOILBRENTEU,Brent,daily,56.66,1.349047619047619
2015-03-13,DCOILBRENTEU,Brent,daily,54.8,1.3047619047619048
2015-03-16,DCOILBRENTEU,Brent,daily,52.0,1.2380952380952381
2015-03-17,DCOILBRENTEU,Brent,daily,52.17,1.2421428571428572
2015-03-18,DCOILBRENTEU,Brent,daily,52.59,1.2521428571428572
2015-03-19,DCOILBRENTEU,Brent,daily,52.96,1.260952380952381
2015-03-20,DCOILBRENTEU,Brent,daily,53.88,1.282857142857143
2015-03-23,DCOILBRENTEU,Brent,daily,53.82,1.2814285714285714
2015-03-24,DCOILBRENTEU,Brent,daily,53.61,1.2764285714285715
2015-03-25,DCOILBRENTEU,Brent,daily,54.18,1.29
2015-03-26,DCOILBRENTEU,Brent,daily,57.02,1.3576190476190477
2015-03-27,DCOILBRENTEU,Brent,daily,56.44,1.3438095238095238
2015-03-30,DCOILBRENTEU,Brent,daily,53.99,1.2854761904761904
2015-03-31,DCOILBRENTEU,Brent,daily,53.69,1.2783333333333333
2015-04-01,DCOILBRENTEU,Brent,daily,55.73,1.3269047619047618
2015-04-02,DCOILBRENTEU,Brent,daily,55.73,1.3269047619047618
2015-04-03,DCOILBRENTEU,Brent,daily,,
2015-04-06,DCOILBRENTEU,Brent,daily,55.73,1.3269047619047618
2015-04-07,DCOILBRENTEU,Brent,daily,57.55,1.3702380952380953
2015-04-08,DCOILBRENTEU,Brent,daily,56.42,1.3433333333333333
2015-04-09,DCOILBRENTEU,Brent,daily,56.04,1.3342857142857143
2015-04-10,DCOILBRENTEU,Brent,daily,56.82,1.3528571428571428
2015-04-13,DCOILBRENTEU,Brent,daily,57.14,1.3604761904761904
2015-04-14,DCOILBRENTEU,Brent,daily,57.69,1.3735714285714284
2015-04-15,DCOILBRENTEU,Brent,daily,59.32,1.4123809523809523
2015-04-16,DCOILBRENTEU,Brent,daily,60.13,1.4316666666666666
2015-04-17,DCOILBRENTEU,Brent,daily,61.31,1.4597619047619048
2015-04-20,DCOILBRENTEU,Brent,daily,61.2,1.4571428571428573
2015-04-21,DCOILBRENTEU,Brent,daily,60.12,1.4314285714285713
2015-04-22,DCOILBRENTEU,Brent,daily,60.12,1.4314285714285713
2015-04-23,DCOILBRENTEU,Brent,daily,62.66,1.4919047619047618
2015-04-24,DCOILBRENTEU,Brent,daily,62.96,1.499047619047619
2015-04-27,DCOILBRENTEU,Brent,daily,62.86,1.4966666666666666
2015-04-28,DCOILBRENTEU,Brent,daily,62.61,1.4907142857142857
2015-04-29,DCOILBRENTEU,Brent,daily,63.97,1.523095238095238
2015-04-30,DCOILBRENTEU,Brent,daily,63.9,1.5214285714285714
2015-05-01,DCOILBRENTEU,Brent,daily,64.13,1.5269047619047618
2015-05-04,DCOILBRENTEU,Brent,daily,64.62,1.5385714285714287
2015-05-05,DCOILBRENTEU,Brent,daily,65.44,1.558095238095238
2015-05-06,DCOILBRENTEU,Brent,daily,66.22,1.5766666666666667
2015-05-07,DCOILBRENTEU,Brent,daily,64.93,1.5459523809523812
2015-05-08,DCOILBRENTEU,Brent,daily,63.82,1.5195238095238095
2015-05-11,DCOILBRENTEU,Brent,daily,62.82,1.4957142857142858
2015-05-12,DCOILBRENTEU,Brent,daily,65.09,1.549761904761905
2015-05-13,DCOILBRENTEU,Brent,daily,66.33,1.5792857142857142
2015-05-14,DCOILBRENTEU,Brent,daily,65.58,1.5614285714285714
2015-05-15,DCOILBRENTEU,Brent,daily,64.69,1.5402380952380952
2015-05-18,DCOILBRENTEU,Brent,daily,65.15,1.5511904761904762
2015-05-19,DCOILBRENTEU,Brent,daily,63.48,1.5114285714285713
2015-05-20,DCOILBRENTEU,Brent,daily,63.52,1.5123809523809524
2015-05-21,DCOILBRENTEU,Brent,daily,64.7,1.5404761904761906
2015-05-22,DCOILBRENTEU,Brent,daily,64.7,1.5404761904761906
2015-05-25,DCOILBRENTEU,Brent,daily,,
2015-05-26,DCOILBRENTEU,Brent,daily,61.65,1.4678571428571427
2015-05-27,DCOILBRENTEU,Brent,daily,61.35,1.4607142857142859
2015-05-28,DCOILBRENTEU,Brent,daily,60.12,1.4314285714285713
2015-05-29,DCOILBRENTEU,Brent,daily,63.16,1.5038095238095237
2015-06-01,DCOILBRENTEU,Brent,daily,62.87,1.4969047619047617
2015-06-02,DCOILBRENTEU,Brent,daily,63.14,1.5033333333333334
2015-06-03,DCOILBRENTEU,Brent,daily,62.78,1.4947619047619047
2015-06-04,DCOILBRENTEU,Brent,daily,60.34,1.4366666666666668
2015-06-05,DCOILBRENTEU,Brent,daily,60.36,1.437142857142857
2015-06-08,DCOILBRENTEU,Brent,daily,61.33,1.4602380952380951
2015-06-09,DCOILBRENTEU,Brent,daily,63.23,1.5054761904761904
2015-06-10,DCOILBRENTEU,Brent,daily,64.68,1.5400000000000003
2015-06-11,DCOILBRENTEU,Brent,daily,63.76,1.518095238095238
2015-06-12,DCOILBRENTEU,Brent,daily,63.19,1.5045238095238094
2015-06-15,DCOILBRENTEU,Brent,daily,60.99,1.4521428571428572
2015-06-16,DCOILBRENTEU,Brent,daily,60.75,1.4464285714285714
2015-06-17,DCOILBRENTEU,Brent,daily,60.75,1.4464285714285714
2015-06-18,DCOILBRENTEU,Brent,daily,61.37,1.4611904761904762
2015-06-19,DCOILBRENTEU,Brent,daily,59.41,1.4145238095238095
2015-06-22,DCOILBRENTEU,Brent,daily,60.54,1.4414285714285715
2015-06-23,DCOILBRENTEU,Brent,daily,61.67,1.4683333333333333
2015-06-24,DCOILBRENTEU,Brent,daily,61.63,1.4673809523809525
2015-06-25,DCOILBRENTEU,Brent,daily,60.24,1.4342857142857144
2015-06-26,DCOILBRENTEU,Brent,daily,60.14,1.431904761904762
2015-06-29,DCOILBRENTEU,Brent,daily,59.03,1.4054761904761905
2015-06-30,DCOILBRENTEU,Brent,daily,60.31,1.435952380952381
2015-07-01,DCOILBRENTEU,Brent,daily,61.65,1.4678571428571427
2015-07-02,DCOILBRENTEU,Brent,daily,61.73,1.4697619047619046
2015-07-03,DCOILBRENTEU,Brent,daily,59.06,1.4061904761904762
2015-07-06,DCOILBRENTEU,Brent,daily,57.19,1.3616666666666666
2015-07-07,DCOILBRENTEU,Brent,daily,54.72,1.302857142857143
2015-07-08,DCOILBRENTEU,Brent,daily,55.7,1.3261904761904764
2015-07-09,DCOILBRENTEU,Brent,daily,57.83,1.3769047619047619
2015-07-10,DCOILBRENTEU,Brent,daily,57.72,1.3742857142857143
2015-07-13,DCOILBRENTEU,Brent,daily,57.63,1.372142857142857
2015-07-14,DCOILBRENTEU,Brent,daily,57.2,1.361904761904762
2015-07-15,DCOILBRENTEU,Brent,daily,57.34,1.3652380952380954
2015-07-16,DCOILBRENTEU,Brent,daily,57.31,1.3645238095238095
2015-07-17,DCOILBRENTEU,Brent,daily,56.38,1.3423809523809525
2015-07-20,DCOILBRENTEU,Brent,daily,56.42,1.3433333333333333
2015-07-21,DCOILBRENTEU,Brent,daily,55.94,1.331904761904762
2015-07-22,DCOILBRENTEU,Brent,daily,56.36,1.341904761904762
2015-07-23,DCOILBRENTEU,Brent,daily,55.76,1.3276190476190475
2015-07-24,DCOILBRENTEU,Brent,daily,54.29,1.2926190476190476
2015-07-27,DCOILBRENTEU,Brent,daily,54.07,1.2873809523809523
2015-07-28,DCOILBRENTEU,Brent,daily,54.3,1.2928571428571427
2015-07-29,DCOILBRENTEU,Brent,daily,54.73,1.303095238095238
2015-07-30,DCOILBRENTEU,Brent,daily,54.29,1.2926190476190476
2015-07-31,DCOILBRENTEU,Brent,daily,53.29,1.2688095238095238
2015-08-03,DCOILBRENTEU,Brent,daily,49.49,1.1783333333333335
2015-08-04,DCOILBRENTEU,Brent,daily,49.08,1.1685714285714286
2015-08-05,DCOILBRENTEU,Brent,daily,49.04,1.1676190476190476
2015-08-06,DCOILBRENTEU,Brent,daily,47.8,1.138095238095238
2015-08-07,DCOILBRENTEU,Brent,daily,47.54,1.131904761904762
2015-08-10,DCOILBRENTEU,Brent,daily,48.3,1.15
2015-08-11,DCOILBRENTEU,Brent,daily,47.33,1.1269047619047619
2015-08-12,DCOILBRENTEU,Brent,daily,48.29,1.1497619047619048
2015-08-13,DCOILBRENTEU,Brent,daily,48.01,1.143095238095238
2015-08-14,DCOILBRENTEU,Brent,daily,47.79,1.137857142857143
2015-08-17,DCOILBRENTEU,Brent,daily,47.77,1.1373809523809524
2015-08-18,DCOILBRENTEU,Brent,daily,47.0,1.119047619047619
2015-08-19,DCOILBRENTEU,Brent,daily,45.75,1.0892857142857142
2015-08-20,DCOILBRENTEU,Brent,daily,45.63,1.0864285714285715
2015-08-21,DCOILBRENTEU,Brent,daily,43.84,1.043809523809524
2015-08-24,DCOILBRENTEU,Brent,daily,41.59,0.9902380952380954
2015-08-25,DCOILBRENTEU,Brent,daily,41.86,0.9966666666666667
2015-08-26,DCOILBRENTEU,Brent,daily,41.76,0.9942857142857142
2015-08-27,DCOILBRENTEU,Brent,daily,44.46,1.0585714285714285
2015-08-28,DCOILBRENTEU,Brent,daily,47.97,1.1421428571428571
2015-08-31,DCOILBRENTEU,Brent,daily,,
2015-09-01,DCOILBRENTEU,Brent,daily,48.8,1.1619047619047618
2015-09-02,DCOILBRENTEU,Brent,daily,47.67,1.135
2015-09-03,DCOILBRENTEU,Brent,daily,50.41,1.200238095238095
2015-09-04,DCOILBRENTEU,Brent,daily,48.59,1.1569047619047619
2015-09-07,DCOILBRENTEU,Brent,daily,46.42,1.1052380952380954
2015-09-08,DCOILBRENTEU,Brent,daily,48.88,1.1638095238095238
2015-09-09,DCOILBRENTEU,Brent,daily,48.04,1.1438095238095238
2015-09-10,DCOILBRENTEU,Brent,daily,47.77,1.1373809523809524
2015-09-11,DCOILBRENTEU,Brent,daily,46.87,1.1159523809523808
2015-09-14,DCOILBRENTEU,Brent,daily,45.87,1.092142857142857
2015-09-15,DCOILBRENTEU,Brent,daily,45.91,1.0930952380952381
2015-09-16,DCOILBRENTEU,Brent,daily,49.35,1.175
2015-09-17,DCOILBRENTEU,Brent,daily,48.27,1.1492857142857145
2015-09-18,DCOILBRENTEU,Brent,daily,47.28,1.1257142857142857
2015-09-21,DCOILBRENTEU,Brent,daily,47.64,1.1342857142857143
2015-09-22,DCOILBRENTEU,Brent,daily,46.69,1.1116666666666666
2015-09-23,DCOILBRENTEU,Brent,daily,48.0,1.1428571428571428
2015-09-24,DCOILBRENTEU,Brent,daily,47.06,1.1204761904761906
2015-09-25,DCOILBRENTEU,Brent,daily,47.28,1.1257142857142857
2015-09-28,DCOILBRENTEU,Brent,daily,46.04,1.0961904761904762
2015-09-29,DCOILBRENTEU,Brent,daily,47.58,1.1328571428571428
2015-09-30,DCOILBRENTEU,Brent,daily,47.29,1.125952380952381
2015-10-01,DCOILBRENTEU,Brent,daily,47.48,1.1304761904761904
2015-10-02,DCOILBRENTEU,Brent,daily,46.55,1.1083333333333332
2015-10-05,DCOILBRENTEU,Brent,daily,49.45,1.1773809523809524
2015-10-06,DCOILBRENTEU,Brent,daily,51.34,1.2223809523809526
2015-10-07,DCOILBRENTEU,Brent,daily,51.66,1.23
2015-10-08,DCOILBRENTEU,Brent,daily,52.13,1.2411904761904762
2015-10-09,DCOILBRENTEU,Brent,daily,52.08,1.24
2015-10-12,DCOILBRENTEU,Brent,daily,50.95,1.2130952380952382
2015-10-13,DCOILBRENTEU,Brent,daily,48.94,1.1652380952380952
2015-10-14,DCOILBRENTEU,Brent,daily,48.25,1.1488095238095237
2015-10-15,DCOILBRENTEU,Brent,daily,47.87,1.1397619047619048
2015-10-16,DCOILBRENTEU,Brent,daily,48.96,1.1657142857142857
2015-10-19,DCOILBRENTEU,Brent,daily,47.51,1.131190476190476
2015-10-20,DCOILBRENTEU,Brent,daily,46.93,1.1173809523809524
2015-10-21,DCOILBRENTEU,Brent,daily,46.72,1.1123809523809522
2015-10-22,DCOILBRENTEU,Brent,daily,46.59,1.1092857142857144
2015-10-23,DCOILBRENTEU,Brent,daily,46.3,1.1023809523809522
2015-10-26,DCOILBRENTEU,Brent,daily,46.57,1.108809523809524
2015-10-27,DCOILBRENTEU,Brent,daily,45.54,1.0842857142857143
2015-10-28,DCOILBRENTEU,Brent,daily,47.6,1.1333333333333333
2015-10-29,DCOILBRENTEU,Brent,daily,48.04,1.1438095238095238
2015-10-30,DCOILBRENTEU,Brent,daily,48.0,1.1428571428571428
2015-11-02,DCOILBRENTEU,Brent,daily,47.91,1.1407142857142856
2015-11-03,DCOILBRENTEU,Brent,daily,48.0,1.1428571428571428
2015-11-04,DCOILBRENTEU,Brent,daily,46.96,1.118095238095238
2015-11-05,DCOILBRENTEU,Brent,daily,47.19,1.1235714285714284
2015-11-06,DCOILBRENTEU,Brent,daily,46.09,1.0973809523809526
2015-11-09,DCOILBRENTEU,Brent,daily,45.38,1.0804761904761906
2015-11-10,DCOILBRENTEU,Brent,daily,46.44,1.1057142857142856
2015-11-11,DCOILBRENTEU,Brent,daily,44.98,1.0709523809523809
2015-11-12,DCOILBRENTEU,Brent,daily,44.98,1.0709523809523809
2015-11-13,DCOILBRENTEU,Brent,daily,41.98,0.9995238095238095
2015-11-16,DCOILBRENTEU,Brent,daily,40.28,0.959047619047619
2015-11-17,DCOILBRENTEU,Brent,daily,41.28,0.9828571428571429
2015-11-18,DCOILBRENTEU,Brent,daily,41.45,0.986904761904762
2015-11-19,DCOILBRENTEU,Brent,daily,42.22,1.0052380952380953
2015-11-20,DCOILBRENTEU,Brent,daily,42.49,1.0116666666666667
2015-11-23,DCOILBRENTEU,Brent,daily,43.7,1.0404761904761906
2015-11-24,DCOILBRENTEU,Brent,daily,44.38,1.0566666666666666
2015-11-25,DCOILBRENTEU,Brent,daily,43.56,1.0371428571428571
2015-11-26,DCOILBRENTEU,Brent,daily,43.55,1.0369047619047618
2015-11-27,DCOILBRENTEU,Brent,daily,43.07,1.0254761904761904
2015-11-30,DCOILBRENTEU,Brent,daily,43.73,1.0411904761904762
2015-12-01,DCOILBRENTEU,Brent,daily,42.97,1.023095238095238
2015-12-02,DCOILBRENTEU,Brent,daily,41.92,0.9980952380952381
2015-12-03,DCOILBRENTEU,Brent,daily,42.0,1.0
2015-12-04,DCOILBRENTEU,Brent,daily,41.44,0.9866666666666666
2015-12-07,DCOILBRENTEU,Brent,daily,39.69,0.945
2015-12-08,DCOILBRENTEU,Brent,daily,39.44,0.939047619047619
2015-12-09,DCOILBRENTEU,Brent,daily,39.04,0.9295238095238095
2015-12-10,DCOILBRENTEU,Brent,daily,38.65,0.9202380952380952
2015-12-11,DCOILBRENTEU,Brent,daily,36.99,0.8807142857142858
2015-12-14,DCOILBRENTEU,Brent,daily,36.51,0.8692857142857142
2015-12-15,DCOILBRENTEU,Brent,daily,37.66,0.8966666666666666
2015-12-16,DCOILBRENTEU,Brent,daily,36.96,0.88
2015-12-17,DCOILBRENTEU,Brent,daily,36.29,0.8640476190476191
2015-12-18,DCOILBRENTEU,Brent,daily,36.76,0.8752380952380951
2015-12-21,DCOILBRENTEU,Brent,daily,35.34,0.8414285714285715
2015-12-22,DCOILBRENTEU,Brent,daily,35.26,0.8395238095238095
2015-12-23,DCOILBRENTEU,Brent,daily,35.79,0.8521428571428571
2015-12-24,DCOILBRENTEU,Brent,daily,37.22,0.8861904761904762
2015-12-25,DCOILBRENTEU,Brent,daily,,
2015-12-28,DCOILBRENTEU,Brent,daily,37.08,0.8828571428571428
2015-12-29,DCOILBRENTEU,Brent,daily,36.85,0.8773809523809524
2015-12-30,DCOILBRENTEU,Brent,daily,35.65,0.8488095238095238
2015-12-31,DCOILBRENTEU,Brent,daily,36.61,0.8716666666666667
2016-01-01,DCOILBRENTEU,Brent,daily,,
2016-01-04,DCOILBRENTEU,Brent,daily,36.28,0.8638095238095238
2016-01-05,DCOILBRENTEU,Brent,daily,35.56,0.8466666666666667
2016-01-06,DCOILBRENTEU,Brent,daily,33.89,0.8069047619047619
2016-01-07,DCOILBRENTEU,Brent,daily,33.57,0.7992857142857143
2016-01-08,DCOILBRENTEU,Brent,daily,31.67,0.7540476190476191
2016-01-11,DCOILBRENTEU,Brent,daily,30.14,0.7176190476190476
2016-01-12,DCOILBRENTEU,Brent,daily,29.14,0.6938095238095239
2016-01-13,DCOILBRENTEU,Brent,daily,28.58,0.6804761904761905
2016-01-14,DCOILBRENTEU,Brent,daily,28.84,0.6866666666666666
2016-01-15,DCOILBRENTEU,Brent,daily,28.8,0.6857142857142857
2016-01-18,DCOILBRENTEU,Brent,daily,27.36,0.6514285714285715
2016-01-19,DCOILBRENTEU,Brent,daily,27.36,0.6514285714285715
2016-01-20,DCOILBRENTEU,Brent,daily,26.01,0.6192857142857143
2016-01-21,DCOILBRENTEU,Brent,daily,27.59,0.6569047619047619
2016-01-22,DCOILBRENTEU,Brent,daily,30.46,0.7252380952380952
2016-01-25,DCOILBRENTEU,Brent,daily,29.82,0.71
2016-01-26,DCOILBRENTEU,Brent,daily,30.94,0.7366666666666667
2016-01-27,DCOILBRENTEU,Brent,daily,31.83,0.7578571428571428
2016-01-28,DCOILBRENTEU,Brent,daily,33.01,0.785952380952381
2016-01-29,DCOILBRENTEU,Brent,daily,33.14,0.7890476190476191
2016-02-01,DCOILBRENTEU,Brent,daily,32.45,0.7726190476190476
2016-02-02,DCOILBRENTEU,Brent,daily,30.98,0.7376190476190476
2016-02-03,DCOILBRENTEU,Brent,daily,32.38,0.7709523809523811
2016-02-04,DCOILBRENTEU,Brent,daily,32.76,0.7799999999999999
2016-02-05,DCOILBRENTEU,Brent,daily,32.35,0.7702380952380953
2016-02-08,DCOILBRENTEU,Brent,daily,31.64,0.7533333333333333
2016-02-09,DCOILBRENTEU,Brent,daily,30.15,0.7178571428571429
2016-02-10,DCOILBRENTEU,Brent,daily,29.64,0.7057142857142857
2016-02-11,DCOILBRENTEU,Brent,daily,28.82,0.6861904761904762
2016-02-12,DCOILBRENTEU,Brent,daily,31.8,0.7571428571428571
2016-02-15,DCOILBRENTEU,Brent,daily,,
2016-02-16,DCOILBRENTEU,Brent,daily,31.09,0.7402380952380953
2016-02-17,DCOILBRENTEU,Brent,daily,33.21,0.7907142857142857
2016-02-18,DCOILBRENTEU,Brent,daily,33.2,0.7904761904761906
2016-02-19,DCOILBRENTEU,Brent,daily,31.66,0.7538095238095238
2016-02-22,DCOILBRENTEU,Brent,daily,33.59,0.7997619047619049
2016-02-23,DCOILBRENTEU,Brent,daily,31.9,0.7595238095238095
2016-02-24,DCOILBRENTEU,Brent,daily,31.5,0.75
2016-02-25,DCOILBRENTEU,Brent,daily,32.83,0.7816666666666666
2016-02-26,DCOILBRENTEU,Brent,daily,35.76,0.8514285714285714
2016-02-29,DCOILBRENTEU,Brent,daily,35.92,0.8552380952380952
2016-03-01,DCOILBRENTEU,Brent,daily,35.73,0.8507142857142856
2016-03-02,DCOILBRENTEU,Brent,daily,36.38,0.8661904761904763
2016-03-03,DCOILBRENTEU,Brent,daily,35.75,0.8511904761904762
2016-03-04,DCOILBRENTEU,Brent,daily,37.61,0.8954761904761904
2016-03-07,DCOILBRENTEU,Brent,daily,39.02,0.9290476190476191
2016-03-08,DCOILBRENTEU,Brent,daily,39.16,0.9323809523809523
2016-03-09,DCOILBRENTEU,Brent,daily,40.26,0.9585714285714285
2016-03-10,DCOILBRENTEU,Brent,daily,38.63,0.9197619047619048
2016-03-11,DCOILBRENTEU,Brent,daily,39.41,0.9383333333333332
2016-03-14,DCOILBRENTEU,Brent,daily,38.06,0.9061904761904762
2016-03-15,DCOILBRENTEU,Brent,daily,37.49,0.8926190476190476
2016-03-16,DCOILBRENTEU,Brent,daily,38.38,0.9138095238095238
2016-03-17,DCOILBRENTEU,Brent,daily,39.29,0.9354761904761905
2016-03-18,DCOILBRENTEU,Brent,daily,39.26,0.9347619047619047
2016-03-21,DCOILBRENTEU,Brent,daily,39.91,0.9502380952380951
2016-03-22,DCOILBRENTEU,Brent,daily,40.54,0.9652380952380952
2016-03-23,DCOILBRENTEU,Brent,daily,38.84,0.9247619047619049
2016-03-24,DCOILBRENTEU,Brent,daily,38.33,0.9126190476190476
2016-03-25,DCOILBRENTEU,Brent,daily,,
2016-03-28,DCOILBRENTEU,Brent,daily,38.33,0.9126190476190476
2016-03-29,DCOILBRENTEU,Brent,daily,36.75,0.875
2016-03-30,DCOILBRENTEU,Brent,daily,36.75,0.875
2016-03-31,DCOILBRENTEU,Brent,daily,36.75,0.875
2016-04-01,DCOILBRENTEU,Brent,daily,36.42,0.8671428571428572
2016-04-04,DCOILBRENTEU,Brent,daily,36.05,0.8583333333333333
2016-04-05,DCOILBRENTEU,Brent,daily,35.88,0.8542857142857143
2016-04-06,DCOILBRENTEU,Brent,daily,37.77,0.8992857142857144
2016-04-07,DCOILBRENTEU,Brent,daily,37.15,0.8845238095238095
2016-04-08,DCOILBRENTEU,Brent,daily,40.71,0.9692857142857143
2016-04-11,DCOILBRENTEU,Brent,daily,41.58,0.99
2016-04-12,DCOILBRENTEU,Brent,daily,43.02,1.0242857142857145
2016-04-13,DCOILBRENTEU,Brent,daily,42.81,1.0192857142857144
2016-04-14,DCOILBRENTEU,Brent,daily,43.02,1.0242857142857145
2016-04-15,DCOILBRENTEU,Brent,daily,41.32,0.9838095238095238
2016-04-18,DCOILBRENTEU,Brent,daily,41.64,0.9914285714285714
2016-04-19,DCOILBRENTEU,Brent,daily,43.02,1.0242857142857145
2016-04-20,DCOILBRENTEU,Brent,daily,43.09,1.025952380952381
2016-04-21,DCOILBRENTEU,Brent,daily,43.48,1.035238095238095
2016-04-22,DCOILBRENTEU,Brent,daily,43.97,1.0469047619047618
2016-04-25,DCOILBRENTEU,Brent,daily,42.97,1.023095238095238
2016-04-26,DCOILBRENTEU,Brent,daily,43.94,1.0461904761904761
2016-04-27,DCOILBRENTEU,Brent,daily,44.17,1.0516666666666667
2016-04-28,DCOILBRENTEU,Brent,daily,45.6,1.0857142857142859
2016-04-29,DCOILBRENTEU,Brent,daily,45.64,1.0866666666666667
2016-05-02,DCOILBRENTEU,Brent,daily,45.82,1.090952380952381
2016-05-03,DCOILBRENTEU,Brent,daily,43.09,1.025952380952381
2016-05-04,DCOILBRENTEU,Brent,daily,43.08,1.0257142857142856
2016-05-05,DCOILBRENTEU,Brent,daily,44.39,1.056904761904762
2016-05-06,DCOILBRENTEU,Brent,daily,44.6,1.061904761904762
2016-05-09,DCOILBRENTEU,Brent,daily,42.43,1.0102380952380952
2016-05-10,DCOILBRENTEU,Brent,daily,44.01,1.0478571428571428
2016-05-11,DCOILBRENTEU,Brent,daily,46.08,1.0971428571428572
2016-05-12,DCOILBRENTEU,Brent,daily,46.43,1.1054761904761905
2016-05-13,DCOILBRENTEU,Brent,daily,47.05,1.1202380952380953
2016-05-16,DCOILBRENTEU,Brent,daily,48.49,1.1545238095238095
2016-05-17,DCOILBRENTEU,Brent,daily,48.71,1.1597619047619048
2016-05-18,DCOILBRENTEU,Brent,daily,48.93,1.165
2016-05-19,DCOILBRENTEU,Brent,daily,47.01,1.1192857142857142
2016-05-20,DCOILBRENTEU,Brent,daily,48.54,1.1557142857142857
2016-05-23,DCOILBRENTEU,Brent,daily,47.77,1.1373809523809524
2016-05-24,DCOILBRENTEU,Brent,daily,48.42,1.1528571428571428
2016-05-25,DCOILBRENTEU,Brent,daily,48.87,1.1635714285714285
2016-05-26,DCOILBRENTEU,Brent,daily,49.52,1.1790476190476191
2016-05-27,DCOILBRENTEU,Brent,daily,49.09,1.168809523809524
2016-05-30,DCOILBRENTEU,Brent,daily,,
2016-05-31,DCOILBRENTEU,Brent,daily,49.26,1.1728571428571428
2016-06-01,DCOILBRENTEU,Brent,daily,48.81,1.1621428571428571
2016-06-02,DCOILBRENTEU,Brent,daily,49.05,1.1678571428571427
2016-06-03,DCOILBRENTEU,Brent,daily,48.5,1.1547619047619047
2016-06-06,DCOILBRENTEU,Brent,daily,48.94,1.1652380952380952
2016-06-07,DCOILBRENTEU,Brent,daily,49.76,1.1847619047619047
2016-06-08,DCOILBRENTEU,Brent,daily,50.73,1.2078571428571427
2016-06-09,DCOILBRENTEU,Brent,daily,50.59,1.2045238095238096
2016-06-10,DCOILBRENTEU,Brent,daily,49.7,1.1833333333333333
2016-06-13,DCOILBRENTEU,Brent,daily,49.36,1.1752380952380952
2016-06-14,DCOILBRENTEU,Brent,daily,47.88,1.1400000000000001
2016-06-15,DCOILBRENTEU,Brent,daily,47.47,1.1302380952380953
2016-06-16,DCOILBRENTEU,Brent,daily,45.66,1.087142857142857
2016-06-17,DCOILBRENTEU,Brent,daily,46.57,1.108809523809524
2016-06-20,DCOILBRENTEU,Brent,daily,48.68,1.159047619047619
2016-06-21,DCOILBRENTEU,Brent,daily,48.18,1.1471428571428572
2016-06-22,DCOILBRENTEU,Brent,daily,48.43,1.1530952380952382
2016-06-23,DCOILBRENTEU,Brent,daily,48.63,1.157857142857143
2016-06-24,DCOILBRENTEU,Brent,daily,46.69,1.1116666666666666
2016-06-27,DCOILBRENTEU,Brent,daily,45.07,1.073095238095238
2016-06-28,DCOILBRENTEU,Brent,daily,46.29,1.102142857142857
2016-06-29,DCOILBRENTEU,Brent,daily,48.4,1.1523809523809523
2016-06-30,DCOILBRENTEU,Brent,daily,48.05,1.144047619047619
2016-07-01,DCOILBRENTEU,Brent,daily,47.65,1.1345238095238095
2016-07-04,DCOILBRENTEU,Brent,daily,48.02,1.1433333333333333
2016-07-05,DCOILBRENTEU,Brent,daily,45.64,1.0866666666666667
2016-07-06,DCOILBRENTEU,Brent,daily,45.7,1.0880952380952382
2016-07-07,DCOILBRENTEU,Brent,daily,45.93,1.0935714285714286
2016-07-08,DCOILBRENTEU,Brent,daily,44.53,1.0602380952380952
2016-07-11,DCOILBRENTEU,Brent,daily,44.04,1.0485714285714285
2016-07-12,DCOILBRENTEU,Brent,daily,46.72,1.1123809523809522
2016-07-13,DCOILBRENTEU,Brent,daily,44.67,1.0635714285714286
2016-07-14,DCOILBRENTEU,Brent,daily,46.01,1.0954761904761905
2016-07-15,DCOILBRENTEU,Brent,daily,46.25,1.1011904761904763
2016-07-18,DCOILBRENTEU,Brent,daily,45.35,1.0797619047619047
2016-07-19,DCOILBRENTEU,Brent,daily,45.7,1.0880952380952382
2016-07-20,DCOILBRENTEU,Brent,daily,45.82,1.090952380952381
2016-07-21,DCOILBRENTEU,Brent,daily,44.99,1.0711904761904762
2016-07-22,DCOILBRENTEU,Brent,daily,44.24,1.0533333333333335
2016-07-25,DCOILBRENTEU,Brent,daily,43.76,1.041904761904762
2016-07-26,DCOILBRENTEU,Brent,daily,43.56,1.0371428571428571
2016-07-27,DCOILBRENTEU,Brent,daily,42.78,1.0185714285714287
2016-07-28,DCOILBRENTEU,Brent,daily,41.87,0.9969047619047618
2016-07-29,DCOILBRENTEU,Brent,daily,40.76,0.9704761904761904
2016-08-01,DCOILBRENTEU,Brent,daily,40.17,0.9564285714285715
2016-08-02,DCOILBRENTEU,Brent,daily,40.0,0.9523809523809523
2016-08-03,DCOILBRENTEU,Brent,daily,40.45,0.9630952380952381
2016-08-04,DCOILBRENTEU,Brent,daily,41.33,0.9840476190476191
2016-08-05,DCOILBRENTEU,Brent,daily,42.47,1.0111904761904762
2016-08-08,DCOILBRENTEU,Brent,daily,43.24,1.0295238095238095
2016-08-09,DCOILBRENTEU,Brent,daily,43.37,1.0326190476190475
2016-08-10,DCOILBRENTEU,Brent,daily,42.19,1.0045238095238094
2016-08-11,DCOILBRENTEU,Brent,daily,44.23,1.053095238095238
2016-08-12,DCOILBRENTEU,Brent,daily,45.12,1.0742857142857143
2016-08-15,DCOILBRENTEU,Brent,daily,47.31,1.1264285714285716
2016-08-16,DCOILBRENTEU,Brent,daily,48.27,1.1492857142857145
2016-08-17,DCOILBRENTEU,Brent,daily,48.58,1.1566666666666667
2016-08-18,DCOILBRENTEU,Brent,daily,49.46,1.1776190476190476
2016-08-19,DCOILBRENTEU,Brent,daily,49.39,1.1759523809523809
2016-08-22,DCOILBRENTEU,Brent,daily,48.1,1.1452380952380952
2016-08-23,DCOILBRENTEU,Brent,daily,48.7,1.1595238095238096
2016-08-24,DCOILBRENTEU,Brent,daily,47.56,1.1323809523809525
2016-08-25,DCOILBRENTEU,Brent,daily,49.25,1.1726190476190477
2016-08-26,DCOILBRENTEU,Brent,daily,49.66,1.1823809523809523
2016-08-29,DCOILBRENTEU,Brent,daily,49.66,1.1823809523809523
2016-08-30,DCOILBRENTEU,Brent,daily,47.94,1.1414285714285715
2016-08-31,DCOILBRENTEU,Brent,daily,47.94,1.1414285714285715
2016-09-01,DCOILBRENTEU,Brent,daily,45.05,1.0726190476190476
2016-09-02,DCOILBRENTEU,Brent,daily,45.96,1.0942857142857143
2016-09-05,DCOILBRENTEU,Brent,daily,46.72,1.1123809523809522
2016-09-06,DCOILBRENTEU,Brent,daily,46.21,1.1002380952380952
2016-09-07,DCOILBRENTEU,Brent,daily,47.0,1.119047619047619
2016-09-08,DCOILBRENTEU,Brent,daily,49.23,1.1721428571428572
2016-09-09,DCOILBRENTEU,Brent,daily,48.37,1.1516666666666666
2016-09-12,DCOILBRENTEU,Brent,daily,47.82,1.1385714285714286
2016-09-13,DCOILBRENTEU,Brent,daily,46.48,1.1066666666666667
2016-09-14,DCOILBRENTEU,Brent,daily,45.65,1.0869047619047618
2016-09-15,DCOILBRENTEU,Brent,daily,45.83,1.091190476190476
2016-09-16,DCOILBRENTEU,Brent,daily,45.26,1.0776190476190475
2016-09-19,DCOILBRENTEU,Brent,daily,46.04,1.0961904761904762
2016-09-20,DCOILBRENTEU,Brent,daily,45.24,1.0771428571428572
2016-09-21,DCOILBRENTEU,Brent,daily,45.99,1.095
2016-09-22,DCOILBRENTEU,Brent,daily,47.21,1.124047619047619
2016-09-23,DCOILBRENTEU,Brent,daily,46.71,1.112142857142857
2016-09-26,DCOILBRENTEU,Brent,daily,46.61,1.1097619047619047
2016-09-27,DCOILBRENTEU,Brent,daily,44.95,1.0702380952380952
2016-09-28,DCOILBRENTEU,Brent,daily,45.49,1.083095238095238
2016-09-29,DCOILBRENTEU,Brent,daily,48.43,1.1530952380952382
2016-09-30,DCOILBRENTEU,Brent,daily,48.24,1.1485714285714286
2016-10-03,DCOILBRENTEU,Brent,daily,48.61,1.1573809523809524
2016-10-04,DCOILBRENTEU,Brent,daily,48.81,1.1621428571428571
2016-10-05,DCOILBRENTEU,Brent,daily,49.57,1.1802380952380953
2016-10-06,DCOILBRENTEU,Brent,daily,50.14,1.1938095238095239
2016-10-07,DCOILBRENTEU,Brent,daily,50.49,1.2021428571428572
2016-10-10,DCOILBRENTEU,Brent,daily,51.54,1.227142857142857
2016-10-11,DCOILBRENTEU,Brent,daily,50.48,1.2019047619047618
2016-10-12,DCOILBRENTEU,Brent,daily,49.53,1.1792857142857143
2016-10-13,DCOILBRENTEU,Brent,daily,49.29,1.1735714285714285
2016-10-14,DCOILBRENTEU,Brent,daily,48.87,1.1635714285714285
2016-10-17,DCOILBRENTEU,Brent,daily,49.31,1.174047619047619
2016-10-18,DCOILBRENTEU,Brent,daily,49.81,1.185952380952381
2016-10-19,DCOILBRENTEU,Brent,daily,51.85,1.2345238095238096
2016-10-20,DCOILBRENTEU,Brent,daily,50.42,1.2004761904761905
2016-10-21,DCOILBRENTEU,Brent,daily,50.28,1.197142857142857
2016-10-24,DCOILBRENTEU,Brent,daily,49.8,1.1857142857142857
2016-10-25,DCOILBRENTEU,Brent,daily,49.08,1.1685714285714286
2016-10-26,DCOILBRENTEU,Brent,daily,48.98,1.1661904761904762
2016-10-27,DCOILBRENTEU,Brent,daily,49.13,1.1697619047619048
2016-10-28,DCOILBRENTEU,Brent,daily,47.78,1.1376190476190478
2016-10-31,DCOILBRENTEU,Brent,daily,46.2,1.1
2016-11-01,DCOILBRENTEU,Brent,daily,45.77,1.089761904761905
2016-11-02,DCOILBRENTEU,Brent,daily,44.26,1.0538095238095238
2016-11-03,DCOILBRENTEU,Brent,daily,43.84,1.043809523809524
2016-11-04,DCOILBRENTEU,Brent,daily,43.06,1.0252380952380953
2016-11-07,DCOILBRENTEU,Brent,daily,42.83,1.0197619047619046
2016-11-08,DCOILBRENTEU,Brent,daily,43.47,1.035
2016-11-09,DCOILBRENTEU,Brent,daily,43.88,1.0447619047619048
2016-11-10,DCOILBRENTEU,Brent,daily,43.67,1.0397619047619049
2016-11-11,DCOILBRENTEU,Brent,daily,41.61,0.9907142857142857
2016-11-14,DCOILBRENTEU,Brent,daily,41.83,0.9959523809523809
2016-11-15,DCOILBRENTEU,Brent,daily,44.15,1.0511904761904762
2016-11-16,DCOILBRENTEU,Brent,daily,45.07,1.073095238095238
2016-11-17,DCOILBRENTEU,Brent,daily,44.57,1.0611904761904762
2016-11-18,DCOILBRENTEU,Brent,daily,44.41,1.0573809523809523
2016-11-21,DCOILBRENTEU,Brent,daily,45.96,1.0942857142857143
2016-11-22,DCOILBRENTEU,Brent,daily,46.1,1.0976190476190477
2016-11-23,DCOILBRENTEU,Brent,daily,46.54,1.108095238095238
2016-11-24,DCOILBRENTEU,Brent,daily,47.54,1.131904761904762
2016-11-25,DCOILBRENTEU,Brent,daily,46.32,1.1028571428571428
2016-11-28,DCOILBRENTEU,Brent,daily,46.64,1.1104761904761904
2016-11-29,DCOILBRENTEU,Brent,daily,44.68,1.0638095238095238
2016-11-30,DCOILBRENTEU,Brent,daily,47.95,1.1416666666666668
2016-12-01,DCOILBRENTEU,Brent,daily,52.28,1.2447619047619047
2016-12-02,DCOILBRENTEU,Brent,daily,52.35,1.2464285714285714
2016-12-05,DCOILBRENTEU,Brent,daily,53.3,1.269047619047619
2016-12-06,DCOILBRENTEU,Brent,daily,52.31,1.2454761904761906
2016-12-07,DCOILBRENTEU,Brent,daily,51.9,1.2357142857142858
2016-12-08,DCOILBRENTEU,Brent,daily,51.6,1.2285714285714286
2016-12-09,DCOILBRENTEU,Brent,daily,52.19,1.2426190476190475
2016-12-12,DCOILBRENTEU,Brent,daily,53.99,1.2854761904761904
2016-12-13,DCOILBRENTEU,Brent,daily,53.28,1.2685714285714287
2016-12-14,DCOILBRENTEU,Brent,daily,53.15,1.2654761904761904
2016-12-15,DCOILBRENTEU,Brent,daily,51.72,1.2314285714285713
2016-12-16,DCOILBRENTEU,Brent,daily,54.15,1.2892857142857141
2016-12-19,DCOILBRENTEU,Brent,daily,53.53,1.2745238095238096
2016-12-20,DCOILBRENTEU,Brent,daily,54.56,1.299047619047619
2016-12-21,DCOILBRENTEU,Brent,daily,53.01,1.262142857142857
2016-12-22,DCOILBRENTEU,Brent,daily,54.04,1.2866666666666666
2016-12-23,DCOILBRENTEU,Brent,daily,53.93,1.284047619047619
2016-12-26,DCOILBRENTEU,Brent,daily,,
2016-12-27,DCOILBRENTEU,Brent,daily,,
2016-12-28,DCOILBRENTEU,Brent,daily,54.95,1.3083333333333333
2016-12-29,DCOILBRENTEU,Brent,daily,54.97,1.3088095238095239
2016-12-30,DCOILBRENTEU,Brent,daily,54.96,1.3085714285714285
2017-01-02,DCOILBRENTEU,Brent,daily,,
2017-01-03,DCOILBRENTEU,Brent,daily,55.05,1.3107142857142857
2017-01-04,DCOILBRENTEU,Brent,daily,54.57,1.2992857142857144
2017-01-05,DCOILBRENTEU,Brent,daily,54.99,1.3092857142857144
2017-01-06,DCOILBRENTEU,Brent,daily,55.9,1.3309523809523809
2017-01-09,DCOILBRENTEU,Brent,daily,54.39,1.295
2017-01-10,DCOILBRENTEU,Brent,daily,53.2,1.2666666666666668
2017-01-11,DCOILBRENTEU,Brent,daily,53.61,1.2764285714285715
2017-01-12,DCOILBRENTEU,Brent,daily,54.51,1.2978571428571428
2017-01-13,DCOILBRENTEU,Brent,daily,54.37,1.2945238095238094
2017-01-16,DCOILBRENTEU,Brent,daily,54.3,1.2928571428571427
2017-01-17,DCOILBRENTEU,Brent,daily,54.68,1.301904761904762
2017-01-18,DCOILBRENTEU,Brent,daily,53.77,1.2802380952380954
2017-01-19,DCOILBRENTEU,Brent,daily,53.18,1.266190476190476
2017-01-20,DCOILBRENTEU,Brent,daily,55.04,1.3104761904761904
2017-01-23,DCOILBRENTEU,Brent,daily,54.8,1.3047619047619048
2017-01-24,DCOILBRENTEU,Brent,daily,54.7,1.3023809523809524
2017-01-25,DCOILBRENTEU,Brent,daily,54.34,1.293809523809524
2017-01-26,DCOILBRENTEU,Brent,daily,55.89,1.3307142857142857
2017-01-27,DCOILBRENTEU,Brent,daily,54.8,1.3047619047619048
2017-01-30,DCOILBRENTEU,Brent,daily,54.77,1.3040476190476191
2017-01-31,DCOILBRENTEU,Brent,daily,55.25,1.3154761904761905
2017-02-01,DCOILBRENTEU,Brent,daily,55.79,1.3283333333333334
2017-02-02,DCOILBRENTEU,Brent,daily,55.94,1.331904761904762
2017-02-03,DCOILBRENTEU,Brent,daily,55.92,1.3314285714285714
2017-02-06,DCOILBRENTEU,Brent,daily,55.02,1.31
2017-02-07,DCOILBRENTEU,Brent,daily,53.79,1.2807142857142857
2017-02-08,DCOILBRENTEU,Brent,daily,54.42,1.2957142857142858
2017-02-09,DCOILBRENTEU,Brent,daily,53.98,1.285238095238095
2017-02-10,DCOILBRENTEU,Brent,daily,55.2,1.3142857142857143
2017-02-13,DCOILBRENTEU,Brent,daily,54.15,1.2892857142857141
2017-02-14,DCOILBRENTEU,Brent,daily,54.96,1.3085714285714285
2017-02-15,DCOILBRENTEU,Brent,daily,54.57,1.2992857142857144
2017-02-16,DCOILBRENTEU,Brent,daily,54.16,1.2895238095238095
2017-02-17,DCOILBRENTEU,Brent,daily,54.48,1.2971428571428572
2017-02-20,DCOILBRENTEU,Brent,daily,55.25,1.3154761904761905
2017-02-21,DCOILBRENTEU,Brent,daily,56.34,1.3414285714285714
2017-02-22,DCOILBRENTEU,Brent,daily,54.9,1.3071428571428572
2017-02-23,DCOILBRENTEU,Brent,daily,55.82,1.329047619047619
2017-02-24,DCOILBRENTEU,Brent,daily,54.69,1.302142857142857
2017-02-27,DCOILBRENTEU,Brent,daily,54.65,1.3011904761904762
2017-02-28,DCOILBRENTEU,Brent,daily,53.36,1.2704761904761905
2017-03-01,DCOILBRENTEU,Brent,daily,55.72,1.3266666666666667
2017-03-02,DCOILBRENTEU,Brent,daily,54.16,1.2895238095238095
2017-03-03,DCOILBRENTEU,Brent,daily,54.12,1.2885714285714285
2017-03-06,DCOILBRENTEU,Brent,daily,54.73,1.303095238095238
2017-03-07,DCOILBRENTEU,Brent,daily,54.61,1.3002380952380952
2017-03-08,DCOILBRENTEU,Brent,daily,53.3,1.269047619047619
2017-03-09,DCOILBRENTEU,Brent,daily,50.65,1.2059523809523809
2017-03-10,DCOILBRENTEU,Brent,daily,50.63,1.2054761904761906
2017-03-13,DCOILBRENTEU,Brent,daily,50.1,1.1928571428571428
2017-03-14,DCOILBRENTEU,Brent,daily,49.6,1.180952380952381
2017-03-15,DCOILBRENTEU,Brent,daily,50.63,1.2054761904761906
2017-03-16,DCOILBRENTEU,Brent,daily,50.56,1.2038095238095239
2017-03-17,DCOILBRENTEU,Brent,daily,50.58,1.2042857142857142
2017-03-20,DCOILBRENTEU,Brent,daily,50.67,1.2064285714285714
2017-03-21,DCOILBRENTEU,Brent,daily,50.14,1.1938095238095239
2017-03-22,DCOILBRENTEU,Brent,daily,49.56,1.1800000000000002
2017-03-23,DCOILBRENTEU,Brent,daily,50.17,1.1945238095238095
2017-03-24,DCOILBRENTEU,Brent,daily,49.97,1.1897619047619048
2017-03-27,DCOILBRENTEU,Brent,daily,50.12,1.1933333333333334
2017-03-28,DCOILBRENTEU,Brent,daily,50.72,1.2076190476190476
2017-03-29,DCOILBRENTEU,Brent,daily,51.36,1.2228571428571429
2017-03-30,DCOILBRENTEU,Brent,daily,52.25,1.244047619047619
2017-03-31,DCOILBRENTEU,Brent,daily,52.2,1.2428571428571429
2017-04-03,DCOILBRENTEU,Brent,daily,52.04,1.239047619047619
2017-04-04,DCOILBRENTEU,Brent,daily,53.08,1.2638095238095237
2017-04-05,DCOILBRENTEU,Brent,daily,53.41,1.2716666666666665
2017-04-06,DCOILBRENTEU,Brent,daily,53.62,1.2766666666666666
2017-04-07,DCOILBRENTEU,Brent,daily,54.24,1.2914285714285714
2017-04-10,DCOILBRENTEU,Brent,daily,54.79,1.3045238095238094
2017-04-11,DCOILBRENTEU,Brent,daily,54.73,1.303095238095238
2017-04-12,DCOILBRENTEU,Brent,daily,54.75,1.3035714285714286
2017-04-13,DCOILBRENTEU,Brent,daily,55.05,1.3107142857142857
2017-04-14,DCOILBRENTEU,Brent,daily,,
2017-04-17,DCOILBRENTEU,Brent,daily,54.79,1.3045238095238094
2017-04-18,DCOILBRENTEU,Brent,daily,52.6,1.2523809523809524
2017-04-19,DCOILBRENTEU,Brent,daily,52.43,1.2483333333333333
2017-04-20,DCOILBRENTEU,Brent,daily,50.66,1.206190476190476
2017-04-21,DCOILBRENTEU,Brent,daily,49.93,1.1888095238095238
2017-04-24,DCOILBRENTEU,Brent,daily,49.45,1.1773809523809524
2017-04-25,DCOILBRENTEU,Brent,daily,49.37,1.1754761904761903
2017-04-26,DCOILBRENTEU,Brent,daily,49.99,1.1902380952380953
2017-04-27,DCOILBRENTEU,Brent,daily,49.46,1.1776190476190476
2017-04-28,DCOILBRENTEU,Brent,daily,49.46,1.1776190476190476
2017-05-01,DCOILBRENTEU,Brent,daily,50.41,1.200238095238095
2017-05-02,DCOILBRENTEU,Brent,daily,49.31,1.174047619047619
2017-05-03,DCOILBRENTEU,Brent,daily,48.82,1.1623809523809523
2017-05-04,DCOILBRENTEU,Brent,daily,47.53,1.1316666666666666
2017-05-05,DCOILBRENTEU,Brent,daily,47.45,1.1297619047619047
2017-05-08,DCOILBRENTEU,Brent,daily,46.61,1.1097619047619047
2017-05-09,DCOILBRENTEU,Brent,daily,47.06,1.1204761904761906
2017-05-10,DCOILBRENTEU,Brent,daily,48.09,1.145
2017-05-11,DCOILBRENTEU,Brent,daily,49.18,1.170952380952381
2017-05-12,DCOILBRENTEU,Brent,daily,49.08,1.1685714285714286
2017-05-15,DCOILBRENTEU,Brent,daily,51.29,1.2211904761904762
2017-05-16,DCOILBRENTEU,Brent,daily,51.21,1.2192857142857143
2017-05-17,DCOILBRENTEU,Brent,daily,51.76,1.2323809523809524
2017-05-18,DCOILBRENTEU,Brent,daily,51.71,1.2311904761904762
2017-05-19,DCOILBRENTEU,Brent,daily,52.78,1.2566666666666666
2017-05-22,DCOILBRENTEU,Brent,daily,53.35,1.2702380952380952
2017-05-23,DCOILBRENTEU,Brent,daily,53.19,1.2664285714285715
2017-05-24,DCOILBRENTEU,Brent,daily,53.29,1.2688095238095238
2017-05-25,DCOILBRENTEU,Brent,daily,52.25,1.244047619047619
2017-05-26,DCOILBRENTEU,Brent,daily,50.84,1.2104761904761905
2017-05-29,DCOILBRENTEU,Brent,daily,52.25,1.244047619047619
2017-05-30,DCOILBRENTEU,Brent,daily,50.65,1.2059523809523809
2017-05-31,DCOILBRENTEU,Brent,daily,49.4,1.1761904761904762
2017-06-01,DCOILBRENTEU,Brent,daily,50.41,1.200238095238095
2017-06-02,DCOILBRENTEU,Brent,daily,48.46,1.1538095238095238
2017-06-05,DCOILBRENTEU,Brent,daily,48.25,1.1488095238095237
2017-06-06,DCOILBRENTEU,Brent,daily,48.11,1.1454761904761905
2017-06-07,DCOILBRENTEU,Brent,daily,47.08,1.120952380952381
2017-06-08,DCOILBRENTEU,Brent,daily,46.3,1.1023809523809522
2017-06-09,DCOILBRENTEU,Brent,daily,46.64,1.1104761904761904
2017-06-12,DCOILBRENTEU,Brent,daily,47.18,1.1233333333333333
2017-06-13,DCOILBRENTEU,Brent,daily,46.95,1.1178571428571429
2017-06-14,DCOILBRENTEU,Brent,daily,45.47,1.0826190476190476
2017-06-15,DCOILBRENTEU,Brent,daily,45.61,1.085952380952381
2017-06-16,DCOILBRENTEU,Brent,daily,45.7,1.0880952380952382
2017-06-19,DCOILBRENTEU,Brent,daily,45.93,1.0935714285714286
2017-06-20,DCOILBRENTEU,Brent,daily,43.98,1.0471428571428572
2017-06-21,DCOILBRENTEU,Brent,daily,44.62,1.0623809523809524
2017-06-22,DCOILBRENTEU,Brent,daily,44.46,1.0585714285714285
2017-06-23,DCOILBRENTEU,Brent,daily,44.14,1.0509523809523809
2017-06-26,DCOILBRENTEU,Brent,daily,44.09,1.049761904761905
2017-06-27,DCOILBRENTEU,Brent,daily,46.17,1.0992857142857144
2017-06-28,DCOILBRENTEU,Brent,daily,46.45,1.105952380952381
2017-06-29,DCOILBRENTEU,Brent,daily,47.02,1.1195238095238096
2017-06-30,DCOILBRENTEU,Brent,daily,47.08,1.120952380952381
2017-07-03,DCOILBRENTEU,Brent,daily,49.13,1.1697619047619048
2017-07-04,DCOILBRENTEU,Brent,daily,49.15,1.1702380952380953
2017-07-05,DCOILBRENTEU,Brent,daily,47.58,1.1328571428571428
2017-07-06,DCOILBRENTEU,Brent,daily,48.53,1.1554761904761905
2017-07-07,DCOILBRENTEU,Brent,daily,46.47,1.1064285714285713
2017-07-10,DCOILBRENTEU,Brent,daily,46.57,1.108809523809524
2017-07-11,DCOILBRENTEU,Brent,daily,46.68,1.1114285714285714
2017-07-12,DCOILBRENTEU,Brent,daily,46.73,1.1126190476190476
2017-07-13,DCOILBRENTEU,Brent,daily,47.65,1.1345238095238095
2017-07-14,DCOILBRENTEU,Brent,daily,47.89,1.1402380952380953
2017-07-17,DCOILBRENTEU,Brent,daily,47.66,1.1347619047619046
2017-07-18,DCOILBRENTEU,Brent,daily,47.92,1.140952380952381
2017-07-19,DCOILBRENTEU,Brent,daily,48.34,1.150952380952381
2017-07-20,DCOILBRENTEU,Brent,daily,48.54,1.1557142857142857
2017-07-21,DCOILBRENTEU,Brent,daily,47.47,1.1302380952380953
2017-07-24,DCOILBRENTEU,Brent,daily,47.81,1.1383333333333334
2017-07-25,DCOILBRENTEU,Brent,daily,49.19,1.1711904761904761
2017-07-26,DCOILBRENTEU,Brent,daily,50.08,1.1923809523809523
2017-07-27,DCOILBRENTEU,Brent,daily,50.67,1.2064285714285714
2017-07-28,DCOILBRENTEU,Brent,daily,52.0,1.2380952380952381
2017-07-31,DCOILBRENTEU,Brent,daily,51.99,1.237857142857143
2017-08-01,DCOILBRENTEU,Brent,daily,50.77,1.2088095238095238
2017-08-02,DCOILBRENTEU,Brent,daily,52.09,1.2402380952380954
2017-08-03,DCOILBRENTEU,Brent,daily,52.88,1.2590476190476192
2017-08-04,DCOILBRENTEU,Brent,daily,52.48,1.2495238095238095
2017-08-07,DCOILBRENTEU,Brent,daily,51.42,1.2242857142857144
2017-08-08,DCOILBRENTEU,Brent,daily,52.18,1.2423809523809524
2017-08-09,DCOILBRENTEU,Brent,daily,52.16,1.2419047619047618
2017-08-10,DCOILBRENTEU,Brent,daily,52.59,1.2521428571428572
2017-08-11,DCOILBRENTEU,Brent,daily,51.47,1.2254761904761904
2017-08-14,DCOILBRENTEU,Brent,daily,51.29,1.2211904761904762
2017-08-15,DCOILBRENTEU,Brent,daily,49.9,1.188095238095238
2017-08-16,DCOILBRENTEU,Brent,daily,50.39,1.1997619047619048
2017-08-17,DCOILBRENTEU,Brent,daily,50.37,1.1992857142857143
2017-08-18,DCOILBRENTEU,Brent,daily,50.96,1.2133333333333334
2017-08-21,DCOILBRENTEU,Brent,daily,51.94,1.2366666666666666
2017-08-22,DCOILBRENTEU,Brent,daily,52.29,1.2449999999999999
2017-08-23,DCOILBRENTEU,Brent,daily,52.31,1.2454761904761906
2017-08-24,DCOILBRENTEU,Brent,daily,51.73,1.2316666666666667
2017-08-25,DCOILBRENTEU,Brent,daily,51.87,1.2349999999999999
2017-08-28,DCOILBRENTEU,Brent,daily,51.87,1.2349999999999999
2017-08-29,DCOILBRENTEU,Brent,daily,51.64,1.2295238095238095
2017-08-30,DCOILBRENTEU,Brent,daily,51.91,1.235952380952381
2017-08-31,DCOILBRENTEU,Brent,daily,52.69,1.2545238095238094
2017-09-01,DCOILBRENTEU,Brent,daily,53.15,1.2654761904761904
2017-09-04,DCOILBRENTEU,Brent,daily,52.6,1.2523809523809524
2017-09-05,DCOILBRENTEU,Brent,daily,53.63,1.276904761904762
2017-09-06,DCOILBRENTEU,Brent,daily,54.48,1.2971428571428572
2017-09-07,DCOILBRENTEU,Brent,daily,54.16,1.2895238095238095
2017-09-08,DCOILBRENTEU,Brent,daily,54.55,1.2988095238095236
2017-09-11,DCOILBRENTEU,Brent,daily,54.2,1.2904761904761906
2017-09-12,DCOILBRENTEU,Brent,daily,55.06,1.310952380952381
2017-09-13,DCOILBRENTEU,Brent,daily,55.52,1.321904761904762
2017-09-14,DCOILBRENTEU,Brent,daily,56.76,1.3514285714285714
2017-09-15,DCOILBRENTEU,Brent,daily,56.18,1.3376190476190477
2017-09-18,DCOILBRENTEU,Brent,daily,55.5,1.3214285714285714
2017-09-19,DCOILBRENTEU,Brent,daily,56.58,1.3471428571428572
2017-09-20,DCOILBRENTEU,Brent,daily,57.2,1.361904761904762
2017-09-21,DCOILBRENTEU,Brent,daily,57.73,1.3745238095238095
2017-09-22,DCOILBRENTEU,Brent,daily,58.16,1.3847619047619046
2017-09-25,DCOILBRENTEU,Brent,daily,59.42,1.4147619047619049
2017-09-26,DCOILBRENTEU,Brent,daily,59.77,1.4230952380952382
2017-09-27,DCOILBRENTEU,Brent,daily,58.74,1.3985714285714286
2017-09-28,DCOILBRENTEU,Brent,daily,58.8,1.4
2017-09-29,DCOILBRENTEU,Brent,daily,57.02,1.3576190476190477
2017-10-02,DCOILBRENTEU,Brent,daily,55.67,1.3254761904761905
2017-10-03,DCOILBRENTEU,Brent,daily,56.12,1.3361904761904762
2017-10-04,DCOILBRENTEU,Brent,daily,56.0,1.3333333333333333
2017-10-05,DCOILBRENTEU,Brent,daily,57.09,1.3592857142857144
2017-10-06,DCOILBRENTEU,Brent,daily,55.5,1.3214285714285714
2017-10-09,DCOILBRENTEU,Brent,daily,55.29,1.3164285714285715
2017-10-10,DCOILBRENTEU,Brent,daily,56.62,1.348095238095238
2017-10-11,DCOILBRENTEU,Brent,daily,56.13,1.3364285714285715
2017-10-12,DCOILBRENTEU,Brent,daily,56.13,1.3364285714285715
2017-10-13,DCOILBRENTEU,Brent,daily,56.86,1.3538095238095238
2017-10-16,DCOILBRENTEU,Brent,daily,57.49,1.368809523809524
2017-10-17,DCOILBRENTEU,Brent,daily,57.63,1.372142857142857
2017-10-18,DCOILBRENTEU,Brent,daily,58.05,1.3821428571428571
2017-10-19,DCOILBRENTEU,Brent,daily,57.82,1.3766666666666667
2017-10-20,DCOILBRENTEU,Brent,daily,57.89,1.3783333333333334
2017-10-23,DCOILBRENTEU,Brent,daily,57.69,1.3735714285714284
2017-10-24,DCOILBRENTEU,Brent,daily,57.84,1.3771428571428572
2017-10-25,DCOILBRENTEU,Brent,daily,58.45,1.3916666666666668
2017-10-26,DCOILBRENTEU,Brent,daily,58.75,1.3988095238095237
2017-10-27,DCOILBRENTEU,Brent,daily,60.15,1.4321428571428572
2017-10-30,DCOILBRENTEU,Brent,daily,60.65,1.444047619047619
2017-10-31,DCOILBRENTEU,Brent,daily,61.35,1.4607142857142859
2017-11-01,DCOILBRENTEU,Brent,daily,60.98,1.4519047619047618
2017-11-02,DCOILBRENTEU,Brent,daily,60.79,1.4473809523809524
2017-11-03,DCOILBRENTEU,Brent,daily,61.42,1.4623809523809523
2017-11-06,DCOILBRENTEU,Brent,daily,64.27,1.5302380952380952
2017-11-07,DCOILBRENTEU,Brent,daily,64.36,1.5323809523809524
2017-11-08,DCOILBRENTEU,Brent,daily,63.96,1.522857142857143
2017-11-09,DCOILBRENTEU,Brent,daily,64.49,1.5354761904761904
2017-11-10,DCOILBRENTEU,Brent,daily,64.35,1.532142857142857
2017-11-13,DCOILBRENTEU,Brent,daily,62.94,1.4985714285714284
2017-11-14,DCOILBRENTEU,Brent,daily,60.91,1.450238095238095
2017-11-15,DCOILBRENTEU,Brent,daily,61.25,1.4583333333333333
2017-11-16,DCOILBRENTEU,Brent,daily,61.18,1.4566666666666666
2017-11-17,DCOILBRENTEU,Brent,daily,61.34,1.4604761904761905
2017-11-20,DCOILBRENTEU,Brent,daily,61.34,1.4604761904761905
2017-11-21,DCOILBRENTEU,Brent,daily,62.28,1.4828571428571429
2017-11-22,DCOILBRENTEU,Brent,daily,62.92,1.4980952380952381
2017-11-23,DCOILBRENTEU,Brent,daily,63.27,1.5064285714285715
2017-11-24,DCOILBRENTEU,Brent,daily,63.58,1.5138095238095237
2017-11-27,DCOILBRENTEU,Brent,daily,63.25,1.505952380952381
2017-11-28,DCOILBRENTEU,Brent,daily,63.56,1.5133333333333334
2017-11-29,DCOILBRENTEU,Brent,daily,63.74,1.5176190476190476
2017-11-30,DCOILBRENTEU,Brent,daily,63.53,1.5126190476190478
2017-12-01,DCOILBRENTEU,Brent,daily,64.57,1.5373809523809523
2017-12-04,DCOILBRENTEU,Brent,daily,63.45,1.5107142857142857
2017-12-05,DCOILBRENTEU,Brent,daily,63.45,1.5107142857142857
2017-12-06,DCOILBRENTEU,Brent,daily,62.25,1.4821428571428572
2017-12-07,DCOILBRENTEU,Brent,daily,62.37,1.4849999999999999
2017-12-08,DCOILBRENTEU,Brent,daily,63.86,1.5204761904761905
2017-12-11,DCOILBRENTEU,Brent,daily,65.62,1.5623809523809524
2017-12-12,DCOILBRENTEU,Brent,daily,64.96,1.5466666666666664
2017-12-13,DCOILBRENTEU,Brent,daily,63.66,1.5157142857142856
2017-12-14,DCOILBRENTEU,Brent,daily,63.72,1.5171428571428571
2017-12-15,DCOILBRENTEU,Brent,daily,63.81,1.5192857142857144
2017-12-18,DCOILBRENTEU,Brent,daily,64.45,1.5345238095238096
2017-12-19,DCOILBRENTEU,Brent,daily,63.69,1.5164285714285715
2017-12-20,DCOILBRENTEU,Brent,daily,64.43,1.534047619047619
2017-12-21,DCOILBRENTEU,Brent,daily,64.64,1.539047619047619
2017-12-22,DCOILBRENTEU,Brent,daily,64.61,1.5383333333333333
2017-12-25,DCOILBRENTEU,Brent,daily,,
2017-12-26,DCOILBRENTEU,Brent,daily,,
2017-12-27,DCOILBRENTEU,Brent,daily,66.03,1.572142857142857
2017-12-28,DCOILBRENTEU,Brent,daily,66.8,1.5904761904761904
2017-12-29,DCOILBRENTEU,Brent,daily,66.73,1.588809523809524
2018-01-01,DCOILBRENTEU,Brent,daily,,
2018-01-02,DCOILBRENTEU,Brent,daily,66.65,1.586904761904762
2018-01-03,DCOILBRENTEU,Brent,daily,67.85,1.6154761904761903
2018-01-04,DCOILBRENTEU,Brent,daily,68.73,1.6364285714285716
2018-01-05,DCOILBRENTEU,Brent,daily,68.01,1.6192857142857144
2018-01-08,DCOILBRENTEU,Brent,daily,68.48,1.6304761904761906
2018-01-09,DCOILBRENTEU,Brent,daily,69.08,1.6447619047619046
2018-01-10,DCOILBRENTEU,Brent,daily,69.79,1.6616666666666668
2018-01-11,DCOILBRENTEU,Brent,daily,70.36,1.6752380952380952
2018-01-12,DCOILBRENTEU,Brent,daily,69.64,1.658095238095238
2018-01-15,DCOILBRENTEU,Brent,daily,70.31,1.674047619047619
2018-01-16,DCOILBRENTEU,Brent,daily,69.4,1.6523809523809525
2018-01-17,DCOILBRENTEU,Brent,daily,69.19,1.6473809523809524
2018-01-18,DCOILBRENTEU,Brent,daily,69.48,1.6542857142857144
2018-01-19,DCOILBRENTEU,Brent,daily,68.56,1.6323809523809525
2018-01-22,DCOILBRENTEU,Brent,daily,69.32,1.6504761904761902
2018-01-23,DCOILBRENTEU,Brent,daily,69.81,1.6621428571428571
2018-01-24,DCOILBRENTEU,Brent,daily,69.91,1.6645238095238095
2018-01-25,DCOILBRENTEU,Brent,daily,71.08,1.6923809523809523
2018-01-26,DCOILBRENTEU,Brent,daily,70.08,1.6685714285714286
2018-01-29,DCOILBRENTEU,Brent,daily,68.41,1.6288095238095237
2018-01-30,DCOILBRENTEU,Brent,daily,67.78,1.6138095238095238
2018-01-31,DCOILBRENTEU,Brent,daily,67.78,1.6138095238095238
2018-02-01,DCOILBRENTEU,Brent,daily,68.6,1.6333333333333333
2018-02-02,DCOILBRENTEU,Brent,daily,67.45,1.605952380952381
2018-02-05,DCOILBRENTEU,Brent,daily,67.69,1.6116666666666666
2018-02-06,DCOILBRENTEU,Brent,daily,66.75,1.5892857142857142
2018-02-07,DCOILBRENTEU,Brent,daily,65.74,1.565238095238095
2018-02-08,DCOILBRENTEU,Brent,daily,64.26,1.53
2018-02-09,DCOILBRENTEU,Brent,daily,63.04,1.500952380952381
2018-02-12,DCOILBRENTEU,Brent,daily,62.2,1.480952380952381
2018-02-13,DCOILBRENTEU,Brent,daily,61.94,1.4747619047619047
2018-02-14,DCOILBRENTEU,Brent,daily,62.29,1.483095238095238
2018-02-15,DCOILBRENTEU,Brent,daily,62.86,1.4966666666666666
2018-02-16,DCOILBRENTEU,Brent,daily,64.3,1.5309523809523808
2018-02-19,DCOILBRENTEU,Brent,daily,64.95,1.5464285714285715
2018-02-20,DCOILBRENTEU,Brent,daily,64.68,1.5400000000000003
2018-02-21,DCOILBRENTEU,Brent,daily,64.81,1.543095238095238
2018-02-22,DCOILBRENTEU,Brent,daily,66.12,1.5742857142857143
2018-02-23,DCOILBRENTEU,Brent,daily,67.04,1.5961904761904764
2018-02-26,DCOILBRENTEU,Brent,daily,67.96,1.618095238095238
2018-02-27,DCOILBRENTEU,Brent,daily,67.59,1.6092857142857144
2018-02-28,DCOILBRENTEU,Brent,daily,66.08,1.5733333333333333
2018-03-01,DCOILBRENTEU,Brent,daily,64.23,1.5292857142857144
2018-03-02,DCOILBRENTEU,Brent,daily,64.26,1.53
2018-03-05,DCOILBRENTEU,Brent,daily,65.78,1.5661904761904761
2018-03-06,DCOILBRENTEU,Brent,daily,65.67,1.5635714285714286
2018-03-07,DCOILBRENTEU,Brent,daily,65.09,1.549761904761905
2018-03-08,DCOILBRENTEU,Brent,daily,63.87,1.5207142857142857
2018-03-09,DCOILBRENTEU,Brent,daily,65.19,1.552142857142857
2018-03-12,DCOILBRENTEU,Brent,daily,64.53,1.5364285714285715
2018-03-13,DCOILBRENTEU,Brent,daily,64.2,1.5285714285714287
2018-03-14,DCOILBRENTEU,Brent,daily,63.61,1.5145238095238096
2018-03-15,DCOILBRENTEU,Brent,daily,63.67,1.515952380952381
2018-03-16,DCOILBRENTEU,Brent,daily,64.68,1.5400000000000003
2018-03-19,DCOILBRENTEU,Brent,daily,64.82,1.5433333333333332
2018-03-20,DCOILBRENTEU,Brent,daily,66.0,1.5714285714285714
2018-03-21,DCOILBRENTEU,Brent,daily,68.15,1.6226190476190478
2018-03-22,DCOILBRENTEU,Brent,daily,68.98,1.6423809523809525
2018-03-23,DCOILBRENTEU,Brent,daily,69.03,1.6435714285714287
2018-03-26,DCOILBRENTEU,Brent,daily,68.81,1.6383333333333334
2018-03-27,DCOILBRENTEU,Brent,daily,68.63,1.634047619047619
2018-03-28,DCOILBRENTEU,Brent,daily,68.13,1.622142857142857
2018-03-29,DCOILBRENTEU,Brent,daily,69.02,1.6433333333333333
2018-03-30,DCOILBRENTEU,Brent,daily,,
2018-04-02,DCOILBRENTEU,Brent,daily,,
2018-04-03,DCOILBRENTEU,Brent,daily,69.02,1.6433333333333333
2018-04-04,DCOILBRENTEU,Brent,daily,66.04,1.5723809523809524
2018-04-05,DCOILBRENTEU,Brent,daily,66.54,1.5842857142857145
2018-04-06,DCOILBRENTEU,Brent,daily,66.51,1.5835714285714286
2018-04-09,DCOILBRENTEU,Brent,daily,68.19,1.6235714285714284
2018-04-10,DCOILBRENTEU,Brent,daily,70.67,1.6826190476190477
2018-04-11,DCOILBRENTEU,Brent,daily,72.74,1.7319047619047618
2018-04-12,DCOILBRENTEU,Brent,daily,71.44,1.700952380952381
2018-04-13,DCOILBRENTEU,Brent,daily,73.18,1.7423809523809526
2018-04-16,DCOILBRENTEU,Brent,daily,72.05,1.7154761904761904
2018-04-17,DCOILBRENTEU,Brent,daily,71.71,1.7073809523809522
2018-04-18,DCOILBRENTEU,Brent,daily,73.73,1.7554761904761906
2018-04-19,DCOILBRENTEU,Brent,daily,74.85,1.782142857142857
2018-04-20,DCOILBRENTEU,Brent,daily,74.62,1.7766666666666668
2018-04-23,DCOILBRENTEU,Brent,daily,74.54,1.774761904761905
2018-04-24,DCOILBRENTEU,Brent,daily,75.86,1.8061904761904761
2018-04-25,DCOILBRENTEU,Brent,daily,73.79,1.756904761904762
2018-04-26,DCOILBRENTEU,Brent,daily,75.39,1.795
2018-04-27,DCOILBRENTEU,Brent,daily,75.33,1.7935714285714286
2018-04-30,DCOILBRENTEU,Brent,daily,75.92,1.8076190476190477
2018-05-01,DCOILBRENTEU,Brent,daily,74.85,1.782142857142857
2018-05-02,DCOILBRENTEU,Brent,daily,73.14,1.7414285714285715
2018-05-03,DCOILBRENTEU,Brent,daily,73.45,1.7488095238095238
2018-05-04,DCOILBRENTEU,Brent,daily,74.75,1.7797619047619047
2018-05-07,DCOILBRENTEU,Brent,daily,,
2018-05-08,DCOILBRENTEU,Brent,daily,74.16,1.7657142857142856
2018-05-09,DCOILBRENTEU,Brent,daily,77.6,1.8476190476190475
2018-05-10,DCOILBRENTEU,Brent,daily,77.59,1.8473809523809526
2018-05-11,DCOILBRENTEU,Brent,daily,77.37,1.8421428571428573
2018-05-14,DCOILBRENTEU,Brent,daily,78.17,1.8611904761904763
2018-05-15,DCOILBRENTEU,Brent,daily,78.94,1.8795238095238094
2018-05-16,DCOILBRENTEU,Brent,daily,78.19,1.8616666666666666
2018-05-17,DCOILBRENTEU,Brent,daily,80.09,1.9069047619047619
2018-05-18,DCOILBRENTEU,Brent,daily,78.38,1.8661904761904762
2018-05-21,DCOILBRENTEU,Brent,daily,78.34,1.8652380952380954
2018-05-22,DCOILBRENTEU,Brent,daily,80.42,1.9147619047619049
2018-05-23,DCOILBRENTEU,Brent,daily,78.69,1.8735714285714284
2018-05-24,DCOILBRENTEU,Brent,daily,78.9,1.8785714285714288
2018-05-25,DCOILBRENTEU,Brent,daily,76.6,1.8238095238095238
2018-05-28,DCOILBRENTEU,Brent,daily,,
2018-05-29,DCOILBRENTEU,Brent,daily,74.51,1.774047619047619
2018-05-30,DCOILBRENTEU,Brent,daily,75.89,1.806904761904762
2018-05-31,DCOILBRENTEU,Brent,daily,76.45,1.8202380952380952
2018-06-01,DCOILBRENTEU,Brent,daily,74.54,1.774761904761905
2018-06-04,DCOILBRENTEU,Brent,daily,73.41,1.7478571428571428
2018-06-05,DCOILBRENTEU,Brent,daily,72.91,1.735952380952381
2018-06-06,DCOILBRENTEU,Brent,daily,73.23,1.7435714285714288
2018-06-07,DCOILBRENTEU,Brent,daily,75.23,1.7911904761904762
2018-06-08,DCOILBRENTEU,Brent,daily,75.11,1.7883333333333333
2018-06-11,DCOILBRENTEU,Brent,daily,74.58,1.7757142857142856
2018-06-12,DCOILBRENTEU,Brent,daily,74.86,1.7823809523809524
2018-06-13,DCOILBRENTEU,Brent,daily,75.07,1.7873809523809523
2018-06-14,DCOILBRENTEU,Brent,daily,74.77,1.7802380952380952
2018-06-15,DCOILBRENTEU,Brent,daily,72.02,1.7147619047619047
2018-06-18,DCOILBRENTEU,Brent,daily,74.87,1.7826190476190478
2018-06-19,DCOILBRENTEU,Brent,daily,74.92,1.783809523809524
2018-06-20,DCOILBRENTEU,Brent,daily,74.25,1.7678571428571428
2018-06-21,DCOILBRENTEU,Brent,daily,72.87,1.735
2018-06-22,DCOILBRENTEU,Brent,daily,73.67,1.754047619047619
2018-06-25,DCOILBRENTEU,Brent,daily,72.82,1.7338095238095237
2018-06-26,DCOILBRENTEU,Brent,daily,73.58,1.7519047619047619
2018-06-27,DCOILBRENTEU,Brent,daily,76.09,1.8116666666666668
2018-06-28,DCOILBRENTEU,Brent,daily,76.26,1.8157142857142858
2018-06-29,DCOILBRENTEU,Brent,daily,77.44,1.8438095238095238
2018-07-02,DCOILBRENTEU,Brent,daily,76.71,1.8264285714285713
2018-07-03,DCOILBRENTEU,Brent,daily,75.87,1.8064285714285715
2018-07-04,DCOILBRENTEU,Brent,daily,76.99,1.8330952380952379
2018-07-05,DCOILBRENTEU,Brent,daily,77.09,1.8354761904761905
2018-07-06,DCOILBRENTEU,Brent,daily,74.98,1.7852380952380953
2018-07-09,DCOILBRENTEU,Brent,daily,77.08,1.8352380952380951
2018-07-10,DCOILBRENTEU,Brent,daily,77.8,1.8523809523809522
2018-07-11,DCOILBRENTEU,Brent,daily,75.35,1.794047619047619
2018-07-12,DCOILBRENTEU,Brent,daily,72.11,1.716904761904762
2018-07-13,DCOILBRENTEU,Brent,daily,74.11,1.7645238095238096
2018-07-16,DCOILBRENTEU,Brent,daily,71.03,1.6911904761904761
2018-07-17,DCOILBRENTEU,Brent,daily,70.87,1.6873809523809524
2018-07-18,DCOILBRENTEU,Brent,daily,70.52,1.679047619047619
2018-07-19,DCOILBRENTEU,Brent,daily,71.94,1.7128571428571429
2018-07-20,DCOILBRENTEU,Brent,daily,71.99,1.7140476190476188
2018-07-23,DCOILBRENTEU,Brent,daily,73.45,1.7488095238095238
2018-07-24,DCOILBRENTEU,Brent,daily,73.53,1.7507142857142857
2018-07-25,DCOILBRENTEU,Brent,daily,73.67,1.754047619047619
2018-07-26,DCOILBRENTEU,Brent,daily,74.51,1.774047619047619
2018-07-27,DCOILBRENTEU,Brent,daily,74.84,1.7819047619047619
2018-07-30,DCOILBRENTEU,Brent,daily,74.99,1.7854761904761904
2018-07-31,DCOILBRENTEU,Brent,daily,74.16,1.7657142857142856
2018-08-01,DCOILBRENTEU,Brent,daily,72.28,1.720952380952381
2018-08-02,DCOILBRENTEU,Brent,daily,72.95,1.736904761904762
2018-08-03,DCOILBRENTEU,Brent,daily,72.48,1.7257142857142858
2018-08-06,DCOILBRENTEU,Brent,daily,72.51,1.7264285714285716
2018-08-07,DCOILBRENTEU,Brent,daily,72.31,1.7216666666666667
2018-08-08,DCOILBRENTEU,Brent,daily,70.71,1.6835714285714285
2018-08-09,DCOILBRENTEU,Brent,daily,70.55,1.6797619047619048
2018-08-10,DCOILBRENTEU,Brent,daily,71.0,1.6904761904761905
2018-08-13,DCOILBRENTEU,Brent,daily,70.62,1.6814285714285715
2018-08-14,DCOILBRENTEU,Brent,daily,70.77,1.6849999999999998
2018-08-15,DCOILBRENTEU,Brent,daily,68.38,1.628095238095238
2018-08-16,DCOILBRENTEU,Brent,daily,69.21,1.6478571428571427
2018-08-17,DCOILBRENTEU,Brent,daily,70.14,1.67
2018-08-20,DCOILBRENTEU,Brent,daily,71.11,1.693095238095238
2018-08-21,DCOILBRENTEU,Brent,daily,71.65,1.705952380952381
2018-08-22,DCOILBRENTEU,Brent,daily,72.96,1.737142857142857
2018-08-23,DCOILBRENTEU,Brent,daily,73.73,1.7554761904761906
2018-08-24,DCOILBRENTEU,Brent,daily,74.41,1.7716666666666665
2018-08-27,DCOILBRENTEU,Brent,daily,74.41,1.7716666666666665
2018-08-28,DCOILBRENTEU,Brent,daily,75.91,1.8073809523809523
2018-08-29,DCOILBRENTEU,Brent,daily,76.07,1.811190476190476
2018-08-30,DCOILBRENTEU,Brent,daily,77.05,1.8345238095238094
2018-08-31,DCOILBRENTEU,Brent,daily,76.94,1.831904761904762
2018-09-03,DCOILBRENTEU,Brent,daily,77.81,1.8526190476190476
2018-09-04,DCOILBRENTEU,Brent,daily,77.51,1.8454761904761905
2018-09-05,DCOILBRENTEU,Brent,daily,76.68,1.8257142857142858
2018-09-06,DCOILBRENTEU,Brent,daily,75.67,1.8016666666666667
2018-09-07,DCOILBRENTEU,Brent,daily,75.55,1.7988095238095236
2018-09-10,DCOILBRENTEU,Brent,daily,76.77,1.8278571428571428
2018-09-11,DCOILBRENTEU,Brent,daily,78.22,1.8623809523809522
2018-09-12,DCOILBRENTEU,Brent,daily,80.02,1.9052380952380952
2018-09-13,DCOILBRENTEU,Brent,daily,77.66,1.849047619047619
2018-09-14,DCOILBRENTEU,Brent,daily,77.87,1.8540476190476192
2018-09-17,DCOILBRENTEU,Brent,daily,78.22,1.8623809523809522
2018-09-18,DCOILBRENTEU,Brent,daily,79.25,1.8869047619047619
2018-09-19,DCOILBRENTEU,Brent,daily,79.43,1.8911904761904763
2018-09-20,DCOILBRENTEU,Brent,daily,79.03,1.8816666666666666
2018-09-21,DCOILBRENTEU,Brent,daily,78.9,1.8785714285714288
2018-09-24,DCOILBRENTEU,Brent,daily,80.89,1.9259523809523809
2018-09-25,DCOILBRENTEU,Brent,daily,82.21,1.9573809523809522
2018-09-26,DCOILBRENTEU,Brent,daily,81.87,1.9492857142857143
2018-09-27,DCOILBRENTEU,Brent,daily,81.54,1.9414285714285715
2018-09-28,DCOILBRENTEU,Brent,daily,82.72,1.9695238095238095
2018-10-01,DCOILBRENTEU,Brent,daily,84.94,2.0223809523809524
2018-10-02,DCOILBRENTEU,Brent,daily,85.63,2.038809523809524
2018-10-03,DCOILBRENTEU,Brent,daily,85.45,2.0345238095238094
2018-10-04,DCOILBRENTEU,Brent,daily,86.07,2.049285714285714
2018-10-05,DCOILBRENTEU,Brent,daily,85.12,2.026666666666667
2018-10-08,DCOILBRENTEU,Brent,daily,84.22,2.005238095238095
2018-10-09,DCOILBRENTEU,Brent,daily,85.16,2.0276190476190474
2018-10-10,DCOILBRENTEU,Brent,daily,83.82,1.9957142857142856
2018-10-11,DCOILBRENTEU,Brent,daily,81.35,1.9369047619047617
2018-10-12,DCOILBRENTEU,Brent,daily,80.71,1.9216666666666664
2018-10-15,DCOILBRENTEU,Brent,daily,80.91,1.9264285714285714
2018-10-16,DCOILBRENTEU,Brent,daily,80.53,1.9173809523809524
2018-10-17,DCOILBRENTEU,Brent,daily,79.91,1.9026190476190474
2018-10-18,DCOILBRENTEU,Brent,daily,80.3,1.9119047619047618
2018-10-19,DCOILBRENTEU,Brent,daily,80.38,1.9138095238095236
2018-10-22,DCOILBRENTEU,Brent,daily,80.45,1.9154761904761906
2018-10-23,DCOILBRENTEU,Brent,daily,78.67,1.8730952380952381
2018-10-24,DCOILBRENTEU,Brent,daily,77.34,1.8414285714285714
2018-10-25,DCOILBRENTEU,Brent,daily,77.3,1.8404761904761904
2018-10-26,DCOILBRENTEU,Brent,daily,77.4,1.842857142857143
2018-10-29,DCOILBRENTEU,Brent,daily,77.56,1.8466666666666667
2018-10-30,DCOILBRENTEU,Brent,daily,75.68,1.8019047619047621
2018-10-31,DCOILBRENTEU,Brent,daily,74.84,1.7819047619047619
2018-11-01,DCOILBRENTEU,Brent,daily,71.25,1.6964285714285714
2018-11-02,DCOILBRENTEU,Brent,daily,71.11,1.693095238095238
2018-11-05,DCOILBRENTEU,Brent,daily,72.68,1.7304761904761907
2018-11-06,DCOILBRENTEU,Brent,daily,70.64,1.681904761904762
2018-11-07,DCOILBRENTEU,Brent,daily,70.1,1.669047619047619
2018-11-08,DCOILBRENTEU,Brent,daily,69.29,1.649761904761905
2018-11-09,DCOILBRENTEU,Brent,daily,69.01,1.6430952380952382
2018-11-12,DCOILBRENTEU,Brent,daily,69.81,1.6621428571428571
2018-11-13,DCOILBRENTEU,Brent,daily,65.45,1.5583333333333333
2018-11-14,DCOILBRENTEU,Brent,daily,64.88,1.5447619047619046
2018-11-15,DCOILBRENTEU,Brent,daily,65.61,1.562142857142857
2018-11-16,DCOILBRENTEU,Brent,daily,65.29,1.5545238095238096
2018-11-19,DCOILBRENTEU,Brent,daily,64.14,1.5271428571428571
2018-11-20,DCOILBRENTEU,Brent,daily,61.5,1.4642857142857142
2018-11-21,DCOILBRENTEU,Brent,daily,61.65,1.4678571428571427
2018-11-22,DCOILBRENTEU,Brent,daily,61.11,1.455
2018-11-23,DCOILBRENTEU,Brent,daily,57.69,1.3735714285714284
2018-11-26,DCOILBRENTEU,Brent,daily,59.7,1.4214285714285715
2018-11-27,DCOILBRENTEU,Brent,daily,59.58,1.4185714285714286
2018-11-28,DCOILBRENTEU,Brent,daily,57.97,1.3802380952380953
2018-11-29,DCOILBRENTEU,Brent,daily,58.29,1.387857142857143
2018-11-30,DCOILBRENTEU,Brent,daily,57.71,1.374047619047619
2018-12-03,DCOILBRENTEU,Brent,daily,60.17,1.4326190476190477
2018-12-04,DCOILBRENTEU,Brent,daily,61.22,1.4576190476190476
2018-12-05,DCOILBRENTEU,Brent,daily,61.4,1.4619047619047618
2018-12-06,DCOILBRENTEU,Brent,daily,57.83,1.3769047619047619
2018-12-07,DCOILBRENTEU,Brent,daily,61.71,1.4692857142857143
2018-12-10,DCOILBRENTEU,Brent,daily,60.29,1.4354761904761904
2018-12-11,DCOILBRENTEU,Brent,daily,59.73,1.4221428571428572
2018-12-12,DCOILBRENTEU,Brent,daily,59.94,1.427142857142857
2018-12-13,DCOILBRENTEU,Brent,daily,59.03,1.4054761904761905
2018-12-14,DCOILBRENTEU,Brent,daily,58.56,1.3942857142857144
2018-12-17,DCOILBRENTEU,Brent,daily,57.59,1.3711904761904763
2018-12-18,DCOILBRENTEU,Brent,daily,55.26,1.3157142857142856
2018-12-19,DCOILBRENTEU,Brent,daily,55.6,1.3238095238095238
2018-12-20,DCOILBRENTEU,Brent,daily,52.84,1.2580952380952382
2018-12-21,DCOILBRENTEU,Brent,daily,51.93,1.2364285714285714
2018-12-24,DCOILBRENTEU,Brent,daily,,
2018-12-25,DCOILBRENTEU,Brent,daily,,
2018-12-26,DCOILBRENTEU,Brent,daily,,
2018-12-27,DCOILBRENTEU,Brent,daily,51.49,1.225952380952381
2018-12-28,DCOILBRENTEU,Brent,daily,50.57,1.204047619047619
2018-12-31,DCOILBRENTEU,Brent,daily,,
2019-01-01,DCOILBRENTEU,Brent,daily,,
2019-01-02,DCOILBRENTEU,Brent,daily,54.06,1.2871428571428571
2019-01-03,DCOILBRENTEU,Brent,daily,53.23,1.2673809523809523
2019-01-04,DCOILBRENTEU,Brent,daily,55.64,1.3247619047619048
2019-01-07,DCOILBRENTEU,Brent,daily,57.1,1.3595238095238096
2019-01-08,DCOILBRENTEU,Brent,daily,56.91,1.355
2019-01-09,DCOILBRENTEU,Brent,daily,59.46,1.4157142857142857
2019-01-10,DCOILBRENTEU,Brent,daily,60.47,1.4397619047619048
2019-01-11,DCOILBRENTEU,Brent,daily,59.24,1.4104761904761904
2019-01-14,DCOILBRENTEU,Brent,daily,58.8,1.4
2019-01-15,DCOILBRENTEU,Brent,daily,58.65,1.3964285714285714
2019-01-16,DCOILBRENTEU,Brent,daily,59.81,1.424047619047619
2019-01-17,DCOILBRENTEU,Brent,daily,59.85,1.425
2019-01-18,DCOILBRENTEU,Brent,daily,62.04,1.477142857142857
2019-01-21,DCOILBRENTEU,Brent,daily,62.18,1.4804761904761905
2019-01-22,DCOILBRENTEU,Brent,daily,60.9,1.45
2019-01-23,DCOILBRENTEU,Brent,daily,61.05,1.4535714285714285
2019-01-24,DCOILBRENTEU,Brent,daily,61.09,1.4545238095238096
2019-01-25,DCOILBRENTEU,Brent,daily,61.49,1.464047619047619
2019-01-28,DCOILBRENTEU,Brent,daily,59.71,1.4216666666666666
2019-01-29,DCOILBRENTEU,Brent,daily,60.98,1.4519047619047618
2019-01-30,DCOILBRENTEU,Brent,daily,61.89,1.4735714285714285
2019-01-31,DCOILBRENTEU,Brent,daily,62.46,1.487142857142857
2019-02-01,DCOILBRENTEU,Brent,daily,61.86,1.4728571428571429
2019-02-04,DCOILBRENTEU,Brent,daily,62.26,1.4823809523809524
2019-02-05,DCOILBRENTEU,Brent,daily,61.67,1.4683333333333333
2019-02-06,DCOILBRENTEU,Brent,daily,62.22,1.4814285714285713
2019-02-07,DCOILBRENTEU,Brent,daily,61.01,1.4526190476190475
2019-02-08,DCOILBRENTEU,Brent,daily,61.37,1.4611904761904762
2019-02-11,DCOILBRENTEU,Brent,daily,61.3,1.4595238095238094
2019-02-12,DCOILBRENTEU,Brent,daily,62.58,1.49
2019-02-13,DCOILBRENTEU,Brent,daily,63.27,1.5064285714285715
2019-02-14,DCOILBRENTEU,Brent,daily,64.0,1.5238095238095237
2019-02-15,DCOILBRENTEU,Brent,daily,65.65,1.5630952380952383
2019-02-18,DCOILBRENTEU,Brent,daily,66.41,1.581190476190476
2019-02-19,DCOILBRENTEU,Brent,daily,65.86,1.568095238095238
2019-02-20,DCOILBRENTEU,Brent,daily,66.82,1.590952380952381
2019-02-21,DCOILBRENTEU,Brent,daily,66.91,1.5930952380952381
2019-02-22,DCOILBRENTEU,Brent,daily,66.91,1.5930952380952381
2019-02-25,DCOILBRENTEU,Brent,daily,64.02,1.5242857142857142
2019-02-26,DCOILBRENTEU,Brent,daily,64.51,1.5359523809523812
2019-02-27,DCOILBRENTEU,Brent,daily,65.55,1.5607142857142857
2019-02-28,DCOILBRENTEU,Brent,daily,65.03,1.5483333333333333
2019-03-01,DCOILBRENTEU,Brent,daily,63.71,1.516904761904762
2019-03-04,DCOILBRENTEU,Brent,daily,64.44,1.5342857142857143
2019-03-05,DCOILBRENTEU,Brent,daily,64.24,1.5295238095238095
2019-03-06,DCOILBRENTEU,Brent,daily,64.51,1.5359523809523812
2019-03-07,DCOILBRENTEU,Brent,daily,64.82,1.5433333333333332
2019-03-08,DCOILBRENTEU,Brent,daily,65.66,1.5633333333333332
2019-03-11,DCOILBRENTEU,Brent,daily,65.06,1.549047619047619
2019-03-12,DCOILBRENTEU,Brent,daily,65.33,1.5554761904761905
2019-03-13,DCOILBRENTEU,Brent,daily,65.89,1.5688095238095239
2019-03-14,DCOILBRENTEU,Brent,daily,66.18,1.5757142857142858
2019-03-15,DCOILBRENTEU,Brent,daily,66.11,1.5740476190476191
2019-03-18,DCOILBRENTEU,Brent,daily,66.65,1.586904761904762
2019-03-19,DCOILBRENTEU,Brent,daily,67.13,1.5983333333333332
2019-03-20,DCOILBRENTEU,Brent,daily,68.35,1.6273809523809522
2019-03-21,DCOILBRENTEU,Brent,daily,68.3,1.6261904761904762
2019-03-22,DCOILBRENTEU,Brent,daily,66.29,1.5783333333333336
2019-03-25,DCOILBRENTEU,Brent,daily,67.37,1.6040476190476192
2019-03-26,DCOILBRENTEU,Brent,daily,67.51,1.6073809523809526
2019-03-27,DCOILBRENTEU,Brent,daily,67.35,1.6035714285714284
2019-03-28,DCOILBRENTEU,Brent,daily,66.08,1.5733333333333333
2019-03-29,DCOILBRENTEU,Brent,daily,67.93,1.6173809523809526
2019-04-01,DCOILBRENTEU,Brent,daily,69.08,1.6447619047619046
2019-04-02,DCOILBRENTEU,Brent,daily,69.68,1.659047619047619
2019-04-03,DCOILBRENTEU,Brent,daily,69.21,1.6478571428571427
2019-04-04,DCOILBRENTEU,Brent,daily,69.8,1.6619047619047618
2019-04-05,DCOILBRENTEU,Brent,daily,69.93,1.6650000000000003
2019-04-08,DCOILBRENTEU,Brent,daily,71.12,1.6933333333333334
2019-04-09,DCOILBRENTEU,Brent,daily,71.02,1.6909523809523808
2019-04-10,DCOILBRENTEU,Brent,daily,71.63,1.7054761904761904
2019-04-11,DCOILBRENTEU,Brent,daily,71.3,1.6976190476190476
2019-04-12,DCOILBRENTEU,Brent,daily,71.57,1.7040476190476188
2019-04-15,DCOILBRENTEU,Brent,daily,70.9,1.6880952380952383
2019-04-16,DCOILBRENTEU,Brent,daily,70.74,1.6842857142857142
2019-04-17,DCOILBRENTEU,Brent,daily,71.14,1.6938095238095239
2019-04-18,DCOILBRENTEU,Brent,daily,70.71,1.6835714285714285
2019-04-19,DCOILBRENTEU,Brent,daily,,
2019-04-22,DCOILBRENTEU,Brent,daily,70.71,1.6835714285714285
2019-04-23,DCOILBRENTEU,Brent,daily,74.39,1.7711904761904762
2019-04-24,DCOILBRENTEU,Brent,daily,73.59,1.7521428571428572
2019-04-25,DCOILBRENTEU,Brent,daily,74.94,1.7842857142857143
2019-04-26,DCOILBRENTEU,Brent,daily,71.03,1.6911904761904761
2019-04-29,DCOILBRENTEU,Brent,daily,71.22,1.6957142857142857
2019-04-30,DCOILBRENTEU,Brent,daily,72.19,1.7188095238095238
2019-05-01,DCOILBRENTEU,Brent,daily,72.01,1.7145238095238096
2019-05-02,DCOILBRENTEU,Brent,daily,70.56,1.6800000000000002
2019-05-03,DCOILBRENTEU,Brent,daily,71.95,1.7130952380952382
2019-05-06,DCOILBRENTEU,Brent,daily,71.95,1.7130952380952382
2019-05-07,DCOILBRENTEU,Brent,daily,70.98,1.6900000000000002
2019-05-08,DCOILBRENTEU,Brent,daily,71.09,1.6926190476190477
2019-05-09,DCOILBRENTEU,Brent,daily,70.61,1.6811904761904761
2019-05-10,DCOILBRENTEU,Brent,daily,71.63,1.7054761904761904
2019-05-13,DCOILBRENTEU,Brent,daily,72.35,1.7226190476190475
2019-05-14,DCOILBRENTEU,Brent,daily,72.53,1.726904761904762
2019-05-15,DCOILBRENTEU,Brent,daily,73.09,1.7402380952380954
2019-05-16,DCOILBRENTEU,Brent,daily,74.7,1.7785714285714287
2019-05-17,DCOILBRENTEU,Brent,daily,73.94,1.7604761904761905
2019-05-20,DCOILBRENTEU,Brent,daily,73.21,1.743095238095238
2019-05-21,DCOILBRENTEU,Brent,daily,72.94,1.7366666666666666
2019-05-22,DCOILBRENTEU,Brent,daily,71.94,1.7128571428571429
2019-05-23,DCOILBRENTEU,Brent,daily,68.37,1.627857142857143
2019-05-24,DCOILBRENTEU,Brent,daily,67.98,1.6185714285714288
2019-05-27,DCOILBRENTEU,Brent,daily,,
2019-05-28,DCOILBRENTEU,Brent,daily,70.19,1.6711904761904761
2019-05-29,DCOILBRENTEU,Brent,daily,70.64,1.681904761904762
2019-05-30,DCOILBRENTEU,Brent,daily,69.55,1.6559523809523808
2019-05-31,DCOILBRENTEU,Brent,daily,66.78,1.59
2019-06-03,DCOILBRENTEU,Brent,daily,63.16,1.5038095238095237
2019-06-04,DCOILBRENTEU,Brent,daily,63.56,1.5133333333333334
2019-06-05,DCOILBRENTEU,Brent,daily,62.14,1.4795238095238095
2019-06-06,DCOILBRENTEU,Brent,daily,62.77,1.4945238095238096
2019-06-07,DCOILBRENTEU,Brent,daily,64.1,1.526190476190476
2019-06-10,DCOILBRENTEU,Brent,daily,64.31,1.5311904761904762
2019-06-11,DCOILBRENTEU,Brent,daily,63.56,1.5133333333333334
2019-06-12,DCOILBRENTEU,Brent,daily,61.66,1.4680952380952381
2019-06-13,DCOILBRENTEU,Brent,daily,63.28,1.5066666666666666
2019-06-14,DCOILBRENTEU,Brent,daily,63.13,1.5030952380952383
2019-06-17,DCOILBRENTEU,Brent,daily,62.56,1.4895238095238095
2019-06-18,DCOILBRENTEU,Brent,daily,63.35,1.5083333333333333
2019-06-19,DCOILBRENTEU,Brent,daily,62.85,1.4964285714285714
2019-06-20,DCOILBRENTEU,Brent,daily,65.44,1.558095238095238
2019-06-21,DCOILBRENTEU,Brent,daily,65.99,1.571190476190476
2019-06-24,DCOILBRENTEU,Brent,daily,65.16,1.5514285714285714
2019-06-25,DCOILBRENTEU,Brent,daily,66.24,1.577142857142857
2019-06-26,DCOILBRENTEU,Brent,daily,66.85,1.5916666666666666
2019-06-27,DCOILBRENTEU,Brent,daily,66.78,1.59
2019-06-28,DCOILBRENTEU,Brent,daily,67.52,1.6076190476190475
2019-07-01,DCOILBRENTEU,Brent,daily,65.1,1.5499999999999998
2019-07-02,DCOILBRENTEU,Brent,daily,62.72,1.4933333333333334
2019-07-03,DCOILBRENTEU,Brent,daily,63.53,1.5126190476190478
2019-07-04,DCOILBRENTEU,Brent,daily,63.62,1.5147619047619048
2019-07-05,DCOILBRENTEU,Brent,daily,64.23,1.5292857142857144
2019-07-08,DCOILBRENTEU,Brent,daily,64.89,1.545
2019-07-09,DCOILBRENTEU,Brent,daily,64.3,1.5309523809523808
2019-07-10,DCOILBRENTEU,Brent,daily,66.41,1.581190476190476
2019-07-11,DCOILBRENTEU,Brent,daily,67.64,1.6104761904761904
2019-07-12,DCOILBRENTEU,Brent,daily,66.65,1.586904761904762
2019-07-15,DCOILBRENTEU,Brent,daily,66.86,1.591904761904762
2019-07-16,DCOILBRENTEU,Brent,daily,65.87,1.5683333333333334
2019-07-17,DCOILBRENTEU,Brent,daily,63.67,1.515952380952381
2019-07-18,DCOILBRENTEU,Brent,daily,60.7,1.4452380952380952
2019-07-19,DCOILBRENTEU,Brent,daily,61.04,1.4533333333333334
2019-07-22,DCOILBRENTEU,Brent,daily,61.96,1.4752380952380952
2019-07-23,DCOILBRENTEU,Brent,daily,62.28,1.4828571428571429
2019-07-24,DCOILBRENTEU,Brent,daily,63.83,1.5197619047619046
2019-07-25,DCOILBRENTEU,Brent,daily,63.47,1.5111904761904762
2019-07-26,DCOILBRENTEU,Brent,daily,62.46,1.487142857142857
2019-07-29,DCOILBRENTEU,Brent,daily,62.29,1.483095238095238
2019-07-30,DCOILBRENTEU,Brent,daily,62.55,1.4892857142857143
2019-07-31,DCOILBRENTEU,Brent,daily,64.07,1.5254761904761902
2019-08-01,DCOILBRENTEU,Brent,daily,62.9,1.4976190476190476
2019-08-02,DCOILBRENTEU,Brent,daily,61.12,1.4552380952380952
2019-08-05,DCOILBRENTEU,Brent,daily,59.32,1.4123809523809523
2019-08-06,DCOILBRENTEU,Brent,daily,58.63,1.395952380952381
2019-08-07,DCOILBRENTEU,Brent,daily,55.03,1.3102380952380952
2019-08-08,DCOILBRENTEU,Brent,daily,56.29,1.3402380952380952
2019-08-09,DCOILBRENTEU,Brent,daily,57.37,1.3659523809523808
2019-08-12,DCOILBRENTEU,Brent,daily,57.13,1.3602380952380952
2019-08-13,DCOILBRENTEU,Brent,daily,59.9,1.4261904761904762
2019-08-14,DCOILBRENTEU,Brent,daily,57.86,1.3776190476190475
2019-08-15,DCOILBRENTEU,Brent,daily,57.37,1.3659523809523808
2019-08-16,DCOILBRENTEU,Brent,daily,59.0,1.4047619047619047
2019-08-19,DCOILBRENTEU,Brent,daily,59.79,1.4235714285714285
2019-08-20,DCOILBRENTEU,Brent,daily,59.03,1.4054761904761905
2019-08-21,DCOILBRENTEU,Brent,daily,60.6,1.4428571428571428
2019-08-22,DCOILBRENTEU,Brent,daily,59.81,1.424047619047619
2019-08-23,DCOILBRENTEU,Brent,daily,58.64,1.3961904761904762
2019-08-26,DCOILBRENTEU,Brent,daily,58.64,1.3961904761904762
2019-08-27,DCOILBRENTEU,Brent,daily,58.44,1.3914285714285715
2019-08-28,DCOILBRENTEU,Brent,daily,60.42,1.4385714285714286
2019-08-29,DCOILBRENTEU,Brent,daily,60.59,1.4426190476190477
2019-08-30,DCOILBRENTEU,Brent,daily,61.04,1.4533333333333334
2019-09-02,DCOILBRENTEU,Brent,daily,58.55,1.394047619047619
2019-09-03,DCOILBRENTEU,Brent,daily,57.93,1.3792857142857142
2019-09-04,DCOILBRENTEU,Brent,daily,60.68,1.4447619047619047
2019-09-05,DCOILBRENTEU,Brent,daily,62.7,1.4928571428571429
2019-09-06,DCOILBRENTEU,Brent,daily,61.28,1.4590476190476191
2019-09-09,DCOILBRENTEU,Brent,daily,63.99,1.5235714285714286
2019-09-10,DCOILBRENTEU,Brent,daily,64.67,1.5397619047619049
2019-09-11,DCOILBRENTEU,Brent,daily,63.02,1.5004761904761905
2019-09-12,DCOILBRENTEU,Brent,daily,60.76,1.4466666666666665
2019-09-13,DCOILBRENTEU,Brent,daily,61.25,1.4583333333333333
2019-09-16,DCOILBRENTEU,Brent,daily,68.42,1.629047619047619
2019-09-17,DCOILBRENTEU,Brent,daily,65.59,1.5616666666666668
2019-09-18,DCOILBRENTEU,Brent,daily,64.29,1.530714285714286
2019-09-19,DCOILBRENTEU,Brent,daily,64.25,1.5297619047619047
2019-09-20,DCOILBRENTEU,Brent,daily,65.23,1.553095238095238
2019-09-23,DCOILBRENTEU,Brent,daily,64.66,1.5395238095238095
2019-09-24,DCOILBRENTEU,Brent,daily,64.13,1.5269047619047618
2019-09-25,DCOILBRENTEU,Brent,daily,62.41,1.485952380952381
2019-09-26,DCOILBRENTEU,Brent,daily,62.08,1.4780952380952381
2019-09-27,DCOILBRENTEU,Brent,daily,62.48,1.4876190476190476
2019-09-30,DCOILBRENTEU,Brent,daily,60.99,1.4521428571428572
2019-10-01,DCOILBRENTEU,Brent,daily,60.06,1.4300000000000002
2019-10-02,DCOILBRENTEU,Brent,daily,57.92,1.379047619047619
2019-10-03,DCOILBRENTEU,Brent,daily,58.01,1.381190476190476
2019-10-04,DCOILBRENTEU,Brent,daily,59.13,1.407857142857143
2019-10-07,DCOILBRENTEU,Brent,daily,59.46,1.4157142857142857
2019-10-08,DCOILBRENTEU,Brent,daily,58.14,1.3842857142857143
2019-10-09,DCOILBRENTEU,Brent,daily,59.7,1.4214285714285715
2019-10-10,DCOILBRENTEU,Brent,daily,59.08,1.4066666666666667
2019-10-11,DCOILBRENTEU,Brent,daily,60.59,1.4426190476190477
2019-10-14,DCOILBRENTEU,Brent,daily,58.81,1.4002380952380953
2019-10-15,DCOILBRENTEU,Brent,daily,59.19,1.4092857142857143
2019-10-16,DCOILBRENTEU,Brent,daily,59.3,1.4119047619047618
2019-10-17,DCOILBRENTEU,Brent,daily,59.35,1.4130952380952382
2019-10-18,DCOILBRENTEU,Brent,daily,59.96,1.4276190476190476
2019-10-21,DCOILBRENTEU,Brent,daily,58.95,1.4035714285714287
2019-10-22,DCOILBRENTEU,Brent,daily,60.5,1.4404761904761905
2019-10-23,DCOILBRENTEU,Brent,daily,60.52,1.440952380952381
2019-10-24,DCOILBRENTEU,Brent,daily,61.71,1.4692857142857143
2019-10-25,DCOILBRENTEU,Brent,daily,62.06,1.4776190476190476
2019-10-28,DCOILBRENTEU,Brent,daily,60.39,1.437857142857143
2019-10-29,DCOILBRENTEU,Brent,daily,61.05,1.4535714285714285
2019-10-30,DCOILBRENTEU,Brent,daily,60.22,1.4338095238095239
2019-10-31,DCOILBRENTEU,Brent,daily,59.3,1.4119047619047618
2019-11-01,DCOILBRENTEU,Brent,daily,60.17,1.4326190476190477
2019-11-04,DCOILBRENTEU,Brent,daily,62.52,1.4885714285714287
2019-11-05,DCOILBRENTEU,Brent,daily,62.72,1.4933333333333334
2019-11-06,DCOILBRENTEU,Brent,daily,62.11,1.4788095238095238
2019-11-07,DCOILBRENTEU,Brent,daily,62.6,1.4904761904761905
2019-11-08,DCOILBRENTEU,Brent,daily,62.0,1.4761904761904763
2019-11-11,DCOILBRENTEU,Brent,daily,62.58,1.49
2019-11-12,DCOILBRENTEU,Brent,daily,62.19,1.4807142857142856
2019-11-13,DCOILBRENTEU,Brent,daily,62.27,1.4826190476190477
2019-11-14,DCOILBRENTEU,Brent,daily,62.46,1.487142857142857
2019-11-15,DCOILBRENTEU,Brent,daily,63.32,1.5076190476190476
2019-11-18,DCOILBRENTEU,Brent,daily,62.82,1.4957142857142858
2019-11-19,DCOILBRENTEU,Brent,daily,62.37,1.4849999999999999
2019-11-20,DCOILBRENTEU,Brent,daily,63.8,1.519047619047619
2019-11-21,DCOILBRENTEU,Brent,daily,64.99,1.5473809523809523
2019-11-22,DCOILBRENTEU,Brent,daily,64.83,1.5435714285714286
2019-11-25,DCOILBRENTEU,Brent,daily,64.67,1.5397619047619049
2019-11-26,DCOILBRENTEU,Brent,daily,64.82,1.5433333333333332
2019-11-27,DCOILBRENTEU,Brent,daily,65.03,1.5483333333333333
2019-11-28,DCOILBRENTEU,Brent,daily,64.68,1.5400000000000003
2019-11-29,DCOILBRENTEU,Brent,daily,64.5,1.5357142857142858
2019-12-02,DCOILBRENTEU,Brent,daily,63.2,1.5047619047619047
2019-12-03,DCOILBRENTEU,Brent,daily,62.95,1.4988095238095238
2019-12-04,DCOILBRENTEU,Brent,daily,65.25,1.5535714285714286
2019-12-05,DCOILBRENTEU,Brent,daily,65.67,1.5635714285714286
2019-12-06,DCOILBRENTEU,Brent,daily,66.5,1.5833333333333333
2019-12-09,DCOILBRENTEU,Brent,daily,66.44,1.581904761904762
2019-12-10,DCOILBRENTEU,Brent,daily,66.57,1.5849999999999997
2019-12-11,DCOILBRENTEU,Brent,daily,65.37,1.5564285714285715
2019-12-12,DCOILBRENTEU,Brent,daily,66.67,1.5873809523809523
2019-12-13,DCOILBRENTEU,Brent,daily,67.44,1.6057142857142856
2019-12-16,DCOILBRENTEU,Brent,daily,68.04,1.62
2019-12-17,DCOILBRENTEU,Brent,daily,68.99,1.6426190476190474
2019-12-18,DCOILBRENTEU,Brent,daily,69.12,1.645714285714286
2019-12-19,DCOILBRENTEU,Brent,daily,69.7,1.6595238095238096
2019-12-20,DCOILBRENTEU,Brent,daily,68.66,1.6347619047619046
2019-12-23,DCOILBRENTEU,Brent,daily,67.49,1.6069047619047618
2019-12-24,DCOILBRENTEU,Brent,daily,69.26,1.649047619047619
2019-12-25,DCOILBRENTEU,Brent,daily,,
2019-12-26,DCOILBRENTEU,Brent,daily,69.26,1.649047619047619
2019-12-27,DCOILBRENTEU,Brent,daily,68.91,1.6407142857142856
2019-12-30,DCOILBRENTEU,Brent,daily,68.3,1.6261904761904762
2019-12-31,DCOILBRENTEU,Brent,daily,67.77,1.6135714285714284
2020-01-01,DCOILBRENTEU,Brent,daily,,
2020-01-02,DCOILBRENTEU,Brent,daily,67.05,1.5964285714285713
2020-01-03,DCOILBRENTEU,Brent,daily,69.08,1.6447619047619046
2020-01-06,DCOILBRENTEU,Brent,daily,70.25,1.6726190476190477
2020-01-07,DCOILBRENTEU,Brent,daily,68.74,1.6366666666666665
2020-01-08,DCOILBRENTEU,Brent,daily,67.31,1.6026190476190476
2020-01-09,DCOILBRENTEU,Brent,daily,66.58,1.5852380952380951
2020-01-10,DCOILBRENTEU,Brent,daily,66.77,1.5897619047619047
2020-01-13,DCOILBRENTEU,Brent,daily,64.14,1.5271428571428571
2020-01-14,DCOILBRENTEU,Brent,daily,64.45,1.5345238095238096
2020-01-15,DCOILBRENTEU,Brent,daily,63.29,1.506904761904762
2020-01-16,DCOILBRENTEU,Brent,daily,64.63,1.5388095238095236
2020-01-17,DCOILBRENTEU,Brent,daily,64.05,1.525
2020-01-20,DCOILBRENTEU,Brent,daily,64.63,1.5388095238095236
2020-01-21,DCOILBRENTEU,Brent,daily,63.66,1.5157142857142856
2020-01-22,DCOILBRENTEU,Brent,daily,62.11,1.4788095238095238
2020-01-23,DCOILBRENTEU,Brent,daily,61.26,1.4585714285714286
2020-01-24,DCOILBRENTEU,Brent,daily,59.34,1.412857142857143
2020-01-27,DCOILBRENTEU,Brent,daily,58.54,1.3938095238095238
2020-01-28,DCOILBRENTEU,Brent,daily,59.37,1.4135714285714285
2020-01-29,DCOILBRENTEU,Brent,daily,59.46,1.4157142857142857
2020-01-30,DCOILBRENTEU,Brent,daily,57.72,1.3742857142857143
2020-01-31,DCOILBRENTEU,Brent,daily,57.77,1.3754761904761905
2020-02-03,DCOILBRENTEU,Brent,daily,54.0,1.2857142857142858
2020-02-04,DCOILBRENTEU,Brent,daily,53.9,1.2833333333333332
2020-02-05,DCOILBRENTEU,Brent,daily,55.36,1.318095238095238
2020-02-06,DCOILBRENTEU,Brent,daily,55.18,1.3138095238095238
2020-02-07,DCOILBRENTEU,Brent,daily,54.53,1.2983333333333333
2020-02-10,DCOILBRENTEU,Brent,daily,53.39,1.2711904761904762
2020-02-11,DCOILBRENTEU,Brent,daily,54.0,1.2857142857142858
2020-02-12,DCOILBRENTEU,Brent,daily,55.54,1.3223809523809524
2020-02-13,DCOILBRENTEU,Brent,daily,56.34,1.3414285714285714
2020-02-14,DCOILBRENTEU,Brent,daily,57.37,1.3659523809523808
2020-02-17,DCOILBRENTEU,Brent,daily,57.83,1.3769047619047619
2020-02-18,DCOILBRENTEU,Brent,daily,57.35,1.3654761904761905
2020-02-19,DCOILBRENTEU,Brent,daily,59.72,1.4219047619047618
2020-02-20,DCOILBRENTEU,Brent,daily,59.57,1.4183333333333334
2020-02-21,DCOILBRENTEU,Brent,daily,58.6,1.3952380952380952
2020-02-24,DCOILBRENTEU,Brent,daily,56.71,1.3502380952380952
2020-02-25,DCOILBRENTEU,Brent,daily,55.29,1.3164285714285715
2020-02-26,DCOILBRENTEU,Brent,daily,54.96,1.3085714285714285
2020-02-27,DCOILBRENTEU,Brent,daily,52.19,1.2426190476190475
2020-02-28,DCOILBRENTEU,Brent,daily,51.31,1.2216666666666667
2020-03-02,DCOILBRENTEU,Brent,daily,52.52,1.2504761904761905
2020-03-03,DCOILBRENTEU,Brent,daily,52.24,1.243809523809524
2020-03-04,DCOILBRENTEU,Brent,daily,51.86,1.2347619047619047
2020-03-05,DCOILBRENTEU,Brent,daily,51.29,1.2211904761904762
2020-03-06,DCOILBRENTEU,Brent,daily,45.6,1.0857142857142859
2020-03-09,DCOILBRENTEU,Brent,daily,35.33,0.8411904761904762
2020-03-10,DCOILBRENTEU,Brent,daily,35.57,0.8469047619047619
2020-03-11,DCOILBRENTEU,Brent,daily,34.45,0.8202380952380953
2020-03-12,DCOILBRENTEU,Brent,daily,31.02,0.7385714285714285
2020-03-13,DCOILBRENTEU,Brent,daily,32.25,0.7678571428571429
2020-03-16,DCOILBRENTEU,Brent,daily,27.98,0.6661904761904762
2020-03-17,DCOILBRENTEU,Brent,daily,27.97,0.665952380952381
2020-03-18,DCOILBRENTEU,Brent,daily,22.79,0.5426190476190476
2020-03-19,DCOILBRENTEU,Brent,daily,23.98,0.570952380952381
2020-03-20,DCOILBRENTEU,Brent,daily,25.55,0.6083333333333334
2020-03-23,DCOILBRENTEU,Brent,daily,23.75,0.5654761904761905
2020-03-24,DCOILBRENTEU,Brent,daily,24.5,0.5833333333333334
2020-03-25,DCOILBRENTEU,Brent,daily,25.62,0.61
2020-03-26,DCOILBRENTEU,Brent,daily,23.55,0.5607142857142857
2020-03-27,DCOILBRENTEU,Brent,daily,22.39,0.5330952380952381
2020-03-30,DCOILBRENTEU,Brent,daily,19.19,0.4569047619047619
2020-03-31,DCOILBRENTEU,Brent,daily,14.85,0.35357142857142854
2020-04-01,DCOILBRENTEU,Brent,daily,14.97,0.35642857142857143
2020-04-02,DCOILBRENTEU,Brent,daily,20.24,0.4819047619047619
2020-04-03,DCOILBRENTEU,Brent,daily,24.33,0.5792857142857143
2020-04-06,DCOILBRENTEU,Brent,daily,22.58,0.5376190476190476
2020-04-07,DCOILBRENTEU,Brent,daily,22.1,0.5261904761904762
2020-04-08,DCOILBRENTEU,Brent,daily,25.22,0.6004761904761905
2020-04-09,DCOILBRENTEU,Brent,daily,20.23,0.4816666666666667
2020-04-10,DCOILBRENTEU,Brent,daily,,
2020-04-13,DCOILBRENTEU,Brent,daily,,
2020-04-14,DCOILBRENTEU,Brent,daily,21.74,0.5176190476190475
2020-04-15,DCOILBRENTEU,Brent,daily,19.8,0.4714285714285714
2020-04-16,DCOILBRENTEU,Brent,daily,18.69,0.445
2020-04-17,DCOILBRENTEU,Brent,daily,19.75,0.47023809523809523
2020-04-20,DCOILBRENTEU,Brent,daily,17.36,0.41333333333333333
2020-04-21,DCOILBRENTEU,Brent,daily,9.12,0.21714285714285714
2020-04-22,DCOILBRENTEU,Brent,daily,13.77,0.32785714285714285
2020-04-23,DCOILBRENTEU,Brent,daily,15.06,0.3585714285714286
2020-04-24,DCOILBRENTEU,Brent,daily,15.87,0.37785714285714284
2020-04-27,DCOILBRENTEU,Brent,daily,15.17,0.3611904761904762
2020-04-28,DCOILBRENTEU,Brent,daily,15.6,0.37142857142857144
2020-04-29,DCOILBRENTEU,Brent,daily,17.86,0.42523809523809525
2020-04-30,DCOILBRENTEU,Brent,daily,18.11,0.4311904761904762
2020-05-01,DCOILBRENTEU,Brent,daily,18.49,0.4402380952380952
2020-05-04,DCOILBRENTEU,Brent,daily,20.4,0.48571428571428565
2020-05-05,DCOILBRENTEU,Brent,daily,25.46,0.6061904761904762
2020-05-06,DCOILBRENTEU,Brent,daily,24.2,0.5761904761904761
2020-05-07,DCOILBRENTEU,Brent,daily,24.23,0.5769047619047619
2020-05-08,DCOILBRENTEU,Brent,daily,,
2020-05-11,DCOILBRENTEU,Brent,daily,25.53,0.6078571428571429
2020-05-12,DCOILBRENTEU,Brent,daily,26.67,0.635
2020-05-13,DCOILBRENTEU,Brent,daily,27.89,0.6640476190476191
2020-05-14,DCOILBRENTEU,Brent,daily,29.87,0.7111904761904763
2020-05-15,DCOILBRENTEU,Brent,daily,30.95,0.7369047619047618
2020-05-18,DCOILBRENTEU,Brent,daily,33.3,0.7928571428571428
2020-05-19,DCOILBRENTEU,Brent,daily,33.06,0.7871428571428571
2020-05-20,DCOILBRENTEU,Brent,daily,34.76,0.8276190476190476
2020-05-21,DCOILBRENTEU,Brent,daily,34.78,0.8280952380952381
2020-05-22,DCOILBRENTEU,Brent,daily,33.8,0.8047619047619047
2020-05-25,DCOILBRENTEU,Brent,daily,,
2020-05-26,DCOILBRENTEU,Brent,daily,33.95,0.8083333333333333
2020-05-27,DCOILBRENTEU,Brent,daily,32.73,0.7792857142857142
2020-05-28,DCOILBRENTEU,Brent,daily,33.98,0.809047619047619
2020-05-29,DCOILBRENTEU,Brent,daily,34.15,0.8130952380952381
2020-06-01,DCOILBRENTEU,Brent,daily,36.74,0.8747619047619049
2020-06-02,DCOILBRENTEU,Brent,daily,37.72,0.8980952380952381
2020-06-03,DCOILBRENTEU,Brent,daily,37.98,0.9042857142857142
2020-06-04,DCOILBRENTEU,Brent,daily,38.41,0.9145238095238094
2020-06-05,DCOILBRENTEU,Brent,daily,41.0,0.9761904761904762
2020-06-08,DCOILBRENTEU,Brent,daily,39.66,0.9442857142857142
2020-06-09,DCOILBRENTEU,Brent,daily,40.45,0.9630952380952381
2020-06-10,DCOILBRENTEU,Brent,daily,41.18,0.9804761904761905
2020-06-11,DCOILBRENTEU,Brent,daily,37.76,0.899047619047619
2020-06-12,DCOILBRENTEU,Brent,daily,38.54,0.9176190476190476
2020-06-15,DCOILBRENTEU,Brent,daily,39.44,0.939047619047619
2020-06-16,DCOILBRENTEU,Brent,daily,40.75,0.9702380952380952
2020-06-17,DCOILBRENTEU,Brent,daily,40.47,0.9635714285714285
2020-06-18,DCOILBRENTEU,Brent,daily,41.75,0.9940476190476191
2020-06-19,DCOILBRENTEU,Brent,daily,42.33,1.0078571428571428
2020-06-22,DCOILBRENTEU,Brent,daily,43.2,1.0285714285714287
2020-06-23,DCOILBRENTEU,Brent,daily,42.72,1.0171428571428571
2020-06-24,DCOILBRENTEU,Brent,daily,40.4,0.9619047619047618
2020-06-25,DCOILBRENTEU,Brent,daily,41.18,0.9804761904761905
2020-06-26,DCOILBRENTEU,Brent,daily,40.97,0.9754761904761905
2020-06-29,DCOILBRENTEU,Brent,daily,41.58,0.99
2020-06-30,DCOILBRENTEU,Brent,daily,41.64,0.9914285714285714
2020-07-01,DCOILBRENTEU,Brent,daily,42.18,1.0042857142857142
2020-07-02,DCOILBRENTEU,Brent,daily,43.19,1.0283333333333333
2020-07-03,DCOILBRENTEU,Brent,daily,42.92,1.0219047619047619
2020-07-06,DCOILBRENTEU,Brent,daily,42.73,1.0173809523809523
2020-07-07,DCOILBRENTEU,Brent,daily,43.28,1.0304761904761905
2020-07-08,DCOILBRENTEU,Brent,daily,43.67,1.0397619047619049
2020-07-09,DCOILBRENTEU,Brent,daily,42.35,1.0083333333333333
2020-07-10,DCOILBRENTEU,Brent,daily,43.27,1.0302380952380954
2020-07-13,DCOILBRENTEU,Brent,daily,42.85,1.0202380952380952
2020-07-14,DCOILBRENTEU,Brent,daily,42.97,1.023095238095238
2020-07-15,DCOILBRENTEU,Brent,daily,43.96,1.0466666666666666
2020-07-16,DCOILBRENTEU,Brent,daily,43.71,1.0407142857142857
2020-07-17,DCOILBRENTEU,Brent,daily,43.53,1.0364285714285715
2020-07-20,DCOILBRENTEU,Brent,daily,43.3,1.0309523809523808
2020-07-21,DCOILBRENTEU,Brent,daily,44.31,1.0550000000000002
2020-07-22,DCOILBRENTEU,Brent,daily,43.98,1.0471428571428572
2020-07-23,DCOILBRENTEU,Brent,daily,42.96,1.022857142857143
2020-07-24,DCOILBRENTEU,Brent,daily,43.29,1.0307142857142857
2020-07-27,DCOILBRENTEU,Brent,daily,43.39,1.033095238095238
2020-07-28,DCOILBRENTEU,Brent,daily,43.11,1.0264285714285715
2020-07-29,DCOILBRENTEU,Brent,daily,43.51,1.035952380952381
2020-07-30,DCOILBRENTEU,Brent,daily,42.98,1.0233333333333332
2020-07-31,DCOILBRENTEU,Brent,daily,43.13,1.026904761904762
2020-08-03,DCOILBRENTEU,Brent,daily,43.76,1.041904761904762
2020-08-04,DCOILBRENTEU,Brent,daily,43.99,1.0473809523809525
2020-08-05,DCOILBRENTEU,Brent,daily,44.92,1.0695238095238095
2020-08-06,DCOILBRENTEU,Brent,daily,45.04,1.0723809523809524
2020-08-07,DCOILBRENTEU,Brent,daily,44.07,1.0492857142857144
2020-08-10,DCOILBRENTEU,Brent,daily,44.19,1.052142857142857
2020-08-11,DCOILBRENTEU,Brent,daily,43.68,1.04
2020-08-12,DCOILBRENTEU,Brent,daily,45.09,1.0735714285714286
2020-08-13,DCOILBRENTEU,Brent,daily,44.87,1.0683333333333334
2020-08-14,DCOILBRENTEU,Brent,daily,44.86,1.068095238095238
2020-08-17,DCOILBRENTEU,Brent,daily,44.91,1.0692857142857142
2020-08-18,DCOILBRENTEU,Brent,daily,45.34,1.0795238095238096
2020-08-19,DCOILBRENTEU,Brent,daily,45.21,1.0764285714285715
2020-08-20,DCOILBRENTEU,Brent,daily,44.56,1.060952380952381
2020-08-21,DCOILBRENTEU,Brent,daily,43.94,1.0461904761904761
2020-08-24,DCOILBRENTEU,Brent,daily,44.43,1.0578571428571428
2020-08-25,DCOILBRENTEU,Brent,daily,46.01,1.0954761904761905
2020-08-26,DCOILBRENTEU,Brent,daily,45.79,1.0902380952380952
2020-08-27,DCOILBRENTEU,Brent,daily,44.84,1.0676190476190477
2020-08-28,DCOILBRENTEU,Brent,daily,45.22,1.0766666666666667
2020-08-31,DCOILBRENTEU,Brent,daily,,
2020-09-01,DCOILBRENTEU,Brent,daily,45.72,1.0885714285714285
2020-09-02,DCOILBRENTEU,Brent,daily,42.7,1.0166666666666668
2020-09-03,DCOILBRENTEU,Brent,daily,42.72,1.0171428571428571
2020-09-04,DCOILBRENTEU,Brent,daily,41.1,0.9785714285714286
2020-09-07,DCOILBRENTEU,Brent,daily,40.67,0.9683333333333334
2020-09-08,DCOILBRENTEU,Brent,daily,38.53,0.9173809523809524
2020-09-09,DCOILBRENTEU,Brent,daily,39.98,0.9519047619047618
2020-09-10,DCOILBRENTEU,Brent,daily,39.27,0.935
2020-09-11,DCOILBRENTEU,Brent,daily,38.8,0.9238095238095237
2020-09-14,DCOILBRENTEU,Brent,daily,38.57,0.9183333333333333
2020-09-15,DCOILBRENTEU,Brent,daily,39.54,0.9414285714285714
2020-09-16,DCOILBRENTEU,Brent,daily,41.23,0.9816666666666666
2020-09-17,DCOILBRENTEU,Brent,daily,42.35,1.0083333333333333
2020-09-18,DCOILBRENTEU,Brent,daily,42.16,1.0038095238095237
2020-09-21,DCOILBRENTEU,Brent,daily,40.37,0.9611904761904762
2020-09-22,DCOILBRENTEU,Brent,daily,40.84,0.9723809523809525
2020-09-23,DCOILBRENTEU,Brent,daily,41.09,0.9783333333333334
2020-09-24,DCOILBRENTEU,Brent,daily,41.24,0.981904761904762
2020-09-25,DCOILBRENTEU,Brent,daily,40.91,0.9740476190476189
2020-09-28,DCOILBRENTEU,Brent,daily,41.59,0.9902380952380954
2020-09-29,DCOILBRENTEU,Brent,daily,40.33,0.9602380952380952
2020-09-30,DCOILBRENTEU,Brent,daily,40.3,0.9595238095238094
2020-10-01,DCOILBRENTEU,Brent,daily,39.75,0.9464285714285714
2020-10-02,DCOILBRENTEU,Brent,daily,38.0,0.9047619047619048
2020-10-05,DCOILBRENTEU,Brent,daily,39.78,0.9471428571428572
2020-10-06,DCOILBRENTEU,Brent,daily,41.27,0.9826190476190477
2020-10-07,DCOILBRENTEU,Brent,daily,40.62,0.9671428571428571
2020-10-08,DCOILBRENTEU,Brent,daily,42.0,1.0
2020-10-09,DCOILBRENTEU,Brent,daily,41.63,0.9911904761904763
2020-10-12,DCOILBRENTEU,Brent,daily,40.5,0.9642857142857143
2020-10-13,DCOILBRENTEU,Brent,daily,41.34,0.9842857142857143
2020-10-14,DCOILBRENTEU,Brent,daily,41.81,0.9954761904761905
2020-10-15,DCOILBRENTEU,Brent,daily,41.61,0.9907142857142857
2020-10-16,DCOILBRENTEU,Brent,daily,41.34,0.9842857142857143
2020-10-19,DCOILBRENTEU,Brent,daily,41.29,0.983095238095238
2020-10-20,DCOILBRENTEU,Brent,daily,41.62,0.9909523809523809
2020-10-21,DCOILBRENTEU,Brent,daily,40.09,0.9545238095238096
2020-10-22,DCOILBRENTEU,Brent,daily,41.28,0.9828571428571429
2020-10-23,DCOILBRENTEU,Brent,daily,40.71,0.9692857142857143
2020-10-26,DCOILBRENTEU,Brent,daily,39.06,0.93
2020-10-27,DCOILBRENTEU,Brent,daily,39.72,0.9457142857142857
2020-10-28,DCOILBRENTEU,Brent,daily,37.86,0.9014285714285715
2020-10-29,DCOILBRENTEU,Brent,daily,36.56,0.8704761904761905
2020-10-30,DCOILBRENTEU,Brent,daily,36.33,0.865
2020-11-02,DCOILBRENTEU,Brent,daily,37.78,0.8995238095238095
2020-11-03,DCOILBRENTEU,Brent,daily,38.17,0.9088095238095238
2020-11-04,DCOILBRENTEU,Brent,daily,39.68,0.9447619047619048
2020-11-05,DCOILBRENTEU,Brent,daily,39.47,0.9397619047619047
2020-11-06,DCOILBRENTEU,Brent,daily,38.08,0.9066666666666666
2020-11-09,DCOILBRENTEU,Brent,daily,40.93,0.9745238095238096
2020-11-10,DCOILBRENTEU,Brent,daily,42.25,1.005952380952381
2020-11-11,DCOILBRENTEU,Brent,daily,42.5,1.0119047619047619
2020-11-12,DCOILBRENTEU,Brent,daily,42.16,1.0038095238095237
2020-11-13,DCOILBRENTEU,Brent,daily,41.51,0.9883333333333333
2020-11-16,DCOILBRENTEU,Brent,daily,42.71,1.016904761904762
2020-11-17,DCOILBRENTEU,Brent,daily,42.54,1.012857142857143
2020-11-18,DCOILBRENTEU,Brent,daily,42.91,1.0216666666666665
2020-11-19,DCOILBRENTEU,Brent,daily,43.09,1.025952380952381
2020-11-20,DCOILBRENTEU,Brent,daily,43.79,1.0426190476190476
2020-11-23,DCOILBRENTEU,Brent,daily,45.0,1.0714285714285714
2020-11-24,DCOILBRENTEU,Brent,daily,46.63,1.1102380952380952
2020-11-25,DCOILBRENTEU,Brent,daily,47.3,1.1261904761904762
2020-11-26,DCOILBRENTEU,Brent,daily,46.32,1.1028571428571428
2020-11-27,DCOILBRENTEU,Brent,daily,46.88,1.1161904761904762
2020-11-30,DCOILBRENTEU,Brent,daily,46.84,1.1152380952380954
2020-12-01,DCOILBRENTEU,Brent,daily,47.03,1.1197619047619047
2020-12-02,DCOILBRENTEU,Brent,daily,47.8,1.138095238095238
2020-12-03,DCOILBRENTEU,Brent,daily,48.37,1.1516666666666666
2020-12-04,DCOILBRENTEU,Brent,daily,49.1,1.1690476190476191
2020-12-07,DCOILBRENTEU,Brent,daily,48.63,1.157857142857143
2020-12-08,DCOILBRENTEU,Brent,daily,48.84,1.162857142857143
2020-12-09,DCOILBRENTEU,Brent,daily,48.81,1.1621428571428571
2020-12-10,DCOILBRENTEU,Brent,daily,50.33,1.1983333333333333
2020-12-11,DCOILBRENTEU,Brent,daily,50.01,1.1907142857142856
2020-12-14,DCOILBRENTEU,Brent,daily,50.27,1.196904761904762
2020-12-15,DCOILBRENTEU,Brent,daily,50.77,1.2088095238095238
2020-12-16,DCOILBRENTEU,Brent,daily,50.83,1.2102380952380951
2020-12-17,DCOILBRENTEU,Brent,daily,51.2,1.2190476190476192
2020-12-18,DCOILBRENTEU,Brent,daily,52.17,1.2421428571428572
2020-12-21,DCOILBRENTEU,Brent,daily,50.61,1.205
2020-12-22,DCOILBRENTEU,Brent,daily,49.88,1.1876190476190476
2020-12-23,DCOILBRENTEU,Brent,daily,51.05,1.2154761904761904
2020-12-24,DCOILBRENTEU,Brent,daily,50.88,1.2114285714285715
2020-12-25,DCOILBRENTEU,Brent,daily,,
2020-12-28,DCOILBRENTEU,Brent,daily,50.88,1.2114285714285715
2020-12-29,DCOILBRENTEU,Brent,daily,50.44,1.200952380952381
2020-12-30,DCOILBRENTEU,Brent,daily,50.74,1.208095238095238
2020-12-31,DCOILBRENTEU,Brent,daily,51.22,1.2195238095238095
2021-01-01,DCOILBRENTEU,Brent,daily,,
2021-01-04,DCOILBRENTEU,Brent,daily,50.37,1.1992857142857143
2021-01-05,DCOILBRENTEU,Brent,daily,53.16,1.2657142857142856
2021-01-06,DCOILBRENTEU,Brent,daily,53.8,1.2809523809523808
2021-01-07,DCOILBRENTEU,Brent,daily,53.7,1.2785714285714287
2021-01-08,DCOILBRENTEU,Brent,daily,55.51,1.3216666666666665
2021-01-11,DCOILBRENTEU,Brent,daily,54.84,1.3057142857142858
2021-01-12,DCOILBRENTEU,Brent,daily,55.98,1.3328571428571427
2021-01-13,DCOILBRENTEU,Brent,daily,55.52,1.321904761904762
2021-01-14,DCOILBRENTEU,Brent,daily,55.76,1.3276190476190475
2021-01-15,DCOILBRENTEU,Brent,daily,54.8,1.3047619047619048
2021-01-18,DCOILBRENTEU,Brent,daily,54.21,1.2907142857142857
2021-01-19,DCOILBRENTEU,Brent,daily,55.38,1.3185714285714287
2021-01-20,DCOILBRENTEU,Brent,daily,55.66,1.325238095238095
2021-01-21,DCOILBRENTEU,Brent,daily,55.68,1.3257142857142856
2021-01-22,DCOILBRENTEU,Brent,daily,55.22,1.3147619047619048
2021-01-25,DCOILBRENTEU,Brent,daily,55.44,1.3199999999999998
2021-01-26,DCOILBRENTEU,Brent,daily,55.26,1.3157142857142856
2021-01-27,DCOILBRENTEU,Brent,daily,55.07,1.3111904761904762
2021-01-28,DCOILBRENTEU,Brent,daily,54.87,1.3064285714285713
2021-01-29,DCOILBRENTEU,Brent,daily,55.25,1.3154761904761905
2021-02-01,DCOILBRENTEU,Brent,daily,56.42,1.3433333333333333
2021-02-02,DCOILBRENTEU,Brent,daily,57.62,1.3719047619047617
2021-02-03,DCOILBRENTEU,Brent,daily,58.61,1.3954761904761905
2021-02-04,DCOILBRENTEU,Brent,daily,58.98,1.4042857142857141
2021-02-05,DCOILBRENTEU,Brent,daily,59.48,1.4161904761904762
2021-02-08,DCOILBRENTEU,Brent,daily,60.17,1.4326190476190477
2021-02-09,DCOILBRENTEU,Brent,daily,60.74,1.4461904761904762
2021-02-10,DCOILBRENTEU,Brent,daily,61.17,1.4564285714285714
2021-02-11,DCOILBRENTEU,Brent,daily,61.09,1.4545238095238096
2021-02-12,DCOILBRENTEU,Brent,daily,62.47,1.4873809523809522
2021-02-15,DCOILBRENTEU,Brent,daily,63.58,1.5138095238095237
2021-02-16,DCOILBRENTEU,Brent,daily,63.96,1.522857142857143
2021-02-17,DCOILBRENTEU,Brent,daily,65.02,1.548095238095238
2021-02-18,DCOILBRENTEU,Brent,daily,64.09,1.525952380952381
2021-02-19,DCOILBRENTEU,Brent,daily,62.84,1.4961904761904763
2021-02-22,DCOILBRENTEU,Brent,daily,64.73,1.5411904761904762
2021-02-23,DCOILBRENTEU,Brent,daily,65.16,1.5514285714285714
2021-02-24,DCOILBRENTEU,Brent,daily,66.85,1.5916666666666666
2021-02-25,DCOILBRENTEU,Brent,daily,66.69,1.5878571428571429
2021-02-26,DCOILBRENTEU,Brent,daily,65.86,1.568095238095238
2021-03-01,DCOILBRENTEU,Brent,daily,64.56,1.5371428571428571
2021-03-02,DCOILBRENTEU,Brent,daily,63.17,1.504047619047619
2021-03-03,DCOILBRENTEU,Brent,daily,64.7,1.5404761904761906
2021-03-04,DCOILBRENTEU,Brent,daily,67.32,1.6028571428571428
2021-03-05,DCOILBRENTEU,Brent,daily,69.95,1.6654761904761906
2021-03-08,DCOILBRENTEU,Brent,daily,68.0,1.619047619047619
2021-03-09,DCOILBRENTEU,Brent,daily,67.03,1.595952380952381
2021-03-10,DCOILBRENTEU,Brent,daily,67.53,1.6078571428571429
2021-03-11,DCOILBRENTEU,Brent,daily,69.34,1.650952380952381
2021-03-12,DCOILBRENTEU,Brent,daily,68.87,1.639761904761905
2021-03-15,DCOILBRENTEU,Brent,daily,68.78,1.6376190476190478
2021-03-16,DCOILBRENTEU,Brent,daily,67.95,1.6178571428571429
2021-03-17,DCOILBRENTEU,Brent,daily,67.73,1.6126190476190476
2021-03-18,DCOILBRENTEU,Brent,daily,62.11,1.4788095238095238
2021-03-19,DCOILBRENTEU,Brent,daily,64.0,1.5238095238095237
2021-03-22,DCOILBRENTEU,Brent,daily,63.89,1.5211904761904762
2021-03-23,DCOILBRENTEU,Brent,daily,59.96,1.4276190476190476
2021-03-24,DCOILBRENTEU,Brent,daily,63.7,1.5166666666666668
2021-03-25,DCOILBRENTEU,Brent,daily,61.21,1.4573809523809524
2021-03-26,DCOILBRENTEU,Brent,daily,63.77,1.5183333333333333
2021-03-29,DCOILBRENTEU,Brent,daily,64.06,1.5252380952380953
2021-03-30,DCOILBRENTEU,Brent,daily,63.28,1.5066666666666666
2021-03-31,DCOILBRENTEU,Brent,daily,63.52,1.5123809523809524
2021-04-01,DCOILBRENTEU,Brent,daily,63.85,1.5202380952380952
2021-04-02,DCOILBRENTEU,Brent,daily,,
2021-04-05,DCOILBRENTEU,Brent,daily,,
2021-04-06,DCOILBRENTEU,Brent,daily,61.47,1.4635714285714285
2021-04-07,DCOILBRENTEU,Brent,daily,61.86,1.4728571428571429
2021-04-08,DCOILBRENTEU,Brent,daily,62.09,1.4783333333333335
2021-04-09,DCOILBRENTEU,Brent,daily,61.89,1.4735714285714285
2021-04-12,DCOILBRENTEU,Brent,daily,62.38,1.4852380952380952
2021-04-13,DCOILBRENTEU,Brent,daily,62.83,1.495952380952381
2021-04-14,DCOILBRENTEU,Brent,daily,66.11,1.5740476190476191
2021-04-15,DCOILBRENTEU,Brent,daily,66.13,1.5745238095238094
2021-04-16,DCOILBRENTEU,Brent,daily,65.98,1.570952380952381
2021-04-19,DCOILBRENTEU,Brent,daily,66.54,1.5842857142857145
2021-04-20,DCOILBRENTEU,Brent,daily,65.34,1.5557142857142858
2021-04-21,DCOILBRENTEU,Brent,daily,64.02,1.5242857142857142
2021-04-22,DCOILBRENTEU,Brent,daily,65.07,1.5492857142857142
2021-04-23,DCOILBRENTEU,Brent,daily,65.75,1.5654761904761905
2021-04-26,DCOILBRENTEU,Brent,daily,65.5,1.5595238095238095
2021-04-27,DCOILBRENTEU,Brent,daily,66.25,1.5773809523809523
2021-04-28,DCOILBRENTEU,Brent,daily,67.08,1.5971428571428572
2021-04-29,DCOILBRENTEU,Brent,daily,68.26,1.6252380952380954
2021-04-30,DCOILBRENTEU,Brent,daily,67.73,1.6126190476190476
2021-05-03,DCOILBRENTEU,Brent,daily,,
2021-05-04,DCOILBRENTEU,Brent,daily,68.91,1.6407142857142856
2021-05-05,DCOILBRENTEU,Brent,daily,69.71,1.6597619047619045
2021-05-06,DCOILBRENTEU,Brent,daily,68.62,1.6338095238095238
2021-05-07,DCOILBRENTEU,Brent,daily,68.73,1.6364285714285716
2021-05-10,DCOILBRENTEU,Brent,daily,68.61,1.6335714285714285
2021-05-11,DCOILBRENTEU,Brent,daily,68.83,1.6388095238095237
2021-05-12,DCOILBRENTEU,Brent,daily,69.62,1.6576190476190478
2021-05-13,DCOILBRENTEU,Brent,daily,67.36,1.6038095238095238
2021-05-14,DCOILBRENTEU,Brent,daily,69.24,1.6485714285714284
2021-05-17,DCOILBRENTEU,Brent,daily,69.62,1.6576190476190478
2021-05-18,DCOILBRENTEU,Brent,daily,69.01,1.6430952380952382
2021-05-19,DCOILBRENTEU,Brent,daily,66.88,1.5923809523809522
2021-05-20,DCOILBRENTEU,Brent,daily,65.18,1.5519047619047621
2021-05-21,DCOILBRENTEU,Brent,daily,66.72,1.5885714285714285
2021-05-24,DCOILBRENTEU,Brent,daily,68.59,1.6330952380952382
2021-05-25,DCOILBRENTEU,Brent,daily,68.8,1.638095238095238
2021-05-26,DCOILBRENTEU,Brent,daily,68.93,1.6411904761904763
2021-05-27,DCOILBRENTEU,Brent,daily,69.43,1.6530952380952382
2021-05-28,DCOILBRENTEU,Brent,daily,69.36,1.6514285714285715
2021-05-31,DCOILBRENTEU,Brent,daily,,
2021-06-01,DCOILBRENTEU,Brent,daily,70.03,1.6673809523809524
2021-06-02,DCOILBRENTEU,Brent,daily,70.6,1.6809523809523808
2021-06-03,DCOILBRENTEU,Brent,daily,70.71,1.6835714285714285
2021-06-04,DCOILBRENTEU,Brent,daily,71.3,1.6976190476190476
2021-06-07,DCOILBRENTEU,Brent,daily,70.89,1.687857142857143
2021-06-08,DCOILBRENTEU,Brent,daily,71.39,1.6997619047619048
2021-06-09,DCOILBRENTEU,Brent,daily,71.31,1.697857142857143
2021-06-10,DCOILBRENTEU,Brent,daily,71.65,1.705952380952381
2021-06-11,DCOILBRENTEU,Brent,daily,72.05,1.7154761904761904
2021-06-14,DCOILBRENTEU,Brent,daily,72.27,1.7207142857142856
2021-06-15,DCOILBRENTEU,Brent,daily,73.38,1.747142857142857
2021-06-16,DCOILBRENTEU,Brent,daily,73.88,1.759047619047619
2021-06-17,DCOILBRENTEU,Brent,daily,72.92,1.7361904761904763
2021-06-18,DCOILBRENTEU,Brent,daily,73.1,1.7404761904761903
2021-06-21,DCOILBRENTEU,Brent,daily,74.49,1.7735714285714284
2021-06-22,DCOILBRENTEU,Brent,daily,74.92,1.783809523809524
2021-06-23,DCOILBRENTEU,Brent,daily,75.22,1.7909523809523809
2021-06-24,DCOILBRENTEU,Brent,daily,75.95,1.8083333333333333
2021-06-25,DCOILBRENTEU,Brent,daily,76.45,1.8202380952380952
2021-06-28,DCOILBRENTEU,Brent,daily,74.78,1.7804761904761905
2021-06-29,DCOILBRENTEU,Brent,daily,75.38,1.7947619047619046
2021-06-30,DCOILBRENTEU,Brent,daily,76.94,1.831904761904762
2021-07-01,DCOILBRENTEU,Brent,daily,76.69,1.825952380952381
2021-07-02,DCOILBRENTEU,Brent,daily,77.51,1.8454761904761905
2021-07-05,DCOILBRENTEU,Brent,daily,78.34,1.8652380952380954
2021-07-06,DCOILBRENTEU,Brent,daily,75.81,1.8050000000000002
2021-07-07,DCOILBRENTEU,Brent,daily,74.31,1.7692857142857144
2021-07-08,DCOILBRENTEU,Brent,daily,75.07,1.7873809523809523
2021-07-09,DCOILBRENTEU,Brent,daily,77.14,1.8366666666666667
2021-07-12,DCOILBRENTEU,Brent,daily,76.77,1.8278571428571428
2021-07-13,DCOILBRENTEU,Brent,daily,77.5,1.8452380952380953
2021-07-14,DCOILBRENTEU,Brent,daily,75.74,1.8033333333333332
2021-07-15,DCOILBRENTEU,Brent,daily,74.53,1.7745238095238096
2021-07-16,DCOILBRENTEU,Brent,daily,74.46,1.7728571428571427
2021-07-19,DCOILBRENTEU,Brent,daily,69.33,1.6507142857142856
2021-07-20,DCOILBRENTEU,Brent,daily,70.03,1.6673809523809524
2021-07-21,DCOILBRENTEU,Brent,daily,72.54,1.7271428571428573
2021-07-22,DCOILBRENTEU,Brent,daily,74.25,1.7678571428571428
2021-07-23,DCOILBRENTEU,Brent,daily,74.86,1.7823809523809524
2021-07-26,DCOILBRENTEU,Brent,daily,74.79,1.780714285714286
2021-07-27,DCOILBRENTEU,Brent,daily,74.87,1.7826190476190478
2021-07-28,DCOILBRENTEU,Brent,daily,75.09,1.787857142857143
2021-07-29,DCOILBRENTEU,Brent,daily,76.3,1.8166666666666667
2021-07-30,DCOILBRENTEU,Brent,daily,77.72,1.8504761904761904
2021-08-02,DCOILBRENTEU,Brent,daily,73.91,1.7597619047619046
2021-08-03,DCOILBRENTEU,Brent,daily,73.24,1.7438095238095237
2021-08-04,DCOILBRENTEU,Brent,daily,70.99,1.690238095238095
2021-08-05,DCOILBRENTEU,Brent,daily,72.14,1.7176190476190476
2021-08-06,DCOILBRENTEU,Brent,daily,71.02,1.6909523809523808
2021-08-09,DCOILBRENTEU,Brent,daily,69.65,1.6583333333333334
2021-08-10,DCOILBRENTEU,Brent,daily,71.14,1.6938095238095239
2021-08-11,DCOILBRENTEU,Brent,daily,71.99,1.7140476190476188
2021-08-12,DCOILBRENTEU,Brent,daily,71.79,1.7092857142857145
2021-08-13,DCOILBRENTEU,Brent,daily,70.9,1.6880952380952383
2021-08-16,DCOILBRENTEU,Brent,daily,70.07,1.6683333333333332
2021-08-17,DCOILBRENTEU,Brent,daily,69.4,1.6523809523809525
2021-08-18,DCOILBRENTEU,Brent,daily,68.61,1.6335714285714285
2021-08-19,DCOILBRENTEU,Brent,daily,66.8,1.5904761904761904
2021-08-20,DCOILBRENTEU,Brent,daily,65.51,1.559761904761905
2021-08-23,DCOILBRENTEU,Brent,daily,69.07,1.6445238095238093
2021-08-24,DCOILBRENTEU,Brent,daily,71.21,1.6954761904761904
2021-08-25,DCOILBRENTEU,Brent,daily,72.12,1.7171428571428573
2021-08-26,DCOILBRENTEU,Brent,daily,70.42,1.6766666666666667
2021-08-27,DCOILBRENTEU,Brent,daily,72.26,1.7204761904761905
2021-08-30,DCOILBRENTEU,Brent,daily,,
2021-08-31,DCOILBRENTEU,Brent,daily,73.45,1.7488095238095238
2021-09-01,DCOILBRENTEU,Brent,daily,71.99,1.7140476190476188
2021-09-02,DCOILBRENTEU,Brent,daily,73.56,1.7514285714285716
2021-09-03,DCOILBRENTEU,Brent,daily,73.07,1.7397619047619046
2021-09-06,DCOILBRENTEU,Brent,daily,72.43,1.7245238095238098
2021-09-07,DCOILBRENTEU,Brent,daily,71.52,1.7028571428571428
2021-09-08,DCOILBRENTEU,Brent,daily,72.36,1.7228571428571429
2021-09-09,DCOILBRENTEU,Brent,daily,71.32,1.6980952380952379
2021-09-10,DCOILBRENTEU,Brent,daily,72.44,1.7247619047619047
2021-09-13,DCOILBRENTEU,Brent,daily,72.97,1.7373809523809522
2021-09-14,DCOILBRENTEU,Brent,daily,73.05,1.7392857142857143
2021-09-15,DCOILBRENTEU,Brent,daily,74.84,1.7819047619047619
2021-09-16,DCOILBRENTEU,Brent,daily,75.14,1.789047619047619
2021-09-17,DCOILBRENTEU,Brent,daily,74.64,1.7771428571428571
2021-09-20,DCOILBRENTEU,Brent,daily,73.59,1.7521428571428572
2021-09-21,DCOILBRENTEU,Brent,daily,73.65,1.7535714285714288
2021-09-22,DCOILBRENTEU,Brent,daily,75.5,1.7976190476190477
2021-09-23,DCOILBRENTEU,Brent,daily,76.44,1.8199999999999998
2021-09-24,DCOILBRENTEU,Brent,daily,77.42,1.8433333333333333
2021-09-27,DCOILBRENTEU,Brent,daily,78.85,1.8773809523809522
2021-09-28,DCOILBRENTEU,Brent,daily,78.3,1.8642857142857143
2021-09-29,DCOILBRENTEU,Brent,daily,77.86,1.8538095238095238
2021-09-30,DCOILBRENTEU,Brent,daily,77.81,1.8526190476190476
2021-10-01,DCOILBRENTEU,Brent,daily,79.4,1.8904761904761906
2021-10-04,DCOILBRENTEU,Brent,daily,81.44,1.939047619047619
2021-10-05,DCOILBRENTEU,Brent,daily,82.72,1.9695238095238095
2021-10-06,DCOILBRENTEU,Brent,daily,81.39,1.937857142857143
2021-10-07,DCOILBRENTEU,Brent,daily,82.34,1.9604761904761905
2021-10-08,DCOILBRENTEU,Brent,daily,82.17,1.9564285714285714
2021-10-11,DCOILBRENTEU,Brent,daily,83.75,1.994047619047619
2021-10-12,DCOILBRENTEU,Brent,daily,83.53,1.9888095238095238
2021-10-13,DCOILBRENTEU,Brent,daily,83.53,1.9888095238095238
2021-10-14,DCOILBRENTEU,Brent,daily,83.86,1.9966666666666666
2021-10-15,DCOILBRENTEU,Brent,daily,84.67,2.015952380952381
2021-10-18,DCOILBRENTEU,Brent,daily,84.13,2.003095238095238
2021-10-19,DCOILBRENTEU,Brent,daily,85.02,2.024285714285714
2021-10-20,DCOILBRENTEU,Brent,daily,85.76,2.041904761904762
2021-10-21,DCOILBRENTEU,Brent,daily,84.58,2.013809523809524
2021-10-22,DCOILBRENTEU,Brent,daily,85.43,2.034047619047619
2021-10-25,DCOILBRENTEU,Brent,daily,84.85,2.020238095238095
2021-10-26,DCOILBRENTEU,Brent,daily,85.11,2.0264285714285712
2021-10-27,DCOILBRENTEU,Brent,daily,84.12,2.002857142857143
2021-10-28,DCOILBRENTEU,Brent,daily,83.4,1.9857142857142858
2021-10-29,DCOILBRENTEU,Brent,daily,83.1,1.9785714285714284
2021-11-01,DCOILBRENTEU,Brent,daily,84.51,2.0121428571428575
2021-11-02,DCOILBRENTEU,Brent,daily,84.42,2.0100000000000002
2021-11-03,DCOILBRENTEU,Brent,daily,81.1,1.9309523809523808
2021-11-04,DCOILBRENTEU,Brent,daily,80.15,1.9083333333333334
2021-11-05,DCOILBRENTEU,Brent,daily,82.43,1.9626190476190477
2021-11-08,DCOILBRENTEU,Brent,daily,83.22,1.9814285714285713
2021-11-09,DCOILBRENTEU,Brent,daily,84.52,2.012380952380952
2021-11-10,DCOILBRENTEU,Brent,daily,82.91,1.974047619047619
2021-11-11,DCOILBRENTEU,Brent,daily,83.4,1.9857142857142858
2021-11-12,DCOILBRENTEU,Brent,daily,82.9,1.973809523809524
2021-11-15,DCOILBRENTEU,Brent,daily,81.94,1.950952380952381
2021-11-16,DCOILBRENTEU,Brent,daily,82.85,1.9726190476190475
2021-11-17,DCOILBRENTEU,Brent,daily,80.67,1.9207142857142858
2021-11-18,DCOILBRENTEU,Brent,daily,82.45,1.9630952380952382
2021-11-19,DCOILBRENTEU,Brent,daily,80.24,1.9104761904761904
2021-11-22,DCOILBRENTEU,Brent,daily,80.97,1.927857142857143
2021-11-23,DCOILBRENTEU,Brent,daily,83.43,1.9864285714285717
2021-11-24,DCOILBRENTEU,Brent,daily,82.37,1.9611904761904764
2021-11-25,DCOILBRENTEU,Brent,daily,82.05,1.9535714285714285
2021-11-26,DCOILBRENTEU,Brent,daily,72.37,1.7230952380952382
2021-11-29,DCOILBRENTEU,Brent,daily,73.34,1.7461904761904763
2021-11-30,DCOILBRENTEU,Brent,daily,70.86,1.687142857142857
2021-12-01,DCOILBRENTEU,Brent,daily,69.53,1.6554761904761905
2021-12-02,DCOILBRENTEU,Brent,daily,70.56,1.6800000000000002
2021-12-03,DCOILBRENTEU,Brent,daily,70.71,1.6835714285714285
2021-12-06,DCOILBRENTEU,Brent,daily,73.38,1.747142857142857
2021-12-07,DCOILBRENTEU,Brent,daily,75.54,1.7985714285714287
2021-12-08,DCOILBRENTEU,Brent,daily,75.94,1.808095238095238
2021-12-09,DCOILBRENTEU,Brent,daily,74.1,1.7642857142857142
2021-12-10,DCOILBRENTEU,Brent,daily,74.98,1.7852380952380953
2021-12-13,DCOILBRENTEU,Brent,daily,74.12,1.764761904761905
2021-12-14,DCOILBRENTEU,Brent,daily,73.37,1.746904761904762
2021-12-15,DCOILBRENTEU,Brent,daily,73.71,1.755
2021-12-16,DCOILBRENTEU,Brent,daily,74.64,1.7771428571428571
2021-12-17,DCOILBRENTEU,Brent,daily,72.97,1.7373809523809522
2021-12-20,DCOILBRENTEU,Brent,daily,70.51,1.678809523809524
2021-12-21,DCOILBRENTEU,Brent,daily,72.85,1.7345238095238094
2021-12-22,DCOILBRENTEU,Brent,daily,74.69,1.7783333333333333
2021-12-23,DCOILBRENTEU,Brent,daily,76.26,1.8157142857142858
2021-12-24,DCOILBRENTEU,Brent,daily,75.24,1.7914285714285714
2021-12-27,DCOILBRENTEU,Brent,daily,,
2021-12-28,DCOILBRENTEU,Brent,daily,,
2021-12-29,DCOILBRENTEU,Brent,daily,78.63,1.872142857142857
2021-12-30,DCOILBRENTEU,Brent,daily,78.61,1.8716666666666666
2021-12-31,DCOILBRENTEU,Brent,daily,77.24,1.8390476190476188
2022-01-03,DCOILBRENTEU,Brent,daily,78.25,1.8630952380952381
2022-01-04,DCOILBRENTEU,Brent,daily,79.39,1.8902380952380953
2022-01-05,DCOILBRENTEU,Brent,daily,80.6,1.919047619047619
2022-01-06,DCOILBRENTEU,Brent,daily,81.99,1.952142857142857
2022-01-07,DCOILBRENTEU,Brent,daily,82.28,1.9590476190476191
2022-01-10,DCOILBRENTEU,Brent,daily,81.56,1.941904761904762
2022-01-11,DCOILBRENTEU,Brent,daily,84.98,2.0233333333333334
2022-01-12,DCOILBRENTEU,Brent,daily,85.83,2.0435714285714286
2022-01-13,DCOILBRENTEU,Brent,daily,85.8,2.0428571428571427
2022-01-14,DCOILBRENTEU,Brent,daily,87.17,2.0754761904761905
2022-01-17,DCOILBRENTEU,Brent,daily,87.82,2.090952380952381
2022-01-18,DCOILBRENTEU,Brent,daily,88.83,2.1149999999999998
2022-01-19,DCOILBRENTEU,Brent,daily,89.64,2.1342857142857143
2022-01-20,DCOILBRENTEU,Brent,daily,89.75,2.136904761904762
2022-01-21,DCOILBRENTEU,Brent,daily,89.75,2.136904761904762
2022-01-24,DCOILBRENTEU,Brent,daily,87.74,2.089047619047619
2022-01-25,DCOILBRENTEU,Brent,daily,89.49,2.130714285714286
2022-01-26,DCOILBRENTEU,Brent,daily,91.22,2.171904761904762
2022-01-27,DCOILBRENTEU,Brent,daily,90.7,2.1595238095238094
2022-01-28,DCOILBRENTEU,Brent,daily,91.47,2.177857142857143
2022-01-31,DCOILBRENTEU,Brent,daily,92.35,2.1988095238095235
2022-02-01,DCOILBRENTEU,Brent,daily,90.24,2.1485714285714286
2022-02-02,DCOILBRENTEU,Brent,daily,91.43,2.176904761904762
2022-02-03,DCOILBRENTEU,Brent,daily,92.99,2.214047619047619
2022-02-04,DCOILBRENTEU,Brent,daily,96.86,2.3061904761904763
2022-02-07,DCOILBRENTEU,Brent,daily,97.28,2.316190476190476
2022-02-08,DCOILBRENTEU,Brent,daily,96.07,2.287380952380952
2022-02-09,DCOILBRENTEU,Brent,daily,94.95,2.2607142857142857
2022-02-10,DCOILBRENTEU,Brent,daily,96.37,2.2945238095238096
2022-02-11,DCOILBRENTEU,Brent,daily,97.5,2.3214285714285716
2022-02-14,DCOILBRENTEU,Brent,daily,101.66,2.4204761904761902
2022-02-15,DCOILBRENTEU,Brent,daily,98.43,2.343571428571429
2022-02-16,DCOILBRENTEU,Brent,daily,97.44,2.32
2022-02-17,DCOILBRENTEU,Brent,daily,95.28,2.2685714285714287
2022-02-18,DCOILBRENTEU,Brent,daily,96.18,2.29
2022-02-21,DCOILBRENTEU,Brent,daily,98.95,2.355952380952381
2022-02-22,DCOILBRENTEU,Brent,daily,98.73,2.350714285714286
2022-02-23,DCOILBRENTEU,Brent,daily,99.29,2.364047619047619
2022-02-24,DCOILBRENTEU,Brent,daily,101.29,2.4116666666666666
2022-02-25,DCOILBRENTEU,Brent,daily,98.56,2.3466666666666667
2022-02-28,DCOILBRENTEU,Brent,daily,103.08,2.454285714285714
2022-03-01,DCOILBRENTEU,Brent,daily,110.93,2.6411904761904763
2022-03-02,DCOILBRENTEU,Brent,daily,118.94,2.8319047619047617
2022-03-03,DCOILBRENTEU,Brent,daily,115.36,2.7466666666666666
2022-03-04,DCOILBRENTEU,Brent,daily,123.86,2.949047619047619
2022-03-07,DCOILBRENTEU,Brent,daily,129.02,3.0719047619047624
2022-03-08,DCOILBRENTEU,Brent,daily,133.18,3.170952380952381
2022-03-09,DCOILBRENTEU,Brent,daily,116.58,2.775714285714286
2022-03-10,DCOILBRENTEU,Brent,daily,114.54,2.7271428571428573
2022-03-11,DCOILBRENTEU,Brent,daily,118.11,2.8121428571428573
2022-03-14,DCOILBRENTEU,Brent,daily,110.39,2.6283333333333334
2022-03-15,DCOILBRENTEU,Brent,daily,105.14,2.5033333333333334
2022-03-16,DCOILBRENTEU,Brent,daily,104.61,2.4907142857142857
2022-03-17,DCOILBRENTEU,Brent,daily,113.5,2.7023809523809526
2022-03-18,DCOILBRENTEU,Brent,daily,114.32,2.721904761904762
2022-03-21,DCOILBRENTEU,Brent,daily,122.29,2.9116666666666666
2022-03-22,DCOILBRENTEU,Brent,daily,121.53,2.8935714285714287
2022-03-23,DCOILBRENTEU,Brent,daily,127.52,3.036190476190476
2022-03-24,DCOILBRENTEU,Brent,daily,123.98,2.951904761904762
2022-03-25,DCOILBRENTEU,Brent,daily,122.67,2.920714285714286
2022-03-28,DCOILBRENTEU,Brent,daily,114.5,2.7261904761904763
2022-03-29,DCOILBRENTEU,Brent,daily,112.79,2.685476190476191
2022-03-30,DCOILBRENTEU,Brent,daily,115.59,2.7521428571428572
2022-03-31,DCOILBRENTEU,Brent,daily,107.29,2.55452380952381
2022-04-01,DCOILBRENTEU,Brent,daily,106.13,2.526904761904762
2022-04-04,DCOILBRENTEU,Brent,daily,108.15,2.575
2022-04-05,DCOILBRENTEU,Brent,daily,106.6,2.538095238095238
2022-04-06,DCOILBRENTEU,Brent,daily,100.81,2.4002380952380955
2022-04-07,DCOILBRENTEU,Brent,daily,99.83,2.376904761904762
2022-04-08,DCOILBRENTEU,Brent,daily,101.26,2.410952380952381
2022-04-11,DCOILBRENTEU,Brent,daily,97.92,2.3314285714285714
2022-04-12,DCOILBRENTEU,Brent,daily,104.42,2.486190476190476
2022-04-13,DCOILBRENTEU,Brent,daily,108.49,2.583095238095238
2022-04-14,DCOILBRENTEU,Brent,daily,110.83,2.638809523809524
2022-04-15,DCOILBRENTEU,Brent,daily,,
2022-04-18,DCOILBRENTEU,Brent,daily,,
2022-04-19,DCOILBRENTEU,Brent,daily,105.49,2.5116666666666667
2022-04-20,DCOILBRENTEU,Brent,daily,105.05,2.501190476190476
2022-04-21,DCOILBRENTEU,Brent,daily,107.2,2.5523809523809526
2022-04-22,DCOILBRENTEU,Brent,daily,105.15,2.5035714285714286
2022-04-25,DCOILBRENTEU,Brent,daily,99.27,2.3635714285714284
2022-04-26,DCOILBRENTEU,Brent,daily,102.89,2.4497619047619046
2022-04-27,DCOILBRENTEU,Brent,daily,103.3,2.4595238095238097
2022-04-28,DCOILBRENTEU,Brent,daily,105.78,2.5185714285714287
2022-04-29,DCOILBRENTEU,Brent,daily,108.36,2.58
2022-05-02,DCOILBRENTEU,Brent,daily,,
2022-05-03,DCOILBRENTEU,Brent,daily,104.94,2.4985714285714287
2022-05-04,DCOILBRENTEU,Brent,daily,110.53,2.631666666666667
2022-05-05,DCOILBRENTEU,Brent,daily,112.11,2.6692857142857145
2022-05-06,DCOILBRENTEU,Brent,daily,113.86,2.710952380952381
2022-05-09,DCOILBRENTEU,Brent,daily,106.67,2.539761904761905
2022-05-10,DCOILBRENTEU,Brent,daily,102.61,2.443095238095238
2022-05-11,DCOILBRENTEU,Brent,daily,107.7,2.5642857142857145
2022-05-12,DCOILBRENTEU,Brent,daily,108.06,2.572857142857143
2022-05-13,DCOILBRENTEU,Brent,daily,112.12,2.6695238095238096
2022-05-16,DCOILBRENTEU,Brent,daily,114.86,2.7347619047619047
2022-05-17,DCOILBRENTEU,Brent,daily,112.89,2.6878571428571427
2022-05-18,DCOILBRENTEU,Brent,daily,110.04,2.62
2022-05-19,DCOILBRENTEU,Brent,daily,113.22,2.6957142857142857
2022-05-20,DCOILBRENTEU,Brent,daily,113.63,2.7054761904761904
2022-05-23,DCOILBRENTEU,Brent,daily,115.13,2.741190476190476
2022-05-24,DCOILBRENTEU,Brent,daily,115.77,2.7564285714285712
2022-05-25,DCOILBRENTEU,Brent,daily,116.41,2.7716666666666665
2022-05-26,DCOILBRENTEU,Brent,daily,119.81,2.8526190476190476
2022-05-27,DCOILBRENTEU,Brent,daily,121.19,2.8854761904761905
2022-05-30,DCOILBRENTEU,Brent,daily,123.01,2.928809523809524
2022-05-31,DCOILBRENTEU,Brent,daily,125.53,2.988809523809524
2022-06-01,DCOILBRENTEU,Brent,daily,122.2,2.9095238095238094
2022-06-02,DCOILBRENTEU,Brent,daily,,
2022-06-03,DCOILBRENTEU,Brent,daily,125.68,2.9923809523809526
2022-06-06,DCOILBRENTEU,Brent,daily,124.99,2.9759523809523807
2022-06-07,DCOILBRENTEU,Brent,daily,126.89,3.021190476190476
2022-06-08,DCOILBRENTEU,Brent,daily,129.2,3.076190476190476
2022-06-09,DCOILBRENTEU,Brent,daily,128.47,3.058809523809524
2022-06-10,DCOILBRENTEU,Brent,daily,127.44,3.0342857142857143
2022-06-13,DCOILBRENTEU,Brent,daily,128.44,3.058095238095238
2022-06-14,DCOILBRENTEU,Brent,daily,127.02,3.024285714285714
2022-06-15,DCOILBRENTEU,Brent,daily,124.96,2.9752380952380952
2022-06-16,DCOILBRENTEU,Brent,daily,125.78,2.994761904761905
2022-06-17,DCOILBRENTEU,Brent,daily,119.22,2.8385714285714285
2022-06-20,DCOILBRENTEU,Brent,daily,118.25,2.8154761904761907
2022-06-21,DCOILBRENTEU,Brent,daily,118.51,2.8216666666666668
2022-06-22,DCOILBRENTEU,Brent,daily,115.54,2.750952380952381
2022-06-23,DCOILBRENTEU,Brent,daily,114.5,2.7261904761904763
2022-06-24,DCOILBRENTEU,Brent,daily,117.36,2.7942857142857145
2022-06-27,DCOILBRENTEU,Brent,daily,119.69,2.8497619047619045
2022-06-28,DCOILBRENTEU,Brent,daily,122.21,2.9097619047619045
2022-06-29,DCOILBRENTEU,Brent,daily,120.8,2.876190476190476
2022-06-30,DCOILBRENTEU,Brent,daily,119.78,2.8519047619047617
2022-07-01,DCOILBRENTEU,Brent,daily,119.21,2.8383333333333334
2022-07-04,DCOILBRENTEU,Brent,daily,121.8,2.9
2022-07-05,DCOILBRENTEU,Brent,daily,110.49,2.630714285714286
2022-07-06,DCOILBRENTEU,Brent,daily,108.54,2.5842857142857145
2022-07-07,DCOILBRENTEU,Brent,daily,113.4,2.7
2022-07-08,DCOILBRENTEU,Brent,daily,113.95,2.7130952380952382
2022-07-11,DCOILBRENTEU,Brent,daily,114.85,2.7345238095238096
2022-07-12,DCOILBRENTEU,Brent,daily,106.98,2.547142857142857
2022-07-13,DCOILBRENTEU,Brent,daily,107.17,2.5516666666666667
2022-07-14,DCOILBRENTEU,Brent,daily,107.74,2.565238095238095
2022-07-15,DCOILBRENTEU,Brent,daily,112.26,2.672857142857143
2022-07-18,DCOILBRENTEU,Brent,daily,117.27,2.7921428571428573
2022-07-19,DCOILBRENTEU,Brent,daily,114.96,2.737142857142857
2022-07-20,DCOILBRENTEU,Brent,daily,115.86,2.7585714285714285
2022-07-21,DCOILBRENTEU,Brent,daily,112.81,2.685952380952381
2022-07-22,DCOILBRENTEU,Brent,daily,106.77,2.5421428571428573
2022-07-25,DCOILBRENTEU,Brent,daily,108.23,2.576904761904762
2022-07-26,DCOILBRENTEU,Brent,daily,107.32,2.555238095238095
2022-07-27,DCOILBRENTEU,Brent,daily,109.64,2.6104761904761906
2022-07-28,DCOILBRENTEU,Brent,daily,109.68,2.6114285714285717
2022-07-29,DCOILBRENTEU,Brent,daily,111.51,2.6550000000000002
2022-08-01,DCOILBRENTEU,Brent,daily,106.09,2.525952380952381
2022-08-02,DCOILBRENTEU,Brent,daily,106.51,2.535952380952381
2022-08-03,DCOILBRENTEU,Brent,daily,101.82,2.424285714285714
2022-08-04,DCOILBRENTEU,Brent,daily,97.99,2.333095238095238
2022-08-05,DCOILBRENTEU,Brent,daily,100.31,2.388333333333333
2022-08-08,DCOILBRENTEU,Brent,daily,103.46,2.4633333333333334
2022-08-09,DCOILBRENTEU,Brent,daily,103.81,2.4716666666666667
2022-08-10,DCOILBRENTEU,Brent,daily,105.06,2.5014285714285713
2022-08-11,DCOILBRENTEU,Brent,daily,107.19,2.552142857142857
2022-08-12,DCOILBRENTEU,Brent,daily,103.7,2.469047619047619
2022-08-15,DCOILBRENTEU,Brent,daily,98.25,2.3392857142857144
2022-08-16,DCOILBRENTEU,Brent,daily,95.36,2.2704761904761903
2022-08-17,DCOILBRENTEU,Brent,daily,97.22,2.314761904761905
2022-08-18,DCOILBRENTEU,Brent,daily,96.35,2.294047619047619
2022-08-19,DCOILBRENTEU,Brent,daily,96.45,2.2964285714285717
2022-08-22,DCOILBRENTEU,Brent,daily,95.06,2.263333333333333
2022-08-23,DCOILBRENTEU,Brent,daily,99.49,2.3688095238095235
2022-08-24,DCOILBRENTEU,Brent,daily,99.87,2.377857142857143
2022-08-25,DCOILBRENTEU,Brent,daily,98.81,2.3526190476190476
2022-08-26,DCOILBRENTEU,Brent,daily,101.13,2.407857142857143
2022-08-29,DCOILBRENTEU,Brent,daily,,
2022-08-30,DCOILBRENTEU,Brent,daily,99.34,2.3652380952380954
2022-08-31,DCOILBRENTEU,Brent,daily,96.55,2.2988095238095236
2022-09-01,DCOILBRENTEU,Brent,daily,92.24,2.196190476190476
2022-09-02,DCOILBRENTEU,Brent,daily,93.09,2.2164285714285716
2022-09-05,DCOILBRENTEU,Brent,daily,94.22,2.243333333333333
2022-09-06,DCOILBRENTEU,Brent,daily,91.43,2.176904761904762
2022-09-07,DCOILBRENTEU,Brent,daily,86.83,2.0673809523809523
2022-09-08,DCOILBRENTEU,Brent,daily,87.99,2.0949999999999998
2022-09-09,DCOILBRENTEU,Brent,daily,91.68,2.182857142857143
2022-09-12,DCOILBRENTEU,Brent,daily,93.45,2.225
2022-09-13,DCOILBRENTEU,Brent,daily,92.04,2.1914285714285717
2022-09-14,DCOILBRENTEU,Brent,daily,92.83,2.210238095238095
2022-09-15,DCOILBRENTEU,Brent,daily,89.28,2.125714285714286
2022-09-16,DCOILBRENTEU,Brent,daily,89.43,2.1292857142857144
2022-09-19,DCOILBRENTEU,Brent,daily,,
2022-09-20,DCOILBRENTEU,Brent,daily,89.62,2.133809523809524
2022-09-21,DCOILBRENTEU,Brent,daily,89.86,2.1395238095238094
2022-09-22,DCOILBRENTEU,Brent,daily,90.4,2.1523809523809527
2022-09-23,DCOILBRENTEU,Brent,daily,84.29,2.006904761904762
2022-09-26,DCOILBRENTEU,Brent,daily,82.55,1.9654761904761904
2022-09-27,DCOILBRENTEU,Brent,daily,85.97,2.046904761904762
2022-09-28,DCOILBRENTEU,Brent,daily,89.55,2.132142857142857
2022-09-29,DCOILBRENTEU,Brent,daily,89.41,2.1288095238095237
2022-09-30,DCOILBRENTEU,Brent,daily,88.9,2.1166666666666667
2022-10-03,DCOILBRENTEU,Brent,daily,90.68,2.159047619047619
2022-10-04,DCOILBRENTEU,Brent,daily,93.74,2.2319047619047616
2022-10-05,DCOILBRENTEU,Brent,daily,94.35,2.2464285714285714
2022-10-06,DCOILBRENTEU,Brent,daily,95.65,2.2773809523809527
2022-10-07,DCOILBRENTEU,Brent,daily,98.88,2.354285714285714
2022-10-10,DCOILBRENTEU,Brent,daily,97.13,2.3126190476190476
2022-10-11,DCOILBRENTEU,Brent,daily,95.17,2.265952380952381
2022-10-12,DCOILBRENTEU,Brent,daily,93.44,2.2247619047619045
2022-10-13,DCOILBRENTEU,Brent,daily,95.16,2.2657142857142856
2022-10-14,DCOILBRENTEU,Brent,daily,92.22,2.1957142857142857
2022-10-17,DCOILBRENTEU,Brent,daily,91.04,2.1676190476190476
2022-10-18,DCOILBRENTEU,Brent,daily,89.46,2.13
2022-10-19,DCOILBRENTEU,Brent,daily,91.34,2.1747619047619047
2022-10-20,DCOILBRENTEU,Brent,daily,91.52,2.179047619047619
2022-10-21,DCOILBRENTEU,Brent,daily,91.82,2.1861904761904762
2022-10-24,DCOILBRENTEU,Brent,daily,91.57,2.180238095238095
2022-10-25,DCOILBRENTEU,Brent,daily,91.76,2.184761904761905
2022-10-26,DCOILBRENTEU,Brent,daily,92.93,2.212619047619048
2022-10-27,DCOILBRENTEU,Brent,daily,94.17,2.242142857142857
2022-10-28,DCOILBRENTEU,Brent,daily,94.64,2.2533333333333334
2022-10-31,DCOILBRENTEU,Brent,daily,93.3,2.2214285714285715
2022-11-01,DCOILBRENTEU,Brent,daily,95.12,2.264761904761905
2022-11-02,DCOILBRENTEU,Brent,daily,96.07,2.287380952380952
2022-11-03,DCOILBRENTEU,Brent,daily,95.29,2.268809523809524
2022-11-04,DCOILBRENTEU,Brent,daily,99.53,2.369761904761905
2022-11-07,DCOILBRENTEU,Brent,daily,99.87,2.377857142857143
2022-11-08,DCOILBRENTEU,Brent,daily,96.85,2.3059523809523808
2022-11-09,DCOILBRENTEU,Brent,daily,93.05,2.2154761904761906
2022-11-10,DCOILBRENTEU,Brent,daily,94.25,2.244047619047619
2022-11-11,DCOILBRENTEU,Brent,daily,96.37,2.2945238095238096
2022-11-14,DCOILBRENTEU,Brent,daily,93.59,2.2283333333333335
2022-11-15,DCOILBRENTEU,Brent,daily,94.3,2.2452380952380953
2022-11-16,DCOILBRENTEU,Brent,daily,92.61,2.205
2022-11-17,DCOILBRENTEU,Brent,daily,91.0,2.1666666666666665
2022-11-18,DCOILBRENTEU,Brent,daily,88.93,2.1173809523809526
2022-11-21,DCOILBRENTEU,Brent,daily,88.44,2.105714285714286
2022-11-22,DCOILBRENTEU,Brent,daily,88.65,2.1107142857142858
2022-11-23,DCOILBRENTEU,Brent,daily,85.9,2.0452380952380955
2022-11-24,DCOILBRENTEU,Brent,daily,85.59,2.037857142857143
2022-11-25,DCOILBRENTEU,Brent,daily,83.4,1.9857142857142858
2022-11-28,DCOILBRENTEU,Brent,daily,83.5,1.9880952380952381
2022-11-29,DCOILBRENTEU,Brent,daily,83.22,1.9814285714285713
2022-11-30,DCOILBRENTEU,Brent,daily,85.61,2.038333333333333
2022-12-01,DCOILBRENTEU,Brent,daily,86.28,2.0542857142857143
2022-12-02,DCOILBRENTEU,Brent,daily,86.54,2.060476190476191
2022-12-05,DCOILBRENTEU,Brent,daily,83.36,1.9847619047619047
2022-12-06,DCOILBRENTEU,Brent,daily,79.92,1.9028571428571428
2022-12-07,DCOILBRENTEU,Brent,daily,77.11,1.835952380952381
2022-12-08,DCOILBRENTEU,Brent,daily,76.02,1.8099999999999998
2022-12-09,DCOILBRENTEU,Brent,daily,76.37,1.8183333333333334
2022-12-12,DCOILBRENTEU,Brent,daily,78.0,1.8571428571428572
2022-12-13,DCOILBRENTEU,Brent,daily,80.14,1.908095238095238
2022-12-14,DCOILBRENTEU,Brent,daily,83.33,1.984047619047619
2022-12-15,DCOILBRENTEU,Brent,daily,82.34,1.9604761904761905
2022-12-16,DCOILBRENTEU,Brent,daily,80.2,1.9095238095238096
2022-12-19,DCOILBRENTEU,Brent,daily,81.66,1.9442857142857142
2022-12-20,DCOILBRENTEU,Brent,daily,79.45,1.8916666666666668
2022-12-21,DCOILBRENTEU,Brent,daily,80.25,1.9107142857142858
2022-12-22,DCOILBRENTEU,Brent,daily,79.58,1.8947619047619046
2022-12-23,DCOILBRENTEU,Brent,daily,82.45,1.9630952380952382
2022-12-26,DCOILBRENTEU,Brent,daily,,
2022-12-27,DCOILBRENTEU,Brent,daily,,
2022-12-28,DCOILBRENTEU,Brent,daily,81.7,1.9452380952380952
2022-12-29,DCOILBRENTEU,Brent,daily,80.96,1.9276190476190476
2022-12-30,DCOILBRENTEU,Brent,daily,82.82,1.9719047619047618
2023-01-02,DCOILBRENTEU,Brent,daily,,
2023-01-03,DCOILBRENTEU,Brent,daily,80.36,1.9133333333333333
2023-01-04,DCOILBRENTEU,Brent,daily,75.31,1.793095238095238
2023-01-05,DCOILBRENTEU,Brent,daily,76.73,1.826904761904762
2023-01-06,DCOILBRENTEU,Brent,daily,76.41,1.8192857142857142
2023-01-09,DCOILBRENTEU,Brent,daily,77.5,1.8452380952380953
2023-01-10,DCOILBRENTEU,Brent,daily,78.4,1.8666666666666667
2023-01-11,DCOILBRENTEU,Brent,daily,81.11,1.9311904761904761
2023-01-12,DCOILBRENTEU,Brent,daily,82.59,1.9664285714285714
2023-01-13,DCOILBRENTEU,Brent,daily,83.43,1.9864285714285717
2023-01-16,DCOILBRENTEU,Brent,daily,82.65,1.967857142857143
2023-01-17,DCOILBRENTEU,Brent,daily,84.38,2.0090476190476187
2023-01-18,DCOILBRENTEU,Brent,daily,83.78,1.9947619047619047
2023-01-19,DCOILBRENTEU,Brent,daily,85.08,2.025714285714286
2023-01-20,DCOILBRENTEU,Brent,daily,86.96,2.07047619047619
2023-01-23,DCOILBRENTEU,Brent,daily,87.54,2.0842857142857145
2023-01-24,DCOILBRENTEU,Brent,daily,85.25,2.0297619047619047
2023-01-25,DCOILBRENTEU,Brent,daily,85.08,2.025714285714286
2023-01-26,DCOILBRENTEU,Brent,daily,86.29,2.05452380952381
2023-01-27,DCOILBRENTEU,Brent,daily,85.36,2.032380952380952
2023-01-30,DCOILBRENTEU,Brent,daily,84.9,2.0214285714285714
2023-01-31,DCOILBRENTEU,Brent,daily,83.42,1.9861904761904763
2023-02-01,DCOILBRENTEU,Brent,daily,81.61,1.943095238095238
2023-02-02,DCOILBRENTEU,Brent,daily,80.57,1.9183333333333332
2023-02-03,DCOILBRENTEU,Brent,daily,78.85,1.8773809523809522
2023-02-06,DCOILBRENTEU,Brent,daily,80.48,1.9161904761904762
2023-02-07,DCOILBRENTEU,Brent,daily,82.92,1.9742857142857144
2023-02-08,DCOILBRENTEU,Brent,daily,84.17,2.0040476190476193
2023-02-09,DCOILBRENTEU,Brent,daily,83.46,1.987142857142857
2023-02-10,DCOILBRENTEU,Brent,daily,85.46,2.0347619047619045
2023-02-13,DCOILBRENTEU,Brent,daily,85.98,2.047142857142857
2023-02-14,DCOILBRENTEU,Brent,daily,84.96,2.0228571428571427
2023-02-15,DCOILBRENTEU,Brent,daily,84.11,2.0026190476190475
2023-02-16,DCOILBRENTEU,Brent,daily,83.84,1.9961904761904763
2023-02-17,DCOILBRENTEU,Brent,daily,81.97,1.9516666666666667
2023-02-20,DCOILBRENTEU,Brent,daily,82.79,1.9711904761904764
2023-02-21,DCOILBRENTEU,Brent,daily,82.14,1.9557142857142857
2023-02-22,DCOILBRENTEU,Brent,daily,79.55,1.894047619047619
2023-02-23,DCOILBRENTEU,Brent,daily,82.08,1.9542857142857142
2023-02-24,DCOILBRENTEU,Brent,daily,82.31,1.9597619047619048
2023-02-27,DCOILBRENTEU,Brent,daily,81.24,1.9342857142857142
2023-02-28,DCOILBRENTEU,Brent,daily,83.21,1.981190476190476
2023-03-01,DCOILBRENTEU,Brent,daily,83.68,1.9923809523809526
2023-03-02,DCOILBRENTEU,Brent,daily,84.15,2.0035714285714286
2023-03-03,DCOILBRENTEU,Brent,daily,85.74,2.0414285714285714
2023-03-06,DCOILBRENTEU,Brent,daily,85.86,2.0442857142857145
2023-03-07,DCOILBRENTEU,Brent,daily,83.03,1.976904761904762
2023-03-08,DCOILBRENTEU,Brent,daily,82.1,1.9547619047619047
2023-03-09,DCOILBRENTEU,Brent,daily,81.0,1.9285714285714286
2023-03-10,DCOILBRENTEU,Brent,daily,82.3,1.9595238095238094
2023-03-13,DCOILBRENTEU,Brent,daily,79.67,1.8969047619047619
2023-03-14,DCOILBRENTEU,Brent,daily,76.77,1.8278571428571428
2023-03-15,DCOILBRENTEU,Brent,daily,74.3,1.769047619047619
2023-03-16,DCOILBRENTEU,Brent,daily,73.12,1.740952380952381
2023-03-17,DCOILBRENTEU,Brent,daily,71.03,1.6911904761904761
2023-03-20,DCOILBRENTEU,Brent,daily,72.42,1.7242857142857144
2023-03-21,DCOILBRENTEU,Brent,daily,74.78,1.7804761904761905
2023-03-22,DCOILBRENTEU,Brent,daily,76.08,1.8114285714285714
2023-03-23,DCOILBRENTEU,Brent,daily,74.31,1.7692857142857144
2023-03-24,DCOILBRENTEU,Brent,daily,73.63,1.753095238095238
2023-03-27,DCOILBRENTEU,Brent,daily,76.8,1.8285714285714285
2023-03-28,DCOILBRENTEU,Brent,daily,78.07,1.8588095238095237
2023-03-29,DCOILBRENTEU,Brent,daily,77.51,1.8454761904761905
2023-03-30,DCOILBRENTEU,Brent,daily,78.45,1.8678571428571429
2023-03-31,DCOILBRENTEU,Brent,daily,79.19,1.8854761904761905
2023-04-03,DCOILBRENTEU,Brent,daily,85.81,2.0430952380952383
2023-04-04,DCOILBRENTEU,Brent,daily,85.7,2.0404761904761903
2023-04-05,DCOILBRENTEU,Brent,daily,85.89,2.045
2023-04-06,DCOILBRENTEU,Brent,daily,86.56,2.060952380952381
2023-04-07,DCOILBRENTEU,Brent,daily,,
2023-04-10,DCOILBRENTEU,Brent,daily,,
2023-04-11,DCOILBRENTEU,Brent,daily,87.32,2.079047619047619
2023-04-12,DCOILBRENTEU,Brent,daily,88.31,2.1026190476190476
2023-04-13,DCOILBRENTEU,Brent,daily,86.51,2.059761904761905
2023-04-14,DCOILBRENTEU,Brent,daily,87.31,2.078809523809524
2023-04-17,DCOILBRENTEU,Brent,daily,85.63,2.038809523809524
2023-04-18,DCOILBRENTEU,Brent,daily,85.48,2.0352380952380953
2023-04-19,DCOILBRENTEU,Brent,daily,85.34,2.031904761904762
2023-04-20,DCOILBRENTEU,Brent,daily,83.29,1.9830952380952382
2023-04-21,DCOILBRENTEU,Brent,daily,83.36,1.9847619047619047
2023-04-24,DCOILBRENTEU,Brent,daily,84.23,2.0054761904761906
2023-04-25,DCOILBRENTEU,Brent,daily,82.13,1.9554761904761904
2023-04-26,DCOILBRENTEU,Brent,daily,79.19,1.8854761904761905
2023-04-27,DCOILBRENTEU,Brent,daily,80.11,1.9073809523809524
2023-04-28,DCOILBRENTEU,Brent,daily,81.32,1.936190476190476
2023-05-01,DCOILBRENTEU,Brent,daily,,
2023-05-02,DCOILBRENTEU,Brent,daily,76.71,1.8264285714285713
2023-05-03,DCOILBRENTEU,Brent,daily,72.91,1.735952380952381
2023-05-04,DCOILBRENTEU,Brent,daily,73.0,1.7380952380952381
2023-05-05,DCOILBRENTEU,Brent,daily,75.85,1.8059523809523808
2023-05-08,DCOILBRENTEU,Brent,daily,,
2023-05-09,DCOILBRENTEU,Brent,daily,77.76,1.8514285714285716
2023-05-10,DCOILBRENTEU,Brent,daily,76.7,1.8261904761904764
2023-05-11,DCOILBRENTEU,Brent,daily,75.32,1.7933333333333332
2023-05-12,DCOILBRENTEU,Brent,daily,74.54,1.774761904761905
2023-05-15,DCOILBRENTEU,Brent,daily,75.46,1.7966666666666664
2023-05-16,DCOILBRENTEU,Brent,daily,75.15,1.7892857142857144
2023-05-17,DCOILBRENTEU,Brent,daily,76.98,1.832857142857143
2023-05-18,DCOILBRENTEU,Brent,daily,75.75,1.8035714285714286
2023-05-19,DCOILBRENTEU,Brent,daily,75.42,1.7957142857142858
2023-05-22,DCOILBRENTEU,Brent,daily,75.77,1.804047619047619
2023-05-23,DCOILBRENTEU,Brent,daily,76.66,1.825238095238095
2023-05-24,DCOILBRENTEU,Brent,daily,77.99,1.8569047619047618
2023-05-25,DCOILBRENTEU,Brent,daily,75.66,1.8014285714285714
2023-05-26,DCOILBRENTEU,Brent,daily,76.33,1.8173809523809523
2023-05-29,DCOILBRENTEU,Brent,daily,,
2023-05-30,DCOILBRENTEU,Brent,daily,73.38,1.747142857142857
2023-05-31,DCOILBRENTEU,Brent,daily,71.98,1.713809523809524
2023-06-01,DCOILBRENTEU,Brent,daily,74.18,1.7661904761904763
2023-06-02,DCOILBRENTEU,Brent,daily,76.0,1.8095238095238095
2023-06-05,DCOILBRENTEU,Brent,daily,76.61,1.8240476190476191
2023-06-06,DCOILBRENTEU,Brent,daily,76.22,1.8147619047619048
2023-06-07,DCOILBRENTEU,Brent,daily,76.85,1.8297619047619047
2023-06-08,DCOILBRENTEU,Brent,daily,75.88,1.8066666666666666
2023-06-09,DCOILBRENTEU,Brent,daily,74.74,1.7795238095238095
2023-06-12,DCOILBRENTEU,Brent,daily,71.8,1.7095238095238094
2023-06-13,DCOILBRENTEU,Brent,daily,74.24,1.7676190476190474
2023-06-14,DCOILBRENTEU,Brent,daily,73.39,1.7473809523809525
2023-06-15,DCOILBRENTEU,Brent,daily,75.75,1.8035714285714286
2023-06-16,DCOILBRENTEU,Brent,daily,76.76,1.8276190476190477
2023-06-19,DCOILBRENTEU,Brent,daily,76.09,1.8116666666666668
2023-06-20,DCOILBRENTEU,Brent,daily,75.79,1.8045238095238096
2023-06-21,DCOILBRENTEU,Brent,daily,76.92,1.8314285714285714
2023-06-22,DCOILBRENTEU,Brent,daily,73.93,1.7602380952380954
2023-06-23,DCOILBRENTEU,Brent,daily,73.56,1.7514285714285716
2023-06-26,DCOILBRENTEU,Brent,daily,73.86,1.7585714285714285
2023-06-27,DCOILBRENTEU,Brent,daily,71.88,1.7114285714285713
2023-06-28,DCOILBRENTEU,Brent,daily,73.64,1.7533333333333334
2023-06-29,DCOILBRENTEU,Brent,daily,73.86,1.7585714285714285
2023-06-30,DCOILBRENTEU,Brent,daily,74.51,1.774047619047619
2023-07-03,DCOILBRENTEU,Brent,daily,74.52,1.7742857142857142
2023-07-04,DCOILBRENTEU,Brent,daily,76.23,1.8150000000000002
2023-07-05,DCOILBRENTEU,Brent,daily,76.74,1.827142857142857
2023-07-06,DCOILBRENTEU,Brent,daily,76.72,1.8266666666666667
2023-07-07,DCOILBRENTEU,Brent,daily,78.77,1.8754761904761903
2023-07-10,DCOILBRENTEU,Brent,daily,77.83,1.8530952380952381
2023-07-11,DCOILBRENTEU,Brent,daily,79.54,1.893809523809524
2023-07-12,DCOILBRENTEU,Brent,daily,80.35,1.913095238095238
2023-07-13,DCOILBRENTEU,Brent,daily,81.31,1.935952380952381
2023-07-14,DCOILBRENTEU,Brent,daily,79.9,1.9023809523809525
2023-07-17,DCOILBRENTEU,Brent,daily,77.8,1.8523809523809522
2023-07-18,DCOILBRENTEU,Brent,daily,79.54,1.893809523809524
2023-07-19,DCOILBRENTEU,Brent,daily,79.38,1.89
2023-07-20,DCOILBRENTEU,Brent,daily,79.62,1.895714285714286
2023-07-21,DCOILBRENTEU,Brent,daily,81.06,1.9300000000000002
2023-07-24,DCOILBRENTEU,Brent,daily,82.53,1.965
2023-07-25,DCOILBRENTEU,Brent,daily,83.46,1.987142857142857
2023-07-26,DCOILBRENTEU,Brent,daily,82.98,1.9757142857142858
2023-07-27,DCOILBRENTEU,Brent,daily,84.28,2.006666666666667
2023-07-28,DCOILBRENTEU,Brent,daily,84.49,2.0116666666666667
2023-07-31,DCOILBRENTEU,Brent,daily,85.22,2.029047619047619
2023-08-01,DCOILBRENTEU,Brent,daily,85.34,2.031904761904762
2023-08-02,DCOILBRENTEU,Brent,daily,84.01,2.000238095238095
2023-08-03,DCOILBRENTEU,Brent,daily,86.19,2.052142857142857
2023-08-04,DCOILBRENTEU,Brent,daily,87.38,2.0804761904761904
2023-08-07,DCOILBRENTEU,Brent,daily,86.47,2.058809523809524
2023-08-08,DCOILBRENTEU,Brent,daily,88.0,2.0952380952380953
2023-08-09,DCOILBRENTEU,Brent,daily,89.31,2.1264285714285713
2023-08-10,DCOILBRENTEU,Brent,daily,87.44,2.0819047619047617
2023-08-11,DCOILBRENTEU,Brent,daily,87.93,2.093571428571429
2023-08-14,DCOILBRENTEU,Brent,daily,87.4,2.080952380952381
2023-08-15,DCOILBRENTEU,Brent,daily,86.28,2.0542857142857143
2023-08-16,DCOILBRENTEU,Brent,daily,84.49,2.0116666666666667
2023-08-17,DCOILBRENTEU,Brent,daily,85.24,2.0295238095238095
2023-08-18,DCOILBRENTEU,Brent,daily,85.92,2.045714285714286
2023-08-21,DCOILBRENTEU,Brent,daily,85.44,2.0342857142857143
2023-08-22,DCOILBRENTEU,Brent,daily,84.7,2.0166666666666666
2023-08-23,DCOILBRENTEU,Brent,daily,83.94,1.9985714285714284
2023-08-24,DCOILBRENTEU,Brent,daily,84.07,2.0016666666666665
2023-08-25,DCOILBRENTEU,Brent,daily,85.42,2.033809523809524
2023-08-28,DCOILBRENTEU,Brent,daily,,
2023-08-29,DCOILBRENTEU,Brent,daily,86.37,2.0564285714285715
2023-08-30,DCOILBRENTEU,Brent,daily,86.62,2.0623809523809524
2023-08-31,DCOILBRENTEU,Brent,daily,87.29,2.0783333333333336
2023-09-01,DCOILBRENTEU,Brent,daily,89.98,2.1423809523809525
2023-09-04,DCOILBRENTEU,Brent,daily,90.42,2.152857142857143
2023-09-05,DCOILBRENTEU,Brent,daily,91.25,2.1726190476190474
2023-09-06,DCOILBRENTEU,Brent,daily,91.79,2.185476190476191
2023-09-07,DCOILBRENTEU,Brent,daily,91.16,2.1704761904761902
2023-09-08,DCOILBRENTEU,Brent,daily,91.85,2.1869047619047617
2023-09-11,DCOILBRENTEU,Brent,daily,91.97,2.189761904761905
2023-09-12,DCOILBRENTEU,Brent,daily,93.58,2.228095238095238
2023-09-13,DCOILBRENTEU,Brent,daily,93.04,2.2152380952380955
2023-09-14,DCOILBRENTEU,Brent,daily,95.2,2.2666666666666666
2023-09-15,DCOILBRENTEU,Brent,daily,95.55,2.275
2023-09-18,DCOILBRENTEU,Brent,daily,95.95,2.2845238095238094
2023-09-19,DCOILBRENTEU,Brent,daily,96.11,2.288333333333333
2023-09-20,DCOILBRENTEU,Brent,daily,94.56,2.2514285714285713
2023-09-21,DCOILBRENTEU,Brent,daily,93.7,2.230952380952381
2023-09-22,DCOILBRENTEU,Brent,daily,93.99,2.2378571428571425
2023-09-25,DCOILBRENTEU,Brent,daily,94.01,2.2383333333333333
2023-09-26,DCOILBRENTEU,Brent,daily,94.46,2.249047619047619
2023-09-27,DCOILBRENTEU,Brent,daily,97.1,2.3119047619047617
2023-09-28,DCOILBRENTEU,Brent,daily,96.64,2.300952380952381
2023-09-29,DCOILBRENTEU,Brent,daily,95.86,2.282380952380952
2023-10-02,DCOILBRENTEU,Brent,daily,91.21,2.1716666666666664
2023-10-03,DCOILBRENTEU,Brent,daily,94.46,2.249047619047619
2023-10-04,DCOILBRENTEU,Brent,daily,89.83,2.138809523809524
2023-10-05,DCOILBRENTEU,Brent,daily,88.28,2.1019047619047617
2023-10-06,DCOILBRENTEU,Brent,daily,87.86,2.091904761904762
2023-10-09,DCOILBRENTEU,Brent,daily,91.37,2.1754761904761906
2023-10-10,DCOILBRENTEU,Brent,daily,90.7,2.1595238095238094
2023-10-11,DCOILBRENTEU,Brent,daily,87.58,2.085238095238095
2023-10-12,DCOILBRENTEU,Brent,daily,88.4,2.104761904761905
2023-10-13,DCOILBRENTEU,Brent,daily,94.33,2.2459523809523807
2023-10-16,DCOILBRENTEU,Brent,daily,90.99,2.1664285714285714
2023-10-17,DCOILBRENTEU,Brent,daily,92.52,2.202857142857143
2023-10-18,DCOILBRENTEU,Brent,daily,91.99,2.190238095238095
2023-10-19,DCOILBRENTEU,Brent,daily,93.12,2.217142857142857
2023-10-20,DCOILBRENTEU,Brent,daily,93.72,2.2314285714285713
2023-10-23,DCOILBRENTEU,Brent,daily,91.88,2.1876190476190476
2023-10-24,DCOILBRENTEU,Brent,daily,88.0,2.0952380952380953
2023-10-25,DCOILBRENTEU,Brent,daily,90.14,2.146190476190476
2023-10-26,DCOILBRENTEU,Brent,daily,88.45,2.105952380952381
2023-10-27,DCOILBRENTEU,Brent,daily,90.73,2.1602380952380953
2023-10-30,DCOILBRENTEU,Brent,daily,90.73,2.1602380952380953
2023-10-31,DCOILBRENTEU,Brent,daily,86.82,2.067142857142857
2023-11-01,DCOILBRENTEU,Brent,daily,86.92,2.0695238095238095
2023-11-02,DCOILBRENTEU,Brent,daily,89.02,2.1195238095238094
2023-11-03,DCOILBRENTEU,Brent,daily,87.55,2.0845238095238097
2023-11-06,DCOILBRENTEU,Brent,daily,87.31,2.078809523809524
2023-11-07,DCOILBRENTEU,Brent,daily,83.43,1.9864285714285717
2023-11-08,DCOILBRENTEU,Brent,daily,81.46,1.9395238095238094
2023-11-09,DCOILBRENTEU,Brent,daily,81.74,1.946190476190476
2023-11-10,DCOILBRENTEU,Brent,daily,83.66,1.9919047619047618
2023-11-13,DCOILBRENTEU,Brent,daily,84.09,2.0021428571428572
2023-11-14,DCOILBRENTEU,Brent,daily,84.2,2.0047619047619047
2023-11-15,DCOILBRENTEU,Brent,daily,82.4,1.961904761904762
2023-11-16,DCOILBRENTEU,Brent,daily,77.73,1.8507142857142858
2023-11-17,DCOILBRENTEU,Brent,daily,81.22,1.9338095238095239
2023-11-20,DCOILBRENTEU,Brent,daily,83.25,1.9821428571428572
2023-11-21,DCOILBRENTEU,Brent,daily,82.42,1.9623809523809523
2023-11-22,DCOILBRENTEU,Brent,daily,81.76,1.9466666666666668
2023-11-23,DCOILBRENTEU,Brent,daily,80.85,1.9249999999999998
2023-11-24,DCOILBRENTEU,Brent,daily,79.82,1.9004761904761902
2023-11-27,DCOILBRENTEU,Brent,daily,79.49,1.8926190476190474
2023-11-28,DCOILBRENTEU,Brent,daily,81.66,1.9442857142857142
2023-11-29,DCOILBRENTEU,Brent,daily,82.98,1.9757142857142858
2023-11-30,DCOILBRENTEU,Brent,daily,81.72,1.9457142857142857
2023-12-01,DCOILBRENTEU,Brent,daily,78.72,1.8742857142857143
2023-12-04,DCOILBRENTEU,Brent,daily,78.16,1.860952380952381
2023-12-05,DCOILBRENTEU,Brent,daily,77.27,1.8397619047619047
2023-12-06,DCOILBRENTEU,Brent,daily,74.33,1.7697619047619046
2023-12-07,DCOILBRENTEU,Brent,daily,74.21,1.7669047619047618
2023-12-08,DCOILBRENTEU,Brent,daily,75.94,1.808095238095238
2023-12-11,DCOILBRENTEU,Brent,daily,75.75,1.8035714285714286
2023-12-12,DCOILBRENTEU,Brent,daily,74.11,1.7645238095238096
2023-12-13,DCOILBRENTEU,Brent,daily,74.14,1.7652380952380953
2023-12-14,DCOILBRENTEU,Brent,daily,77.05,1.8345238095238094
2023-12-15,DCOILBRENTEU,Brent,daily,76.84,1.8295238095238096
2023-12-18,DCOILBRENTEU,Brent,daily,78.89,1.8783333333333334
2023-12-19,DCOILBRENTEU,Brent,daily,79.82,1.9004761904761902
2023-12-20,DCOILBRENTEU,Brent,daily,81.1,1.9309523809523808
2023-12-21,DCOILBRENTEU,Brent,daily,80.73,1.9221428571428572
2023-12-22,DCOILBRENTEU,Brent,daily,80.23,1.9102380952380953
2023-12-25,DCOILBRENTEU,Brent,daily,,
2023-12-26,DCOILBRENTEU,Brent,daily,,
2023-12-27,DCOILBRENTEU,Brent,daily,80.97,1.927857142857143
2023-12-28,DCOILBRENTEU,Brent,daily,79.04,1.881904761904762
2023-12-29,DCOILBRENTEU,Brent,daily,77.69,1.8497619047619047
2024-01-01,DCOILBRENTEU,Brent,daily,,
2024-01-02,DCOILBRENTEU,Brent,daily,76.24,1.815238095238095
2024-01-03,DCOILBRENTEU,Brent,daily,77.18,1.8376190476190477
2024-01-04,DCOILBRENTEU,Brent,daily,75.79,1.8045238095238096
2024-01-05,DCOILBRENTEU,Brent,daily,78.31,1.8645238095238095
2024-01-08,DCOILBRENTEU,Brent,daily,75.47,1.7969047619047618
2024-01-09,DCOILBRENTEU,Brent,daily,77.97,1.8564285714285713
2024-01-10,DCOILBRENTEU,Brent,daily,78.46,1.868095238095238
2024-01-11,DCOILBRENTEU,Brent,daily,80.21,1.9097619047619045
2024-01-12,DCOILBRENTEU,Brent,daily,79.89,1.9021428571428571
2024-01-15,DCOILBRENTEU,Brent,daily,79.76,1.899047619047619
2024-01-16,DCOILBRENTEU,Brent,daily,80.15,1.9083333333333334
2024-01-17,DCOILBRENTEU,Brent,daily,78.88,1.878095238095238
2024-01-18,DCOILBRENTEU,Brent,daily,81.04,1.9295238095238096
2024-01-19,DCOILBRENTEU,Brent,daily,80.71,1.9216666666666664
2024-01-22,DCOILBRENTEU,Brent,daily,81.7,1.9452380952380952
2024-01-23,DCOILBRENTEU,Brent,daily,82.04,1.9533333333333336
2024-01-24,DCOILBRENTEU,Brent,daily,82.15,1.955952380952381
2024-01-25,DCOILBRENTEU,Brent,daily,82.33,1.9602380952380951
2024-01-26,DCOILBRENTEU,Brent,daily,83.34,1.9842857142857144
2024-01-29,DCOILBRENTEU,Brent,daily,83.99,1.9997619047619046
2024-01-30,DCOILBRENTEU,Brent,daily,84.14,2.0033333333333334
2024-01-31,DCOILBRENTEU,Brent,daily,82.98,1.9757142857142858
2024-02-01,DCOILBRENTEU,Brent,daily,82.2,1.9571428571428573
2024-02-02,DCOILBRENTEU,Brent,daily,79.54,1.893809523809524
2024-02-05,DCOILBRENTEU,Brent,daily,79.3,1.888095238095238
2024-02-06,DCOILBRENTEU,Brent,daily,80.46,1.9157142857142855
2024-02-07,DCOILBRENTEU,Brent,daily,81.18,1.932857142857143
2024-02-08,DCOILBRENTEU,Brent,daily,83.01,1.9764285714285716
2024-02-09,DCOILBRENTEU,Brent,daily,83.58,1.99
2024-02-12,DCOILBRENTEU,Brent,daily,83.88,1.997142857142857
2024-02-13,DCOILBRENTEU,Brent,daily,84.72,2.017142857142857
2024-02-14,DCOILBRENTEU,Brent,daily,84.41,2.0097619047619046
2024-02-15,DCOILBRENTEU,Brent,daily,84.33,2.007857142857143
2024-02-16,DCOILBRENTEU,Brent,daily,84.88,2.020952380952381
2024-02-19,DCOILBRENTEU,Brent,daily,85.52,2.036190476190476
2024-02-20,DCOILBRENTEU,Brent,daily,84.78,2.0185714285714287
2024-02-21,DCOILBRENTEU,Brent,daily,84.77,2.018333333333333
2024-02-22,DCOILBRENTEU,Brent,daily,85.84,2.0438095238095237
2024-02-23,DCOILBRENTEU,Brent,daily,84.18,2.0042857142857144
2024-02-26,DCOILBRENTEU,Brent,daily,84.01,2.000238095238095
2024-02-27,DCOILBRENTEU,Brent,daily,83.8,1.9952380952380953
2024-02-28,DCOILBRENTEU,Brent,daily,84.08,2.001904761904762
2024-02-29,DCOILBRENTEU,Brent,daily,84.57,2.0135714285714283
2024-03-01,DCOILBRENTEU,Brent,daily,84.82,2.0195238095238093
2024-03-04,DCOILBRENTEU,Brent,daily,86.58,2.0614285714285714
2024-03-05,DCOILBRENTEU,Brent,daily,85.82,2.043333333333333
2024-03-06,DCOILBRENTEU,Brent,daily,86.59,2.0616666666666665
2024-03-07,DCOILBRENTEU,Brent,daily,84.88,2.020952380952381
2024-03-08,DCOILBRENTEU,Brent,daily,84.29,2.006904761904762
2024-03-11,DCOILBRENTEU,Brent,daily,83.44,1.9866666666666666
2024-03-12,DCOILBRENTEU,Brent,daily,83.66,1.9919047619047618
2024-03-13,DCOILBRENTEU,Brent,daily,83.95,1.9988095238095238
2024-03-14,DCOILBRENTEU,Brent,daily,86.16,2.051428571428571
2024-03-15,DCOILBRENTEU,Brent,daily,85.39,2.033095238095238
2024-03-18,DCOILBRENTEU,Brent,daily,86.47,2.058809523809524
2024-03-19,DCOILBRENTEU,Brent,daily,87.36,2.08
2024-03-20,DCOILBRENTEU,Brent,daily,85.77,2.0421428571428573
2024-03-21,DCOILBRENTEU,Brent,daily,84.92,2.021904761904762
2024-03-22,DCOILBRENTEU,Brent,daily,84.87,2.020714285714286
2024-03-25,DCOILBRENTEU,Brent,daily,86.18,2.051904761904762
2024-03-26,DCOILBRENTEU,Brent,daily,85.91,2.0454761904761902
2024-03-27,DCOILBRENTEU,Brent,daily,84.94,2.0223809523809524
2024-03-28,DCOILBRENTEU,Brent,daily,86.17,2.0516666666666667
2024-03-29,DCOILBRENTEU,Brent,daily,,
2024-04-01,DCOILBRENTEU,Brent,daily,,
2024-04-02,DCOILBRENTEU,Brent,daily,87.63,2.0864285714285713
2024-04-03,DCOILBRENTEU,Brent,daily,90.6,2.157142857142857
2024-04-04,DCOILBRENTEU,Brent,daily,90.32,2.15047619047619
2024-04-05,DCOILBRENTEU,Brent,daily,92.81,2.209761904761905
2024-04-08,DCOILBRENTEU,Brent,daily,91.73,2.184047619047619
2024-04-09,DCOILBRENTEU,Brent,daily,92.13,2.1935714285714285
2024-04-10,DCOILBRENTEU,Brent,daily,91.57,2.180238095238095
2024-04-11,DCOILBRENTEU,Brent,daily,91.49,2.1783333333333332
2024-04-12,DCOILBRENTEU,Brent,daily,93.12,2.217142857142857
2024-04-15,DCOILBRENTEU,Brent,daily,90.84,2.162857142857143
2024-04-16,DCOILBRENTEU,Brent,daily,91.29,2.173571428571429
2024-04-17,DCOILBRENTEU,Brent,daily,89.54,2.131904761904762
2024-04-18,DCOILBRENTEU,Brent,daily,88.34,2.1033333333333335
2024-04-19,DCOILBRENTEU,Brent,daily,87.96,2.0942857142857143
2024-04-22,DCOILBRENTEU,Brent,daily,87.3,2.0785714285714283
2024-04-23,DCOILBRENTEU,Brent,daily,88.29,2.1021428571428573
2024-04-24,DCOILBRENTEU,Brent,daily,89.02,2.1195238095238094
2024-04-25,DCOILBRENTEU,Brent,daily,88.1,2.0976190476190473
2024-04-26,DCOILBRENTEU,Brent,daily,89.95,2.1416666666666666
2024-04-29,DCOILBRENTEU,Brent,daily,88.44,2.105714285714286
2024-04-30,DCOILBRENTEU,Brent,daily,88.23,2.100714285714286
2024-05-01,DCOILBRENTEU,Brent,daily,83.55,1.9892857142857143
2024-05-02,DCOILBRENTEU,Brent,daily,84.81,2.019285714285714
2024-05-03,DCOILBRENTEU,Brent,daily,83.6,1.9904761904761903
2024-05-06,DCOILBRENTEU,Brent,daily,,
2024-05-07,DCOILBRENTEU,Brent,daily,82.69,1.9688095238095238
2024-05-08,DCOILBRENTEU,Brent,daily,82.44,1.9628571428571429
2024-05-09,DCOILBRENTEU,Brent,daily,83.27,1.9826190476190475
2024-05-10,DCOILBRENTEU,Brent,daily,83.39,1.9854761904761904
2024-05-13,DCOILBRENTEU,Brent,daily,83.18,1.9804761904761907
2024-05-14,DCOILBRENTEU,Brent,daily,81.0,1.9285714285714286
2024-05-15,DCOILBRENTEU,Brent,daily,79.98,1.9042857142857144
2024-05-16,DCOILBRENTEU,Brent,daily,81.65,1.9440476190476192
2024-05-17,DCOILBRENTEU,Brent,daily,82.24,1.9580952380952379
2024-05-20,DCOILBRENTEU,Brent,daily,81.91,1.950238095238095
2024-05-21,DCOILBRENTEU,Brent,daily,81.22,1.9338095238095239
2024-05-22,DCOILBRENTEU,Brent,daily,79.9,1.9023809523809525
2024-05-23,DCOILBRENTEU,Brent,daily,79.25,1.8869047619047619
2024-05-24,DCOILBRENTEU,Brent,daily,78.92,1.879047619047619
2024-05-27,DCOILBRENTEU,Brent,daily,,
2024-05-28,DCOILBRENTEU,Brent,daily,81.34,1.9366666666666668
2024-05-29,DCOILBRENTEU,Brent,daily,81.5,1.9404761904761905
2024-05-30,DCOILBRENTEU,Brent,daily,81.42,1.9385714285714286
2024-05-31,DCOILBRENTEU,Brent,daily,79.41,1.8907142857142856
2024-06-03,DCOILBRENTEU,Brent,daily,76.45,1.8202380952380952
2024-06-04,DCOILBRENTEU,Brent,daily,75.33,1.7935714285714286
2024-06-05,DCOILBRENTEU,Brent,daily,75.41,1.7954761904761904
2024-06-06,DCOILBRENTEU,Brent,daily,77.62,1.8480952380952382
2024-06-07,DCOILBRENTEU,Brent,daily,78.12,1.86
2024-06-10,DCOILBRENTEU,Brent,daily,79.59,1.895
2024-06-11,DCOILBRENTEU,Brent,daily,80.15,1.9083333333333334
2024-06-12,DCOILBRENTEU,Brent,daily,80.52,1.917142857142857
2024-06-13,DCOILBRENTEU,Brent,daily,81.44,1.939047619047619
2024-06-14,DCOILBRENTEU,Brent,daily,81.49,1.940238095238095
2024-06-17,DCOILBRENTEU,Brent,daily,82.45,1.9630952380952382
2024-06-18,DCOILBRENTEU,Brent,daily,84.79,2.018809523809524
2024-06-19,DCOILBRENTEU,Brent,daily,85.64,2.039047619047619
2024-06-20,DCOILBRENTEU,Brent,daily,85.92,2.045714285714286
2024-06-21,DCOILBRENTEU,Brent,daily,86.42,2.0576190476190477
2024-06-24,DCOILBRENTEU,Brent,daily,86.75,2.0654761904761907
2024-06-25,DCOILBRENTEU,Brent,daily,86.81,2.066904761904762
2024-06-26,DCOILBRENTEU,Brent,daily,85.76,2.041904761904762
2024-06-27,DCOILBRENTEU,Brent,daily,87.0,2.0714285714285716
2024-06-28,DCOILBRENTEU,Brent,daily,87.26,2.0776190476190477
2024-07-01,DCOILBRENTEU,Brent,daily,86.57,2.0611904761904762
2024-07-02,DCOILBRENTEU,Brent,daily,88.28,2.1019047619047617
2024-07-03,DCOILBRENTEU,Brent,daily,88.25,2.1011904761904763
2024-07-04,DCOILBRENTEU,Brent,daily,88.34,2.1033333333333335
2024-07-05,DCOILBRENTEU,Brent,daily,88.66,2.110952380952381
2024-07-08,DCOILBRENTEU,Brent,daily,87.15,2.075
2024-07-09,DCOILBRENTEU,Brent,daily,86.48,2.059047619047619
2024-07-10,DCOILBRENTEU,Brent,daily,86.55,2.0607142857142855
2024-07-11,DCOILBRENTEU,Brent,daily,86.49,2.059285714285714
2024-07-12,DCOILBRENTEU,Brent,daily,87.35,2.0797619047619045
2024-07-15,DCOILBRENTEU,Brent,daily,86.42,2.0576190476190477
2024-07-16,DCOILBRENTEU,Brent,daily,86.6,2.0619047619047617
2024-07-17,DCOILBRENTEU,Brent,daily,85.76,2.041904761904762
2024-07-18,DCOILBRENTEU,Brent,daily,86.26,2.053809523809524
2024-07-19,DCOILBRENTEU,Brent,daily,85.19,2.0283333333333333
2024-07-22,DCOILBRENTEU,Brent,daily,83.44,1.9866666666666666
2024-07-23,DCOILBRENTEU,Brent,daily,82.2,1.9571428571428573
2024-07-24,DCOILBRENTEU,Brent,daily,83.01,1.9764285714285716
2024-07-25,DCOILBRENTEU,Brent,daily,82.58,1.966190476190476
2024-07-26,DCOILBRENTEU,Brent,daily,81.35,1.9369047619047617
2024-07-29,DCOILBRENTEU,Brent,daily,80.94,1.927142857142857
2024-07-30,DCOILBRENTEU,Brent,daily,79.26,1.8871428571428572
2024-07-31,DCOILBRENTEU,Brent,daily,81.39,1.937857142857143
2024-08-01,DCOILBRENTEU,Brent,daily,81.37,1.9373809523809524
2024-08-02,DCOILBRENTEU,Brent,daily,78.35,1.8654761904761903
2024-08-05,DCOILBRENTEU,Brent,daily,77.51,1.8454761904761905
2024-08-06,DCOILBRENTEU,Brent,daily,76.62,1.8242857142857143
2024-08-07,DCOILBRENTEU,Brent,daily,78.26,1.8633333333333335
2024-08-08,DCOILBRENTEU,Brent,daily,80.76,1.922857142857143
2024-08-09,DCOILBRENTEU,Brent,daily,81.07,1.930238095238095
2024-08-12,DCOILBRENTEU,Brent,daily,83.06,1.9776190476190476
2024-08-13,DCOILBRENTEU,Brent,daily,82.51,1.9645238095238096
2024-08-14,DCOILBRENTEU,Brent,daily,82.15,1.955952380952381
2024-08-15,DCOILBRENTEU,Brent,daily,83.09,1.9783333333333335
2024-08-16,DCOILBRENTEU,Brent,daily,81.56,1.941904761904762
2024-08-19,DCOILBRENTEU,Brent,daily,81.09,1.9307142857142858
2024-08-20,DCOILBRENTEU,Brent,daily,78.85,1.8773809523809522
2024-08-21,DCOILBRENTEU,Brent,daily,78.77,1.8754761904761903
2024-08-22,DCOILBRENTEU,Brent,daily,78.8,1.8761904761904762
2024-08-23,DCOILBRENTEU,Brent,daily,80.34,1.912857142857143
2024-08-26,DCOILBRENTEU,Brent,daily,,
2024-08-27,DCOILBRENTEU,Brent,daily,81.51,1.9407142857142858
2024-08-28,DCOILBRENTEU,Brent,daily,80.04,1.905714285714286
2024-08-29,DCOILBRENTEU,Brent,daily,81.55,1.9416666666666667
2024-08-30,DCOILBRENTEU,Brent,daily,80.2,1.9095238095238096
2024-09-02,DCOILBRENTEU,Brent,daily,77.82,1.8528571428571428
2024-09-03,DCOILBRENTEU,Brent,daily,76.46,1.8204761904761904
2024-09-04,DCOILBRENTEU,Brent,daily,74.67,1.7778571428571428
2024-09-05,DCOILBRENTEU,Brent,daily,74.47,1.773095238095238
2024-09-06,DCOILBRENTEU,Brent,daily,72.82,1.7338095238095237
2024-09-09,DCOILBRENTEU,Brent,daily,72.37,1.7230952380952382
2024-09-10,DCOILBRENTEU,Brent,daily,70.34,1.674761904761905
2024-09-11,DCOILBRENTEU,Brent,daily,70.31,1.674047619047619
2024-09-12,DCOILBRENTEU,Brent,daily,73.81,1.7573809523809525
2024-09-13,DCOILBRENTEU,Brent,daily,73.68,1.7542857142857144
2024-09-16,DCOILBRENTEU,Brent,daily,73.96,1.7609523809523808
2024-09-17,DCOILBRENTEU,Brent,daily,74.55,1.775
2024-09-18,DCOILBRENTEU,Brent,daily,74.52,1.7742857142857142
2024-09-19,DCOILBRENTEU,Brent,daily,75.93,1.807857142857143
2024-09-20,DCOILBRENTEU,Brent,daily,75.96,1.8085714285714285
2024-09-23,DCOILBRENTEU,Brent,daily,74.95,1.7845238095238096
2024-09-24,DCOILBRENTEU,Brent,daily,75.29,1.7926190476190478
2024-09-25,DCOILBRENTEU,Brent,daily,75.4,1.7952380952380953
2024-09-26,DCOILBRENTEU,Brent,daily,73.06,1.7395238095238095
2024-09-27,DCOILBRENTEU,Brent,daily,71.63,1.7054761904761904
2024-09-30,DCOILBRENTEU,Brent,daily,72.35,1.7226190476190475
2024-10-01,DCOILBRENTEU,Brent,daily,75.3,1.7928571428571427
2024-10-02,DCOILBRENTEU,Brent,daily,74.86,1.7823809523809524
2024-10-03,DCOILBRENTEU,Brent,daily,77.57,1.8469047619047618
2024-10-04,DCOILBRENTEU,Brent,daily,79.32,1.8885714285714283
2024-10-07,DCOILBRENTEU,Brent,daily,81.74,1.946190476190476
2024-10-08,DCOILBRENTEU,Brent,daily,78.19,1.8616666666666666
2024-10-09,DCOILBRENTEU,Brent,daily,77.06,1.8347619047619048
2024-10-10,DCOILBRENTEU,Brent,daily,79.45,1.8916666666666668
2024-10-11,DCOILBRENTEU,Brent,daily,80.27,1.911190476190476
2024-10-14,DCOILBRENTEU,Brent,daily,78.47,1.8683333333333334
2024-10-15,DCOILBRENTEU,Brent,daily,73.68,1.7542857142857144
2024-10-16,DCOILBRENTEU,Brent,daily,73.65,1.7535714285714288
2024-10-17,DCOILBRENTEU,Brent,daily,74.37,1.770714285714286
2024-10-18,DCOILBRENTEU,Brent,daily,72.75,1.7321428571428572
2024-10-21,DCOILBRENTEU,Brent,daily,73.29,1.745
2024-10-22,DCOILBRENTEU,Brent,daily,75.59,1.799761904761905
2024-10-23,DCOILBRENTEU,Brent,daily,74.68,1.7780952380952382
2024-10-24,DCOILBRENTEU,Brent,daily,74.27,1.7683333333333333
2024-10-25,DCOILBRENTEU,Brent,daily,75.62,1.8004761904761906
2024-10-28,DCOILBRENTEU,Brent,daily,71.87,1.7111904761904764
2024-10-29,DCOILBRENTEU,Brent,daily,71.09,1.6926190476190477
2024-10-30,DCOILBRENTEU,Brent,daily,73.21,1.743095238095238
2024-10-31,DCOILBRENTEU,Brent,daily,73.25,1.744047619047619
2024-11-01,DCOILBRENTEU,Brent,daily,73.63,1.753095238095238
2024-11-04,DCOILBRENTEU,Brent,daily,74.89,1.783095238095238
2024-11-05,DCOILBRENTEU,Brent,daily,76.98,1.832857142857143
2024-11-06,DCOILBRENTEU,Brent,daily,76.52,1.821904761904762
2024-11-07,DCOILBRENTEU,Brent,daily,75.73,1.803095238095238
2024-11-08,DCOILBRENTEU,Brent,daily,74.04,1.762857142857143
2024-11-11,DCOILBRENTEU,Brent,daily,72.19,1.7188095238095238
2024-11-12,DCOILBRENTEU,Brent,daily,72.56,1.7276190476190476
2024-11-13,DCOILBRENTEU,Brent,daily,72.86,1.7347619047619047
2024-11-14,DCOILBRENTEU,Brent,daily,73.39,1.7473809523809525
2024-11-15,DCOILBRENTEU,Brent,daily,73.45,1.7488095238095238
2024-11-18,DCOILBRENTEU,Brent,daily,74.35,1.7702380952380952
2024-11-19,DCOILBRENTEU,Brent,daily,74.32,1.7695238095238093
2024-11-20,DCOILBRENTEU,Brent,daily,74.33,1.7697619047619046
2024-11-21,DCOILBRENTEU,Brent,daily,75.09,1.787857142857143
2024-11-22,DCOILBRENTEU,Brent,daily,76.1,1.8119047619047617
2024-11-25,DCOILBRENTEU,Brent,daily,74.27,1.7683333333333333
2024-11-26,DCOILBRENTEU,Brent,daily,74.56,1.7752380952380953
2024-11-27,DCOILBRENTEU,Brent,daily,73.91,1.7597619047619046
2024-11-28,DCOILBRENTEU,Brent,daily,73.92,1.76
2024-11-29,DCOILBRENTEU,Brent,daily,74.16,1.7657142857142856
2024-12-02,DCOILBRENTEU,Brent,daily,72.81,1.7335714285714285
2024-12-03,DCOILBRENTEU,Brent,daily,74.8,1.7809523809523808
2024-12-04,DCOILBRENTEU,Brent,daily,74.68,1.7780952380952382
2024-12-05,DCOILBRENTEU,Brent,daily,73.78,1.7566666666666666
2024-12-06,DCOILBRENTEU,Brent,daily,73.78,1.7566666666666666
2024-12-09,DCOILBRENTEU,Brent,daily,73.73,1.7554761904761906
2024-12-10,DCOILBRENTEU,Brent,daily,73.64,1.7533333333333334
2024-12-11,DCOILBRENTEU,Brent,daily,74.38,1.7709523809523808
2024-12-12,DCOILBRENTEU,Brent,daily,73.52,1.7504761904761903
2024-12-13,DCOILBRENTEU,Brent,daily,74.89,1.783095238095238
2024-12-16,DCOILBRENTEU,Brent,daily,74.3,1.769047619047619
2024-12-17,DCOILBRENTEU,Brent,daily,73.16,1.7419047619047618
2024-12-18,DCOILBRENTEU,Brent,daily,74.57,1.7754761904761902
2024-12-19,DCOILBRENTEU,Brent,daily,73.75,1.755952380952381
2024-12-20,DCOILBRENTEU,Brent,daily,73.19,1.7426190476190475
2024-12-23,DCOILBRENTEU,Brent,daily,72.12,1.7171428571428573
2024-12-24,DCOILBRENTEU,Brent,daily,73.5,1.75
2024-12-25,DCOILBRENTEU,Brent,daily,,
2024-12-26,DCOILBRENTEU,Brent,daily,,
2024-12-27,DCOILBRENTEU,Brent,daily,73.77,1.7564285714285712
2024-12-30,DCOILBRENTEU,Brent,daily,74.24,1.7676190476190474
2024-12-31,DCOILBRENTEU,Brent,daily,74.58,1.7757142857142856
2025-01-01,DCOILBRENTEU,Brent,daily,,
2025-01-02,DCOILBRENTEU,Brent,daily,76.14,1.812857142857143
2025-01-03,DCOILBRENTEU,Brent,daily,76.72,1.8266666666666667
2025-01-06,DCOILBRENTEU,Brent,daily,77.27,1.8397619047619047
2025-01-07,DCOILBRENTEU,Brent,daily,77.84,1.8533333333333335
2025-01-08,DCOILBRENTEU,Brent,daily,77.37,1.8421428571428573
2025-01-09,DCOILBRENTEU,Brent,daily,78.44,1.8676190476190475
2025-01-10,DCOILBRENTEU,Brent,daily,79.76,1.899047619047619
2025-01-13,DCOILBRENTEU,Brent,daily,82.69,1.9688095238095238
2025-01-14,DCOILBRENTEU,Brent,daily,82.39,1.9616666666666667
2025-01-15,DCOILBRENTEU,Brent,daily,83.48,1.9876190476190476
2025-01-16,DCOILBRENTEU,Brent,daily,82.39,1.9616666666666667
2025-01-17,DCOILBRENTEU,Brent,daily,83.02,1.9766666666666666
2025-01-20,DCOILBRENTEU,Brent,daily,81.68,1.944761904761905
2025-01-21,DCOILBRENTEU,Brent,daily,80.57,1.9183333333333332
2025-01-22,DCOILBRENTEU,Brent,daily,80.0,1.9047619047619047
2025-01-23,DCOILBRENTEU,Brent,daily,78.62,1.871904761904762
2025-01-24,DCOILBRENTEU,Brent,daily,78.71,1.874047619047619
2025-01-27,DCOILBRENTEU,Brent,daily,77.3,1.8404761904761904
2025-01-28,DCOILBRENTEU,Brent,daily,78.01,1.8573809523809526
2025-01-29,DCOILBRENTEU,Brent,daily,77.02,1.8338095238095238
2025-01-30,DCOILBRENTEU,Brent,daily,77.42,1.8433333333333333
2025-01-31,DCOILBRENTEU,Brent,daily,77.11,1.835952380952381
2025-02-03,DCOILBRENTEU,Brent,daily,76.49,1.821190476190476
2025-02-04,DCOILBRENTEU,Brent,daily,76.58,1.8233333333333333
2025-02-05,DCOILBRENTEU,Brent,daily,74.71,1.7788095238095236
2025-02-06,DCOILBRENTEU,Brent,daily,74.54,1.774761904761905
2025-02-07,DCOILBRENTEU,Brent,daily,74.68,1.7780952380952382
2025-02-10,DCOILBRENTEU,Brent,daily,76.23,1.8150000000000002
2025-02-11,DCOILBRENTEU,Brent,daily,77.65,1.848809523809524
2025-02-12,DCOILBRENTEU,Brent,daily,75.38,1.7947619047619046
2025-02-13,DCOILBRENTEU,Brent,daily,75.61,1.8002380952380952
2025-02-14,DCOILBRENTEU,Brent,daily,75.19,1.7902380952380952
2025-02-17,DCOILBRENTEU,Brent,daily,75.81,1.8050000000000002
2025-02-18,DCOILBRENTEU,Brent,daily,76.46,1.8204761904761904
2025-02-19,DCOILBRENTEU,Brent,daily,76.34,1.8176190476190477
2025-02-20,DCOILBRENTEU,Brent,daily,76.95,1.8321428571428573
2025-02-21,DCOILBRENTEU,Brent,daily,74.88,1.7828571428571427
2025-02-24,DCOILBRENTEU,Brent,daily,74.89,1.783095238095238
2025-02-25,DCOILBRENTEU,Brent,daily,73.11,1.7407142857142857
2025-02-26,DCOILBRENTEU,Brent,daily,73.49,1.7497619047619046
2025-02-27,DCOILBRENTEU,Brent,daily,75.01,1.7859523809523812
2025-02-28,DCOILBRENTEU,Brent,daily,74.76,1.78
2025-03-03,DCOILBRENTEU,Brent,daily,72.85,1.7345238095238094
2025-03-04,DCOILBRENTEU,Brent,daily,72.31,1.7216666666666667
2025-03-05,DCOILBRENTEU,Brent,daily,70.92,1.6885714285714286
2025-03-06,DCOILBRENTEU,Brent,daily,71.08,1.6923809523809523
2025-03-07,DCOILBRENTEU,Brent,daily,72.49,1.725952380952381
2025-03-10,DCOILBRENTEU,Brent,daily,71.08,1.6923809523809523
2025-03-11,DCOILBRENTEU,Brent,daily,71.51,1.7026190476190477
2025-03-12,DCOILBRENTEU,Brent,daily,72.36,1.7228571428571429
2025-03-13,DCOILBRENTEU,Brent,daily,70.82,1.686190476190476
2025-03-14,DCOILBRENTEU,Brent,daily,71.94,1.7128571428571429
2025-03-17,DCOILBRENTEU,Brent,daily,71.93,1.7126190476190477
2025-03-18,DCOILBRENTEU,Brent,daily,71.93,1.7126190476190477
2025-03-19,DCOILBRENTEU,Brent,daily,71.94,1.7128571428571429
2025-03-20,DCOILBRENTEU,Brent,daily,72.61,1.7288095238095238
2025-03-21,DCOILBRENTEU,Brent,daily,72.64,1.7295238095238095
2025-03-24,DCOILBRENTEU,Brent,daily,73.96,1.7609523809523808
2025-03-25,DCOILBRENTEU,Brent,daily,73.78,1.7566666666666666
2025-03-26,DCOILBRENTEU,Brent,daily,74.6,1.776190476190476
2025-03-27,DCOILBRENTEU,Brent,daily,74.72,1.779047619047619
2025-03-28,DCOILBRENTEU,Brent,daily,74.69,1.7783333333333333
2025-03-31,DCOILBRENTEU,Brent,daily,77.23,1.838809523809524
2025-04-01,DCOILBRENTEU,Brent,daily,77.78,1.851904761904762
2025-04-02,DCOILBRENTEU,Brent,daily,77.27,1.8397619047619047
2025-04-03,DCOILBRENTEU,Brent,daily,72.54,1.7271428571428573
2025-04-04,DCOILBRENTEU,Brent,daily,68.36,1.6276190476190475
2025-04-07,DCOILBRENTEU,Brent,daily,66.13,1.5745238095238094
2025-04-08,DCOILBRENTEU,Brent,daily,64.86,1.5442857142857143
2025-04-09,DCOILBRENTEU,Brent,daily,67.3,1.6023809523809522
2025-04-10,DCOILBRENTEU,Brent,daily,65.37,1.5564285714285715
2025-04-11,DCOILBRENTEU,Brent,daily,66.83,1.591190476190476
2025-04-14,DCOILBRENTEU,Brent,daily,67.18,1.5995238095238098
2025-04-15,DCOILBRENTEU,Brent,daily,66.58,1.5852380952380951
2025-04-16,DCOILBRENTEU,Brent,daily,67.94,1.6176190476190475
2025-04-17,DCOILBRENTEU,Brent,daily,69.33,1.6507142857142856
2025-04-18,DCOILBRENTEU,Brent,daily,,
2025-04-21,DCOILBRENTEU,Brent,daily,,
2025-04-22,DCOILBRENTEU,Brent,daily,68.93,1.6411904761904763
2025-04-23,DCOILBRENTEU,Brent,daily,68.26,1.6252380952380954
2025-04-24,DCOILBRENTEU,Brent,daily,67.5,1.6071428571428572
2025-04-25,DCOILBRENTEU,Brent,daily,66.99,1.595
2025-04-28,DCOILBRENTEU,Brent,daily,66.13,1.5745238095238094
2025-04-29,DCOILBRENTEU,Brent,daily,64.04,1.524761904761905
2025-04-30,DCOILBRENTEU,Brent,daily,63.37,1.5088095238095238
2025-05-01,DCOILBRENTEU,Brent,daily,62.37,1.4849999999999999
2025-05-02,DCOILBRENTEU,Brent,daily,61.57,1.465952380952381
2025-05-05,DCOILBRENTEU,Brent,daily,,
2025-05-06,DCOILBRENTEU,Brent,daily,62.37,1.4849999999999999
2025-05-07,DCOILBRENTEU,Brent,daily,60.31,1.435952380952381
2025-05-08,DCOILBRENTEU,Brent,daily,62.22,1.4814285714285713
2025-05-09,DCOILBRENTEU,Brent,daily,64.26,1.53
2025-05-12,DCOILBRENTEU,Brent,daily,65.28,1.5542857142857143
2025-05-13,DCOILBRENTEU,Brent,daily,66.93,1.5935714285714286
2025-05-14,DCOILBRENTEU,Brent,daily,65.91,1.5692857142857142
2025-05-15,DCOILBRENTEU,Brent,daily,64.36,1.5323809523809524
2025-05-16,DCOILBRENTEU,Brent,daily,65.2,1.5523809523809524
2025-05-19,DCOILBRENTEU,Brent,daily,66.25,1.5773809523809523
2025-05-20,DCOILBRENTEU,Brent,daily,66.93,1.5935714285714286
2025-05-21,DCOILBRENTEU,Brent,daily,65.86,1.568095238095238
2025-05-22,DCOILBRENTEU,Brent,daily,64.87,1.5445238095238096
2025-05-23,DCOILBRENTEU,Brent,daily,65.41,1.5573809523809523
2025-05-26,DCOILBRENTEU,Brent,daily,,
2025-05-27,DCOILBRENTEU,Brent,daily,64.32,1.5314285714285714
2025-05-28,DCOILBRENTEU,Brent,daily,65.72,1.5647619047619048
2025-05-29,DCOILBRENTEU,Brent,daily,64.6,1.538095238095238
2025-05-30,DCOILBRENTEU,Brent,daily,64.32,1.5314285714285714
2025-06-02,DCOILBRENTEU,Brent,daily,66.55,1.5845238095238094
2025-06-03,DCOILBRENTEU,Brent,daily,67.48,1.6066666666666667
2025-06-04,DCOILBRENTEU,Brent,daily,66.69,1.5878571428571429
2025-06-05,DCOILBRENTEU,Brent,daily,67.14,1.5985714285714285
2025-06-06,DCOILBRENTEU,Brent,daily,68.02,1.6195238095238094
2025-06-09,DCOILBRENTEU,Brent,daily,68.73,1.6364285714285716
2025-06-10,DCOILBRENTEU,Brent,daily,68.41,1.6288095238095237
2025-06-11,DCOILBRENTEU,Brent,daily,71.29,1.6973809523809524
2025-06-12,DCOILBRENTEU,Brent,daily,70.84,1.6866666666666668
2025-06-13,DCOILBRENTEU,Brent,daily,76.0,1.8095238095238095
2025-06-16,DCOILBRENTEU,Brent,daily,75.05,1.7869047619047618
2025-06-17,DCOILBRENTEU,Brent,daily,78.7,1.8738095238095238
2025-06-18,DCOILBRENTEU,Brent,daily,78.38,1.8661904761904762
2025-06-19,DCOILBRENTEU,Brent,daily,80.37,1.9135714285714287
2025-06-20,DCOILBRENTEU,Brent,daily,78.73,1.8745238095238097
2025-06-23,DCOILBRENTEU,Brent,daily,74.34,1.77
2025-06-24,DCOILBRENTEU,Brent,daily,69.13,1.6459523809523808
2025-06-25,DCOILBRENTEU,Brent,daily,68.4,1.6285714285714288
2025-06-26,DCOILBRENTEU,Brent,daily,68.57,1.6326190476190474
2025-06-27,DCOILBRENTEU,Brent,daily,69.37,1.6516666666666668
2025-06-30,DCOILBRENTEU,Brent,daily,68.15,1.6226190476190478
2025-07-01,DCOILBRENTEU,Brent,daily,67.63,1.610238095238095
2025-07-02,DCOILBRENTEU,Brent,daily,70.8,1.6857142857142857
2025-07-03,DCOILBRENTEU,Brent,daily,70.42,1.6766666666666667
2025-07-04,DCOILBRENTEU,Brent,daily,71.03,1.6911904761904761
2025-07-07,DCOILBRENTEU,Brent,daily,71.95,1.7130952380952382
2025-07-08,DCOILBRENTEU,Brent,daily,72.5,1.7261904761904763
2025-07-09,DCOILBRENTEU,Brent,daily,71.98,1.713809523809524
2025-07-10,DCOILBRENTEU,Brent,daily,70.38,1.6757142857142857
2025-07-11,DCOILBRENTEU,Brent,daily,72.06,1.7157142857142857
2025-07-14,DCOILBRENTEU,Brent,daily,70.96,1.6895238095238094
2025-07-15,DCOILBRENTEU,Brent,daily,70.27,1.673095238095238
2025-07-16,DCOILBRENTEU,Brent,daily,69.67,1.658809523809524
2025-07-17,DCOILBRENTEU,Brent,daily,71.32,1.6980952380952379
2025-07-18,DCOILBRENTEU,Brent,daily,71.06,1.691904761904762
2025-07-21,DCOILBRENTEU,Brent,daily,71.92,1.7123809523809523
2025-07-22,DCOILBRENTEU,Brent,daily,69.69,1.6592857142857143
2025-07-23,DCOILBRENTEU,Brent,daily,69.17,1.6469047619047619
2025-07-24,DCOILBRENTEU,Brent,daily,70.42,1.6766666666666667
2025-07-25,DCOILBRENTEU,Brent,daily,69.23,1.6483333333333334
2025-07-28,DCOILBRENTEU,Brent,daily,70.87,1.6873809523809524
2025-07-29,DCOILBRENTEU,Brent,daily,73.21,1.743095238095238
2025-07-30,DCOILBRENTEU,Brent,daily,73.98,1.7614285714285716
2025-07-31,DCOILBRENTEU,Brent,daily,73.43,1.7483333333333335
2025-08-01,DCOILBRENTEU,Brent,daily,70.55,1.6797619047619048
2025-08-04,DCOILBRENTEU,Brent,daily,69.56,1.6561904761904762
2025-08-05,DCOILBRENTEU,Brent,daily,69.14,1.6461904761904762
2025-08-06,DCOILBRENTEU,Brent,daily,67.97,1.6183333333333334
2025-08-07,DCOILBRENTEU,Brent,daily,66.99,1.595
2025-08-08,DCOILBRENTEU,Brent,daily,67.17,1.5992857142857144
2025-08-11,DCOILBRENTEU,Brent,daily,67.36,1.6038095238095238
2025-08-12,DCOILBRENTEU,Brent,daily,66.8,1.5904761904761904
2025-08-13,DCOILBRENTEU,Brent,daily,66.25,1.5773809523809523
2025-08-14,DCOILBRENTEU,Brent,daily,68.12,1.621904761904762
2025-08-15,DCOILBRENTEU,Brent,daily,67.3,1.6023809523809522
2025-08-18,DCOILBRENTEU,Brent,daily,68.18,1.6233333333333335
2025-08-19,DCOILBRENTEU,Brent,daily,66.62,1.5861904761904764
2025-08-20,DCOILBRENTEU,Brent,daily,67.61,1.6097619047619047
2025-08-21,DCOILBRENTEU,Brent,daily,68.41,1.6288095238095237
2025-08-22,DCOILBRENTEU,Brent,daily,68.29,1.625952380952381
2025-08-25,DCOILBRENTEU,Brent,daily,,
2025-08-26,DCOILBRENTEU,Brent,daily,66.89,1.5926190476190476
2025-08-27,DCOILBRENTEU,Brent,daily,67.75,1.6130952380952381
2025-08-28,DCOILBRENTEU,Brent,daily,68.61,1.6335714285714285
2025-08-29,DCOILBRENTEU,Brent,daily,67.83,1.615
2025-09-01,DCOILBRENTEU,Brent,daily,67.09,1.5973809523809526
2025-09-02,DCOILBRENTEU,Brent,daily,68.09,1.6211904761904763
2025-09-03,DCOILBRENTEU,Brent,daily,67.76,1.6133333333333335
2025-09-04,DCOILBRENTEU,Brent,daily,66.41,1.581190476190476
2025-09-05,DCOILBRENTEU,Brent,daily,64.92,1.5457142857142858
2025-09-08,DCOILBRENTEU,Brent,daily,65.44,1.558095238095238
2025-09-09,DCOILBRENTEU,Brent,daily,67.97,1.6183333333333334
2025-09-10,DCOILBRENTEU,Brent,daily,67.62,1.61
2025-09-11,DCOILBRENTEU,Brent,daily,67.25,1.6011904761904763
2025-09-12,DCOILBRENTEU,Brent,daily,67.87,1.615952380952381
2025-09-15,DCOILBRENTEU,Brent,daily,67.88,1.6161904761904762
2025-09-16,DCOILBRENTEU,Brent,daily,69.69,1.6592857142857143
2025-09-17,DCOILBRENTEU,Brent,daily,69.19,1.6473809523809524
2025-09-18,DCOILBRENTEU,Brent,daily,67.83,1.615
2025-09-19,DCOILBRENTEU,Brent,daily,67.05,1.5964285714285713
2025-09-22,DCOILBRENTEU,Brent,daily,66.87,1.5921428571428573
2025-09-23,DCOILBRENTEU,Brent,daily,67.96,1.618095238095238
2025-09-24,DCOILBRENTEU,Brent,daily,69.64,1.658095238095238
2025-09-25,DCOILBRENTEU,Brent,daily,70.48,1.678095238095238
2025-09-26,DCOILBRENTEU,Brent,daily,71.15,1.6940476190476192
2025-09-29,DCOILBRENTEU,Brent,daily,69.0,1.6428571428571428
2025-09-30,DCOILBRENTEU,Brent,daily,68.52,1.6314285714285712
2025-10-01,DCOILBRENTEU,Brent,daily,66.67,1.5873809523809523
2025-10-02,DCOILBRENTEU,Brent,daily,65.44,1.558095238095238
2025-10-03,DCOILBRENTEU,Brent,daily,66.13,1.5745238095238094
2025-10-06,DCOILBRENTEU,Brent,daily,67.09,1.5973809523809526
2025-10-07,DCOILBRENTEU,Brent,daily,67.1,1.5976190476190475
2025-10-08,DCOILBRENTEU,Brent,daily,67.42,1.6052380952380954
2025-10-09,DCOILBRENTEU,Brent,daily,67.23,1.6007142857142858
2025-10-10,DCOILBRENTEU,Brent,daily,64.41,1.5335714285714286
2025-10-13,DCOILBRENTEU,Brent,daily,64.15,1.5273809523809525
2025-10-14,DCOILBRENTEU,Brent,daily,63.0,1.5
2025-10-15,DCOILBRENTEU,Brent,daily,62.33,1.484047619047619
2025-10-16,DCOILBRENTEU,Brent,daily,61.08,1.4542857142857142
2025-10-17,DCOILBRENTEU,Brent,daily,61.23,1.4578571428571427
2025-10-20,DCOILBRENTEU,Brent,daily,60.71,1.4454761904761906
2025-10-21,DCOILBRENTEU,Brent,daily,61.0,1.4523809523809523
2025-10-22,DCOILBRENTEU,Brent,daily,62.28,1.4828571428571429
2025-10-23,DCOILBRENTEU,Brent,daily,66.32,1.5790476190476188
2025-10-24,DCOILBRENTEU,Brent,daily,65.8,1.5666666666666667
2025-10-27,DCOILBRENTEU,Brent,daily,65.52,1.5599999999999998
2025-10-28,DCOILBRENTEU,Brent,daily,64.03,1.5245238095238096
2025-10-29,DCOILBRENTEU,Brent,daily,65.01,1.547857142857143
2025-10-30,DCOILBRENTEU,Brent,daily,65.11,1.5502380952380952
2025-10-31,DCOILBRENTEU,Brent,daily,65.44,1.558095238095238
2025-11-03,DCOILBRENTEU,Brent,daily,65.79,1.5664285714285715
2025-11-04,DCOILBRENTEU,Brent,daily,65.04,1.5485714285714287
2025-11-05,DCOILBRENTEU,Brent,daily,63.54,1.512857142857143
2025-11-06,DCOILBRENTEU,Brent,daily,63.41,1.5097619047619046
2025-11-07,DCOILBRENTEU,Brent,daily,63.72,1.5171428571428571
2025-11-10,DCOILBRENTEU,Brent,daily,63.01,1.5002380952380951
2025-11-11,DCOILBRENTEU,Brent,daily,63.86,1.5204761904761905
2025-11-12,DCOILBRENTEU,Brent,daily,61.88,1.4733333333333334
2025-11-13,DCOILBRENTEU,Brent,daily,62.14,1.4795238095238095
2025-11-14,DCOILBRENTEU,Brent,daily,63.45,1.5107142857142857
2025-11-17,DCOILBRENTEU,Brent,daily,63.16,1.5038095238095237
2025-11-18,DCOILBRENTEU,Brent,daily,64.86,1.5442857142857143
2025-11-19,DCOILBRENTEU,Brent,daily,63.78,1.5185714285714287
2025-11-20,DCOILBRENTEU,Brent,daily,63.64,1.5152380952380953
2025-11-21,DCOILBRENTEU,Brent,daily,62.78,1.4947619047619047
2025-11-24,DCOILBRENTEU,Brent,daily,64.83,1.5435714285714286
2025-11-25,DCOILBRENTEU,Brent,daily,63.99,1.5235714285714286
2025-11-26,DCOILBRENTEU,Brent,daily,64.81,1.543095238095238
2025-11-27,DCOILBRENTEU,Brent,daily,64.18,1.5280952380952382
2025-11-28,DCOILBRENTEU,Brent,daily,64.07,1.5254761904761902
2025-12-01,DCOILBRENTEU,Brent,daily,64.22,1.529047619047619
2025-12-02,DCOILBRENTEU,Brent,daily,63.37,1.5088095238095238
2025-12-03,DCOILBRENTEU,Brent,daily,63.75,1.5178571428571428
2025-12-04,DCOILBRENTEU,Brent,daily,64.15,1.5273809523809525
2025-12-05,DCOILBRENTEU,Brent,daily,64.42,1.533809523809524
2025-12-08,DCOILBRENTEU,Brent,daily,63.3,1.5071428571428571
2025-12-09,DCOILBRENTEU,Brent,daily,62.62,1.4909523809523808
2025-12-10,DCOILBRENTEU,Brent,daily,63.12,1.502857142857143
2025-12-11,DCOILBRENTEU,Brent,daily,61.87,1.473095238095238
2025-12-12,DCOILBRENTEU,Brent,daily,62.11,1.4788095238095238
2025-12-15,DCOILBRENTEU,Brent,daily,61.55,1.4654761904761904
2025-12-16,DCOILBRENTEU,Brent,daily,59.93,1.426904761904762
2025-12-17,DCOILBRENTEU,Brent,daily,60.61,1.443095238095238
2025-12-18,DCOILBRENTEU,Brent,daily,60.69,1.4449999999999998
2025-12-19,DCOILBRENTEU,Brent,daily,61.35,1.4607142857142859
2025-12-22,DCOILBRENTEU,Brent,daily,62.22,1.4814285714285713
2025-12-23,DCOILBRENTEU,Brent,daily,63.7,1.5166666666666668
2025-12-24,DCOILBRENTEU,Brent,daily,63.7,1.5166666666666668
2025-12-25,DCOILBRENTEU,Brent,daily,,
2025-12-26,DCOILBRENTEU,Brent,daily,,
2025-12-29,DCOILBRENTEU,Brent,daily,63.1,1.5023809523809524
2025-12-30,DCOILBRENTEU,Brent,daily,62.3,1.4833333333333332
2025-12-31,DCOILBRENTEU,Brent,daily,61.35,1.4607142857142859
2026-01-01,DCOILBRENTEU,Brent,daily,,
2026-01-02,DCOILBRENTEU,Brent,daily,61.98,1.4757142857142855
2026-01-05,DCOILBRENTEU,Brent,daily,63.0,1.5
2026-01-06,DCOILBRENTEU,Brent,daily,62.1,1.4785714285714286
2026-01-07,DCOILBRENTEU,Brent,daily,61.08,1.4542857142857142
2026-01-08,DCOILBRENTEU,Brent,daily,63.34,1.5080952380952382
2026-01-09,DCOILBRENTEU,Brent,daily,65.11,1.5502380952380952
2026-01-12,DCOILBRENTEU,Brent,daily,65.4,1.5571428571428574
2026-01-13,DCOILBRENTEU,Brent,daily,67.58,1.609047619047619
2026-01-14,DCOILBRENTEU,Brent,daily,68.87,1.639761904761905
2026-01-15,DCOILBRENTEU,Brent,daily,66.16,1.575238095238095
2026-01-16,DCOILBRENTEU,Brent,daily,66.97,1.5945238095238095
2026-01-19,DCOILBRENTEU,Brent,daily,66.91,1.5930952380952381
2026-01-20,DCOILBRENTEU,Brent,daily,67.68,1.6114285714285717
2026-01-21,DCOILBRENTEU,Brent,daily,66.72,1.5885714285714285
2026-01-22,DCOILBRENTEU,Brent,daily,65.46,1.5585714285714285
2026-01-23,DCOILBRENTEU,Brent,daily,68.16,1.6228571428571428
2026-01-26,DCOILBRENTEU,Brent,daily,67.7,1.611904761904762
2026-01-27,DCOILBRENTEU,Brent,daily,70.28,1.6733333333333333
2026-01-28,DCOILBRENTEU,Brent,daily,70.9,1.6880952380952383
2026-01-29,DCOILBRENTEU,Brent,daily,71.0,1.6904761904761905
2026-01-30,DCOILBRENTEU,Brent,daily,72.25,1.7202380952380953
2026-02-02,DCOILBRENTEU,Brent,daily,67.72,1.6123809523809522
2026-02-03,DCOILBRENTEU,Brent,daily,70.01,1.6669047619047621
2026-02-04,DCOILBRENTEU,Brent,daily,71.15,1.6940476190476192
2026-02-05,DCOILBRENTEU,Brent,daily,69.87,1.6635714285714287
2026-02-06,DCOILBRENTEU,Brent,daily,70.45,1.6773809523809524
2026-02-09,DCOILBRENTEU,Brent,daily,71.19,1.6949999999999998
2026-02-10,DCOILBRENTEU,Brent,daily,71.01,1.6907142857142858
2026-02-11,DCOILBRENTEU,Brent,daily,71.52,1.7028571428571428
2026-02-12,DCOILBRENTEU,Brent,daily,69.8,1.6619047619047618
2026-02-13,DCOILBRENTEU,Brent,daily,69.96,1.6657142857142855
2026-02-16,DCOILBRENTEU,Brent,daily,70.81,1.685952380952381
2026-02-17,DCOILBRENTEU,Brent,daily,69.77,1.661190476190476
2026-02-18,DCOILBRENTEU,Brent,daily,71.78,1.7090476190476191
2026-02-19,DCOILBRENTEU,Brent,daily,73.17,1.7421428571428572
2026-02-20,DCOILBRENTEU,Brent,daily,72.75,1.7321428571428572
2026-02-23,DCOILBRENTEU,Brent,daily,71.9,1.711904761904762
2026-02-24,DCOILBRENTEU,Brent,daily,71.21,1.6954761904761904
2026-02-25,DCOILBRENTEU,Brent,daily,70.69,1.683095238095238
2026-02-26,DCOILBRENTEU,Brent,daily,71.66,1.706190476190476
2026-02-27,DCOILBRENTEU,Brent,daily,71.32,1.6980952380952379
2026-03-02,DCOILBRENTEU,Brent,daily,77.24,1.8390476190476188
2026-03-03,DCOILBRENTEU,Brent,daily,83.28,1.9828571428571429
2026-03-04,DCOILBRENTEU,Brent,daily,81.56,1.941904761904762
2026-03-05,DCOILBRENTEU,Brent,daily,88.59,2.1092857142857144
2026-03-06,DCOILBRENTEU,Brent,daily,95.74,2.2795238095238095
2026-03-09,DCOILBRENTEU,Brent,daily,94.35,2.2464285714285714
2026-03-10,DCOILBRENTEU,Brent,daily,89.84,2.139047619047619
2026-03-11,DCOILBRENTEU,Brent,daily,90.98,2.166190476190476
2026-03-12,DCOILBRENTEU,Brent,daily,102.38,2.4376190476190476
2026-03-13,DCOILBRENTEU,Brent,daily,103.23,2.4578571428571427
2026-03-16,DCOILBRENTEU,Brent,daily,101.04,2.4057142857142857
2026-03-17,DCOILBRENTEU,Brent,daily,108.39,2.5807142857142855
2026-03-18,DCOILBRENTEU,Brent,daily,118.09,2.8116666666666665
2026-03-19,DCOILBRENTEU,Brent,daily,111.05,2.644047619047619
2026-03-20,DCOILBRENTEU,Brent,daily,118.42,2.8195238095238095
2026-03-23,DCOILBRENTEU,Brent,daily,103.79,2.4711904761904764
2026-03-24,DCOILBRENTEU,Brent,daily,108.42,2.5814285714285714
2026-03-25,DCOILBRENTEU,Brent,daily,109.14,2.5985714285714288
2026-03-26,DCOILBRENTEU,Brent,daily,113.39,2.6997619047619046
2026-03-27,DCOILBRENTEU,Brent,daily,121.47,2.892142857142857
2026-03-30,DCOILBRENTEU,Brent,daily,121.88,2.901904761904762
2026-03-31,DCOILBRENTEU,Brent,daily,126.69,3.0164285714285715
2026-04-01,DCOILBRENTEU,Brent,daily,119.56,2.8466666666666667
2026-04-02,DCOILBRENTEU,Brent,daily,127.61,3.038333333333333
2026-04-03,DCOILBRENTEU,Brent,daily,,
2026-04-06,DCOILBRENTEU,Brent,daily,,
2026-04-07,DCOILBRENTEU,Brent,daily,138.21,3.290714285714286
2026-04-08,DCOILBRENTEU,Brent,daily,122.11,2.907380952380952
2026-04-09,DCOILBRENTEU,Brent,daily,119.03,2.834047619047619
2026-04-10,DCOILBRENTEU,Brent,daily,119.07,2.835
2026-04-13,DCOILBRENTEU,Brent,daily,123.28,2.935238095238095
2026-04-14,DCOILBRENTEU,Brent,daily,118.69,2.8259523809523808
2026-04-15,DCOILBRENTEU,Brent,daily,114.93,2.7364285714285717
2026-04-16,DCOILBRENTEU,Brent,daily,116.63,2.776904761904762
2026-04-17,DCOILBRENTEU,Brent,daily,98.63,2.348333333333333
2026-04-20,DCOILBRENTEU,Brent,daily,103.4,2.461904761904762
2026-04-21,DCOILBRENTEU,Brent,daily,106.14,2.527142857142857
2026-04-22,DCOILBRENTEU,Brent,daily,113.44,2.7009523809523808
2026-04-23,DCOILBRENTEU,Brent,daily,113.25,2.6964285714285716
2026-04-24,DCOILBRENTEU,Brent,daily,111.86,2.663333333333333
2026-04-27,DCOILBRENTEU,Brent,daily,113.89,2.711666666666667
2026-04-28,DCOILBRENTEU,Brent,daily,117.62,2.8004761904761906
2026-04-29,DCOILBRENTEU,Brent,daily,124.16,2.9561904761904763
2026-04-30,DCOILBRENTEU,Brent,daily,124.24,2.958095238095238
2026-05-01,DCOILBRENTEU,Brent,daily,118.26,2.815714285714286
2026-05-04,DCOILBRENTEU,Brent,daily,,
2026-05-05,DCOILBRENTEU,Brent,daily,114.51,2.7264285714285714
2026-05-06,DCOILBRENTEU,Brent,daily,103.7,2.469047619047619
2026-05-07,DCOILBRENTEU,Brent,daily,101.82,2.424285714285714
2026-05-08,DCOILBRENTEU,Brent,daily,103.48,2.463809523809524
2026-05-11,DCOILBRENTEU,Brent,daily,106.11,2.5264285714285712
2026-05-12,DCOILBRENTEU,Brent,daily,111.37,2.651666666666667
2026-05-13,DCOILBRENTEU,Brent,daily,110.28,2.625714285714286
2026-05-14,DCOILBRENTEU,Brent,daily,110.91,2.6407142857142856
2026-05-15,DCOILBRENTEU,Brent,daily,113.96,2.7133333333333334
2026-05-18,DCOILBRENTEU,Brent,daily,116.73,2.7792857142857144
2026-05-19,DCOILBRENTEU,Brent,daily,114.64,2.7295238095238097
2026-05-20,DCOILBRENTEU,Brent,daily,108.93,2.593571428571429
2026-05-21,DCOILBRENTEU,Brent,daily,105.84,2.52
2026-05-22,DCOILBRENTEU,Brent,daily,106.9,2.5452380952380955
2026-05-25,DCOILBRENTEU,Brent,daily,,
2026-05-26,DCOILBRENTEU,Brent,daily,102.75,2.4464285714285716
2026-05-27,DCOILBRENTEU,Brent,daily,97.11,2.3121428571428573
2026-05-28,DCOILBRENTEU,Brent,daily,95.47,2.2730952380952383
2026-05-29,DCOILBRENTEU,Brent,daily,92.88,2.2114285714285713
2026-06-01,DCOILBRENTEU,Brent,daily,98.29,2.3402380952380955
2026-06-02,DCOILBRENTEU,Brent,daily,98.49,2.3449999999999998
2026-06-03,DCOILBRENTEU,Brent,daily,101.69,2.421190476190476
2026-06-04,DCOILBRENTEU,Brent,daily,98.98,2.356666666666667
2026-06-05,DCOILBRENTEU,Brent,daily,97.29,2.3164285714285717
2026-06-08,DCOILBRENTEU,Brent,daily,97.46,2.32047619047619
2026-06-09,DCOILBRENTEU,Brent,daily,94.15,2.2416666666666667
2026-06-10,DCOILBRENTEU,Brent,daily,95.73,2.2792857142857144
2026-06-11,DCOILBRENTEU,Brent,daily,92.84,2.2104761904761907
2026-06-12,DCOILBRENTEU,Brent,daily,88.64,2.1104761904761906
2026-06-15,DCOILBRENTEU,Brent,daily,84.36,2.0085714285714285
2026-06-16,DCOILBRENTEU,Brent,daily,80.5,1.9166666666666667
2026-06-17,DCOILBRENTEU,Brent,daily,80.33,1.9126190476190477
2026-06-18,DCOILBRENTEU,Brent,daily,79.35,1.8892857142857142
2026-06-19,DCOILBRENTEU,Brent,daily,80.46,1.9157142857142855
2026-06-22,DCOILBRENTEU,Brent,daily,76.49,1.821190476190476
2026-06-23,DCOILBRENTEU,Brent,daily,75.69,1.802142857142857
2026-06-24,DCOILBRENTEU,Brent,daily,72.09,1.7164285714285714
2026-06-25,DCOILBRENTEU,Brent,daily,73.74,1.7557142857142856
2026-06-26,DCOILBRENTEU,Brent,daily,70.16,1.6704761904761904
2026-06-29,DCOILBRENTEU,Brent,daily,71.59,1.7045238095238096
2026-06-30,DCOILBRENTEU,Brent,daily,70.46,1.6776190476190476
2026-07-01,DCOILBRENTEU,Brent,daily,69.24,1.6485714285714284
2026-07-02,DCOILBRENTEU,Brent,daily,68.53,1.6316666666666666
2026-07-03,DCOILBRENTEU,Brent,daily,68.68,1.6352380952380954
2026-07-06,DCOILBRENTEU,Brent,daily,69.56,1.6561904761904762
2026-07-07,DCOILBRENTEU,Brent,daily,71.78,1.7090476190476191
2026-07-08,DCOILBRENTEU,Brent,daily,76.5,1.8214285714285714
2026-07-09,DCOILBRENTEU,Brent,daily,74.46,1.7728571428571427
2026-07-10,DCOILBRENTEU,Brent,daily,74.34,1.77
2026-07-13,DCOILBRENTEU,Brent,daily,81.62,1.9433333333333334
2026-07-14,DCOILBRENTEU,Brent,daily,83.69,1.9926190476190475
2026-07-15,DCOILBRENTEU,Brent,daily,83.08,1.9780952380952381
2026-07-16,DCOILBRENTEU,Brent,daily,81.23,1.9340476190476192
2026-07-17,DCOILBRENTEU,Brent,daily,85.01,2.0240476190476193
2026-07-20,DCOILBRENTEU,Brent,daily,86.99,2.071190476190476
2026-07-21,DCOILBRENTEU,Brent,daily,93.85,2.2345238095238096
2026-07-22,DCOILBRENTEU,Brent,daily,94.12,2.2409523809523813
2026-07-23,DCOILBRENTEU,Brent,daily,105.32,2.5076190476190474
2026-07-24,DCOILBRENTEU,Brent,daily,100.31,2.388333333333333
2026-07-27,DCOILBRENTEU,Brent,daily,91.82,2.1861904761904762
2026-07-28,DCOILBRENTEU,Brent,daily,85.51,2.035952380952381
2026-07-29,DCOILBRENTEU,Brent,daily,91.95,2.1892857142857145
2026-07-30,DCOILBRENTEU,Brent,daily,91.91,2.1883333333333335
2026-07-31,DCOILBRENTEU,Brent,daily,96.95,2.3083333333333336
2026-08-03,DCOILBRENTEU,Brent,daily,88.9,2.1166666666666667
2010-01-01,DCOILWTICO,WTI,daily,,
2010-01-04,DCOILWTICO,WTI,daily,81.52,1.9409523809523808
2010-01-05,DCOILWTICO,WTI,daily,81.74,1.946190476190476
2010-01-06,DCOILWTICO,WTI,daily,83.12,1.9790476190476192
2010-01-07,DCOILWTICO,WTI,daily,82.6,1.9666666666666666
2010-01-08,DCOILWTICO,WTI,daily,82.74,1.97
2010-01-11,DCOILWTICO,WTI,daily,82.54,1.9652380952380955
2010-01-12,DCOILWTICO,WTI,daily,80.79,1.9235714285714287
2010-01-13,DCOILWTICO,WTI,daily,79.66,1.8966666666666665
2010-01-14,DCOILWTICO,WTI,daily,79.35,1.8892857142857142
2010-01-15,DCOILWTICO,WTI,daily,77.96,1.856190476190476
2010-01-18,DCOILWTICO,WTI,daily,,
2010-01-19,DCOILWTICO,WTI,daily,78.98,1.8804761904761906
2010-01-20,DCOILWTICO,WTI,daily,77.42,1.8433333333333333
2010-01-21,DCOILWTICO,WTI,daily,75.84,1.8057142857142858
2010-01-22,DCOILWTICO,WTI,daily,74.25,1.7678571428571428
2010-01-25,DCOILWTICO,WTI,daily,74.9,1.7833333333333334
2010-01-26,DCOILWTICO,WTI,daily,74.67,1.7778571428571428
2010-01-27,DCOILWTICO,WTI,daily,73.64,1.7533333333333334
2010-01-28,DCOILWTICO,WTI,daily,73.62,1.752857142857143
2010-01-29,DCOILWTICO,WTI,daily,72.85,1.7345238095238094
2010-02-01,DCOILWTICO,WTI,daily,74.41,1.7716666666666665
2010-02-02,DCOILWTICO,WTI,daily,77.21,1.8383333333333332
2010-02-03,DCOILWTICO,WTI,daily,76.96,1.8323809523809522
2010-02-04,DCOILWTICO,WTI,daily,73.13,1.7411904761904762
2010-02-05,DCOILWTICO,WTI,daily,71.15,1.6940476190476192
2010-02-08,DCOILWTICO,WTI,daily,71.87,1.7111904761904764
2010-02-09,DCOILWTICO,WTI,daily,73.71,1.755
2010-02-10,DCOILWTICO,WTI,daily,74.48,1.7733333333333334
2010-02-11,DCOILWTICO,WTI,daily,75.23,1.7911904761904762
2010-02-12,DCOILWTICO,WTI,daily,74.11,1.7645238095238096
2010-02-15,DCOILWTICO,WTI,daily,,
2010-02-16,DCOILWTICO,WTI,daily,76.98,1.832857142857143
2010-02-17,DCOILWTICO,WTI,daily,77.27,1.8397619047619047
2010-02-18,DCOILWTICO,WTI,daily,78.97,1.8802380952380953
2010-02-19,DCOILWTICO,WTI,daily,79.77,1.8992857142857142
2010-02-22,DCOILWTICO,WTI,daily,80.04,1.905714285714286
2010-02-23,DCOILWTICO,WTI,daily,78.61,1.8716666666666666
2010-02-24,DCOILWTICO,WTI,daily,79.75,1.8988095238095237
2010-02-25,DCOILWTICO,WTI,daily,77.99,1.8569047619047618
2010-02-26,DCOILWTICO,WTI,daily,79.72,1.898095238095238
2010-03-01,DCOILWTICO,WTI,daily,78.71,1.874047619047619
2010-03-02,DCOILWTICO,WTI,daily,79.62,1.895714285714286
2010-03-03,DCOILWTICO,WTI,daily,80.91,1.9264285714285714
2010-03-04,DCOILWTICO,WTI,daily,80.21,1.9097619047619045
2010-03-05,DCOILWTICO,WTI,daily,81.5,1.9404761904761905
2010-03-08,DCOILWTICO,WTI,daily,81.85,1.9488095238095238
2010-03-09,DCOILWTICO,WTI,daily,81.5,1.9404761904761905
2010-03-10,DCOILWTICO,WTI,daily,82.07,1.9540476190476188
2010-03-11,DCOILWTICO,WTI,daily,82.1,1.9547619047619047
2010-03-12,DCOILWTICO,WTI,daily,81.26,1.934761904761905
2010-03-15,DCOILWTICO,WTI,daily,79.79,1.899761904761905
2010-03-16,DCOILWTICO,WTI,daily,81.75,1.9464285714285714
2010-03-17,DCOILWTICO,WTI,daily,82.93,1.9745238095238098
2010-03-18,DCOILWTICO,WTI,daily,82.16,1.956190476190476
2010-03-19,DCOILWTICO,WTI,daily,80.58,1.9185714285714286
2010-03-22,DCOILWTICO,WTI,daily,81.26,1.934761904761905
2010-03-23,DCOILWTICO,WTI,daily,81.68,1.944761904761905
2010-03-24,DCOILWTICO,WTI,daily,80.29,1.9116666666666668
2010-03-25,DCOILWTICO,WTI,daily,80.25,1.9107142857142858
2010-03-26,DCOILWTICO,WTI,daily,79.75,1.8988095238095237
2010-03-29,DCOILWTICO,WTI,daily,81.92,1.9504761904761905
2010-03-30,DCOILWTICO,WTI,daily,82.14,1.9557142857142857
2010-03-31,DCOILWTICO,WTI,daily,83.45,1.986904761904762
2010-04-01,DCOILWTICO,WTI,daily,84.53,2.0126190476190478
2010-04-02,DCOILWTICO,WTI,daily,,
2010-04-05,DCOILWTICO,WTI,daily,86.36,2.0561904761904763
2010-04-06,DCOILWTICO,WTI,daily,86.54,2.060476190476191
2010-04-07,DCOILWTICO,WTI,daily,85.64,2.039047619047619
2010-04-08,DCOILWTICO,WTI,daily,85.17,2.027857142857143
2010-04-09,DCOILWTICO,WTI,daily,84.6,2.0142857142857142
2010-04-12,DCOILWTICO,WTI,daily,84.07,2.0016666666666665
2010-04-13,DCOILWTICO,WTI,daily,83.8,1.9952380952380953
2010-04-14,DCOILWTICO,WTI,daily,85.62,2.0385714285714287
2010-04-15,DCOILWTICO,WTI,daily,85.25,2.0297619047619047
2010-04-16,DCOILWTICO,WTI,daily,82.97,1.9754761904761904
2010-04-19,DCOILWTICO,WTI,daily,81.52,1.9409523809523808
2010-04-20,DCOILWTICO,WTI,daily,82.98,1.9757142857142858
2010-04-21,DCOILWTICO,WTI,daily,82.78,1.970952380952381
2010-04-22,DCOILWTICO,WTI,daily,82.89,1.9735714285714285
2010-04-23,DCOILWTICO,WTI,daily,84.34,2.008095238095238
2010-04-26,DCOILWTICO,WTI,daily,84.2,2.0047619047619047
2010-04-27,DCOILWTICO,WTI,daily,82.43,1.9626190476190477
2010-04-28,DCOILWTICO,WTI,daily,83.22,1.9814285714285713
2010-04-29,DCOILWTICO,WTI,daily,85.17,2.027857142857143
2010-04-30,DCOILWTICO,WTI,daily,86.07,2.049285714285714
2010-05-03,DCOILWTICO,WTI,daily,86.19,2.052142857142857
2010-05-04,DCOILWTICO,WTI,daily,82.73,1.9697619047619048
2010-05-05,DCOILWTICO,WTI,daily,80.0,1.9047619047619047
2010-05-06,DCOILWTICO,WTI,daily,77.18,1.8376190476190477
2010-05-07,DCOILWTICO,WTI,daily,75.1,1.788095238095238
2010-05-10,DCOILWTICO,WTI,daily,76.89,1.8307142857142857
2010-05-11,DCOILWTICO,WTI,daily,76.37,1.8183333333333334
2010-05-12,DCOILWTICO,WTI,daily,75.65,1.8011904761904762
2010-05-13,DCOILWTICO,WTI,daily,74.38,1.7709523809523808
2010-05-14,DCOILWTICO,WTI,daily,71.61,1.705
2010-05-17,DCOILWTICO,WTI,daily,70.08,1.6685714285714286
2010-05-18,DCOILWTICO,WTI,daily,69.38,1.6519047619047618
2010-05-19,DCOILWTICO,WTI,daily,69.91,1.6645238095238095
2010-05-20,DCOILWTICO,WTI,daily,68.28,1.6257142857142857
2010-05-21,DCOILWTICO,WTI,daily,68.03,1.6197619047619047
2010-05-24,DCOILWTICO,WTI,daily,68.23,1.6245238095238097
2010-05-25,DCOILWTICO,WTI,daily,64.78,1.5423809523809524
2010-05-26,DCOILWTICO,WTI,daily,71.52,1.7028571428571428
2010-05-27,DCOILWTICO,WTI,daily,74.56,1.7752380952380953
2010-05-28,DCOILWTICO,WTI,daily,74.0,1.7619047619047619
2010-05-31,DCOILWTICO,WTI,daily,,
2010-06-01,DCOILWTICO,WTI,daily,72.7,1.730952380952381
2010-06-02,DCOILWTICO,WTI,daily,72.88,1.735238095238095
2010-06-03,DCOILWTICO,WTI,daily,74.62,1.7766666666666668
2010-06-04,DCOILWTICO,WTI,daily,71.43,1.7007142857142858
2010-06-07,DCOILWTICO,WTI,daily,71.55,1.7035714285714285
2010-06-08,DCOILWTICO,WTI,daily,71.88,1.7114285714285713
2010-06-09,DCOILWTICO,WTI,daily,74.38,1.7709523809523808
2010-06-10,DCOILWTICO,WTI,daily,75.48,1.7971428571428572
2010-06-11,DCOILWTICO,WTI,daily,73.89,1.7592857142857143
2010-06-14,DCOILWTICO,WTI,daily,74.99,1.7854761904761904
2010-06-15,DCOILWTICO,WTI,daily,76.84,1.8295238095238096
2010-06-16,DCOILWTICO,WTI,daily,77.67,1.8492857142857144
2010-06-17,DCOILWTICO,WTI,daily,76.82,1.8290476190476188
2010-06-18,DCOILWTICO,WTI,daily,77.18,1.8376190476190477
2010-06-21,DCOILWTICO,WTI,daily,77.84,1.8533333333333335
2010-06-22,DCOILWTICO,WTI,daily,77.15,1.836904761904762
2010-06-23,DCOILWTICO,WTI,daily,75.9,1.8071428571428574
2010-06-24,DCOILWTICO,WTI,daily,75.96,1.8085714285714285
2010-06-25,DCOILWTICO,WTI,daily,78.45,1.8678571428571429
2010-06-28,DCOILWTICO,WTI,daily,78.26,1.8633333333333335
2010-06-29,DCOILWTICO,WTI,daily,75.93,1.807857142857143
2010-06-30,DCOILWTICO,WTI,daily,75.59,1.799761904761905
2010-07-01,DCOILWTICO,WTI,daily,72.95,1.736904761904762
2010-07-02,DCOILWTICO,WTI,daily,72.06,1.7157142857142857
2010-07-05,DCOILWTICO,WTI,daily,,
2010-07-06,DCOILWTICO,WTI,daily,71.96,1.7133333333333332
2010-07-07,DCOILWTICO,WTI,daily,74.05,1.763095238095238
2010-07-08,DCOILWTICO,WTI,daily,75.46,1.7966666666666664
2010-07-09,DCOILWTICO,WTI,daily,76.08,1.8114285714285714
2010-07-12,DCOILWTICO,WTI,daily,74.93,1.784047619047619
2010-07-13,DCOILWTICO,WTI,daily,77.16,1.837142857142857
2010-07-14,DCOILWTICO,WTI,daily,77.02,1.8338095238095238
2010-07-15,DCOILWTICO,WTI,daily,76.67,1.8254761904761905
2010-07-16,DCOILWTICO,WTI,daily,75.96,1.8085714285714285
2010-07-19,DCOILWTICO,WTI,daily,76.53,1.822142857142857
2010-07-20,DCOILWTICO,WTI,daily,77.32,1.840952380952381
2010-07-21,DCOILWTICO,WTI,daily,76.27,1.8159523809523808
2010-07-22,DCOILWTICO,WTI,daily,79.01,1.8811904761904763
2010-07-23,DCOILWTICO,WTI,daily,78.68,1.8733333333333335
2010-07-26,DCOILWTICO,WTI,daily,78.93,1.8792857142857144
2010-07-27,DCOILWTICO,WTI,daily,77.46,1.844285714285714
2010-07-28,DCOILWTICO,WTI,daily,77.06,1.8347619047619048
2010-07-29,DCOILWTICO,WTI,daily,78.3,1.8642857142857143
2010-07-30,DCOILWTICO,WTI,daily,78.85,1.8773809523809522
2010-08-02,DCOILWTICO,WTI,daily,81.25,1.9345238095238095
2010-08-03,DCOILWTICO,WTI,daily,82.52,1.9647619047619047
2010-08-04,DCOILWTICO,WTI,daily,82.49,1.9640476190476188
2010-08-05,DCOILWTICO,WTI,daily,82.0,1.9523809523809523
2010-08-06,DCOILWTICO,WTI,daily,80.67,1.9207142857142858
2010-08-09,DCOILWTICO,WTI,daily,81.46,1.9395238095238094
2010-08-10,DCOILWTICO,WTI,daily,80.24,1.9104761904761904
2010-08-11,DCOILWTICO,WTI,daily,78.09,1.8592857142857144
2010-08-12,DCOILWTICO,WTI,daily,75.68,1.8019047619047621
2010-08-13,DCOILWTICO,WTI,daily,75.39,1.795
2010-08-16,DCOILWTICO,WTI,daily,75.17,1.7897619047619049
2010-08-17,DCOILWTICO,WTI,daily,75.76,1.803809523809524
2010-08-18,DCOILWTICO,WTI,daily,75.39,1.795
2010-08-19,DCOILWTICO,WTI,daily,74.45,1.7726190476190478
2010-08-20,DCOILWTICO,WTI,daily,73.45,1.7488095238095238
2010-08-23,DCOILWTICO,WTI,daily,72.71,1.731190476190476
2010-08-24,DCOILWTICO,WTI,daily,71.24,1.696190476190476
2010-08-25,DCOILWTICO,WTI,daily,72.07,1.715952380952381
2010-08-26,DCOILWTICO,WTI,daily,73.36,1.7466666666666666
2010-08-27,DCOILWTICO,WTI,daily,75.17,1.7897619047619049
2010-08-30,DCOILWTICO,WTI,daily,74.69,1.7783333333333333
2010-08-31,DCOILWTICO,WTI,daily,71.93,1.7126190476190477
2010-09-01,DCOILWTICO,WTI,daily,73.97,1.7611904761904762
2010-09-02,DCOILWTICO,WTI,daily,74.99,1.7854761904761904
2010-09-03,DCOILWTICO,WTI,daily,74.52,1.7742857142857142
2010-09-06,DCOILWTICO,WTI,daily,,
2010-09-07,DCOILWTICO,WTI,daily,73.98,1.7614285714285716
2010-09-08,DCOILWTICO,WTI,daily,74.65,1.7773809523809525
2010-09-09,DCOILWTICO,WTI,daily,74.25,1.7678571428571428
2010-09-10,DCOILWTICO,WTI,daily,76.4,1.8190476190476192
2010-09-13,DCOILWTICO,WTI,daily,77.17,1.8373809523809523
2010-09-14,DCOILWTICO,WTI,daily,76.78,1.8280952380952382
2010-09-15,DCOILWTICO,WTI,daily,75.92,1.8076190476190477
2010-09-16,DCOILWTICO,WTI,daily,74.58,1.7757142857142856
2010-09-17,DCOILWTICO,WTI,daily,73.63,1.753095238095238
2010-09-20,DCOILWTICO,WTI,daily,74.81,1.7811904761904762
2010-09-21,DCOILWTICO,WTI,daily,72.96,1.737142857142857
2010-09-22,DCOILWTICO,WTI,daily,72.98,1.7376190476190476
2010-09-23,DCOILWTICO,WTI,daily,73.4,1.7476190476190478
2010-09-24,DCOILWTICO,WTI,daily,74.63,1.7769047619047618
2010-09-27,DCOILWTICO,WTI,daily,76.51,1.8216666666666668
2010-09-28,DCOILWTICO,WTI,daily,76.15,1.8130952380952383
2010-09-29,DCOILWTICO,WTI,daily,77.85,1.8535714285714284
2010-09-30,DCOILWTICO,WTI,daily,79.95,1.9035714285714287
2010-10-01,DCOILWTICO,WTI,daily,81.57,1.942142857142857
2010-10-04,DCOILWTICO,WTI,daily,81.43,1.938809523809524
2010-10-05,DCOILWTICO,WTI,daily,82.83,1.9721428571428572
2010-10-06,DCOILWTICO,WTI,daily,83.21,1.981190476190476
2010-10-07,DCOILWTICO,WTI,daily,81.34,1.9366666666666668
2010-10-08,DCOILWTICO,WTI,daily,82.66,1.9680952380952381
2010-10-11,DCOILWTICO,WTI,daily,82.18,1.9566666666666668
2010-10-12,DCOILWTICO,WTI,daily,81.67,1.9445238095238095
2010-10-13,DCOILWTICO,WTI,daily,83.03,1.976904761904762
2010-10-14,DCOILWTICO,WTI,daily,82.71,1.969285714285714
2010-10-15,DCOILWTICO,WTI,daily,81.23,1.9340476190476192
2010-10-18,DCOILWTICO,WTI,daily,83.06,1.9776190476190476
2010-10-19,DCOILWTICO,WTI,daily,79.57,1.8945238095238093
2010-10-20,DCOILWTICO,WTI,daily,81.93,1.9507142857142858
2010-10-21,DCOILWTICO,WTI,daily,80.03,1.9054761904761905
2010-10-22,DCOILWTICO,WTI,daily,81.15,1.9321428571428574
2010-10-25,DCOILWTICO,WTI,daily,82.0,1.9523809523809523
2010-10-26,DCOILWTICO,WTI,daily,82.6,1.9666666666666666
2010-10-27,DCOILWTICO,WTI,daily,81.9,1.9500000000000002
2010-10-28,DCOILWTICO,WTI,daily,82.2,1.9571428571428573
2010-10-29,DCOILWTICO,WTI,daily,81.45,1.9392857142857143
2010-11-01,DCOILWTICO,WTI,daily,82.94,1.9747619047619047
2010-11-02,DCOILWTICO,WTI,daily,83.91,1.9978571428571428
2010-11-03,DCOILWTICO,WTI,daily,84.45,2.0107142857142857
2010-11-04,DCOILWTICO,WTI,daily,86.49,2.059285714285714
2010-11-05,DCOILWTICO,WTI,daily,86.85,2.0678571428571426
2010-11-08,DCOILWTICO,WTI,daily,87.07,2.073095238095238
2010-11-09,DCOILWTICO,WTI,daily,87.04,2.0723809523809527
2010-11-10,DCOILWTICO,WTI,daily,87.77,2.0897619047619047
2010-11-11,DCOILWTICO,WTI,daily,87.77,2.0897619047619047
2010-11-12,DCOILWTICO,WTI,daily,84.89,2.021190476190476
2010-11-15,DCOILWTICO,WTI,daily,84.88,2.020952380952381
2010-11-16,DCOILWTICO,WTI,daily,82.33,1.9602380952380951
2010-11-17,DCOILWTICO,WTI,daily,80.43,1.9150000000000003
2010-11-18,DCOILWTICO,WTI,daily,81.88,1.9495238095238094
2010-11-19,DCOILWTICO,WTI,daily,81.65,1.9440476190476192
2010-11-22,DCOILWTICO,WTI,daily,81.24,1.9342857142857142
2010-11-23,DCOILWTICO,WTI,daily,80.79,1.9235714285714287
2010-11-24,DCOILWTICO,WTI,daily,83.21,1.981190476190476
2010-11-25,DCOILWTICO,WTI,daily,,
2010-11-26,DCOILWTICO,WTI,daily,83.87,1.996904761904762
2010-11-29,DCOILWTICO,WTI,daily,85.73,2.041190476190476
2010-11-30,DCOILWTICO,WTI,daily,84.12,2.002857142857143
2010-12-01,DCOILWTICO,WTI,daily,86.75,2.0654761904761907
2010-12-02,DCOILWTICO,WTI,daily,87.98,2.094761904761905
2010-12-03,DCOILWTICO,WTI,daily,89.18,2.1233333333333335
2010-12-06,DCOILWTICO,WTI,daily,89.33,2.126904761904762
2010-12-07,DCOILWTICO,WTI,daily,88.69,2.111666666666667
2010-12-08,DCOILWTICO,WTI,daily,88.3,2.1023809523809525
2010-12-09,DCOILWTICO,WTI,daily,88.35,2.1035714285714286
2010-12-10,DCOILWTICO,WTI,daily,87.81,2.0907142857142857
2010-12-13,DCOILWTICO,WTI,daily,88.62,2.1100000000000003
2010-12-14,DCOILWTICO,WTI,daily,88.33,2.103095238095238
2010-12-15,DCOILWTICO,WTI,daily,88.66,2.110952380952381
2010-12-16,DCOILWTICO,WTI,daily,87.71,2.0883333333333334
2010-12-17,DCOILWTICO,WTI,daily,88.02,2.0957142857142856
2010-12-20,DCOILWTICO,WTI,daily,88.68,2.1114285714285717
2010-12-21,DCOILWTICO,WTI,daily,89.3,2.126190476190476
2010-12-22,DCOILWTICO,WTI,daily,89.83,2.138809523809524
2010-12-23,DCOILWTICO,WTI,daily,90.84,2.162857142857143
2010-12-24,DCOILWTICO,WTI,daily,,
2010-12-27,DCOILWTICO,WTI,daily,90.99,2.1664285714285714
2010-12-28,DCOILWTICO,WTI,daily,91.48,2.178095238095238
2010-12-29,DCOILWTICO,WTI,daily,91.13,2.169761904761905
2010-12-30,DCOILWTICO,WTI,daily,89.85,2.1392857142857142
2010-12-31,DCOILWTICO,WTI,daily,91.38,2.1757142857142857
2011-01-03,DCOILWTICO,WTI,daily,91.59,2.1807142857142856
2011-01-04,DCOILWTICO,WTI,daily,89.39,2.1283333333333334
2011-01-05,DCOILWTICO,WTI,daily,90.3,2.15
2011-01-06,DCOILWTICO,WTI,daily,88.37,2.104047619047619
2011-01-07,DCOILWTICO,WTI,daily,88.07,2.096904761904762
2011-01-10,DCOILWTICO,WTI,daily,89.24,2.124761904761905
2011-01-11,DCOILWTICO,WTI,daily,91.11,2.1692857142857145
2011-01-12,DCOILWTICO,WTI,daily,91.85,2.1869047619047617
2011-01-13,DCOILWTICO,WTI,daily,91.39,2.175952380952381
2011-01-14,DCOILWTICO,WTI,daily,91.53,2.1792857142857143
2011-01-17,DCOILWTICO,WTI,daily,,
2011-01-18,DCOILWTICO,WTI,daily,91.38,2.1757142857142857
2011-01-19,DCOILWTICO,WTI,daily,90.85,2.163095238095238
2011-01-20,DCOILWTICO,WTI,daily,88.56,2.1085714285714285
2011-01-21,DCOILWTICO,WTI,daily,88.22,2.1004761904761904
2011-01-24,DCOILWTICO,WTI,daily,86.74,2.065238095238095
2011-01-25,DCOILWTICO,WTI,daily,85.08,2.025714285714286
2011-01-26,DCOILWTICO,WTI,daily,86.15,2.0511904761904765
2011-01-27,DCOILWTICO,WTI,daily,84.45,2.0107142857142857
2011-01-28,DCOILWTICO,WTI,daily,88.15,2.098809523809524
2011-01-31,DCOILWTICO,WTI,daily,90.99,2.1664285714285714
2011-02-01,DCOILWTICO,WTI,daily,89.54,2.131904761904762
2011-02-02,DCOILWTICO,WTI,daily,89.78,2.1376190476190478
2011-02-03,DCOILWTICO,WTI,daily,89.42,2.1290476190476193
2011-02-04,DCOILWTICO,WTI,daily,87.87,2.092142857142857
2011-02-07,DCOILWTICO,WTI,daily,86.3,2.0547619047619046
2011-02-08,DCOILWTICO,WTI,daily,85.85,2.044047619047619
2011-02-09,DCOILWTICO,WTI,daily,85.59,2.037857142857143
2011-02-10,DCOILWTICO,WTI,daily,85.44,2.0342857142857143
2011-02-11,DCOILWTICO,WTI,daily,84.39,2.0092857142857143
2011-02-14,DCOILWTICO,WTI,daily,83.66,1.9919047619047618
2011-02-15,DCOILWTICO,WTI,daily,83.13,1.979285714285714
2011-02-16,DCOILWTICO,WTI,daily,83.8,1.9952380952380953
2011-02-17,DCOILWTICO,WTI,daily,85.05,2.025
2011-02-18,DCOILWTICO,WTI,daily,85.03,2.0245238095238096
2011-02-21,DCOILWTICO,WTI,daily,,
2011-02-22,DCOILWTICO,WTI,daily,92.65,2.205952380952381
2011-02-23,DCOILWTICO,WTI,daily,96.04,2.2866666666666666
2011-02-24,DCOILWTICO,WTI,daily,95.83,2.2816666666666667
2011-02-25,DCOILWTICO,WTI,daily,96.52,2.298095238095238
2011-02-28,DCOILWTICO,WTI,daily,97.1,2.3119047619047617
2011-03-01,DCOILWTICO,WTI,daily,99.63,2.372142857142857
2011-03-02,DCOILWTICO,WTI,daily,102.27,2.435
2011-03-03,DCOILWTICO,WTI,daily,101.92,2.4266666666666667
2011-03-04,DCOILWTICO,WTI,daily,104.34,2.4842857142857144
2011-03-07,DCOILWTICO,WTI,daily,105.37,2.508809523809524
2011-03-08,DCOILWTICO,WTI,daily,105.06,2.5014285714285713
2011-03-09,DCOILWTICO,WTI,daily,104.39,2.4854761904761906
2011-03-10,DCOILWTICO,WTI,daily,102.73,2.445952380952381
2011-03-11,DCOILWTICO,WTI,daily,101.14,2.408095238095238
2011-03-14,DCOILWTICO,WTI,daily,101.2,2.4095238095238094
2011-03-15,DCOILWTICO,WTI,daily,97.23,2.315
2011-03-16,DCOILWTICO,WTI,daily,97.99,2.333095238095238
2011-03-17,DCOILWTICO,WTI,daily,101.47,2.415952380952381
2011-03-18,DCOILWTICO,WTI,daily,101.06,2.4061904761904764
2011-03-21,DCOILWTICO,WTI,daily,102.36,2.4371428571428573
2011-03-22,DCOILWTICO,WTI,daily,104.53,2.488809523809524
2011-03-23,DCOILWTICO,WTI,daily,105.21,2.505
2011-03-24,DCOILWTICO,WTI,daily,105.04,2.500952380952381
2011-03-25,DCOILWTICO,WTI,daily,104.89,2.4973809523809525
2011-03-28,DCOILWTICO,WTI,daily,103.54,2.4652380952380955
2011-03-29,DCOILWTICO,WTI,daily,104.34,2.4842857142857144
2011-03-30,DCOILWTICO,WTI,daily,103.8,2.4714285714285715
2011-03-31,DCOILWTICO,WTI,daily,106.19,2.5283333333333333
2011-04-01,DCOILWTICO,WTI,daily,107.55,2.5607142857142855
2011-04-04,DCOILWTICO,WTI,daily,108.14,2.5747619047619046
2011-04-05,DCOILWTICO,WTI,daily,107.82,2.567142857142857
2011-04-06,DCOILWTICO,WTI,daily,108.38,2.5804761904761904
2011-04-07,DCOILWTICO,WTI,daily,109.82,2.6147619047619046
2011-04-08,DCOILWTICO,WTI,daily,112.27,2.673095238095238
2011-04-11,DCOILWTICO,WTI,daily,109.5,2.607142857142857
2011-04-12,DCOILWTICO,WTI,daily,105.75,2.517857142857143
2011-04-13,DCOILWTICO,WTI,daily,106.6,2.538095238095238
2011-04-14,DCOILWTICO,WTI,daily,107.73,2.565
2011-04-15,DCOILWTICO,WTI,daily,109.17,2.599285714285714
2011-04-18,DCOILWTICO,WTI,daily,106.7,2.5404761904761903
2011-04-19,DCOILWTICO,WTI,daily,107.18,2.551904761904762
2011-04-20,DCOILWTICO,WTI,daily,110.84,2.639047619047619
2011-04-21,DCOILWTICO,WTI,daily,111.72,2.66
2011-04-22,DCOILWTICO,WTI,daily,,
2011-04-25,DCOILWTICO,WTI,daily,111.68,2.659047619047619
2011-04-26,DCOILWTICO,WTI,daily,111.72,2.66
2011-04-27,DCOILWTICO,WTI,daily,112.31,2.6740476190476192
2011-04-28,DCOILWTICO,WTI,daily,112.38,2.6757142857142857
2011-04-29,DCOILWTICO,WTI,daily,113.39,2.6997619047619046
2011-05-02,DCOILWTICO,WTI,daily,113.03,2.691190476190476
2011-05-03,DCOILWTICO,WTI,daily,110.6,2.6333333333333333
2011-05-04,DCOILWTICO,WTI,daily,108.79,2.5902380952380955
2011-05-05,DCOILWTICO,WTI,daily,99.89,2.3783333333333334
2011-05-06,DCOILWTICO,WTI,daily,96.87,2.3064285714285715
2011-05-09,DCOILWTICO,WTI,daily,100.32,2.3885714285714283
2011-05-10,DCOILWTICO,WTI,daily,103.39,2.461666666666667
2011-05-11,DCOILWTICO,WTI,daily,97.88,2.3304761904761904
2011-05-12,DCOILWTICO,WTI,daily,98.53,2.345952380952381
2011-05-13,DCOILWTICO,WTI,daily,99.21,2.362142857142857
2011-05-16,DCOILWTICO,WTI,daily,96.91,2.307380952380952
2011-05-17,DCOILWTICO,WTI,daily,96.4,2.2952380952380955
2011-05-18,DCOILWTICO,WTI,daily,99.52,2.3695238095238094
2011-05-19,DCOILWTICO,WTI,daily,97.99,2.333095238095238
2011-05-20,DCOILWTICO,WTI,daily,99.15,2.3607142857142858
2011-05-23,DCOILWTICO,WTI,daily,97.06,2.310952380952381
2011-05-24,DCOILWTICO,WTI,daily,99.13,2.360238095238095
2011-05-25,DCOILWTICO,WTI,daily,100.78,2.3995238095238096
2011-05-26,DCOILWTICO,WTI,daily,100.18,2.3852380952380954
2011-05-27,DCOILWTICO,WTI,daily,100.58,2.394761904761905
2011-05-30,DCOILWTICO,WTI,daily,,
2011-05-31,DCOILWTICO,WTI,daily,102.7,2.4452380952380954
2011-06-01,DCOILWTICO,WTI,daily,100.3,2.388095238095238
2011-06-02,DCOILWTICO,WTI,daily,100.41,2.3907142857142856
2011-06-03,DCOILWTICO,WTI,daily,100.28,2.3876190476190478
2011-06-06,DCOILWTICO,WTI,daily,99.07,2.3588095238095237
2011-06-07,DCOILWTICO,WTI,daily,99.18,2.3614285714285717
2011-06-08,DCOILWTICO,WTI,daily,100.77,2.399285714285714
2011-06-09,DCOILWTICO,WTI,daily,101.95,2.4273809523809526
2011-06-10,DCOILWTICO,WTI,daily,99.3,2.3642857142857143
2011-06-13,DCOILWTICO,WTI,daily,97.2,2.3142857142857145
2011-06-14,DCOILWTICO,WTI,daily,99.37,2.3659523809523813
2011-06-15,DCOILWTICO,WTI,daily,94.83,2.257857142857143
2011-06-16,DCOILWTICO,WTI,daily,94.95,2.2607142857142857
2011-06-17,DCOILWTICO,WTI,daily,93.02,2.2147619047619047
2011-06-20,DCOILWTICO,WTI,daily,93.23,2.219761904761905
2011-06-21,DCOILWTICO,WTI,daily,93.7,2.230952380952381
2011-06-22,DCOILWTICO,WTI,daily,94.96,2.260952380952381
2011-06-23,DCOILWTICO,WTI,daily,90.7,2.1595238095238094
2011-06-24,DCOILWTICO,WTI,daily,90.89,2.164047619047619
2011-06-27,DCOILWTICO,WTI,daily,90.65,2.1583333333333337
2011-06-28,DCOILWTICO,WTI,daily,92.9,2.211904761904762
2011-06-29,DCOILWTICO,WTI,daily,94.85,2.2583333333333333
2011-06-30,DCOILWTICO,WTI,daily,95.3,2.269047619047619
2011-07-01,DCOILWTICO,WTI,daily,94.81,2.2573809523809523
2011-07-04,DCOILWTICO,WTI,daily,,
2011-07-05,DCOILWTICO,WTI,daily,96.92,2.3076190476190477
2011-07-06,DCOILWTICO,WTI,daily,96.67,2.3016666666666667
2011-07-07,DCOILWTICO,WTI,daily,98.7,2.35
2011-07-08,DCOILWTICO,WTI,daily,96.2,2.2904761904761903
2011-07-11,DCOILWTICO,WTI,daily,95.16,2.2657142857142856
2011-07-12,DCOILWTICO,WTI,daily,97.41,2.3192857142857144
2011-07-13,DCOILWTICO,WTI,daily,98.04,2.3342857142857145
2011-07-14,DCOILWTICO,WTI,daily,95.75,2.2797619047619047
2011-07-15,DCOILWTICO,WTI,daily,97.24,2.315238095238095
2011-07-18,DCOILWTICO,WTI,daily,95.94,2.2842857142857143
2011-07-19,DCOILWTICO,WTI,daily,97.49,2.321190476190476
2011-07-20,DCOILWTICO,WTI,daily,98.11,2.335952380952381
2011-07-21,DCOILWTICO,WTI,daily,98.96,2.356190476190476
2011-07-22,DCOILWTICO,WTI,daily,99.53,2.369761904761905
2011-07-25,DCOILWTICO,WTI,daily,98.97,2.3564285714285713
2011-07-26,DCOILWTICO,WTI,daily,99.61,2.3716666666666666
2011-07-27,DCOILWTICO,WTI,daily,97.4,2.3190476190476192
2011-07-28,DCOILWTICO,WTI,daily,97.48,2.320952380952381
2011-07-29,DCOILWTICO,WTI,daily,95.68,2.278095238095238
2011-08-01,DCOILWTICO,WTI,daily,94.98,2.2614285714285716
2011-08-02,DCOILWTICO,WTI,daily,93.78,2.232857142857143
2011-08-03,DCOILWTICO,WTI,daily,91.87,2.1873809523809524
2011-08-04,DCOILWTICO,WTI,daily,86.75,2.0654761904761907
2011-08-05,DCOILWTICO,WTI,daily,86.89,2.0688095238095237
2011-08-08,DCOILWTICO,WTI,daily,81.27,1.9349999999999998
2011-08-09,DCOILWTICO,WTI,daily,79.32,1.8885714285714283
2011-08-10,DCOILWTICO,WTI,daily,83.05,1.9773809523809522
2011-08-11,DCOILWTICO,WTI,daily,85.48,2.0352380952380953
2011-08-12,DCOILWTICO,WTI,daily,85.19,2.0283333333333333
2011-08-15,DCOILWTICO,WTI,daily,87.88,2.0923809523809522
2011-08-16,DCOILWTICO,WTI,daily,86.65,2.0630952380952383
2011-08-17,DCOILWTICO,WTI,daily,87.58,2.085238095238095
2011-08-18,DCOILWTICO,WTI,daily,82.38,1.9614285714285713
2011-08-19,DCOILWTICO,WTI,daily,82.33,1.9602380952380951
2011-08-22,DCOILWTICO,WTI,daily,84.42,2.0100000000000002
2011-08-23,DCOILWTICO,WTI,daily,85.35,2.032142857142857
2011-08-24,DCOILWTICO,WTI,daily,84.99,2.0235714285714286
2011-08-25,DCOILWTICO,WTI,daily,85.15,2.0273809523809527
2011-08-26,DCOILWTICO,WTI,daily,85.37,2.0326190476190478
2011-08-29,DCOILWTICO,WTI,daily,87.27,2.077857142857143
2011-08-30,DCOILWTICO,WTI,daily,88.9,2.1166666666666667
2011-08-31,DCOILWTICO,WTI,daily,88.81,2.1145238095238095
2011-09-01,DCOILWTICO,WTI,daily,88.93,2.1173809523809526
2011-09-02,DCOILWTICO,WTI,daily,86.45,2.0583333333333336
2011-09-05,DCOILWTICO,WTI,daily,,
2011-09-06,DCOILWTICO,WTI,daily,85.99,2.0473809523809523
2011-09-07,DCOILWTICO,WTI,daily,89.34,2.1271428571428572
2011-09-08,DCOILWTICO,WTI,daily,89.05,2.1202380952380953
2011-09-09,DCOILWTICO,WTI,daily,87.24,2.077142857142857
2011-09-12,DCOILWTICO,WTI,daily,88.19,2.0997619047619045
2011-09-13,DCOILWTICO,WTI,daily,90.21,2.1478571428571427
2011-09-14,DCOILWTICO,WTI,daily,88.91,2.116904761904762
2011-09-15,DCOILWTICO,WTI,daily,89.4,2.1285714285714286
2011-09-16,DCOILWTICO,WTI,daily,87.96,2.0942857142857143
2011-09-19,DCOILWTICO,WTI,daily,85.7,2.0404761904761903
2011-09-20,DCOILWTICO,WTI,daily,86.92,2.0695238095238095
2011-09-21,DCOILWTICO,WTI,daily,85.77,2.0421428571428573
2011-09-22,DCOILWTICO,WTI,daily,80.29,1.9116666666666668
2011-09-23,DCOILWTICO,WTI,daily,79.58,1.8947619047619046
2011-09-26,DCOILWTICO,WTI,daily,79.97,1.904047619047619
2011-09-27,DCOILWTICO,WTI,daily,84.18,2.0042857142857144
2011-09-28,DCOILWTICO,WTI,daily,80.94,1.927142857142857
2011-09-29,DCOILWTICO,WTI,daily,81.87,1.9492857142857143
2011-09-30,DCOILWTICO,WTI,daily,78.93,1.8792857142857144
2011-10-03,DCOILWTICO,WTI,daily,77.34,1.8414285714285714
2011-10-04,DCOILWTICO,WTI,daily,75.4,1.7952380952380953
2011-10-05,DCOILWTICO,WTI,daily,79.41,1.8907142857142856
2011-10-06,DCOILWTICO,WTI,daily,82.32,1.9599999999999997
2011-10-07,DCOILWTICO,WTI,daily,82.7,1.9690476190476192
2011-10-10,DCOILWTICO,WTI,daily,85.14,2.027142857142857
2011-10-11,DCOILWTICO,WTI,daily,85.54,2.0366666666666666
2011-10-12,DCOILWTICO,WTI,daily,85.3,2.030952380952381
2011-10-13,DCOILWTICO,WTI,daily,83.96,1.999047619047619
2011-10-14,DCOILWTICO,WTI,daily,86.8,2.0666666666666664
2011-10-17,DCOILWTICO,WTI,daily,86.38,2.0566666666666666
2011-10-18,DCOILWTICO,WTI,daily,88.34,2.1033333333333335
2011-10-19,DCOILWTICO,WTI,daily,86.11,2.0502380952380954
2011-10-20,DCOILWTICO,WTI,daily,86.07,2.049285714285714
2011-10-21,DCOILWTICO,WTI,daily,87.19,2.0759523809523808
2011-10-24,DCOILWTICO,WTI,daily,91.12,2.1695238095238096
2011-10-25,DCOILWTICO,WTI,daily,92.98,2.213809523809524
2011-10-26,DCOILWTICO,WTI,daily,90.2,2.1476190476190475
2011-10-27,DCOILWTICO,WTI,daily,93.96,2.237142857142857
2011-10-28,DCOILWTICO,WTI,daily,93.32,2.221904761904762
2011-10-31,DCOILWTICO,WTI,daily,93.19,2.2188095238095236
2011-11-01,DCOILWTICO,WTI,daily,92.19,2.195
2011-11-02,DCOILWTICO,WTI,daily,92.51,2.2026190476190477
2011-11-03,DCOILWTICO,WTI,daily,94.07,2.2397619047619046
2011-11-04,DCOILWTICO,WTI,daily,94.26,2.244285714285714
2011-11-07,DCOILWTICO,WTI,daily,95.52,2.274285714285714
2011-11-08,DCOILWTICO,WTI,daily,96.8,2.3047619047619046
2011-11-09,DCOILWTICO,WTI,daily,95.74,2.2795238095238095
2011-11-10,DCOILWTICO,WTI,daily,97.78,2.328095238095238
2011-11-11,DCOILWTICO,WTI,daily,98.99,2.3569047619047616
2011-11-14,DCOILWTICO,WTI,daily,98.14,2.336666666666667
2011-11-15,DCOILWTICO,WTI,daily,99.37,2.3659523809523813
2011-11-16,DCOILWTICO,WTI,daily,102.59,2.442619047619048
2011-11-17,DCOILWTICO,WTI,daily,98.82,2.3528571428571428
2011-11-18,DCOILWTICO,WTI,daily,97.67,2.3254761904761905
2011-11-21,DCOILWTICO,WTI,daily,96.73,2.303095238095238
2011-11-22,DCOILWTICO,WTI,daily,97.76,2.3276190476190477
2011-11-23,DCOILWTICO,WTI,daily,96.16,2.2895238095238093
2011-11-24,DCOILWTICO,WTI,daily,,
2011-11-25,DCOILWTICO,WTI,daily,96.91,2.307380952380952
2011-11-28,DCOILWTICO,WTI,daily,98.21,2.3383333333333334
2011-11-29,DCOILWTICO,WTI,daily,99.79,2.375952380952381
2011-11-30,DCOILWTICO,WTI,daily,100.36,2.3895238095238094
2011-12-01,DCOILWTICO,WTI,daily,100.2,2.3857142857142857
2011-12-02,DCOILWTICO,WTI,daily,100.97,2.404047619047619
2011-12-05,DCOILWTICO,WTI,daily,100.94,2.4033333333333333
2011-12-06,DCOILWTICO,WTI,daily,101.25,2.4107142857142856
2011-12-07,DCOILWTICO,WTI,daily,100.45,2.3916666666666666
2011-12-08,DCOILWTICO,WTI,daily,98.35,2.3416666666666663
2011-12-09,DCOILWTICO,WTI,daily,99.4,2.3666666666666667
2011-12-12,DCOILWTICO,WTI,daily,97.77,2.327857142857143
2011-12-13,DCOILWTICO,WTI,daily,100.24,2.3866666666666667
2011-12-14,DCOILWTICO,WTI,daily,94.92,2.2600000000000002
2011-12-15,DCOILWTICO,WTI,daily,93.84,2.2342857142857144
2011-12-16,DCOILWTICO,WTI,daily,93.55,2.2273809523809525
2011-12-19,DCOILWTICO,WTI,daily,93.86,2.2347619047619047
2011-12-20,DCOILWTICO,WTI,daily,97.16,2.3133333333333335
2011-12-21,DCOILWTICO,WTI,daily,98.54,2.3461904761904764
2011-12-22,DCOILWTICO,WTI,daily,99.42,2.367142857142857
2011-12-23,DCOILWTICO,WTI,daily,99.72,2.374285714285714
2011-12-26,DCOILWTICO,WTI,daily,,
2011-12-27,DCOILWTICO,WTI,daily,101.29,2.4116666666666666
2011-12-28,DCOILWTICO,WTI,daily,99.44,2.3676190476190477
2011-12-29,DCOILWTICO,WTI,daily,99.68,2.3733333333333335
2011-12-30,DCOILWTICO,WTI,daily,98.83,2.353095238095238
2012-01-02,DCOILWTICO,WTI,daily,,
2012-01-03,DCOILWTICO,WTI,daily,102.96,2.451428571428571
2012-01-04,DCOILWTICO,WTI,daily,103.22,2.4576190476190476
2012-01-05,DCOILWTICO,WTI,daily,101.81,2.4240476190476192
2012-01-06,DCOILWTICO,WTI,daily,101.56,2.4180952380952383
2012-01-09,DCOILWTICO,WTI,daily,101.31,2.4121428571428574
2012-01-10,DCOILWTICO,WTI,daily,102.24,2.434285714285714
2012-01-11,DCOILWTICO,WTI,daily,100.89,2.402142857142857
2012-01-12,DCOILWTICO,WTI,daily,99.03,2.357857142857143
2012-01-13,DCOILWTICO,WTI,daily,98.69,2.3497619047619045
2012-01-16,DCOILWTICO,WTI,daily,,
2012-01-17,DCOILWTICO,WTI,daily,100.7,2.3976190476190475
2012-01-18,DCOILWTICO,WTI,daily,100.61,2.3954761904761903
2012-01-19,DCOILWTICO,WTI,daily,100.32,2.3885714285714283
2012-01-20,DCOILWTICO,WTI,daily,98.15,2.336904761904762
2012-01-23,DCOILWTICO,WTI,daily,99.47,2.368333333333333
2012-01-24,DCOILWTICO,WTI,daily,98.84,2.3533333333333335
2012-01-25,DCOILWTICO,WTI,daily,99.23,2.362619047619048
2012-01-26,DCOILWTICO,WTI,daily,99.76,2.375238095238095
2012-01-27,DCOILWTICO,WTI,daily,99.47,2.368333333333333
2012-01-30,DCOILWTICO,WTI,daily,98.75,2.3511904761904763
2012-01-31,DCOILWTICO,WTI,daily,98.46,2.3442857142857143
2012-02-01,DCOILWTICO,WTI,daily,97.63,2.3245238095238094
2012-02-02,DCOILWTICO,WTI,daily,96.36,2.2942857142857145
2012-02-03,DCOILWTICO,WTI,daily,97.8,2.3285714285714283
2012-02-06,DCOILWTICO,WTI,daily,96.89,2.306904761904762
2012-02-07,DCOILWTICO,WTI,daily,98.55,2.3464285714285715
2012-02-08,DCOILWTICO,WTI,daily,98.8,2.3523809523809525
2012-02-09,DCOILWTICO,WTI,daily,99.88,2.378095238095238
2012-02-10,DCOILWTICO,WTI,daily,98.68,2.34952380952381
2012-02-13,DCOILWTICO,WTI,daily,100.39,2.3902380952380953
2012-02-14,DCOILWTICO,WTI,daily,100.82,2.40047619047619
2012-02-15,DCOILWTICO,WTI,daily,101.82,2.424285714285714
2012-02-16,DCOILWTICO,WTI,daily,102.33,2.4364285714285714
2012-02-17,DCOILWTICO,WTI,daily,103.27,2.458809523809524
2012-02-20,DCOILWTICO,WTI,daily,,
2012-02-21,DCOILWTICO,WTI,daily,105.88,2.520952380952381
2012-02-22,DCOILWTICO,WTI,daily,105.99,2.5235714285714286
2012-02-23,DCOILWTICO,WTI,daily,107.44,2.558095238095238
2012-02-24,DCOILWTICO,WTI,daily,109.39,2.6045238095238097
2012-02-27,DCOILWTICO,WTI,daily,108.49,2.583095238095238
2012-02-28,DCOILWTICO,WTI,daily,106.59,2.537857142857143
2012-02-29,DCOILWTICO,WTI,daily,107.08,2.5495238095238095
2012-03-01,DCOILWTICO,WTI,daily,108.76,2.5895238095238096
2012-03-02,DCOILWTICO,WTI,daily,106.68,2.54
2012-03-05,DCOILWTICO,WTI,daily,106.7,2.5404761904761903
2012-03-06,DCOILWTICO,WTI,daily,104.71,2.493095238095238
2012-03-07,DCOILWTICO,WTI,daily,106.16,2.5276190476190474
2012-03-08,DCOILWTICO,WTI,daily,106.65,2.5392857142857146
2012-03-09,DCOILWTICO,WTI,daily,107.4,2.5571428571428574
2012-03-12,DCOILWTICO,WTI,daily,106.34,2.531904761904762
2012-03-13,DCOILWTICO,WTI,daily,106.7,2.5404761904761903
2012-03-14,DCOILWTICO,WTI,daily,105.49,2.5116666666666667
2012-03-15,DCOILWTICO,WTI,daily,105.19,2.5045238095238096
2012-03-16,DCOILWTICO,WTI,daily,107.03,2.5483333333333333
2012-03-19,DCOILWTICO,WTI,daily,108.09,2.573571428571429
2012-03-20,DCOILWTICO,WTI,daily,105.68,2.5161904761904763
2012-03-21,DCOILWTICO,WTI,daily,106.87,2.5445238095238096
2012-03-22,DCOILWTICO,WTI,daily,104.98,2.4995238095238097
2012-03-23,DCOILWTICO,WTI,daily,106.43,2.534047619047619
2012-03-26,DCOILWTICO,WTI,daily,107.07,2.549285714285714
2012-03-27,DCOILWTICO,WTI,daily,107.32,2.555238095238095
2012-03-28,DCOILWTICO,WTI,daily,105.4,2.5095238095238095
2012-03-29,DCOILWTICO,WTI,daily,102.79,2.4473809523809527
2012-03-30,DCOILWTICO,WTI,daily,103.03,2.453095238095238
2012-04-02,DCOILWTICO,WTI,daily,105.25,2.505952380952381
2012-04-03,DCOILWTICO,WTI,daily,104.02,2.4766666666666666
2012-04-04,DCOILWTICO,WTI,daily,101.53,2.4173809523809524
2012-04-05,DCOILWTICO,WTI,daily,103.29,2.4592857142857145
2012-04-06,DCOILWTICO,WTI,daily,,
2012-04-09,DCOILWTICO,WTI,daily,102.45,2.4392857142857145
2012-04-10,DCOILWTICO,WTI,daily,101.12,2.4076190476190478
2012-04-11,DCOILWTICO,WTI,daily,102.66,2.4442857142857144
2012-04-12,DCOILWTICO,WTI,daily,103.69,2.4688095238095236
2012-04-13,DCOILWTICO,WTI,daily,102.84,2.448571428571429
2012-04-16,DCOILWTICO,WTI,daily,102.92,2.4504761904761905
2012-04-17,DCOILWTICO,WTI,daily,104.23,2.481666666666667
2012-04-18,DCOILWTICO,WTI,daily,102.65,2.4440476190476192
2012-04-19,DCOILWTICO,WTI,daily,102.38,2.4376190476190476
2012-04-20,DCOILWTICO,WTI,daily,103.58,2.466190476190476
2012-04-23,DCOILWTICO,WTI,daily,102.68,2.444761904761905
2012-04-24,DCOILWTICO,WTI,daily,103.1,2.4547619047619045
2012-04-25,DCOILWTICO,WTI,daily,103.72,2.4695238095238095
2012-04-26,DCOILWTICO,WTI,daily,104.56,2.4895238095238095
2012-04-27,DCOILWTICO,WTI,daily,104.86,2.4966666666666666
2012-04-30,DCOILWTICO,WTI,daily,104.89,2.4973809523809525
2012-05-01,DCOILWTICO,WTI,daily,106.17,2.527857142857143
2012-05-02,DCOILWTICO,WTI,daily,105.25,2.505952380952381
2012-05-03,DCOILWTICO,WTI,daily,102.56,2.441904761904762
2012-05-04,DCOILWTICO,WTI,daily,98.49,2.3449999999999998
2012-05-07,DCOILWTICO,WTI,daily,97.86,2.33
2012-05-08,DCOILWTICO,WTI,daily,97.13,2.3126190476190476
2012-05-09,DCOILWTICO,WTI,daily,96.8,2.3047619047619046
2012-05-10,DCOILWTICO,WTI,daily,97.1,2.3119047619047617
2012-05-11,DCOILWTICO,WTI,daily,96.03,2.2864285714285715
2012-05-14,DCOILWTICO,WTI,daily,94.75,2.255952380952381
2012-05-15,DCOILWTICO,WTI,daily,93.97,2.2373809523809522
2012-05-16,DCOILWTICO,WTI,daily,92.78,2.209047619047619
2012-05-17,DCOILWTICO,WTI,daily,92.53,2.203095238095238
2012-05-18,DCOILWTICO,WTI,daily,91.51,2.178809523809524
2012-05-21,DCOILWTICO,WTI,daily,92.57,2.204047619047619
2012-05-22,DCOILWTICO,WTI,daily,91.44,2.177142857142857
2012-05-23,DCOILWTICO,WTI,daily,89.4,2.1285714285714286
2012-05-24,DCOILWTICO,WTI,daily,90.36,2.1514285714285712
2012-05-25,DCOILWTICO,WTI,daily,90.64,2.158095238095238
2012-05-28,DCOILWTICO,WTI,daily,,
2012-05-29,DCOILWTICO,WTI,daily,90.75,2.1607142857142856
2012-05-30,DCOILWTICO,WTI,daily,87.79,2.0902380952380955
2012-05-31,DCOILWTICO,WTI,daily,86.52,2.06
2012-06-01,DCOILWTICO,WTI,daily,83.17,1.9802380952380954
2012-06-04,DCOILWTICO,WTI,daily,83.95,1.9988095238095238
2012-06-05,DCOILWTICO,WTI,daily,84.31,2.0073809523809523
2012-06-06,DCOILWTICO,WTI,daily,85.05,2.025
2012-06-07,DCOILWTICO,WTI,daily,84.78,2.0185714285714287
2012-06-08,DCOILWTICO,WTI,daily,84.08,2.001904761904762
2012-06-11,DCOILWTICO,WTI,daily,82.58,1.966190476190476
2012-06-12,DCOILWTICO,WTI,daily,83.35,1.9845238095238094
2012-06-13,DCOILWTICO,WTI,daily,82.56,1.9657142857142857
2012-06-14,DCOILWTICO,WTI,daily,83.83,1.995952380952381
2012-06-15,DCOILWTICO,WTI,daily,84.03,2.000714285714286
2012-06-18,DCOILWTICO,WTI,daily,83.26,1.9823809523809526
2012-06-19,DCOILWTICO,WTI,daily,83.99,1.9997619047619046
2012-06-20,DCOILWTICO,WTI,daily,81.06,1.9300000000000002
2012-06-21,DCOILWTICO,WTI,daily,77.91,1.855
2012-06-22,DCOILWTICO,WTI,daily,79.33,1.8888095238095237
2012-06-25,DCOILWTICO,WTI,daily,78.76,1.8752380952380954
2012-06-26,DCOILWTICO,WTI,daily,79.34,1.889047619047619
2012-06-27,DCOILWTICO,WTI,daily,80.27,1.911190476190476
2012-06-28,DCOILWTICO,WTI,daily,77.72,1.8504761904761904
2012-06-29,DCOILWTICO,WTI,daily,85.04,2.0247619047619048
2012-07-02,DCOILWTICO,WTI,daily,83.72,1.9933333333333334
2012-07-03,DCOILWTICO,WTI,daily,87.74,2.089047619047619
2012-07-04,DCOILWTICO,WTI,daily,,
2012-07-05,DCOILWTICO,WTI,daily,87.11,2.074047619047619
2012-07-06,DCOILWTICO,WTI,daily,84.37,2.008809523809524
2012-07-09,DCOILWTICO,WTI,daily,85.93,2.045952380952381
2012-07-10,DCOILWTICO,WTI,daily,83.92,1.9980952380952381
2012-07-11,DCOILWTICO,WTI,daily,85.88,2.044761904761905
2012-07-12,DCOILWTICO,WTI,daily,86.02,2.048095238095238
2012-07-13,DCOILWTICO,WTI,daily,87.15,2.075
2012-07-16,DCOILWTICO,WTI,daily,88.41,2.105
2012-07-17,DCOILWTICO,WTI,daily,89.07,2.1207142857142856
2012-07-18,DCOILWTICO,WTI,daily,89.88,2.1399999999999997
2012-07-19,DCOILWTICO,WTI,daily,92.78,2.209047619047619
2012-07-20,DCOILWTICO,WTI,daily,91.56,2.18
2012-07-23,DCOILWTICO,WTI,daily,87.77,2.0897619047619047
2012-07-24,DCOILWTICO,WTI,daily,88.28,2.1019047619047617
2012-07-25,DCOILWTICO,WTI,daily,88.8,2.1142857142857143
2012-07-26,DCOILWTICO,WTI,daily,89.4,2.1285714285714286
2012-07-27,DCOILWTICO,WTI,daily,90.13,2.145952380952381
2012-07-30,DCOILWTICO,WTI,daily,89.8,2.138095238095238
2012-07-31,DCOILWTICO,WTI,daily,88.08,2.097142857142857
2012-08-01,DCOILWTICO,WTI,daily,88.99,2.1188095238095235
2012-08-02,DCOILWTICO,WTI,daily,87.22,2.0766666666666667
2012-08-03,DCOILWTICO,WTI,daily,91.4,2.1761904761904765
2012-08-06,DCOILWTICO,WTI,daily,92.3,2.1976190476190474
2012-08-07,DCOILWTICO,WTI,daily,93.68,2.2304761904761907
2012-08-08,DCOILWTICO,WTI,daily,93.39,2.2235714285714288
2012-08-09,DCOILWTICO,WTI,daily,93.39,2.2235714285714288
2012-08-10,DCOILWTICO,WTI,daily,92.94,2.2128571428571426
2012-08-13,DCOILWTICO,WTI,daily,92.76,2.2085714285714286
2012-08-14,DCOILWTICO,WTI,daily,93.4,2.223809523809524
2012-08-15,DCOILWTICO,WTI,daily,94.35,2.2464285714285714
2012-08-16,DCOILWTICO,WTI,daily,95.66,2.2776190476190474
2012-08-17,DCOILWTICO,WTI,daily,96.0,2.2857142857142856
2012-08-20,DCOILWTICO,WTI,daily,96.03,2.2864285714285715
2012-08-21,DCOILWTICO,WTI,daily,96.55,2.2988095238095236
2012-08-22,DCOILWTICO,WTI,daily,96.89,2.306904761904762
2012-08-23,DCOILWTICO,WTI,daily,95.87,2.2826190476190478
2012-08-24,DCOILWTICO,WTI,daily,95.78,2.2804761904761905
2012-08-27,DCOILWTICO,WTI,daily,95.54,2.2747619047619048
2012-08-28,DCOILWTICO,WTI,daily,96.3,2.2928571428571427
2012-08-29,DCOILWTICO,WTI,daily,95.5,2.2738095238095237
2012-08-30,DCOILWTICO,WTI,daily,94.61,2.2526190476190475
2012-08-31,DCOILWTICO,WTI,daily,96.47,2.296904761904762
2012-09-03,DCOILWTICO,WTI,daily,,
2012-09-04,DCOILWTICO,WTI,daily,95.34,2.27
2012-09-05,DCOILWTICO,WTI,daily,95.37,2.270714285714286
2012-09-06,DCOILWTICO,WTI,daily,95.58,2.275714285714286
2012-09-07,DCOILWTICO,WTI,daily,96.41,2.2954761904761902
2012-09-10,DCOILWTICO,WTI,daily,96.52,2.298095238095238
2012-09-11,DCOILWTICO,WTI,daily,97.03,2.310238095238095
2012-09-12,DCOILWTICO,WTI,daily,97.02,2.31
2012-09-13,DCOILWTICO,WTI,daily,98.3,2.3404761904761906
2012-09-14,DCOILWTICO,WTI,daily,98.94,2.355714285714286
2012-09-17,DCOILWTICO,WTI,daily,96.51,2.297857142857143
2012-09-18,DCOILWTICO,WTI,daily,95.25,2.267857142857143
2012-09-19,DCOILWTICO,WTI,daily,91.97,2.189761904761905
2012-09-20,DCOILWTICO,WTI,daily,92.14,2.1938095238095237
2012-09-21,DCOILWTICO,WTI,daily,92.64,2.2057142857142855
2012-09-24,DCOILWTICO,WTI,daily,91.68,2.182857142857143
2012-09-25,DCOILWTICO,WTI,daily,91.07,2.168333333333333
2012-09-26,DCOILWTICO,WTI,daily,89.92,2.140952380952381
2012-09-27,DCOILWTICO,WTI,daily,91.89,2.1878571428571427
2012-09-28,DCOILWTICO,WTI,daily,92.18,2.194761904761905
2012-10-01,DCOILWTICO,WTI,daily,92.44,2.2009523809523808
2012-10-02,DCOILWTICO,WTI,daily,91.88,2.1876190476190476
2012-10-03,DCOILWTICO,WTI,daily,88.19,2.0997619047619045
2012-10-04,DCOILWTICO,WTI,daily,91.69,2.183095238095238
2012-10-05,DCOILWTICO,WTI,daily,89.87,2.139761904761905
2012-10-08,DCOILWTICO,WTI,daily,89.43,2.1292857142857144
2012-10-09,DCOILWTICO,WTI,daily,92.42,2.2004761904761905
2012-10-10,DCOILWTICO,WTI,daily,91.24,2.1723809523809523
2012-10-11,DCOILWTICO,WTI,daily,92.19,2.195
2012-10-12,DCOILWTICO,WTI,daily,91.83,2.1864285714285714
2012-10-15,DCOILWTICO,WTI,daily,91.84,2.1866666666666665
2012-10-16,DCOILWTICO,WTI,daily,92.07,2.192142857142857
2012-10-17,DCOILWTICO,WTI,daily,92.04,2.1914285714285717
2012-10-18,DCOILWTICO,WTI,daily,92.0,2.1904761904761907
2012-10-19,DCOILWTICO,WTI,daily,90.0,2.142857142857143
2012-10-22,DCOILWTICO,WTI,daily,88.3,2.1023809523809525
2012-10-23,DCOILWTICO,WTI,daily,86.65,2.0630952380952383
2012-10-24,DCOILWTICO,WTI,daily,85.39,2.033095238095238
2012-10-25,DCOILWTICO,WTI,daily,85.59,2.037857142857143
2012-10-26,DCOILWTICO,WTI,daily,85.84,2.0438095238095237
2012-10-29,DCOILWTICO,WTI,daily,85.52,2.036190476190476
2012-10-30,DCOILWTICO,WTI,daily,85.65,2.0392857142857146
2012-10-31,DCOILWTICO,WTI,daily,86.23,2.053095238095238
2012-11-01,DCOILWTICO,WTI,daily,87.05,2.0726190476190474
2012-11-02,DCOILWTICO,WTI,daily,84.9,2.0214285714285714
2012-11-05,DCOILWTICO,WTI,daily,85.64,2.039047619047619
2012-11-06,DCOILWTICO,WTI,daily,88.62,2.1100000000000003
2012-11-07,DCOILWTICO,WTI,daily,84.5,2.011904761904762
2012-11-08,DCOILWTICO,WTI,daily,85.07,2.02547619047619
2012-11-09,DCOILWTICO,WTI,daily,86.08,2.0495238095238095
2012-11-12,DCOILWTICO,WTI,daily,85.56,2.0371428571428574
2012-11-13,DCOILWTICO,WTI,daily,85.38,2.032857142857143
2012-11-14,DCOILWTICO,WTI,daily,86.32,2.055238095238095
2012-11-15,DCOILWTICO,WTI,daily,85.45,2.0345238095238094
2012-11-16,DCOILWTICO,WTI,daily,86.62,2.0623809523809524
2012-11-19,DCOILWTICO,WTI,daily,89.05,2.1202380952380953
2012-11-20,DCOILWTICO,WTI,daily,86.46,2.0585714285714283
2012-11-21,DCOILWTICO,WTI,daily,87.08,2.0733333333333333
2012-11-22,DCOILWTICO,WTI,daily,,
2012-11-23,DCOILWTICO,WTI,daily,87.01,2.0716666666666668
2012-11-26,DCOILWTICO,WTI,daily,87.28,2.078095238095238
2012-11-27,DCOILWTICO,WTI,daily,86.81,2.066904761904762
2012-11-28,DCOILWTICO,WTI,daily,86.1,2.05
2012-11-29,DCOILWTICO,WTI,daily,87.64,2.086666666666667
2012-11-30,DCOILWTICO,WTI,daily,88.54,2.1080952380952382
2012-12-03,DCOILWTICO,WTI,daily,88.69,2.111666666666667
2012-12-04,DCOILWTICO,WTI,daily,88.04,2.0961904761904764
2012-12-05,DCOILWTICO,WTI,daily,87.36,2.08
2012-12-06,DCOILWTICO,WTI,daily,85.47,2.035
2012-12-07,DCOILWTICO,WTI,daily,85.45,2.0345238095238094
2012-12-10,DCOILWTICO,WTI,daily,85.14,2.027142857142857
2012-12-11,DCOILWTICO,WTI,daily,85.36,2.032380952380952
2012-12-12,DCOILWTICO,WTI,daily,86.35,2.0559523809523808
2012-12-13,DCOILWTICO,WTI,daily,85.39,2.033095238095238
2012-12-14,DCOILWTICO,WTI,daily,86.32,2.055238095238095
2012-12-17,DCOILWTICO,WTI,daily,86.71,2.064523809523809
2012-12-18,DCOILWTICO,WTI,daily,87.46,2.0823809523809524
2012-12-19,DCOILWTICO,WTI,daily,89.09,2.1211904761904763
2012-12-20,DCOILWTICO,WTI,daily,89.76,2.1371428571428575
2012-12-21,DCOILWTICO,WTI,daily,88.2,2.1
2012-12-24,DCOILWTICO,WTI,daily,88.29,2.1021428571428573
2012-12-25,DCOILWTICO,WTI,daily,,
2012-12-26,DCOILWTICO,WTI,daily,90.71,2.1597619047619045
2012-12-27,DCOILWTICO,WTI,daily,90.91,2.1645238095238093
2012-12-28,DCOILWTICO,WTI,daily,90.66,2.1585714285714284
2012-12-31,DCOILWTICO,WTI,daily,91.83,2.1864285714285714
2013-01-01,DCOILWTICO,WTI,daily,,
2013-01-02,DCOILWTICO,WTI,daily,93.14,2.217619047619048
2013-01-03,DCOILWTICO,WTI,daily,92.97,2.2135714285714285
2013-01-04,DCOILWTICO,WTI,daily,93.12,2.217142857142857
2013-01-07,DCOILWTICO,WTI,daily,93.2,2.219047619047619
2013-01-08,DCOILWTICO,WTI,daily,93.21,2.2192857142857143
2013-01-09,DCOILWTICO,WTI,daily,93.08,2.216190476190476
2013-01-10,DCOILWTICO,WTI,daily,93.81,2.2335714285714285
2013-01-11,DCOILWTICO,WTI,daily,93.6,2.2285714285714286
2013-01-14,DCOILWTICO,WTI,daily,94.27,2.2445238095238094
2013-01-15,DCOILWTICO,WTI,daily,93.26,2.2204761904761905
2013-01-16,DCOILWTICO,WTI,daily,94.28,2.244761904761905
2013-01-17,DCOILWTICO,WTI,daily,95.49,2.2735714285714286
2013-01-18,DCOILWTICO,WTI,daily,95.61,2.2764285714285712
2013-01-21,DCOILWTICO,WTI,daily,,
2013-01-22,DCOILWTICO,WTI,daily,96.09,2.287857142857143
2013-01-23,DCOILWTICO,WTI,daily,95.06,2.263333333333333
2013-01-24,DCOILWTICO,WTI,daily,95.35,2.270238095238095
2013-01-25,DCOILWTICO,WTI,daily,95.15,2.2654761904761904
2013-01-28,DCOILWTICO,WTI,daily,95.95,2.2845238095238094
2013-01-29,DCOILWTICO,WTI,daily,97.62,2.3242857142857143
2013-01-30,DCOILWTICO,WTI,daily,97.98,2.3328571428571427
2013-01-31,DCOILWTICO,WTI,daily,97.65,2.325
2013-02-01,DCOILWTICO,WTI,daily,97.46,2.32047619047619
2013-02-04,DCOILWTICO,WTI,daily,96.21,2.2907142857142855
2013-02-05,DCOILWTICO,WTI,daily,96.68,2.301904761904762
2013-02-06,DCOILWTICO,WTI,daily,96.44,2.296190476190476
2013-02-07,DCOILWTICO,WTI,daily,95.84,2.281904761904762
2013-02-08,DCOILWTICO,WTI,daily,95.71,2.2788095238095236
2013-02-11,DCOILWTICO,WTI,daily,97.01,2.309761904761905
2013-02-12,DCOILWTICO,WTI,daily,97.48,2.320952380952381
2013-02-13,DCOILWTICO,WTI,daily,97.03,2.310238095238095
2013-02-14,DCOILWTICO,WTI,daily,97.3,2.3166666666666664
2013-02-15,DCOILWTICO,WTI,daily,95.95,2.2845238095238094
2013-02-18,DCOILWTICO,WTI,daily,,
2013-02-19,DCOILWTICO,WTI,daily,96.69,2.302142857142857
2013-02-20,DCOILWTICO,WTI,daily,94.92,2.2600000000000002
2013-02-21,DCOILWTICO,WTI,daily,92.79,2.2092857142857145
2013-02-22,DCOILWTICO,WTI,daily,93.12,2.217142857142857
2013-02-25,DCOILWTICO,WTI,daily,92.74,2.208095238095238
2013-02-26,DCOILWTICO,WTI,daily,92.63,2.2054761904761904
2013-02-27,DCOILWTICO,WTI,daily,92.84,2.2104761904761907
2013-02-28,DCOILWTICO,WTI,daily,92.03,2.191190476190476
2013-03-01,DCOILWTICO,WTI,daily,90.71,2.1597619047619045
2013-03-04,DCOILWTICO,WTI,daily,90.13,2.145952380952381
2013-03-05,DCOILWTICO,WTI,daily,90.88,2.163809523809524
2013-03-06,DCOILWTICO,WTI,daily,90.47,2.154047619047619
2013-03-07,DCOILWTICO,WTI,daily,91.53,2.1792857142857143
2013-03-08,DCOILWTICO,WTI,daily,92.01,2.190714285714286
2013-03-11,DCOILWTICO,WTI,daily,92.07,2.192142857142857
2013-03-12,DCOILWTICO,WTI,daily,92.44,2.2009523809523808
2013-03-13,DCOILWTICO,WTI,daily,92.47,2.2016666666666667
2013-03-14,DCOILWTICO,WTI,daily,93.03,2.215
2013-03-15,DCOILWTICO,WTI,daily,93.49,2.2259523809523807
2013-03-18,DCOILWTICO,WTI,daily,93.71,2.231190476190476
2013-03-19,DCOILWTICO,WTI,daily,92.44,2.2009523809523808
2013-03-20,DCOILWTICO,WTI,daily,93.21,2.2192857142857143
2013-03-21,DCOILWTICO,WTI,daily,92.46,2.201428571428571
2013-03-22,DCOILWTICO,WTI,daily,93.41,2.224047619047619
2013-03-25,DCOILWTICO,WTI,daily,94.55,2.251190476190476
2013-03-26,DCOILWTICO,WTI,daily,95.99,2.2854761904761904
2013-03-27,DCOILWTICO,WTI,daily,96.53,2.2983333333333333
2013-03-28,DCOILWTICO,WTI,daily,97.24,2.315238095238095
2013-03-29,DCOILWTICO,WTI,daily,,
2013-04-01,DCOILWTICO,WTI,daily,97.1,2.3119047619047617
2013-04-02,DCOILWTICO,WTI,daily,97.23,2.315
2013-04-03,DCOILWTICO,WTI,daily,95.02,2.262380952380952
2013-04-04,DCOILWTICO,WTI,daily,93.26,2.2204761904761905
2013-04-05,DCOILWTICO,WTI,daily,92.76,2.2085714285714286
2013-04-08,DCOILWTICO,WTI,daily,93.36,2.222857142857143
2013-04-09,DCOILWTICO,WTI,daily,94.18,2.2423809523809526
2013-04-10,DCOILWTICO,WTI,daily,94.59,2.2521428571428572
2013-04-11,DCOILWTICO,WTI,daily,93.44,2.2247619047619045
2013-04-12,DCOILWTICO,WTI,daily,91.23,2.172142857142857
2013-04-15,DCOILWTICO,WTI,daily,88.75,2.113095238095238
2013-04-16,DCOILWTICO,WTI,daily,88.73,2.112619047619048
2013-04-17,DCOILWTICO,WTI,daily,86.65,2.0630952380952383
2013-04-18,DCOILWTICO,WTI,daily,87.83,2.091190476190476
2013-04-19,DCOILWTICO,WTI,daily,88.04,2.0961904761904764
2013-04-22,DCOILWTICO,WTI,daily,88.81,2.1145238095238095
2013-04-23,DCOILWTICO,WTI,daily,89.21,2.124047619047619
2013-04-24,DCOILWTICO,WTI,daily,91.07,2.168333333333333
2013-04-25,DCOILWTICO,WTI,daily,93.27,2.2207142857142856
2013-04-26,DCOILWTICO,WTI,daily,92.63,2.2054761904761904
2013-04-29,DCOILWTICO,WTI,daily,94.09,2.2402380952380954
2013-04-30,DCOILWTICO,WTI,daily,93.22,2.2195238095238095
2013-05-01,DCOILWTICO,WTI,daily,90.74,2.1604761904761904
2013-05-02,DCOILWTICO,WTI,daily,93.7,2.230952380952381
2013-05-03,DCOILWTICO,WTI,daily,95.25,2.267857142857143
2013-05-06,DCOILWTICO,WTI,daily,95.8,2.280952380952381
2013-05-07,DCOILWTICO,WTI,daily,95.28,2.2685714285714287
2013-05-08,DCOILWTICO,WTI,daily,96.24,2.2914285714285714
2013-05-09,DCOILWTICO,WTI,daily,96.09,2.287857142857143
2013-05-10,DCOILWTICO,WTI,daily,95.81,2.2811904761904764
2013-05-13,DCOILWTICO,WTI,daily,94.76,2.2561904761904765
2013-05-14,DCOILWTICO,WTI,daily,93.96,2.237142857142857
2013-05-15,DCOILWTICO,WTI,daily,93.95,2.236904761904762
2013-05-16,DCOILWTICO,WTI,daily,94.85,2.2583333333333333
2013-05-17,DCOILWTICO,WTI,daily,95.72,2.279047619047619
2013-05-20,DCOILWTICO,WTI,daily,96.29,2.2926190476190476
2013-05-21,DCOILWTICO,WTI,daily,95.55,2.275
2013-05-22,DCOILWTICO,WTI,daily,93.98,2.237619047619048
2013-05-23,DCOILWTICO,WTI,daily,94.12,2.2409523809523813
2013-05-24,DCOILWTICO,WTI,daily,93.84,2.2342857142857144
2013-05-27,DCOILWTICO,WTI,daily,,
2013-05-28,DCOILWTICO,WTI,daily,94.65,2.2535714285714286
2013-05-29,DCOILWTICO,WTI,daily,93.13,2.2173809523809522
2013-05-30,DCOILWTICO,WTI,daily,93.57,2.2278571428571428
2013-05-31,DCOILWTICO,WTI,daily,91.93,2.1888095238095238
2013-06-03,DCOILWTICO,WTI,daily,93.41,2.224047619047619
2013-06-04,DCOILWTICO,WTI,daily,93.36,2.222857142857143
2013-06-05,DCOILWTICO,WTI,daily,93.66,2.23
2013-06-06,DCOILWTICO,WTI,daily,94.71,2.255
2013-06-07,DCOILWTICO,WTI,daily,96.11,2.288333333333333
2013-06-10,DCOILWTICO,WTI,daily,95.82,2.281428571428571
2013-06-11,DCOILWTICO,WTI,daily,95.5,2.2738095238095237
2013-06-12,DCOILWTICO,WTI,daily,95.98,2.2852380952380953
2013-06-13,DCOILWTICO,WTI,daily,96.66,2.301428571428571
2013-06-14,DCOILWTICO,WTI,daily,97.83,2.329285714285714
2013-06-17,DCOILWTICO,WTI,daily,97.86,2.33
2013-06-18,DCOILWTICO,WTI,daily,98.46,2.3442857142857143
2013-06-19,DCOILWTICO,WTI,daily,98.24,2.339047619047619
2013-06-20,DCOILWTICO,WTI,daily,94.89,2.2592857142857143
2013-06-21,DCOILWTICO,WTI,daily,93.81,2.2335714285714285
2013-06-24,DCOILWTICO,WTI,daily,95.07,2.2635714285714283
2013-06-25,DCOILWTICO,WTI,daily,95.25,2.267857142857143
2013-06-26,DCOILWTICO,WTI,daily,95.47,2.2730952380952383
2013-06-27,DCOILWTICO,WTI,daily,97.0,2.3095238095238093
2013-06-28,DCOILWTICO,WTI,daily,96.36,2.2942857142857145
2013-07-01,DCOILWTICO,WTI,daily,97.94,2.3319047619047617
2013-07-02,DCOILWTICO,WTI,daily,99.65,2.3726190476190476
2013-07-03,DCOILWTICO,WTI,daily,101.92,2.4266666666666667
2013-07-04,DCOILWTICO,WTI,daily,,
2013-07-05,DCOILWTICO,WTI,daily,103.09,2.4545238095238098
2013-07-08,DCOILWTICO,WTI,daily,103.03,2.453095238095238
2013-07-09,DCOILWTICO,WTI,daily,103.46,2.4633333333333334
2013-07-10,DCOILWTICO,WTI,daily,106.41,2.5335714285714284
2013-07-11,DCOILWTICO,WTI,daily,104.77,2.4945238095238094
2013-07-12,DCOILWTICO,WTI,daily,105.85,2.520238095238095
2013-07-15,DCOILWTICO,WTI,daily,106.2,2.5285714285714285
2013-07-16,DCOILWTICO,WTI,daily,105.88,2.520952380952381
2013-07-17,DCOILWTICO,WTI,daily,106.39,2.533095238095238
2013-07-18,DCOILWTICO,WTI,daily,107.94,2.57
2013-07-19,DCOILWTICO,WTI,daily,108.0,2.5714285714285716
2013-07-22,DCOILWTICO,WTI,daily,106.61,2.538333333333333
2013-07-23,DCOILWTICO,WTI,daily,107.13,2.5507142857142857
2013-07-24,DCOILWTICO,WTI,daily,105.41,2.5097619047619046
2013-07-25,DCOILWTICO,WTI,daily,105.47,2.511190476190476
2013-07-26,DCOILWTICO,WTI,daily,104.76,2.494285714285714
2013-07-29,DCOILWTICO,WTI,daily,104.61,2.4907142857142857
2013-07-30,DCOILWTICO,WTI,daily,103.14,2.4557142857142855
2013-07-31,DCOILWTICO,WTI,daily,105.1,2.5023809523809524
2013-08-01,DCOILWTICO,WTI,daily,107.93,2.569761904761905
2013-08-02,DCOILWTICO,WTI,daily,106.94,2.546190476190476
2013-08-05,DCOILWTICO,WTI,daily,106.61,2.538333333333333
2013-08-06,DCOILWTICO,WTI,daily,105.32,2.5076190476190474
2013-08-07,DCOILWTICO,WTI,daily,104.41,2.485952380952381
2013-08-08,DCOILWTICO,WTI,daily,103.45,2.4630952380952382
2013-08-09,DCOILWTICO,WTI,daily,106.04,2.5247619047619048
2013-08-12,DCOILWTICO,WTI,daily,106.19,2.5283333333333333
2013-08-13,DCOILWTICO,WTI,daily,106.78,2.5423809523809524
2013-08-14,DCOILWTICO,WTI,daily,106.89,2.545
2013-08-15,DCOILWTICO,WTI,daily,107.43,2.557857142857143
2013-08-16,DCOILWTICO,WTI,daily,107.58,2.5614285714285714
2013-08-19,DCOILWTICO,WTI,daily,107.14,2.550952380952381
2013-08-20,DCOILWTICO,WTI,daily,104.9,2.4976190476190476
2013-08-21,DCOILWTICO,WTI,daily,103.93,2.47452380952381
2013-08-22,DCOILWTICO,WTI,daily,104.93,2.4983333333333335
2013-08-23,DCOILWTICO,WTI,daily,106.48,2.5352380952380953
2013-08-26,DCOILWTICO,WTI,daily,105.88,2.520952380952381
2013-08-27,DCOILWTICO,WTI,daily,109.11,2.597857142857143
2013-08-28,DCOILWTICO,WTI,daily,110.17,2.623095238095238
2013-08-29,DCOILWTICO,WTI,daily,108.51,2.5835714285714286
2013-08-30,DCOILWTICO,WTI,daily,107.98,2.570952380952381
2013-09-02,DCOILWTICO,WTI,daily,,
2013-09-03,DCOILWTICO,WTI,daily,108.67,2.5873809523809523
2013-09-04,DCOILWTICO,WTI,daily,107.29,2.55452380952381
2013-09-05,DCOILWTICO,WTI,daily,108.5,2.5833333333333335
2013-09-06,DCOILWTICO,WTI,daily,110.62,2.633809523809524
2013-09-09,DCOILWTICO,WTI,daily,109.62,2.6100000000000003
2013-09-10,DCOILWTICO,WTI,daily,107.48,2.559047619047619
2013-09-11,DCOILWTICO,WTI,daily,107.65,2.5630952380952383
2013-09-12,DCOILWTICO,WTI,daily,108.72,2.5885714285714285
2013-09-13,DCOILWTICO,WTI,daily,108.31,2.578809523809524
2013-09-16,DCOILWTICO,WTI,daily,106.54,2.5366666666666666
2013-09-17,DCOILWTICO,WTI,daily,105.36,2.5085714285714285
2013-09-18,DCOILWTICO,WTI,daily,108.23,2.576904761904762
2013-09-19,DCOILWTICO,WTI,daily,106.26,2.5300000000000002
2013-09-20,DCOILWTICO,WTI,daily,104.7,2.492857142857143
2013-09-23,DCOILWTICO,WTI,daily,103.62,2.467142857142857
2013-09-24,DCOILWTICO,WTI,daily,103.22,2.4576190476190476
2013-09-25,DCOILWTICO,WTI,daily,102.68,2.444761904761905
2013-09-26,DCOILWTICO,WTI,daily,103.1,2.4547619047619045
2013-09-27,DCOILWTICO,WTI,daily,102.86,2.449047619047619
2013-09-30,DCOILWTICO,WTI,daily,102.36,2.4371428571428573
2013-10-01,DCOILWTICO,WTI,daily,102.09,2.4307142857142856
2013-10-02,DCOILWTICO,WTI,daily,104.15,2.479761904761905
2013-10-03,DCOILWTICO,WTI,daily,103.29,2.4592857142857145
2013-10-04,DCOILWTICO,WTI,daily,103.83,2.472142857142857
2013-10-07,DCOILWTICO,WTI,daily,103.07,2.454047619047619
2013-10-08,DCOILWTICO,WTI,daily,103.54,2.4652380952380955
2013-10-09,DCOILWTICO,WTI,daily,101.63,2.419761904761905
2013-10-10,DCOILWTICO,WTI,daily,103.08,2.454285714285714
2013-10-11,DCOILWTICO,WTI,daily,102.17,2.4326190476190477
2013-10-14,DCOILWTICO,WTI,daily,102.46,2.439523809523809
2013-10-15,DCOILWTICO,WTI,daily,101.15,2.4083333333333337
2013-10-16,DCOILWTICO,WTI,daily,102.34,2.4366666666666665
2013-10-17,DCOILWTICO,WTI,daily,100.72,2.3980952380952383
2013-10-18,DCOILWTICO,WTI,daily,100.87,2.401666666666667
2013-10-21,DCOILWTICO,WTI,daily,99.28,2.363809523809524
2013-10-22,DCOILWTICO,WTI,daily,97.63,2.3245238095238094
2013-10-23,DCOILWTICO,WTI,daily,96.9,2.3071428571428574
2013-10-24,DCOILWTICO,WTI,daily,96.65,2.3011904761904765
2013-10-25,DCOILWTICO,WTI,daily,97.4,2.3190476190476192
2013-10-28,DCOILWTICO,WTI,daily,98.74,2.3509523809523807
2013-10-29,DCOILWTICO,WTI,daily,98.29,2.3402380952380955
2013-10-30,DCOILWTICO,WTI,daily,96.81,2.305
2013-10-31,DCOILWTICO,WTI,daily,96.29,2.2926190476190476
2013-11-01,DCOILWTICO,WTI,daily,94.56,2.2514285714285713
2013-11-04,DCOILWTICO,WTI,daily,94.58,2.251904761904762
2013-11-05,DCOILWTICO,WTI,daily,93.4,2.223809523809524
2013-11-06,DCOILWTICO,WTI,daily,94.74,2.255714285714286
2013-11-07,DCOILWTICO,WTI,daily,94.25,2.244047619047619
2013-11-08,DCOILWTICO,WTI,daily,94.56,2.2514285714285713
2013-11-11,DCOILWTICO,WTI,daily,95.13,2.2649999999999997
2013-11-12,DCOILWTICO,WTI,daily,93.12,2.217142857142857
2013-11-13,DCOILWTICO,WTI,daily,93.91,2.235952380952381
2013-11-14,DCOILWTICO,WTI,daily,93.76,2.2323809523809524
2013-11-15,DCOILWTICO,WTI,daily,93.8,2.2333333333333334
2013-11-18,DCOILWTICO,WTI,daily,93.03,2.215
2013-11-19,DCOILWTICO,WTI,daily,93.35,2.2226190476190473
2013-11-20,DCOILWTICO,WTI,daily,93.34,2.2223809523809526
2013-11-21,DCOILWTICO,WTI,daily,95.35,2.270238095238095
2013-11-22,DCOILWTICO,WTI,daily,94.53,2.250714285714286
2013-11-25,DCOILWTICO,WTI,daily,93.86,2.2347619047619047
2013-11-26,DCOILWTICO,WTI,daily,93.41,2.224047619047619
2013-11-27,DCOILWTICO,WTI,daily,92.05,2.1916666666666664
2013-11-28,DCOILWTICO,WTI,daily,,
2013-11-29,DCOILWTICO,WTI,daily,92.55,2.2035714285714283
2013-12-02,DCOILWTICO,WTI,daily,93.61,2.228809523809524
2013-12-03,DCOILWTICO,WTI,daily,95.83,2.2816666666666667
2013-12-04,DCOILWTICO,WTI,daily,96.97,2.308809523809524
2013-12-05,DCOILWTICO,WTI,daily,97.14,2.3128571428571427
2013-12-06,DCOILWTICO,WTI,daily,97.48,2.320952380952381
2013-12-09,DCOILWTICO,WTI,daily,97.1,2.3119047619047617
2013-12-10,DCOILWTICO,WTI,daily,98.32,2.340952380952381
2013-12-11,DCOILWTICO,WTI,daily,97.25,2.3154761904761907
2013-12-12,DCOILWTICO,WTI,daily,97.21,2.314523809523809
2013-12-13,DCOILWTICO,WTI,daily,96.27,2.2921428571428573
2013-12-16,DCOILWTICO,WTI,daily,97.18,2.3138095238095238
2013-12-17,DCOILWTICO,WTI,daily,96.99,2.309285714285714
2013-12-18,DCOILWTICO,WTI,daily,97.59,2.323571428571429
2013-12-19,DCOILWTICO,WTI,daily,98.4,2.342857142857143
2013-12-20,DCOILWTICO,WTI,daily,99.11,2.3597619047619047
2013-12-23,DCOILWTICO,WTI,daily,98.62,2.348095238095238
2013-12-24,DCOILWTICO,WTI,daily,98.87,2.354047619047619
2013-12-25,DCOILWTICO,WTI,daily,,
2013-12-26,DCOILWTICO,WTI,daily,99.18,2.3614285714285717
2013-12-27,DCOILWTICO,WTI,daily,99.94,2.3795238095238096
2013-12-30,DCOILWTICO,WTI,daily,98.9,2.354761904761905
2013-12-31,DCOILWTICO,WTI,daily,98.17,2.3373809523809523
2014-01-01,DCOILWTICO,WTI,daily,,
2014-01-02,DCOILWTICO,WTI,daily,95.14,2.2652380952380953
2014-01-03,DCOILWTICO,WTI,daily,93.66,2.23
2014-01-06,DCOILWTICO,WTI,daily,93.12,2.217142857142857
2014-01-07,DCOILWTICO,WTI,daily,93.31,2.2216666666666667
2014-01-08,DCOILWTICO,WTI,daily,91.9,2.1880952380952383
2014-01-09,DCOILWTICO,WTI,daily,91.36,2.1752380952380954
2014-01-10,DCOILWTICO,WTI,daily,92.39,2.1997619047619046
2014-01-13,DCOILWTICO,WTI,daily,91.45,2.1773809523809526
2014-01-14,DCOILWTICO,WTI,daily,92.15,2.1940476190476192
2014-01-15,DCOILWTICO,WTI,daily,93.78,2.232857142857143
2014-01-16,DCOILWTICO,WTI,daily,93.54,2.2271428571428573
2014-01-17,DCOILWTICO,WTI,daily,93.96,2.237142857142857
2014-01-20,DCOILWTICO,WTI,daily,,
2014-01-21,DCOILWTICO,WTI,daily,94.51,2.250238095238095
2014-01-22,DCOILWTICO,WTI,daily,96.35,2.294047619047619
2014-01-23,DCOILWTICO,WTI,daily,97.23,2.315
2014-01-24,DCOILWTICO,WTI,daily,96.66,2.301428571428571
2014-01-27,DCOILWTICO,WTI,daily,95.82,2.281428571428571
2014-01-28,DCOILWTICO,WTI,daily,97.49,2.321190476190476
2014-01-29,DCOILWTICO,WTI,daily,97.34,2.317619047619048
2014-01-30,DCOILWTICO,WTI,daily,98.25,2.3392857142857144
2014-01-31,DCOILWTICO,WTI,daily,97.55,2.3226190476190474
2014-02-03,DCOILWTICO,WTI,daily,96.44,2.296190476190476
2014-02-04,DCOILWTICO,WTI,daily,97.24,2.315238095238095
2014-02-05,DCOILWTICO,WTI,daily,97.4,2.3190476190476192
2014-02-06,DCOILWTICO,WTI,daily,97.84,2.3295238095238098
2014-02-07,DCOILWTICO,WTI,daily,99.98,2.3804761904761906
2014-02-10,DCOILWTICO,WTI,daily,100.12,2.383809523809524
2014-02-11,DCOILWTICO,WTI,daily,99.96,2.38
2014-02-12,DCOILWTICO,WTI,daily,100.38,2.3899999999999997
2014-02-13,DCOILWTICO,WTI,daily,100.27,2.387380952380952
2014-02-14,DCOILWTICO,WTI,daily,100.31,2.388333333333333
2014-02-17,DCOILWTICO,WTI,daily,,
2014-02-18,DCOILWTICO,WTI,daily,102.54,2.4414285714285717
2014-02-19,DCOILWTICO,WTI,daily,103.46,2.4633333333333334
2014-02-20,DCOILWTICO,WTI,daily,103.2,2.4571428571428573
2014-02-21,DCOILWTICO,WTI,daily,102.53,2.441190476190476
2014-02-24,DCOILWTICO,WTI,daily,103.17,2.4564285714285714
2014-02-25,DCOILWTICO,WTI,daily,102.2,2.4333333333333336
2014-02-26,DCOILWTICO,WTI,daily,102.93,2.450714285714286
2014-02-27,DCOILWTICO,WTI,daily,102.68,2.444761904761905
2014-02-28,DCOILWTICO,WTI,daily,102.88,2.4495238095238094
2014-03-03,DCOILWTICO,WTI,daily,105.34,2.508095238095238
2014-03-04,DCOILWTICO,WTI,daily,103.64,2.467619047619048
2014-03-05,DCOILWTICO,WTI,daily,101.75,2.4226190476190474
2014-03-06,DCOILWTICO,WTI,daily,101.82,2.424285714285714
2014-03-07,DCOILWTICO,WTI,daily,102.82,2.448095238095238
2014-03-10,DCOILWTICO,WTI,daily,101.39,2.414047619047619
2014-03-11,DCOILWTICO,WTI,daily,100.29,2.387857142857143
2014-03-12,DCOILWTICO,WTI,daily,98.29,2.3402380952380955
2014-03-13,DCOILWTICO,WTI,daily,98.57,2.346904761904762
2014-03-14,DCOILWTICO,WTI,daily,99.23,2.362619047619048
2014-03-17,DCOILWTICO,WTI,daily,98.43,2.343571428571429
2014-03-18,DCOILWTICO,WTI,daily,100.08,2.382857142857143
2014-03-19,DCOILWTICO,WTI,daily,100.71,2.3978571428571427
2014-03-20,DCOILWTICO,WTI,daily,99.68,2.3733333333333335
2014-03-21,DCOILWTICO,WTI,daily,99.97,2.380238095238095
2014-03-24,DCOILWTICO,WTI,daily,100.05,2.382142857142857
2014-03-25,DCOILWTICO,WTI,daily,99.66,2.3728571428571428
2014-03-26,DCOILWTICO,WTI,daily,100.61,2.3954761904761903
2014-03-27,DCOILWTICO,WTI,daily,101.25,2.4107142857142856
2014-03-28,DCOILWTICO,WTI,daily,101.73,2.422142857142857
2014-03-31,DCOILWTICO,WTI,daily,101.57,2.418333333333333
2014-04-01,DCOILWTICO,WTI,daily,99.69,2.3735714285714287
2014-04-02,DCOILWTICO,WTI,daily,99.6,2.3714285714285714
2014-04-03,DCOILWTICO,WTI,daily,100.29,2.387857142857143
2014-04-04,DCOILWTICO,WTI,daily,101.16,2.4085714285714284
2014-04-07,DCOILWTICO,WTI,daily,100.43,2.3911904761904763
2014-04-08,DCOILWTICO,WTI,daily,102.57,2.442142857142857
2014-04-09,DCOILWTICO,WTI,daily,103.55,2.4654761904761906
2014-04-10,DCOILWTICO,WTI,daily,103.37,2.461190476190476
2014-04-11,DCOILWTICO,WTI,daily,103.68,2.468571428571429
2014-04-14,DCOILWTICO,WTI,daily,104.05,2.4773809523809525
2014-04-15,DCOILWTICO,WTI,daily,103.7,2.469047619047619
2014-04-16,DCOILWTICO,WTI,daily,103.71,2.4692857142857143
2014-04-17,DCOILWTICO,WTI,daily,104.33,2.484047619047619
2014-04-18,DCOILWTICO,WTI,daily,,
2014-04-21,DCOILWTICO,WTI,daily,104.35,2.4845238095238096
2014-04-22,DCOILWTICO,WTI,daily,101.69,2.421190476190476
2014-04-23,DCOILWTICO,WTI,daily,101.47,2.415952380952381
2014-04-24,DCOILWTICO,WTI,daily,102.2,2.4333333333333336
2014-04-25,DCOILWTICO,WTI,daily,100.85,2.401190476190476
2014-04-28,DCOILWTICO,WTI,daily,101.13,2.407857142857143
2014-04-29,DCOILWTICO,WTI,daily,101.56,2.4180952380952383
2014-04-30,DCOILWTICO,WTI,daily,100.07,2.3826190476190474
2014-05-01,DCOILWTICO,WTI,daily,99.69,2.3735714285714287
2014-05-02,DCOILWTICO,WTI,daily,100.09,2.383095238095238
2014-05-05,DCOILWTICO,WTI,daily,99.74,2.374761904761905
2014-05-06,DCOILWTICO,WTI,daily,99.81,2.3764285714285713
2014-05-07,DCOILWTICO,WTI,daily,101.06,2.4061904761904764
2014-05-08,DCOILWTICO,WTI,daily,100.52,2.393333333333333
2014-05-09,DCOILWTICO,WTI,daily,100.32,2.3885714285714283
2014-05-12,DCOILWTICO,WTI,daily,100.89,2.402142857142857
2014-05-13,DCOILWTICO,WTI,daily,102.01,2.428809523809524
2014-05-14,DCOILWTICO,WTI,daily,102.63,2.4435714285714285
2014-05-15,DCOILWTICO,WTI,daily,101.74,2.4223809523809523
2014-05-16,DCOILWTICO,WTI,daily,102.31,2.435952380952381
2014-05-19,DCOILWTICO,WTI,daily,102.95,2.4511904761904764
2014-05-20,DCOILWTICO,WTI,daily,102.8,2.4476190476190474
2014-05-21,DCOILWTICO,WTI,daily,104.31,2.4835714285714285
2014-05-22,DCOILWTICO,WTI,daily,104.03,2.4769047619047617
2014-05-23,DCOILWTICO,WTI,daily,105.01,2.500238095238095
2014-05-26,DCOILWTICO,WTI,daily,,
2014-05-27,DCOILWTICO,WTI,daily,104.78,2.494761904761905
2014-05-28,DCOILWTICO,WTI,daily,103.37,2.461190476190476
2014-05-29,DCOILWTICO,WTI,daily,104.26,2.4823809523809524
2014-05-30,DCOILWTICO,WTI,daily,103.4,2.461904761904762
2014-06-02,DCOILWTICO,WTI,daily,103.07,2.454047619047619
2014-06-03,DCOILWTICO,WTI,daily,103.34,2.4604761904761907
2014-06-04,DCOILWTICO,WTI,daily,103.27,2.458809523809524
2014-06-05,DCOILWTICO,WTI,daily,103.17,2.4564285714285714
2014-06-06,DCOILWTICO,WTI,daily,103.32,2.46
2014-06-09,DCOILWTICO,WTI,daily,105.09,2.5021428571428572
2014-06-10,DCOILWTICO,WTI,daily,105.02,2.5004761904761903
2014-06-11,DCOILWTICO,WTI,daily,105.04,2.500952380952381
2014-06-12,DCOILWTICO,WTI,daily,107.2,2.5523809523809526
2014-06-13,DCOILWTICO,WTI,daily,107.49,2.559285714285714
2014-06-16,DCOILWTICO,WTI,daily,107.52,2.56
2014-06-17,DCOILWTICO,WTI,daily,106.95,2.5464285714285717
2014-06-18,DCOILWTICO,WTI,daily,106.64,2.539047619047619
2014-06-19,DCOILWTICO,WTI,daily,107.08,2.5495238095238095
2014-06-20,DCOILWTICO,WTI,daily,107.95,2.5702380952380954
2014-06-23,DCOILWTICO,WTI,daily,106.83,2.5435714285714286
2014-06-24,DCOILWTICO,WTI,daily,106.64,2.539047619047619
2014-06-25,DCOILWTICO,WTI,daily,107.04,2.548571428571429
2014-06-26,DCOILWTICO,WTI,daily,106.49,2.5354761904761904
2014-06-27,DCOILWTICO,WTI,daily,106.46,2.5347619047619045
2014-06-30,DCOILWTICO,WTI,daily,106.07,2.52547619047619
2014-07-01,DCOILWTICO,WTI,daily,106.06,2.5252380952380955
2014-07-02,DCOILWTICO,WTI,daily,105.18,2.5042857142857144
2014-07-03,DCOILWTICO,WTI,daily,104.76,2.494285714285714
2014-07-04,DCOILWTICO,WTI,daily,,
2014-07-07,DCOILWTICO,WTI,daily,104.19,2.480714285714286
2014-07-08,DCOILWTICO,WTI,daily,104.06,2.4776190476190476
2014-07-09,DCOILWTICO,WTI,daily,102.93,2.450714285714286
2014-07-10,DCOILWTICO,WTI,daily,103.61,2.466904761904762
2014-07-11,DCOILWTICO,WTI,daily,101.48,2.416190476190476
2014-07-14,DCOILWTICO,WTI,daily,101.73,2.422142857142857
2014-07-15,DCOILWTICO,WTI,daily,100.56,2.394285714285714
2014-07-16,DCOILWTICO,WTI,daily,101.88,2.4257142857142857
2014-07-17,DCOILWTICO,WTI,daily,103.84,2.4723809523809526
2014-07-18,DCOILWTICO,WTI,daily,103.83,2.472142857142857
2014-07-21,DCOILWTICO,WTI,daily,105.34,2.508095238095238
2014-07-22,DCOILWTICO,WTI,daily,104.59,2.4902380952380954
2014-07-23,DCOILWTICO,WTI,daily,103.81,2.4716666666666667
2014-07-24,DCOILWTICO,WTI,daily,102.76,2.4466666666666668
2014-07-25,DCOILWTICO,WTI,daily,105.23,2.5054761904761906
2014-07-28,DCOILWTICO,WTI,daily,105.68,2.5161904761904763
2014-07-29,DCOILWTICO,WTI,daily,104.91,2.4978571428571428
2014-07-30,DCOILWTICO,WTI,daily,104.29,2.4830952380952382
2014-07-31,DCOILWTICO,WTI,daily,98.23,2.338809523809524
2014-08-01,DCOILWTICO,WTI,daily,97.86,2.33
2014-08-04,DCOILWTICO,WTI,daily,98.26,2.3395238095238096
2014-08-05,DCOILWTICO,WTI,daily,97.34,2.317619047619048
2014-08-06,DCOILWTICO,WTI,daily,96.93,2.307857142857143
2014-08-07,DCOILWTICO,WTI,daily,97.34,2.317619047619048
2014-08-08,DCOILWTICO,WTI,daily,97.61,2.324047619047619
2014-08-11,DCOILWTICO,WTI,daily,98.09,2.3354761904761907
2014-08-12,DCOILWTICO,WTI,daily,97.36,2.318095238095238
2014-08-13,DCOILWTICO,WTI,daily,97.57,2.323095238095238
2014-08-14,DCOILWTICO,WTI,daily,95.54,2.2747619047619048
2014-08-15,DCOILWTICO,WTI,daily,97.3,2.3166666666666664
2014-08-18,DCOILWTICO,WTI,daily,96.44,2.296190476190476
2014-08-19,DCOILWTICO,WTI,daily,94.35,2.2464285714285714
2014-08-20,DCOILWTICO,WTI,daily,96.4,2.2952380952380955
2014-08-21,DCOILWTICO,WTI,daily,93.97,2.2373809523809522
2014-08-22,DCOILWTICO,WTI,daily,93.61,2.228809523809524
2014-08-25,DCOILWTICO,WTI,daily,95.39,2.271190476190476
2014-08-26,DCOILWTICO,WTI,daily,95.78,2.2804761904761905
2014-08-27,DCOILWTICO,WTI,daily,95.82,2.281428571428571
2014-08-28,DCOILWTICO,WTI,daily,96.44,2.296190476190476
2014-08-29,DCOILWTICO,WTI,daily,97.86,2.33
2014-09-01,DCOILWTICO,WTI,daily,,
2014-09-02,DCOILWTICO,WTI,daily,92.92,2.2123809523809523
2014-09-03,DCOILWTICO,WTI,daily,95.5,2.2738095238095237
2014-09-04,DCOILWTICO,WTI,daily,94.51,2.250238095238095
2014-09-05,DCOILWTICO,WTI,daily,93.32,2.221904761904762
2014-09-08,DCOILWTICO,WTI,daily,92.64,2.2057142857142855
2014-09-09,DCOILWTICO,WTI,daily,92.73,2.2078571428571427
2014-09-10,DCOILWTICO,WTI,daily,91.71,2.1835714285714283
2014-09-11,DCOILWTICO,WTI,daily,92.89,2.211666666666667
2014-09-12,DCOILWTICO,WTI,daily,92.18,2.194761904761905
2014-09-15,DCOILWTICO,WTI,daily,92.86,2.210952380952381
2014-09-16,DCOILWTICO,WTI,daily,94.91,2.2597619047619046
2014-09-17,DCOILWTICO,WTI,daily,94.33,2.2459523809523807
2014-09-18,DCOILWTICO,WTI,daily,93.07,2.215952380952381
2014-09-19,DCOILWTICO,WTI,daily,92.43,2.200714285714286
2014-09-22,DCOILWTICO,WTI,daily,91.46,2.1776190476190473
2014-09-23,DCOILWTICO,WTI,daily,91.55,2.1797619047619046
2014-09-24,DCOILWTICO,WTI,daily,93.6,2.2285714285714286
2014-09-25,DCOILWTICO,WTI,daily,93.59,2.2283333333333335
2014-09-26,DCOILWTICO,WTI,daily,95.55,2.275
2014-09-29,DCOILWTICO,WTI,daily,94.53,2.250714285714286
2014-09-30,DCOILWTICO,WTI,daily,91.17,2.170714285714286
2014-10-01,DCOILWTICO,WTI,daily,90.74,2.1604761904761904
2014-10-02,DCOILWTICO,WTI,daily,91.02,2.1671428571428573
2014-10-03,DCOILWTICO,WTI,daily,89.76,2.1371428571428575
2014-10-06,DCOILWTICO,WTI,daily,90.33,2.150714285714286
2014-10-07,DCOILWTICO,WTI,daily,88.89,2.1164285714285715
2014-10-08,DCOILWTICO,WTI,daily,87.29,2.0783333333333336
2014-10-09,DCOILWTICO,WTI,daily,85.76,2.041904761904762
2014-10-10,DCOILWTICO,WTI,daily,85.87,2.0445238095238096
2014-10-13,DCOILWTICO,WTI,daily,85.73,2.041190476190476
2014-10-14,DCOILWTICO,WTI,daily,81.72,1.9457142857142857
2014-10-15,DCOILWTICO,WTI,daily,81.82,1.9480952380952379
2014-10-16,DCOILWTICO,WTI,daily,82.33,1.9602380952380951
2014-10-17,DCOILWTICO,WTI,daily,82.8,1.9714285714285713
2014-10-20,DCOILWTICO,WTI,daily,82.76,1.9704761904761905
2014-10-21,DCOILWTICO,WTI,daily,83.25,1.9821428571428572
2014-10-22,DCOILWTICO,WTI,daily,80.52,1.917142857142857
2014-10-23,DCOILWTICO,WTI,daily,82.81,1.9716666666666667
2014-10-24,DCOILWTICO,WTI,daily,81.27,1.9349999999999998
2014-10-27,DCOILWTICO,WTI,daily,81.26,1.934761904761905
2014-10-28,DCOILWTICO,WTI,daily,81.36,1.937142857142857
2014-10-29,DCOILWTICO,WTI,daily,82.25,1.9583333333333333
2014-10-30,DCOILWTICO,WTI,daily,81.06,1.9300000000000002
2014-10-31,DCOILWTICO,WTI,daily,80.53,1.9173809523809524
2014-11-03,DCOILWTICO,WTI,daily,78.77,1.8754761904761903
2014-11-04,DCOILWTICO,WTI,daily,77.15,1.836904761904762
2014-11-05,DCOILWTICO,WTI,daily,78.71,1.874047619047619
2014-11-06,DCOILWTICO,WTI,daily,77.87,1.8540476190476192
2014-11-07,DCOILWTICO,WTI,daily,78.71,1.874047619047619
2014-11-10,DCOILWTICO,WTI,daily,77.43,1.8435714285714286
2014-11-11,DCOILWTICO,WTI,daily,77.85,1.8535714285714284
2014-11-12,DCOILWTICO,WTI,daily,77.16,1.837142857142857
2014-11-13,DCOILWTICO,WTI,daily,74.13,1.765
2014-11-14,DCOILWTICO,WTI,daily,75.91,1.8073809523809523
2014-11-17,DCOILWTICO,WTI,daily,75.64,1.8009523809523809
2014-11-18,DCOILWTICO,WTI,daily,74.55,1.775
2014-11-19,DCOILWTICO,WTI,daily,74.55,1.775
2014-11-20,DCOILWTICO,WTI,daily,75.63,1.8007142857142857
2014-11-21,DCOILWTICO,WTI,daily,76.52,1.821904761904762
2014-11-24,DCOILWTICO,WTI,daily,75.74,1.8033333333333332
2014-11-25,DCOILWTICO,WTI,daily,74.04,1.762857142857143
2014-11-26,DCOILWTICO,WTI,daily,73.7,1.7547619047619047
2014-11-27,DCOILWTICO,WTI,daily,,
2014-11-28,DCOILWTICO,WTI,daily,65.94,1.5699999999999998
2014-12-01,DCOILWTICO,WTI,daily,68.98,1.6423809523809525
2014-12-02,DCOILWTICO,WTI,daily,66.99,1.595
2014-12-03,DCOILWTICO,WTI,daily,67.3,1.6023809523809522
2014-12-04,DCOILWTICO,WTI,daily,66.73,1.588809523809524
2014-12-05,DCOILWTICO,WTI,daily,65.89,1.5688095238095239
2014-12-08,DCOILWTICO,WTI,daily,63.13,1.5030952380952383
2014-12-09,DCOILWTICO,WTI,daily,63.74,1.5176190476190476
2014-12-10,DCOILWTICO,WTI,daily,60.99,1.4521428571428572
2014-12-11,DCOILWTICO,WTI,daily,60.01,1.4288095238095238
2014-12-12,DCOILWTICO,WTI,daily,57.81,1.3764285714285716
2014-12-15,DCOILWTICO,WTI,daily,55.96,1.3323809523809524
2014-12-16,DCOILWTICO,WTI,daily,55.97,1.3326190476190476
2014-12-17,DCOILWTICO,WTI,daily,56.43,1.3435714285714286
2014-12-18,DCOILWTICO,WTI,daily,54.18,1.29
2014-12-19,DCOILWTICO,WTI,daily,56.91,1.355
2014-12-22,DCOILWTICO,WTI,daily,55.25,1.3154761904761905
2014-12-23,DCOILWTICO,WTI,daily,56.78,1.351904761904762
2014-12-24,DCOILWTICO,WTI,daily,55.7,1.3261904761904764
2014-12-25,DCOILWTICO,WTI,daily,,
2014-12-26,DCOILWTICO,WTI,daily,54.59,1.299761904761905
2014-12-29,DCOILWTICO,WTI,daily,53.46,1.272857142857143
2014-12-30,DCOILWTICO,WTI,daily,54.14,1.289047619047619
2014-12-31,DCOILWTICO,WTI,daily,53.45,1.2726190476190478
2015-01-01,DCOILWTICO,WTI,daily,,
2015-01-02,DCOILWTICO,WTI,daily,52.72,1.2552380952380953
2015-01-05,DCOILWTICO,WTI,daily,50.05,1.1916666666666667
2015-01-06,DCOILWTICO,WTI,daily,47.98,1.1423809523809523
2015-01-07,DCOILWTICO,WTI,daily,48.69,1.1592857142857143
2015-01-08,DCOILWTICO,WTI,daily,48.8,1.1619047619047618
2015-01-09,DCOILWTICO,WTI,daily,48.35,1.1511904761904763
2015-01-12,DCOILWTICO,WTI,daily,46.06,1.0966666666666667
2015-01-13,DCOILWTICO,WTI,daily,45.92,1.0933333333333333
2015-01-14,DCOILWTICO,WTI,daily,48.49,1.1545238095238095
2015-01-15,DCOILWTICO,WTI,daily,46.37,1.104047619047619
2015-01-16,DCOILWTICO,WTI,daily,48.49,1.1545238095238095
2015-01-19,DCOILWTICO,WTI,daily,,
2015-01-20,DCOILWTICO,WTI,daily,46.79,1.114047619047619
2015-01-21,DCOILWTICO,WTI,daily,47.85,1.1392857142857142
2015-01-22,DCOILWTICO,WTI,daily,45.93,1.0935714285714286
2015-01-23,DCOILWTICO,WTI,daily,45.26,1.0776190476190475
2015-01-26,DCOILWTICO,WTI,daily,44.8,1.0666666666666667
2015-01-27,DCOILWTICO,WTI,daily,45.84,1.0914285714285714
2015-01-28,DCOILWTICO,WTI,daily,44.08,1.0495238095238095
2015-01-29,DCOILWTICO,WTI,daily,44.12,1.0504761904761903
2015-01-30,DCOILWTICO,WTI,daily,47.79,1.137857142857143
2015-02-02,DCOILWTICO,WTI,daily,49.25,1.1726190476190477
2015-02-03,DCOILWTICO,WTI,daily,53.04,1.262857142857143
2015-02-04,DCOILWTICO,WTI,daily,48.45,1.1535714285714287
2015-02-05,DCOILWTICO,WTI,daily,50.48,1.2019047619047618
2015-02-06,DCOILWTICO,WTI,daily,51.66,1.23
2015-02-09,DCOILWTICO,WTI,daily,52.99,1.2616666666666667
2015-02-10,DCOILWTICO,WTI,daily,50.06,1.191904761904762
2015-02-11,DCOILWTICO,WTI,daily,48.8,1.1619047619047618
2015-02-12,DCOILWTICO,WTI,daily,51.17,1.2183333333333333
2015-02-13,DCOILWTICO,WTI,daily,52.66,1.2538095238095237
2015-02-16,DCOILWTICO,WTI,daily,,
2015-02-17,DCOILWTICO,WTI,daily,53.56,1.2752380952380953
2015-02-18,DCOILWTICO,WTI,daily,52.13,1.2411904761904762
2015-02-19,DCOILWTICO,WTI,daily,51.12,1.217142857142857
2015-02-20,DCOILWTICO,WTI,daily,49.95,1.1892857142857143
2015-02-23,DCOILWTICO,WTI,daily,49.56,1.1800000000000002
2015-02-24,DCOILWTICO,WTI,daily,48.48,1.1542857142857141
2015-02-25,DCOILWTICO,WTI,daily,50.25,1.1964285714285714
2015-02-26,DCOILWTICO,WTI,daily,47.65,1.1345238095238095
2015-02-27,DCOILWTICO,WTI,daily,49.84,1.1866666666666668
2015-03-02,DCOILWTICO,WTI,daily,49.59,1.1807142857142858
2015-03-03,DCOILWTICO,WTI,daily,50.43,1.2007142857142856
2015-03-04,DCOILWTICO,WTI,daily,51.53,1.226904761904762
2015-03-05,DCOILWTICO,WTI,daily,50.76,1.2085714285714286
2015-03-06,DCOILWTICO,WTI,daily,49.61,1.1811904761904761
2015-03-09,DCOILWTICO,WTI,daily,49.95,1.1892857142857143
2015-03-10,DCOILWTICO,WTI,daily,48.42,1.1528571428571428
2015-03-11,DCOILWTICO,WTI,daily,48.06,1.1442857142857144
2015-03-12,DCOILWTICO,WTI,daily,47.12,1.1219047619047617
2015-03-13,DCOILWTICO,WTI,daily,44.88,1.0685714285714287
2015-03-16,DCOILWTICO,WTI,daily,43.93,1.045952380952381
2015-03-17,DCOILWTICO,WTI,daily,43.39,1.033095238095238
2015-03-18,DCOILWTICO,WTI,daily,44.63,1.0626190476190476
2015-03-19,DCOILWTICO,WTI,daily,44.02,1.0480952380952382
2015-03-20,DCOILWTICO,WTI,daily,46.0,1.0952380952380953
2015-03-23,DCOILWTICO,WTI,daily,47.4,1.1285714285714286
2015-03-24,DCOILWTICO,WTI,daily,47.03,1.1197619047619047
2015-03-25,DCOILWTICO,WTI,daily,48.75,1.1607142857142858
2015-03-26,DCOILWTICO,WTI,daily,51.41,1.224047619047619
2015-03-27,DCOILWTICO,WTI,daily,48.83,1.1626190476190477
2015-03-30,DCOILWTICO,WTI,daily,48.66,1.1585714285714286
2015-03-31,DCOILWTICO,WTI,daily,47.72,1.1361904761904762
2015-04-01,DCOILWTICO,WTI,daily,50.12,1.1933333333333334
2015-04-02,DCOILWTICO,WTI,daily,49.13,1.1697619047619048
2015-04-03,DCOILWTICO,WTI,daily,,
2015-04-06,DCOILWTICO,WTI,daily,52.08,1.24
2015-04-07,DCOILWTICO,WTI,daily,53.95,1.2845238095238096
2015-04-08,DCOILWTICO,WTI,daily,50.44,1.200952380952381
2015-04-09,DCOILWTICO,WTI,daily,50.79,1.2092857142857143
2015-04-10,DCOILWTICO,WTI,daily,51.63,1.2292857142857143
2015-04-13,DCOILWTICO,WTI,daily,51.95,1.236904761904762
2015-04-14,DCOILWTICO,WTI,daily,53.3,1.269047619047619
2015-04-15,DCOILWTICO,WTI,daily,56.25,1.3392857142857142
2015-04-16,DCOILWTICO,WTI,daily,56.69,1.3497619047619047
2015-04-17,DCOILWTICO,WTI,daily,55.71,1.3264285714285715
2015-04-20,DCOILWTICO,WTI,daily,56.37,1.342142857142857
2015-04-21,DCOILWTICO,WTI,daily,55.58,1.3233333333333333
2015-04-22,DCOILWTICO,WTI,daily,56.17,1.3373809523809523
2015-04-23,DCOILWTICO,WTI,daily,56.59,1.3473809523809526
2015-04-24,DCOILWTICO,WTI,daily,55.98,1.3328571428571427
2015-04-27,DCOILWTICO,WTI,daily,55.56,1.322857142857143
2015-04-28,DCOILWTICO,WTI,daily,57.05,1.3583333333333332
2015-04-29,DCOILWTICO,WTI,daily,58.55,1.394047619047619
2015-04-30,DCOILWTICO,WTI,daily,59.62,1.4195238095238094
2015-05-01,DCOILWTICO,WTI,daily,59.1,1.4071428571428573
2015-05-04,DCOILWTICO,WTI,daily,58.92,1.4028571428571428
2015-05-05,DCOILWTICO,WTI,daily,60.38,1.4376190476190476
2015-05-06,DCOILWTICO,WTI,daily,60.93,1.4507142857142856
2015-05-07,DCOILWTICO,WTI,daily,58.99,1.4045238095238095
2015-05-08,DCOILWTICO,WTI,daily,59.41,1.4145238095238095
2015-05-11,DCOILWTICO,WTI,daily,59.23,1.410238095238095
2015-05-12,DCOILWTICO,WTI,daily,60.72,1.4457142857142857
2015-05-13,DCOILWTICO,WTI,daily,60.5,1.4404761904761905
2015-05-14,DCOILWTICO,WTI,daily,59.89,1.4259523809523809
2015-05-15,DCOILWTICO,WTI,daily,59.73,1.4221428571428572
2015-05-18,DCOILWTICO,WTI,daily,59.44,1.4152380952380952
2015-05-19,DCOILWTICO,WTI,daily,57.3,1.3642857142857143
2015-05-20,DCOILWTICO,WTI,daily,58.96,1.4038095238095238
2015-05-21,DCOILWTICO,WTI,daily,60.18,1.4328571428571428
2015-05-22,DCOILWTICO,WTI,daily,58.88,1.401904761904762
2015-05-25,DCOILWTICO,WTI,daily,,
2015-05-26,DCOILWTICO,WTI,daily,57.29,1.364047619047619
2015-05-27,DCOILWTICO,WTI,daily,57.51,1.3692857142857142
2015-05-28,DCOILWTICO,WTI,daily,57.69,1.3735714285714284
2015-05-29,DCOILWTICO,WTI,daily,60.25,1.4345238095238095
2015-06-01,DCOILWTICO,WTI,daily,60.24,1.4342857142857144
2015-06-02,DCOILWTICO,WTI,daily,61.3,1.4595238095238094
2015-06-03,DCOILWTICO,WTI,daily,59.67,1.4207142857142858
2015-06-04,DCOILWTICO,WTI,daily,58.0,1.380952380952381
2015-06-05,DCOILWTICO,WTI,daily,59.11,1.4073809523809524
2015-06-08,DCOILWTICO,WTI,daily,58.15,1.3845238095238095
2015-06-09,DCOILWTICO,WTI,daily,60.15,1.4321428571428572
2015-06-10,DCOILWTICO,WTI,daily,61.36,1.460952380952381
2015-06-11,DCOILWTICO,WTI,daily,60.74,1.4461904761904762
2015-06-12,DCOILWTICO,WTI,daily,59.96,1.4276190476190476
2015-06-15,DCOILWTICO,WTI,daily,59.53,1.4173809523809524
2015-06-16,DCOILWTICO,WTI,daily,60.01,1.4288095238095238
2015-06-17,DCOILWTICO,WTI,daily,59.89,1.4259523809523809
2015-06-18,DCOILWTICO,WTI,daily,60.41,1.4383333333333332
2015-06-19,DCOILWTICO,WTI,daily,59.62,1.4195238095238094
2015-06-22,DCOILWTICO,WTI,daily,60.01,1.4288095238095238
2015-06-23,DCOILWTICO,WTI,daily,61.05,1.4535714285714285
2015-06-24,DCOILWTICO,WTI,daily,60.01,1.4288095238095238
2015-06-25,DCOILWTICO,WTI,daily,59.59,1.418809523809524
2015-06-26,DCOILWTICO,WTI,daily,59.41,1.4145238095238095
2015-06-29,DCOILWTICO,WTI,daily,58.34,1.389047619047619
2015-06-30,DCOILWTICO,WTI,daily,59.48,1.4161904761904762
2015-07-01,DCOILWTICO,WTI,daily,56.94,1.3557142857142856
2015-07-02,DCOILWTICO,WTI,daily,56.93,1.3554761904761905
2015-07-03,DCOILWTICO,WTI,daily,,
2015-07-06,DCOILWTICO,WTI,daily,52.48,1.2495238095238095
2015-07-07,DCOILWTICO,WTI,daily,52.33,1.245952380952381
2015-07-08,DCOILWTICO,WTI,daily,51.61,1.2288095238095238
2015-07-09,DCOILWTICO,WTI,daily,52.76,1.256190476190476
2015-07-10,DCOILWTICO,WTI,daily,52.74,1.2557142857142858
2015-07-13,DCOILWTICO,WTI,daily,52.19,1.2426190476190475
2015-07-14,DCOILWTICO,WTI,daily,53.05,1.263095238095238
2015-07-15,DCOILWTICO,WTI,daily,51.4,1.2238095238095237
2015-07-16,DCOILWTICO,WTI,daily,50.9,1.2119047619047618
2015-07-17,DCOILWTICO,WTI,daily,50.88,1.2114285714285715
2015-07-20,DCOILWTICO,WTI,daily,50.11,1.193095238095238
2015-07-21,DCOILWTICO,WTI,daily,50.59,1.2045238095238096
2015-07-22,DCOILWTICO,WTI,daily,49.27,1.1730952380952382
2015-07-23,DCOILWTICO,WTI,daily,48.11,1.1454761904761905
2015-07-24,DCOILWTICO,WTI,daily,47.98,1.1423809523809523
2015-07-27,DCOILWTICO,WTI,daily,47.17,1.1230952380952381
2015-07-28,DCOILWTICO,WTI,daily,47.97,1.1421428571428571
2015-07-29,DCOILWTICO,WTI,daily,48.77,1.1611904761904763
2015-07-30,DCOILWTICO,WTI,daily,48.53,1.1554761904761905
2015-07-31,DCOILWTICO,WTI,daily,47.11,1.1216666666666666
2015-08-03,DCOILWTICO,WTI,daily,45.25,1.0773809523809523
2015-08-04,DCOILWTICO,WTI,daily,45.75,1.0892857142857142
2015-08-05,DCOILWTICO,WTI,daily,45.13,1.0745238095238097
2015-08-06,DCOILWTICO,WTI,daily,44.69,1.064047619047619
2015-08-07,DCOILWTICO,WTI,daily,43.87,1.0445238095238094
2015-08-10,DCOILWTICO,WTI,daily,44.94,1.0699999999999998
2015-08-11,DCOILWTICO,WTI,daily,43.11,1.0264285714285715
2015-08-12,DCOILWTICO,WTI,daily,43.22,1.029047619047619
2015-08-13,DCOILWTICO,WTI,daily,42.27,1.0064285714285715
2015-08-14,DCOILWTICO,WTI,daily,42.45,1.0107142857142857
2015-08-17,DCOILWTICO,WTI,daily,41.93,0.9983333333333333
2015-08-18,DCOILWTICO,WTI,daily,42.58,1.0138095238095237
2015-08-19,DCOILWTICO,WTI,daily,40.75,0.9702380952380952
2015-08-20,DCOILWTICO,WTI,daily,41.0,0.9761904761904762
2015-08-21,DCOILWTICO,WTI,daily,40.45,0.9630952380952381
2015-08-24,DCOILWTICO,WTI,daily,38.22,0.9099999999999999
2015-08-25,DCOILWTICO,WTI,daily,39.15,0.9321428571428572
2015-08-26,DCOILWTICO,WTI,daily,38.5,0.9166666666666666
2015-08-27,DCOILWTICO,WTI,daily,42.47,1.0111904761904762
2015-08-28,DCOILWTICO,WTI,daily,45.29,1.0783333333333334
2015-08-31,DCOILWTICO,WTI,daily,49.2,1.1714285714285715
2015-09-01,DCOILWTICO,WTI,daily,45.38,1.0804761904761906
2015-09-02,DCOILWTICO,WTI,daily,46.3,1.1023809523809522
2015-09-03,DCOILWTICO,WTI,daily,46.75,1.1130952380952381
2015-09-04,DCOILWTICO,WTI,daily,46.02,1.0957142857142859
2015-09-07,DCOILWTICO,WTI,daily,,
2015-09-08,DCOILWTICO,WTI,daily,45.92,1.0933333333333333
2015-09-09,DCOILWTICO,WTI,daily,44.13,1.0507142857142857
2015-09-10,DCOILWTICO,WTI,daily,45.85,1.0916666666666668
2015-09-11,DCOILWTICO,WTI,daily,44.75,1.0654761904761905
2015-09-14,DCOILWTICO,WTI,daily,44.07,1.0492857142857144
2015-09-15,DCOILWTICO,WTI,daily,44.58,1.0614285714285714
2015-09-16,DCOILWTICO,WTI,daily,47.12,1.1219047619047617
2015-09-17,DCOILWTICO,WTI,daily,46.93,1.1173809523809524
2015-09-18,DCOILWTICO,WTI,daily,44.71,1.0645238095238096
2015-09-21,DCOILWTICO,WTI,daily,46.67,1.1111904761904763
2015-09-22,DCOILWTICO,WTI,daily,46.17,1.0992857142857144
2015-09-23,DCOILWTICO,WTI,daily,44.53,1.0602380952380952
2015-09-24,DCOILWTICO,WTI,daily,44.94,1.0699999999999998
2015-09-25,DCOILWTICO,WTI,daily,45.55,1.0845238095238094
2015-09-28,DCOILWTICO,WTI,daily,44.4,1.0571428571428572
2015-09-29,DCOILWTICO,WTI,daily,45.24,1.0771428571428572
2015-09-30,DCOILWTICO,WTI,daily,45.06,1.072857142857143
2015-10-01,DCOILWTICO,WTI,daily,44.75,1.0654761904761905
2015-10-02,DCOILWTICO,WTI,daily,45.54,1.0842857142857143
2015-10-05,DCOILWTICO,WTI,daily,46.28,1.101904761904762
2015-10-06,DCOILWTICO,WTI,daily,48.53,1.1554761904761905
2015-10-07,DCOILWTICO,WTI,daily,47.86,1.1395238095238096
2015-10-08,DCOILWTICO,WTI,daily,49.46,1.1776190476190476
2015-10-09,DCOILWTICO,WTI,daily,49.67,1.1826190476190477
2015-10-12,DCOILWTICO,WTI,daily,47.09,1.1211904761904763
2015-10-13,DCOILWTICO,WTI,daily,46.7,1.111904761904762
2015-10-14,DCOILWTICO,WTI,daily,46.63,1.1102380952380952
2015-10-15,DCOILWTICO,WTI,daily,46.38,1.1042857142857143
2015-10-16,DCOILWTICO,WTI,daily,47.3,1.1261904761904762
2015-10-19,DCOILWTICO,WTI,daily,45.91,1.0930952380952381
2015-10-20,DCOILWTICO,WTI,daily,45.84,1.0914285714285714
2015-10-21,DCOILWTICO,WTI,daily,45.22,1.0766666666666667
2015-10-22,DCOILWTICO,WTI,daily,44.9,1.069047619047619
2015-10-23,DCOILWTICO,WTI,daily,43.91,1.0454761904761904
2015-10-26,DCOILWTICO,WTI,daily,43.19,1.0283333333333333
2015-10-27,DCOILWTICO,WTI,daily,43.21,1.0288095238095238
2015-10-28,DCOILWTICO,WTI,daily,45.93,1.0935714285714286
2015-10-29,DCOILWTICO,WTI,daily,46.02,1.0957142857142859
2015-10-30,DCOILWTICO,WTI,daily,46.6,1.1095238095238096
2015-11-02,DCOILWTICO,WTI,daily,46.12,1.098095238095238
2015-11-03,DCOILWTICO,WTI,daily,47.88,1.1400000000000001
2015-11-04,DCOILWTICO,WTI,daily,46.32,1.1028571428571428
2015-11-05,DCOILWTICO,WTI,daily,45.27,1.0778571428571428
2015-11-06,DCOILWTICO,WTI,daily,44.32,1.0552380952380953
2015-11-09,DCOILWTICO,WTI,daily,43.87,1.0445238095238094
2015-11-10,DCOILWTICO,WTI,daily,44.23,1.053095238095238
2015-11-11,DCOILWTICO,WTI,daily,42.95,1.0226190476190478
2015-11-12,DCOILWTICO,WTI,daily,41.74,0.9938095238095238
2015-11-13,DCOILWTICO,WTI,daily,40.69,0.9688095238095238
2015-11-16,DCOILWTICO,WTI,daily,41.68,0.9923809523809524
2015-11-17,DCOILWTICO,WTI,daily,40.73,0.9697619047619047
2015-11-18,DCOILWTICO,WTI,daily,40.75,0.9702380952380952
2015-11-19,DCOILWTICO,WTI,daily,40.55,0.9654761904761904
2015-11-20,DCOILWTICO,WTI,daily,39.39,0.9378571428571428
2015-11-23,DCOILWTICO,WTI,daily,39.27,0.935
2015-11-24,DCOILWTICO,WTI,daily,40.89,0.9735714285714285
2015-11-25,DCOILWTICO,WTI,daily,41.22,0.9814285714285714
2015-11-26,DCOILWTICO,WTI,daily,,
2015-11-27,DCOILWTICO,WTI,daily,40.57,0.965952380952381
2015-11-30,DCOILWTICO,WTI,daily,40.43,0.9626190476190476
2015-12-01,DCOILWTICO,WTI,daily,40.58,0.9661904761904762
2015-12-02,DCOILWTICO,WTI,daily,39.93,0.9507142857142857
2015-12-03,DCOILWTICO,WTI,daily,41.08,0.978095238095238
2015-12-04,DCOILWTICO,WTI,daily,40.0,0.9523809523809523
2015-12-07,DCOILWTICO,WTI,daily,37.64,0.8961904761904762
2015-12-08,DCOILWTICO,WTI,daily,37.46,0.891904761904762
2015-12-09,DCOILWTICO,WTI,daily,37.16,0.8847619047619046
2015-12-10,DCOILWTICO,WTI,daily,36.76,0.8752380952380951
2015-12-11,DCOILWTICO,WTI,daily,35.65,0.8488095238095238
2015-12-14,DCOILWTICO,WTI,daily,36.31,0.8645238095238096
2015-12-15,DCOILWTICO,WTI,daily,37.32,0.8885714285714286
2015-12-16,DCOILWTICO,WTI,daily,35.55,0.8464285714285713
2015-12-17,DCOILWTICO,WTI,daily,34.98,0.8328571428571427
2015-12-18,DCOILWTICO,WTI,daily,34.72,0.8266666666666667
2015-12-21,DCOILWTICO,WTI,daily,34.55,0.8226190476190476
2015-12-22,DCOILWTICO,WTI,daily,36.12,0.86
2015-12-23,DCOILWTICO,WTI,daily,36.76,0.8752380952380951
2015-12-24,DCOILWTICO,WTI,daily,37.62,0.8957142857142857
2015-12-25,DCOILWTICO,WTI,daily,,
2015-12-28,DCOILWTICO,WTI,daily,36.36,0.8657142857142857
2015-12-29,DCOILWTICO,WTI,daily,37.88,0.901904761904762
2015-12-30,DCOILWTICO,WTI,daily,36.59,0.8711904761904763
2015-12-31,DCOILWTICO,WTI,daily,37.13,0.8840476190476191
2016-01-01,DCOILWTICO,WTI,daily,,
2016-01-04,DCOILWTICO,WTI,daily,36.81,0.8764285714285714
2016-01-05,DCOILWTICO,WTI,daily,35.97,0.8564285714285714
2016-01-06,DCOILWTICO,WTI,daily,33.97,0.8088095238095238
2016-01-07,DCOILWTICO,WTI,daily,33.29,0.7926190476190476
2016-01-08,DCOILWTICO,WTI,daily,33.2,0.7904761904761906
2016-01-11,DCOILWTICO,WTI,daily,31.42,0.7480952380952381
2016-01-12,DCOILWTICO,WTI,daily,30.42,0.7242857142857143
2016-01-13,DCOILWTICO,WTI,daily,30.42,0.7242857142857143
2016-01-14,DCOILWTICO,WTI,daily,31.22,0.7433333333333333
2016-01-15,DCOILWTICO,WTI,daily,29.45,0.7011904761904761
2016-01-18,DCOILWTICO,WTI,daily,,
2016-01-19,DCOILWTICO,WTI,daily,28.47,0.6778571428571428
2016-01-20,DCOILWTICO,WTI,daily,26.68,0.6352380952380953
2016-01-21,DCOILWTICO,WTI,daily,29.55,0.7035714285714286
2016-01-22,DCOILWTICO,WTI,daily,32.07,0.7635714285714286
2016-01-25,DCOILWTICO,WTI,daily,30.31,0.7216666666666667
2016-01-26,DCOILWTICO,WTI,daily,29.54,0.7033333333333334
2016-01-27,DCOILWTICO,WTI,daily,32.32,0.7695238095238095
2016-01-28,DCOILWTICO,WTI,daily,33.21,0.7907142857142857
2016-01-29,DCOILWTICO,WTI,daily,33.66,0.8014285714285714
2016-02-01,DCOILWTICO,WTI,daily,31.62,0.7528571428571429
2016-02-02,DCOILWTICO,WTI,daily,29.9,0.7119047619047618
2016-02-03,DCOILWTICO,WTI,daily,32.29,0.7688095238095238
2016-02-04,DCOILWTICO,WTI,daily,31.63,0.753095238095238
2016-02-05,DCOILWTICO,WTI,daily,30.86,0.7347619047619047
2016-02-08,DCOILWTICO,WTI,daily,29.71,0.7073809523809524
2016-02-09,DCOILWTICO,WTI,daily,27.96,0.6657142857142857
2016-02-10,DCOILWTICO,WTI,daily,27.54,0.6557142857142857
2016-02-11,DCOILWTICO,WTI,daily,26.19,0.6235714285714286
2016-02-12,DCOILWTICO,WTI,daily,29.32,0.6980952380952381
2016-02-15,DCOILWTICO,WTI,daily,,
2016-02-16,DCOILWTICO,WTI,daily,29.05,0.6916666666666667
2016-02-17,DCOILWTICO,WTI,daily,30.68,0.7304761904761905
2016-02-18,DCOILWTICO,WTI,daily,30.77,0.7326190476190476
2016-02-19,DCOILWTICO,WTI,daily,29.59,0.7045238095238096
2016-02-22,DCOILWTICO,WTI,daily,31.37,0.746904761904762
2016-02-23,DCOILWTICO,WTI,daily,31.84,0.758095238095238
2016-02-24,DCOILWTICO,WTI,daily,30.35,0.7226190476190476
2016-02-25,DCOILWTICO,WTI,daily,31.4,0.7476190476190476
2016-02-26,DCOILWTICO,WTI,daily,31.65,0.7535714285714286
2016-02-29,DCOILWTICO,WTI,daily,32.74,0.7795238095238096
2016-03-01,DCOILWTICO,WTI,daily,34.39,0.8188095238095239
2016-03-02,DCOILWTICO,WTI,daily,34.57,0.8230952380952381
2016-03-03,DCOILWTICO,WTI,daily,34.56,0.822857142857143
2016-03-04,DCOILWTICO,WTI,daily,35.91,0.8549999999999999
2016-03-07,DCOILWTICO,WTI,daily,37.9,0.9023809523809524
2016-03-08,DCOILWTICO,WTI,daily,36.67,0.8730952380952381
2016-03-09,DCOILWTICO,WTI,daily,37.62,0.8957142857142857
2016-03-10,DCOILWTICO,WTI,daily,37.77,0.8992857142857144
2016-03-11,DCOILWTICO,WTI,daily,38.51,0.9169047619047619
2016-03-14,DCOILWTICO,WTI,daily,37.2,0.8857142857142858
2016-03-15,DCOILWTICO,WTI,daily,36.32,0.8647619047619047
2016-03-16,DCOILWTICO,WTI,daily,38.43,0.915
2016-03-17,DCOILWTICO,WTI,daily,40.17,0.9564285714285715
2016-03-18,DCOILWTICO,WTI,daily,39.47,0.9397619047619047
2016-03-21,DCOILWTICO,WTI,daily,39.91,0.9502380952380951
2016-03-22,DCOILWTICO,WTI,daily,41.45,0.986904761904762
2016-03-23,DCOILWTICO,WTI,daily,38.28,0.9114285714285715
2016-03-24,DCOILWTICO,WTI,daily,38.14,0.9080952380952381
2016-03-25,DCOILWTICO,WTI,daily,,
2016-03-28,DCOILWTICO,WTI,daily,37.99,0.9045238095238096
2016-03-29,DCOILWTICO,WTI,daily,36.91,0.8788095238095237
2016-03-30,DCOILWTICO,WTI,daily,36.91,0.8788095238095237
2016-03-31,DCOILWTICO,WTI,daily,36.94,0.8795238095238095
2016-04-01,DCOILWTICO,WTI,daily,35.36,0.8419047619047619
2016-04-04,DCOILWTICO,WTI,daily,34.3,0.8166666666666667
2016-04-05,DCOILWTICO,WTI,daily,34.52,0.821904761904762
2016-04-06,DCOILWTICO,WTI,daily,37.74,0.8985714285714286
2016-04-07,DCOILWTICO,WTI,daily,37.3,0.888095238095238
2016-04-08,DCOILWTICO,WTI,daily,39.74,0.9461904761904762
2016-04-11,DCOILWTICO,WTI,daily,40.46,0.9633333333333334
2016-04-12,DCOILWTICO,WTI,daily,42.12,1.002857142857143
2016-04-13,DCOILWTICO,WTI,daily,41.7,0.9928571428571429
2016-04-14,DCOILWTICO,WTI,daily,41.45,0.986904761904762
2016-04-15,DCOILWTICO,WTI,daily,40.4,0.9619047619047618
2016-04-18,DCOILWTICO,WTI,daily,39.74,0.9461904761904762
2016-04-19,DCOILWTICO,WTI,daily,40.88,0.9733333333333334
2016-04-20,DCOILWTICO,WTI,daily,42.72,1.0171428571428571
2016-04-21,DCOILWTICO,WTI,daily,43.18,1.0280952380952382
2016-04-22,DCOILWTICO,WTI,daily,42.76,1.018095238095238
2016-04-25,DCOILWTICO,WTI,daily,41.67,0.9921428571428572
2016-04-26,DCOILWTICO,WTI,daily,42.52,1.0123809523809524
2016-04-27,DCOILWTICO,WTI,daily,45.29,1.0783333333333334
2016-04-28,DCOILWTICO,WTI,daily,46.03,1.095952380952381
2016-04-29,DCOILWTICO,WTI,daily,45.98,1.0947619047619046
2016-05-02,DCOILWTICO,WTI,daily,44.75,1.0654761904761905
2016-05-03,DCOILWTICO,WTI,daily,43.65,1.0392857142857141
2016-05-04,DCOILWTICO,WTI,daily,43.77,1.0421428571428573
2016-05-05,DCOILWTICO,WTI,daily,44.33,1.0554761904761905
2016-05-06,DCOILWTICO,WTI,daily,44.58,1.0614285714285714
2016-05-09,DCOILWTICO,WTI,daily,43.45,1.0345238095238096
2016-05-10,DCOILWTICO,WTI,daily,44.68,1.0638095238095238
2016-05-11,DCOILWTICO,WTI,daily,46.21,1.1002380952380952
2016-05-12,DCOILWTICO,WTI,daily,46.64,1.1104761904761904
2016-05-13,DCOILWTICO,WTI,daily,46.22,1.1004761904761904
2016-05-16,DCOILWTICO,WTI,daily,47.72,1.1361904761904762
2016-05-17,DCOILWTICO,WTI,daily,48.29,1.1497619047619048
2016-05-18,DCOILWTICO,WTI,daily,48.12,1.1457142857142857
2016-05-19,DCOILWTICO,WTI,daily,48.16,1.1466666666666665
2016-05-20,DCOILWTICO,WTI,daily,47.67,1.135
2016-05-23,DCOILWTICO,WTI,daily,48.12,1.1457142857142857
2016-05-24,DCOILWTICO,WTI,daily,48.04,1.1438095238095238
2016-05-25,DCOILWTICO,WTI,daily,49.1,1.1690476190476191
2016-05-26,DCOILWTICO,WTI,daily,49.0,1.1666666666666667
2016-05-27,DCOILWTICO,WTI,daily,49.36,1.1752380952380952
2016-05-30,DCOILWTICO,WTI,daily,,
2016-05-31,DCOILWTICO,WTI,daily,49.1,1.1690476190476191
2016-06-01,DCOILWTICO,WTI,daily,49.07,1.1683333333333334
2016-06-02,DCOILWTICO,WTI,daily,49.14,1.17
2016-06-03,DCOILWTICO,WTI,daily,48.69,1.1592857142857143
2016-06-06,DCOILWTICO,WTI,daily,49.71,1.1835714285714285
2016-06-07,DCOILWTICO,WTI,daily,50.37,1.1992857142857143
2016-06-08,DCOILWTICO,WTI,daily,51.23,1.2197619047619046
2016-06-09,DCOILWTICO,WTI,daily,50.52,1.2028571428571428
2016-06-10,DCOILWTICO,WTI,daily,49.09,1.168809523809524
2016-06-13,DCOILWTICO,WTI,daily,48.89,1.164047619047619
2016-06-14,DCOILWTICO,WTI,daily,48.49,1.1545238095238095
2016-06-15,DCOILWTICO,WTI,daily,47.92,1.140952380952381
2016-06-16,DCOILWTICO,WTI,daily,46.14,1.0985714285714285
2016-06-17,DCOILWTICO,WTI,daily,48.0,1.1428571428571428
2016-06-20,DCOILWTICO,WTI,daily,49.4,1.1761904761904762
2016-06-21,DCOILWTICO,WTI,daily,48.95,1.1654761904761906
2016-06-22,DCOILWTICO,WTI,daily,49.16,1.1704761904761904
2016-06-23,DCOILWTICO,WTI,daily,49.34,1.174761904761905
2016-06-24,DCOILWTICO,WTI,daily,46.7,1.111904761904762
2016-06-27,DCOILWTICO,WTI,daily,45.8,1.0904761904761904
2016-06-28,DCOILWTICO,WTI,daily,47.93,1.141190476190476
2016-06-29,DCOILWTICO,WTI,daily,49.85,1.186904761904762
2016-06-30,DCOILWTICO,WTI,daily,48.27,1.1492857142857145
2016-07-01,DCOILWTICO,WTI,daily,49.02,1.1671428571428573
2016-07-04,DCOILWTICO,WTI,daily,,
2016-07-05,DCOILWTICO,WTI,daily,46.73,1.1126190476190476
2016-07-06,DCOILWTICO,WTI,daily,47.37,1.127857142857143
2016-07-07,DCOILWTICO,WTI,daily,45.22,1.0766666666666667
2016-07-08,DCOILWTICO,WTI,daily,45.37,1.0802380952380952
2016-07-11,DCOILWTICO,WTI,daily,44.73,1.065
2016-07-12,DCOILWTICO,WTI,daily,46.82,1.1147619047619048
2016-07-13,DCOILWTICO,WTI,daily,44.87,1.0683333333333334
2016-07-14,DCOILWTICO,WTI,daily,45.64,1.0866666666666667
2016-07-15,DCOILWTICO,WTI,daily,45.93,1.0935714285714286
2016-07-18,DCOILWTICO,WTI,daily,45.23,1.0769047619047618
2016-07-19,DCOILWTICO,WTI,daily,44.64,1.062857142857143
2016-07-20,DCOILWTICO,WTI,daily,44.96,1.0704761904761906
2016-07-21,DCOILWTICO,WTI,daily,43.96,1.0466666666666666
2016-07-22,DCOILWTICO,WTI,daily,43.41,1.0335714285714286
2016-07-25,DCOILWTICO,WTI,daily,42.4,1.0095238095238095
2016-07-26,DCOILWTICO,WTI,daily,42.16,1.0038095238095237
2016-07-27,DCOILWTICO,WTI,daily,41.9,0.9976190476190476
2016-07-28,DCOILWTICO,WTI,daily,41.13,0.9792857142857143
2016-07-29,DCOILWTICO,WTI,daily,41.54,0.9890476190476191
2016-08-01,DCOILWTICO,WTI,daily,40.05,0.9535714285714285
2016-08-02,DCOILWTICO,WTI,daily,39.5,0.9404761904761905
2016-08-03,DCOILWTICO,WTI,daily,40.8,0.9714285714285713
2016-08-04,DCOILWTICO,WTI,daily,41.92,0.9980952380952381
2016-08-05,DCOILWTICO,WTI,daily,41.83,0.9959523809523809
2016-08-08,DCOILWTICO,WTI,daily,43.06,1.0252380952380953
2016-08-09,DCOILWTICO,WTI,daily,42.78,1.0185714285714287
2016-08-10,DCOILWTICO,WTI,daily,41.75,0.9940476190476191
2016-08-11,DCOILWTICO,WTI,daily,43.51,1.035952380952381
2016-08-12,DCOILWTICO,WTI,daily,44.47,1.0588095238095239
2016-08-15,DCOILWTICO,WTI,daily,45.72,1.0885714285714285
2016-08-16,DCOILWTICO,WTI,daily,46.57,1.108809523809524
2016-08-17,DCOILWTICO,WTI,daily,46.81,1.1145238095238095
2016-08-18,DCOILWTICO,WTI,daily,48.2,1.1476190476190478
2016-08-19,DCOILWTICO,WTI,daily,48.48,1.1542857142857141
2016-08-22,DCOILWTICO,WTI,daily,46.8,1.1142857142857143
2016-08-23,DCOILWTICO,WTI,daily,47.54,1.131904761904762
2016-08-24,DCOILWTICO,WTI,daily,46.29,1.102142857142857
2016-08-25,DCOILWTICO,WTI,daily,46.97,1.1183333333333334
2016-08-26,DCOILWTICO,WTI,daily,47.64,1.1342857142857143
2016-08-29,DCOILWTICO,WTI,daily,46.97,1.1183333333333334
2016-08-30,DCOILWTICO,WTI,daily,46.32,1.1028571428571428
2016-08-31,DCOILWTICO,WTI,daily,44.68,1.0638095238095238
2016-09-01,DCOILWTICO,WTI,daily,43.17,1.0278571428571428
2016-09-02,DCOILWTICO,WTI,daily,44.39,1.056904761904762
2016-09-05,DCOILWTICO,WTI,daily,,
2016-09-06,DCOILWTICO,WTI,daily,44.85,1.0678571428571428
2016-09-07,DCOILWTICO,WTI,daily,45.47,1.0826190476190476
2016-09-08,DCOILWTICO,WTI,daily,47.63,1.1340476190476192
2016-09-09,DCOILWTICO,WTI,daily,45.88,1.0923809523809525
2016-09-12,DCOILWTICO,WTI,daily,46.28,1.101904761904762
2016-09-13,DCOILWTICO,WTI,daily,44.91,1.0692857142857142
2016-09-14,DCOILWTICO,WTI,daily,43.62,1.0385714285714285
2016-09-15,DCOILWTICO,WTI,daily,43.85,1.0440476190476191
2016-09-16,DCOILWTICO,WTI,daily,43.04,1.0247619047619048
2016-09-19,DCOILWTICO,WTI,daily,43.34,1.0319047619047619
2016-09-20,DCOILWTICO,WTI,daily,43.85,1.0440476190476191
2016-09-21,DCOILWTICO,WTI,daily,45.33,1.0792857142857142
2016-09-22,DCOILWTICO,WTI,daily,46.1,1.0976190476190477
2016-09-23,DCOILWTICO,WTI,daily,44.36,1.0561904761904761
2016-09-26,DCOILWTICO,WTI,daily,45.6,1.0857142857142859
2016-09-27,DCOILWTICO,WTI,daily,44.65,1.063095238095238
2016-09-28,DCOILWTICO,WTI,daily,47.07,1.1207142857142858
2016-09-29,DCOILWTICO,WTI,daily,47.72,1.1361904761904762
2016-09-30,DCOILWTICO,WTI,daily,47.72,1.1361904761904762
2016-10-03,DCOILWTICO,WTI,daily,48.8,1.1619047619047618
2016-10-04,DCOILWTICO,WTI,daily,48.67,1.158809523809524
2016-10-05,DCOILWTICO,WTI,daily,49.75,1.1845238095238095
2016-10-06,DCOILWTICO,WTI,daily,50.44,1.200952380952381
2016-10-07,DCOILWTICO,WTI,daily,49.76,1.1847619047619047
2016-10-10,DCOILWTICO,WTI,daily,49.76,1.1847619047619047
2016-10-11,DCOILWTICO,WTI,daily,50.72,1.2076190476190476
2016-10-12,DCOILWTICO,WTI,daily,50.14,1.1938095238095239
2016-10-13,DCOILWTICO,WTI,daily,50.47,1.2016666666666667
2016-10-14,DCOILWTICO,WTI,daily,50.35,1.1988095238095238
2016-10-17,DCOILWTICO,WTI,daily,49.97,1.1897619047619048
2016-10-18,DCOILWTICO,WTI,daily,50.3,1.1976190476190476
2016-10-19,DCOILWTICO,WTI,daily,51.59,1.2283333333333335
2016-10-20,DCOILWTICO,WTI,daily,50.31,1.197857142857143
2016-10-21,DCOILWTICO,WTI,daily,50.61,1.205
2016-10-24,DCOILWTICO,WTI,daily,50.18,1.1947619047619047
2016-10-25,DCOILWTICO,WTI,daily,49.45,1.1773809523809524
2016-10-26,DCOILWTICO,WTI,daily,48.75,1.1607142857142858
2016-10-27,DCOILWTICO,WTI,daily,49.71,1.1835714285714285
2016-10-28,DCOILWTICO,WTI,daily,48.72,1.16
2016-10-31,DCOILWTICO,WTI,daily,46.83,1.115
2016-11-01,DCOILWTICO,WTI,daily,46.66,1.110952380952381
2016-11-02,DCOILWTICO,WTI,daily,45.32,1.079047619047619
2016-11-03,DCOILWTICO,WTI,daily,44.66,1.0633333333333332
2016-11-04,DCOILWTICO,WTI,daily,44.07,1.0492857142857144
2016-11-07,DCOILWTICO,WTI,daily,44.88,1.0685714285714287
2016-11-08,DCOILWTICO,WTI,daily,44.96,1.0704761904761906
2016-11-09,DCOILWTICO,WTI,daily,45.2,1.0761904761904764
2016-11-10,DCOILWTICO,WTI,daily,44.62,1.0623809523809524
2016-11-11,DCOILWTICO,WTI,daily,43.39,1.033095238095238
2016-11-14,DCOILWTICO,WTI,daily,43.29,1.0307142857142857
2016-11-15,DCOILWTICO,WTI,daily,45.86,1.091904761904762
2016-11-16,DCOILWTICO,WTI,daily,45.56,1.0847619047619048
2016-11-17,DCOILWTICO,WTI,daily,45.37,1.0802380952380952
2016-11-18,DCOILWTICO,WTI,daily,45.69,1.0878571428571429
2016-11-21,DCOILWTICO,WTI,daily,47.48,1.1304761904761904
2016-11-22,DCOILWTICO,WTI,daily,48.07,1.1445238095238095
2016-11-23,DCOILWTICO,WTI,daily,46.72,1.1123809523809522
2016-11-24,DCOILWTICO,WTI,daily,,
2016-11-25,DCOILWTICO,WTI,daily,46.72,1.1123809523809522
2016-11-28,DCOILWTICO,WTI,daily,45.66,1.087142857142857
2016-11-29,DCOILWTICO,WTI,daily,45.29,1.0783333333333334
2016-11-30,DCOILWTICO,WTI,daily,49.41,1.1764285714285714
2016-12-01,DCOILWTICO,WTI,daily,51.08,1.216190476190476
2016-12-02,DCOILWTICO,WTI,daily,51.7,1.230952380952381
2016-12-05,DCOILWTICO,WTI,daily,51.72,1.2314285714285713
2016-12-06,DCOILWTICO,WTI,daily,50.95,1.2130952380952382
2016-12-07,DCOILWTICO,WTI,daily,49.85,1.186904761904762
2016-12-08,DCOILWTICO,WTI,daily,50.84,1.2104761904761905
2016-12-09,DCOILWTICO,WTI,daily,51.51,1.2264285714285714
2016-12-12,DCOILWTICO,WTI,daily,52.74,1.2557142857142858
2016-12-13,DCOILWTICO,WTI,daily,52.99,1.2616666666666667
2016-12-14,DCOILWTICO,WTI,daily,51.01,1.2145238095238096
2016-12-15,DCOILWTICO,WTI,daily,50.9,1.2119047619047618
2016-12-16,DCOILWTICO,WTI,daily,51.93,1.2364285714285714
2016-12-19,DCOILWTICO,WTI,daily,52.13,1.2411904761904762
2016-12-20,DCOILWTICO,WTI,daily,52.22,1.2433333333333334
2016-12-21,DCOILWTICO,WTI,daily,51.44,1.2247619047619047
2016-12-22,DCOILWTICO,WTI,daily,51.98,1.2376190476190476
2016-12-23,DCOILWTICO,WTI,daily,52.01,1.2383333333333333
2016-12-26,DCOILWTICO,WTI,daily,,
2016-12-27,DCOILWTICO,WTI,daily,52.82,1.2576190476190476
2016-12-28,DCOILWTICO,WTI,daily,54.01,1.285952380952381
2016-12-29,DCOILWTICO,WTI,daily,53.8,1.2809523809523808
2016-12-30,DCOILWTICO,WTI,daily,53.75,1.2797619047619047
2017-01-02,DCOILWTICO,WTI,daily,,
2017-01-03,DCOILWTICO,WTI,daily,52.36,1.2466666666666666
2017-01-04,DCOILWTICO,WTI,daily,53.26,1.268095238095238
2017-01-05,DCOILWTICO,WTI,daily,53.77,1.2802380952380954
2017-01-06,DCOILWTICO,WTI,daily,53.98,1.285238095238095
2017-01-09,DCOILWTICO,WTI,daily,51.95,1.236904761904762
2017-01-10,DCOILWTICO,WTI,daily,50.82,1.21
2017-01-11,DCOILWTICO,WTI,daily,52.19,1.2426190476190475
2017-01-12,DCOILWTICO,WTI,daily,53.01,1.262142857142857
2017-01-13,DCOILWTICO,WTI,daily,52.36,1.2466666666666666
2017-01-16,DCOILWTICO,WTI,daily,,
2017-01-17,DCOILWTICO,WTI,daily,52.45,1.2488095238095238
2017-01-18,DCOILWTICO,WTI,daily,51.12,1.217142857142857
2017-01-19,DCOILWTICO,WTI,daily,51.39,1.2235714285714285
2017-01-20,DCOILWTICO,WTI,daily,52.33,1.245952380952381
2017-01-23,DCOILWTICO,WTI,daily,52.77,1.2564285714285715
2017-01-24,DCOILWTICO,WTI,daily,52.38,1.247142857142857
2017-01-25,DCOILWTICO,WTI,daily,52.14,1.2414285714285715
2017-01-26,DCOILWTICO,WTI,daily,53.24,1.2676190476190476
2017-01-27,DCOILWTICO,WTI,daily,53.18,1.266190476190476
2017-01-30,DCOILWTICO,WTI,daily,52.63,1.2530952380952383
2017-01-31,DCOILWTICO,WTI,daily,52.75,1.255952380952381
2017-02-01,DCOILWTICO,WTI,daily,53.9,1.2833333333333332
2017-02-02,DCOILWTICO,WTI,daily,53.55,1.275
2017-02-03,DCOILWTICO,WTI,daily,53.81,1.2811904761904762
2017-02-06,DCOILWTICO,WTI,daily,53.01,1.262142857142857
2017-02-07,DCOILWTICO,WTI,daily,52.19,1.2426190476190475
2017-02-08,DCOILWTICO,WTI,daily,52.37,1.2469047619047617
2017-02-09,DCOILWTICO,WTI,daily,52.99,1.2616666666666667
2017-02-10,DCOILWTICO,WTI,daily,53.84,1.2819047619047619
2017-02-13,DCOILWTICO,WTI,daily,52.96,1.260952380952381
2017-02-14,DCOILWTICO,WTI,daily,53.21,1.266904761904762
2017-02-15,DCOILWTICO,WTI,daily,53.11,1.2645238095238096
2017-02-16,DCOILWTICO,WTI,daily,53.41,1.2716666666666665
2017-02-17,DCOILWTICO,WTI,daily,53.41,1.2716666666666665
2017-02-20,DCOILWTICO,WTI,daily,,
2017-02-21,DCOILWTICO,WTI,daily,54.02,1.2861904761904763
2017-02-22,DCOILWTICO,WTI,daily,53.61,1.2764285714285715
2017-02-23,DCOILWTICO,WTI,daily,54.48,1.2971428571428572
2017-02-24,DCOILWTICO,WTI,daily,53.99,1.2854761904761904
2017-02-27,DCOILWTICO,WTI,daily,54.04,1.2866666666666666
2017-02-28,DCOILWTICO,WTI,daily,54.0,1.2857142857142858
2017-03-01,DCOILWTICO,WTI,daily,53.82,1.2814285714285714
2017-03-02,DCOILWTICO,WTI,daily,52.63,1.2530952380952383
2017-03-03,DCOILWTICO,WTI,daily,53.33,1.2697619047619046
2017-03-06,DCOILWTICO,WTI,daily,53.19,1.2664285714285715
2017-03-07,DCOILWTICO,WTI,daily,52.68,1.2542857142857142
2017-03-08,DCOILWTICO,WTI,daily,49.83,1.1864285714285714
2017-03-09,DCOILWTICO,WTI,daily,48.75,1.1607142857142858
2017-03-10,DCOILWTICO,WTI,daily,48.05,1.144047619047619
2017-03-13,DCOILWTICO,WTI,daily,47.95,1.1416666666666668
2017-03-14,DCOILWTICO,WTI,daily,47.24,1.1247619047619049
2017-03-15,DCOILWTICO,WTI,daily,48.34,1.150952380952381
2017-03-16,DCOILWTICO,WTI,daily,48.3,1.15
2017-03-17,DCOILWTICO,WTI,daily,48.34,1.150952380952381
2017-03-20,DCOILWTICO,WTI,daily,47.79,1.137857142857143
2017-03-21,DCOILWTICO,WTI,daily,47.02,1.1195238095238096
2017-03-22,DCOILWTICO,WTI,daily,47.29,1.125952380952381
2017-03-23,DCOILWTICO,WTI,daily,47.0,1.119047619047619
2017-03-24,DCOILWTICO,WTI,daily,47.3,1.1261904761904762
2017-03-27,DCOILWTICO,WTI,daily,47.02,1.1195238095238096
2017-03-28,DCOILWTICO,WTI,daily,48.36,1.1514285714285715
2017-03-29,DCOILWTICO,WTI,daily,49.47,1.177857142857143
2017-03-30,DCOILWTICO,WTI,daily,50.3,1.1976190476190476
2017-03-31,DCOILWTICO,WTI,daily,50.54,1.2033333333333334
2017-04-03,DCOILWTICO,WTI,daily,50.25,1.1964285714285714
2017-04-04,DCOILWTICO,WTI,daily,50.99,1.214047619047619
2017-04-05,DCOILWTICO,WTI,daily,51.14,1.2176190476190476
2017-04-06,DCOILWTICO,WTI,daily,51.69,1.2307142857142856
2017-04-07,DCOILWTICO,WTI,daily,52.25,1.244047619047619
2017-04-10,DCOILWTICO,WTI,daily,53.06,1.2633333333333334
2017-04-11,DCOILWTICO,WTI,daily,53.38,1.270952380952381
2017-04-12,DCOILWTICO,WTI,daily,53.12,1.2647619047619048
2017-04-13,DCOILWTICO,WTI,daily,53.19,1.2664285714285715
2017-04-14,DCOILWTICO,WTI,daily,,
2017-04-17,DCOILWTICO,WTI,daily,52.62,1.252857142857143
2017-04-18,DCOILWTICO,WTI,daily,52.46,1.249047619047619
2017-04-19,DCOILWTICO,WTI,daily,50.49,1.2021428571428572
2017-04-20,DCOILWTICO,WTI,daily,50.26,1.1966666666666665
2017-04-21,DCOILWTICO,WTI,daily,49.64,1.181904761904762
2017-04-24,DCOILWTICO,WTI,daily,48.9,1.1642857142857141
2017-04-25,DCOILWTICO,WTI,daily,49.22,1.1719047619047618
2017-04-26,DCOILWTICO,WTI,daily,49.22,1.1719047619047618
2017-04-27,DCOILWTICO,WTI,daily,48.96,1.1657142857142857
2017-04-28,DCOILWTICO,WTI,daily,49.31,1.174047619047619
2017-05-01,DCOILWTICO,WTI,daily,48.83,1.1626190476190477
2017-05-02,DCOILWTICO,WTI,daily,47.65,1.1345238095238095
2017-05-03,DCOILWTICO,WTI,daily,47.79,1.137857142857143
2017-05-04,DCOILWTICO,WTI,daily,45.55,1.0845238095238094
2017-05-05,DCOILWTICO,WTI,daily,46.23,1.1007142857142855
2017-05-08,DCOILWTICO,WTI,daily,46.46,1.1061904761904762
2017-05-09,DCOILWTICO,WTI,daily,45.84,1.0914285714285714
2017-05-10,DCOILWTICO,WTI,daily,47.28,1.1257142857142857
2017-05-11,DCOILWTICO,WTI,daily,47.81,1.1383333333333334
2017-05-12,DCOILWTICO,WTI,daily,47.83,1.1388095238095237
2017-05-15,DCOILWTICO,WTI,daily,48.86,1.1633333333333333
2017-05-16,DCOILWTICO,WTI,daily,48.64,1.158095238095238
2017-05-17,DCOILWTICO,WTI,daily,49.04,1.1676190476190476
2017-05-18,DCOILWTICO,WTI,daily,49.36,1.1752380952380952
2017-05-19,DCOILWTICO,WTI,daily,50.32,1.198095238095238
2017-05-22,DCOILWTICO,WTI,daily,50.81,1.2097619047619048
2017-05-23,DCOILWTICO,WTI,daily,51.12,1.217142857142857
2017-05-24,DCOILWTICO,WTI,daily,50.99,1.214047619047619
2017-05-25,DCOILWTICO,WTI,daily,48.57,1.1564285714285714
2017-05-26,DCOILWTICO,WTI,daily,49.58,1.1804761904761905
2017-05-29,DCOILWTICO,WTI,daily,,
2017-05-30,DCOILWTICO,WTI,daily,49.63,1.1816666666666666
2017-05-31,DCOILWTICO,WTI,daily,48.29,1.1497619047619048
2017-06-01,DCOILWTICO,WTI,daily,48.32,1.1504761904761904
2017-06-02,DCOILWTICO,WTI,daily,47.68,1.1352380952380952
2017-06-05,DCOILWTICO,WTI,daily,47.4,1.1285714285714286
2017-06-06,DCOILWTICO,WTI,daily,48.13,1.145952380952381
2017-06-07,DCOILWTICO,WTI,daily,45.8,1.0904761904761904
2017-06-08,DCOILWTICO,WTI,daily,45.68,1.0876190476190477
2017-06-09,DCOILWTICO,WTI,daily,45.82,1.090952380952381
2017-06-12,DCOILWTICO,WTI,daily,46.1,1.0976190476190477
2017-06-13,DCOILWTICO,WTI,daily,46.41,1.105
2017-06-14,DCOILWTICO,WTI,daily,44.79,1.0664285714285715
2017-06-15,DCOILWTICO,WTI,daily,44.47,1.0588095238095239
2017-06-16,DCOILWTICO,WTI,daily,44.73,1.065
2017-06-19,DCOILWTICO,WTI,daily,44.24,1.0533333333333335
2017-06-20,DCOILWTICO,WTI,daily,43.34,1.0319047619047619
2017-06-21,DCOILWTICO,WTI,daily,42.48,1.0114285714285713
2017-06-22,DCOILWTICO,WTI,daily,42.53,1.0126190476190478
2017-06-23,DCOILWTICO,WTI,daily,42.86,1.0204761904761905
2017-06-26,DCOILWTICO,WTI,daily,43.24,1.0295238095238095
2017-06-27,DCOILWTICO,WTI,daily,44.25,1.0535714285714286
2017-06-28,DCOILWTICO,WTI,daily,44.74,1.0652380952380953
2017-06-29,DCOILWTICO,WTI,daily,44.88,1.0685714285714287
2017-06-30,DCOILWTICO,WTI,daily,46.02,1.0957142857142859
2017-07-03,DCOILWTICO,WTI,daily,,
2017-07-04,DCOILWTICO,WTI,daily,,
2017-07-05,DCOILWTICO,WTI,daily,45.11,1.0740476190476191
2017-07-06,DCOILWTICO,WTI,daily,45.52,1.0838095238095238
2017-07-07,DCOILWTICO,WTI,daily,44.25,1.0535714285714286
2017-07-10,DCOILWTICO,WTI,daily,44.4,1.0571428571428572
2017-07-11,DCOILWTICO,WTI,daily,45.06,1.072857142857143
2017-07-12,DCOILWTICO,WTI,daily,45.48,1.0828571428571427
2017-07-13,DCOILWTICO,WTI,daily,46.06,1.0966666666666667
2017-07-14,DCOILWTICO,WTI,daily,46.53,1.1078571428571429
2017-07-17,DCOILWTICO,WTI,daily,46.02,1.0957142857142859
2017-07-18,DCOILWTICO,WTI,daily,46.4,1.1047619047619048
2017-07-19,DCOILWTICO,WTI,daily,47.1,1.1214285714285714
2017-07-20,DCOILWTICO,WTI,daily,46.73,1.1126190476190476
2017-07-21,DCOILWTICO,WTI,daily,45.78,1.09
2017-07-24,DCOILWTICO,WTI,daily,46.21,1.1002380952380952
2017-07-25,DCOILWTICO,WTI,daily,47.77,1.1373809523809524
2017-07-26,DCOILWTICO,WTI,daily,48.58,1.1566666666666667
2017-07-27,DCOILWTICO,WTI,daily,49.05,1.1678571428571427
2017-07-28,DCOILWTICO,WTI,daily,49.72,1.1838095238095239
2017-07-31,DCOILWTICO,WTI,daily,50.21,1.1954761904761906
2017-08-01,DCOILWTICO,WTI,daily,49.19,1.1711904761904761
2017-08-02,DCOILWTICO,WTI,daily,49.6,1.180952380952381
2017-08-03,DCOILWTICO,WTI,daily,49.03,1.1673809523809524
2017-08-04,DCOILWTICO,WTI,daily,49.57,1.1802380952380953
2017-08-07,DCOILWTICO,WTI,daily,49.37,1.1754761904761903
2017-08-08,DCOILWTICO,WTI,daily,49.07,1.1683333333333334
2017-08-09,DCOILWTICO,WTI,daily,49.59,1.1807142857142858
2017-08-10,DCOILWTICO,WTI,daily,48.54,1.1557142857142857
2017-08-11,DCOILWTICO,WTI,daily,48.81,1.1621428571428571
2017-08-14,DCOILWTICO,WTI,daily,47.59,1.1330952380952382
2017-08-15,DCOILWTICO,WTI,daily,47.57,1.1326190476190476
2017-08-16,DCOILWTICO,WTI,daily,46.8,1.1142857142857143
2017-08-17,DCOILWTICO,WTI,daily,47.07,1.1207142857142858
2017-08-18,DCOILWTICO,WTI,daily,48.59,1.1569047619047619
2017-08-21,DCOILWTICO,WTI,daily,47.39,1.1283333333333334
2017-08-22,DCOILWTICO,WTI,daily,47.65,1.1345238095238095
2017-08-23,DCOILWTICO,WTI,daily,48.45,1.1535714285714287
2017-08-24,DCOILWTICO,WTI,daily,47.24,1.1247619047619049
2017-08-25,DCOILWTICO,WTI,daily,47.65,1.1345238095238095
2017-08-28,DCOILWTICO,WTI,daily,46.4,1.1047619047619048
2017-08-29,DCOILWTICO,WTI,daily,46.46,1.1061904761904762
2017-08-30,DCOILWTICO,WTI,daily,45.96,1.0942857142857143
2017-08-31,DCOILWTICO,WTI,daily,47.26,1.1252380952380951
2017-09-01,DCOILWTICO,WTI,daily,47.32,1.1266666666666667
2017-09-04,DCOILWTICO,WTI,daily,,
2017-09-05,DCOILWTICO,WTI,daily,48.63,1.157857142857143
2017-09-06,DCOILWTICO,WTI,daily,49.13,1.1697619047619048
2017-09-07,DCOILWTICO,WTI,daily,49.1,1.1690476190476191
2017-09-08,DCOILWTICO,WTI,daily,47.44,1.1295238095238094
2017-09-11,DCOILWTICO,WTI,daily,48.06,1.1442857142857144
2017-09-12,DCOILWTICO,WTI,daily,48.21,1.147857142857143
2017-09-13,DCOILWTICO,WTI,daily,49.3,1.1738095238095236
2017-09-14,DCOILWTICO,WTI,daily,49.86,1.187142857142857
2017-09-15,DCOILWTICO,WTI,daily,49.9,1.188095238095238
2017-09-18,DCOILWTICO,WTI,daily,49.88,1.1876190476190476
2017-09-19,DCOILWTICO,WTI,daily,49.54,1.1795238095238094
2017-09-20,DCOILWTICO,WTI,daily,50.29,1.1973809523809524
2017-09-21,DCOILWTICO,WTI,daily,50.58,1.2042857142857142
2017-09-22,DCOILWTICO,WTI,daily,50.33,1.1983333333333333
2017-09-25,DCOILWTICO,WTI,daily,51.85,1.2345238095238096
2017-09-26,DCOILWTICO,WTI,daily,51.59,1.2283333333333335
2017-09-27,DCOILWTICO,WTI,daily,52.14,1.2414285714285715
2017-09-28,DCOILWTICO,WTI,daily,51.62,1.229047619047619
2017-09-29,DCOILWTICO,WTI,daily,51.67,1.2302380952380954
2017-10-02,DCOILWTICO,WTI,daily,50.59,1.2045238095238096
2017-10-03,DCOILWTICO,WTI,daily,50.44,1.200952380952381
2017-10-04,DCOILWTICO,WTI,daily,50.0,1.1904761904761905
2017-10-05,DCOILWTICO,WTI,daily,50.79,1.2092857142857143
2017-10-06,DCOILWTICO,WTI,daily,49.34,1.174761904761905
2017-10-09,DCOILWTICO,WTI,daily,49.58,1.1804761904761905
2017-10-10,DCOILWTICO,WTI,daily,50.93,1.2126190476190477
2017-10-11,DCOILWTICO,WTI,daily,51.3,1.2214285714285713
2017-10-12,DCOILWTICO,WTI,daily,50.61,1.205
2017-10-13,DCOILWTICO,WTI,daily,51.43,1.2245238095238096
2017-10-16,DCOILWTICO,WTI,daily,51.86,1.2347619047619047
2017-10-17,DCOILWTICO,WTI,daily,51.87,1.2349999999999999
2017-10-18,DCOILWTICO,WTI,daily,52.05,1.2392857142857143
2017-10-19,DCOILWTICO,WTI,daily,51.29,1.2211904761904762
2017-10-20,DCOILWTICO,WTI,daily,51.63,1.2292857142857143
2017-10-23,DCOILWTICO,WTI,daily,51.91,1.235952380952381
2017-10-24,DCOILWTICO,WTI,daily,52.32,1.2457142857142858
2017-10-25,DCOILWTICO,WTI,daily,51.97,1.2373809523809522
2017-10-26,DCOILWTICO,WTI,daily,52.41,1.2478571428571428
2017-10-27,DCOILWTICO,WTI,daily,53.92,1.283809523809524
2017-10-30,DCOILWTICO,WTI,daily,54.11,1.2883333333333333
2017-10-31,DCOILWTICO,WTI,daily,54.36,1.2942857142857143
2017-11-01,DCOILWTICO,WTI,daily,54.32,1.2933333333333334
2017-11-02,DCOILWTICO,WTI,daily,54.55,1.2988095238095236
2017-11-03,DCOILWTICO,WTI,daily,55.63,1.3245238095238097
2017-11-06,DCOILWTICO,WTI,daily,57.34,1.3652380952380954
2017-11-07,DCOILWTICO,WTI,daily,57.19,1.3616666666666666
2017-11-08,DCOILWTICO,WTI,daily,56.82,1.3528571428571428
2017-11-09,DCOILWTICO,WTI,daily,57.16,1.360952380952381
2017-11-10,DCOILWTICO,WTI,daily,56.75,1.3511904761904763
2017-11-13,DCOILWTICO,WTI,daily,56.77,1.3516666666666668
2017-11-14,DCOILWTICO,WTI,daily,55.67,1.3254761904761905
2017-11-15,DCOILWTICO,WTI,daily,55.28,1.3161904761904761
2017-11-16,DCOILWTICO,WTI,daily,55.14,1.312857142857143
2017-11-17,DCOILWTICO,WTI,daily,56.21,1.3383333333333334
2017-11-20,DCOILWTICO,WTI,daily,56.21,1.3383333333333334
2017-11-21,DCOILWTICO,WTI,daily,56.84,1.3533333333333335
2017-11-22,DCOILWTICO,WTI,daily,57.88,1.3780952380952383
2017-11-23,DCOILWTICO,WTI,daily,,
2017-11-24,DCOILWTICO,WTI,daily,58.94,1.4033333333333333
2017-11-27,DCOILWTICO,WTI,daily,58.1,1.3833333333333333
2017-11-28,DCOILWTICO,WTI,daily,57.96,1.3800000000000001
2017-11-29,DCOILWTICO,WTI,daily,57.25,1.3630952380952381
2017-11-30,DCOILWTICO,WTI,daily,57.4,1.3666666666666667
2017-12-01,DCOILWTICO,WTI,daily,58.35,1.3892857142857142
2017-12-04,DCOILWTICO,WTI,daily,57.48,1.3685714285714285
2017-12-05,DCOILWTICO,WTI,daily,57.66,1.3728571428571428
2017-12-06,DCOILWTICO,WTI,daily,55.79,1.3283333333333334
2017-12-07,DCOILWTICO,WTI,daily,56.5,1.3452380952380953
2017-12-08,DCOILWTICO,WTI,daily,57.15,1.3607142857142858
2017-12-11,DCOILWTICO,WTI,daily,57.84,1.3771428571428572
2017-12-12,DCOILWTICO,WTI,daily,57.12,1.3599999999999999
2017-12-13,DCOILWTICO,WTI,daily,56.59,1.3473809523809526
2017-12-14,DCOILWTICO,WTI,daily,57.0,1.3571428571428572
2017-12-15,DCOILWTICO,WTI,daily,57.29,1.364047619047619
2017-12-18,DCOILWTICO,WTI,daily,57.17,1.3611904761904763
2017-12-19,DCOILWTICO,WTI,daily,57.49,1.368809523809524
2017-12-20,DCOILWTICO,WTI,daily,58.09,1.3830952380952382
2017-12-21,DCOILWTICO,WTI,daily,58.34,1.389047619047619
2017-12-22,DCOILWTICO,WTI,daily,58.25,1.3869047619047619
2017-12-25,DCOILWTICO,WTI,daily,,
2017-12-26,DCOILWTICO,WTI,daily,59.55,1.4178571428571427
2017-12-27,DCOILWTICO,WTI,daily,59.67,1.4207142857142858
2017-12-28,DCOILWTICO,WTI,daily,59.84,1.424761904761905
2017-12-29,DCOILWTICO,WTI,daily,60.46,1.4395238095238096
2018-01-01,DCOILWTICO,WTI,daily,,
2018-01-02,DCOILWTICO,WTI,daily,60.37,1.4373809523809524
2018-01-03,DCOILWTICO,WTI,daily,61.61,1.466904761904762
2018-01-04,DCOILWTICO,WTI,daily,61.98,1.4757142857142855
2018-01-05,DCOILWTICO,WTI,daily,61.49,1.464047619047619
2018-01-08,DCOILWTICO,WTI,daily,61.73,1.4697619047619046
2018-01-09,DCOILWTICO,WTI,daily,62.92,1.4980952380952381
2018-01-10,DCOILWTICO,WTI,daily,63.6,1.5142857142857142
2018-01-11,DCOILWTICO,WTI,daily,63.81,1.5192857142857144
2018-01-12,DCOILWTICO,WTI,daily,64.22,1.529047619047619
2018-01-15,DCOILWTICO,WTI,daily,,
2018-01-16,DCOILWTICO,WTI,daily,63.82,1.5195238095238095
2018-01-17,DCOILWTICO,WTI,daily,63.92,1.5219047619047619
2018-01-18,DCOILWTICO,WTI,daily,63.96,1.522857142857143
2018-01-19,DCOILWTICO,WTI,daily,63.38,1.5090476190476192
2018-01-22,DCOILWTICO,WTI,daily,63.66,1.5157142857142856
2018-01-23,DCOILWTICO,WTI,daily,64.45,1.5345238095238096
2018-01-24,DCOILWTICO,WTI,daily,65.69,1.564047619047619
2018-01-25,DCOILWTICO,WTI,daily,65.62,1.5623809523809524
2018-01-26,DCOILWTICO,WTI,daily,66.27,1.5778571428571428
2018-01-29,DCOILWTICO,WTI,daily,65.71,1.5645238095238094
2018-01-30,DCOILWTICO,WTI,daily,64.64,1.539047619047619
2018-01-31,DCOILWTICO,WTI,daily,64.82,1.5433333333333332
2018-02-01,DCOILWTICO,WTI,daily,65.92,1.5695238095238095
2018-02-02,DCOILWTICO,WTI,daily,65.5,1.5595238095238095
2018-02-05,DCOILWTICO,WTI,daily,64.18,1.5280952380952382
2018-02-06,DCOILWTICO,WTI,daily,63.48,1.5114285714285713
2018-02-07,DCOILWTICO,WTI,daily,61.91,1.474047619047619
2018-02-08,DCOILWTICO,WTI,daily,61.3,1.4595238095238094
2018-02-09,DCOILWTICO,WTI,daily,59.2,1.4095238095238096
2018-02-12,DCOILWTICO,WTI,daily,59.41,1.4145238095238095
2018-02-13,DCOILWTICO,WTI,daily,59.33,1.4126190476190477
2018-02-14,DCOILWTICO,WTI,daily,60.7,1.4452380952380952
2018-02-15,DCOILWTICO,WTI,daily,61.48,1.4638095238095237
2018-02-16,DCOILWTICO,WTI,daily,61.89,1.4735714285714285
2018-02-19,DCOILWTICO,WTI,daily,,
2018-02-20,DCOILWTICO,WTI,daily,61.91,1.474047619047619
2018-02-21,DCOILWTICO,WTI,daily,61.73,1.4697619047619046
2018-02-22,DCOILWTICO,WTI,daily,62.72,1.4933333333333334
2018-02-23,DCOILWTICO,WTI,daily,63.52,1.5123809523809524
2018-02-26,DCOILWTICO,WTI,daily,63.81,1.5192857142857144
2018-02-27,DCOILWTICO,WTI,daily,62.94,1.4985714285714284
2018-02-28,DCOILWTICO,WTI,daily,61.43,1.4626190476190477
2018-03-01,DCOILWTICO,WTI,daily,60.98,1.4519047619047618
2018-03-02,DCOILWTICO,WTI,daily,61.19,1.456904761904762
2018-03-05,DCOILWTICO,WTI,daily,62.49,1.487857142857143
2018-03-06,DCOILWTICO,WTI,daily,62.54,1.489047619047619
2018-03-07,DCOILWTICO,WTI,daily,61.09,1.4545238095238096
2018-03-08,DCOILWTICO,WTI,daily,60.13,1.4316666666666666
2018-03-09,DCOILWTICO,WTI,daily,62.02,1.4766666666666668
2018-03-12,DCOILWTICO,WTI,daily,61.35,1.4607142857142859
2018-03-13,DCOILWTICO,WTI,daily,60.69,1.4449999999999998
2018-03-14,DCOILWTICO,WTI,daily,60.89,1.4497619047619048
2018-03-15,DCOILWTICO,WTI,daily,61.16,1.456190476190476
2018-03-16,DCOILWTICO,WTI,daily,62.29,1.483095238095238
2018-03-19,DCOILWTICO,WTI,daily,62.01,1.4764285714285714
2018-03-20,DCOILWTICO,WTI,daily,63.37,1.5088095238095238
2018-03-21,DCOILWTICO,WTI,daily,65.1,1.5499999999999998
2018-03-22,DCOILWTICO,WTI,daily,64.25,1.5297619047619047
2018-03-23,DCOILWTICO,WTI,daily,65.8,1.5666666666666667
2018-03-26,DCOILWTICO,WTI,daily,65.49,1.5592857142857142
2018-03-27,DCOILWTICO,WTI,daily,65.21,1.5526190476190476
2018-03-28,DCOILWTICO,WTI,daily,64.3,1.5309523809523808
2018-03-29,DCOILWTICO,WTI,daily,64.87,1.5445238095238096
2018-03-30,DCOILWTICO,WTI,daily,,
2018-04-02,DCOILWTICO,WTI,daily,63.05,1.5011904761904762
2018-04-03,DCOILWTICO,WTI,daily,63.41,1.5097619047619046
2018-04-04,DCOILWTICO,WTI,daily,63.35,1.5083333333333333
2018-04-05,DCOILWTICO,WTI,daily,63.53,1.5126190476190478
2018-04-06,DCOILWTICO,WTI,daily,62.03,1.476904761904762
2018-04-09,DCOILWTICO,WTI,daily,63.4,1.5095238095238095
2018-04-10,DCOILWTICO,WTI,daily,65.48,1.5590476190476192
2018-04-11,DCOILWTICO,WTI,daily,66.81,1.5907142857142857
2018-04-12,DCOILWTICO,WTI,daily,67.07,1.5969047619047618
2018-04-13,DCOILWTICO,WTI,daily,67.35,1.6035714285714284
2018-04-16,DCOILWTICO,WTI,daily,66.23,1.576904761904762
2018-04-17,DCOILWTICO,WTI,daily,66.5,1.5833333333333333
2018-04-18,DCOILWTICO,WTI,daily,68.44,1.6295238095238094
2018-04-19,DCOILWTICO,WTI,daily,68.3,1.6261904761904762
2018-04-20,DCOILWTICO,WTI,daily,68.26,1.6252380952380954
2018-04-23,DCOILWTICO,WTI,daily,67.61,1.6097619047619047
2018-04-24,DCOILWTICO,WTI,daily,67.66,1.610952380952381
2018-04-25,DCOILWTICO,WTI,daily,68.0,1.619047619047619
2018-04-26,DCOILWTICO,WTI,daily,68.18,1.6233333333333335
2018-04-27,DCOILWTICO,WTI,daily,68.11,1.6216666666666666
2018-04-30,DCOILWTICO,WTI,daily,68.56,1.6323809523809525
2018-05-01,DCOILWTICO,WTI,daily,67.28,1.601904761904762
2018-05-02,DCOILWTICO,WTI,daily,67.91,1.6169047619047618
2018-05-03,DCOILWTICO,WTI,daily,68.45,1.6297619047619047
2018-05-04,DCOILWTICO,WTI,daily,69.71,1.6597619047619045
2018-05-07,DCOILWTICO,WTI,daily,70.74,1.6842857142857142
2018-05-08,DCOILWTICO,WTI,daily,68.83,1.6388095238095237
2018-05-09,DCOILWTICO,WTI,daily,71.16,1.6942857142857142
2018-05-10,DCOILWTICO,WTI,daily,71.36,1.6990476190476191
2018-05-11,DCOILWTICO,WTI,daily,70.69,1.683095238095238
2018-05-14,DCOILWTICO,WTI,daily,71.01,1.6907142857142858
2018-05-15,DCOILWTICO,WTI,daily,71.34,1.6985714285714286
2018-05-16,DCOILWTICO,WTI,daily,71.43,1.7007142857142858
2018-05-17,DCOILWTICO,WTI,daily,71.47,1.7016666666666667
2018-05-18,DCOILWTICO,WTI,daily,71.23,1.695952380952381
2018-05-21,DCOILWTICO,WTI,daily,72.26,1.7204761904761905
2018-05-22,DCOILWTICO,WTI,daily,72.09,1.7164285714285714
2018-05-23,DCOILWTICO,WTI,daily,71.85,1.7107142857142856
2018-05-24,DCOILWTICO,WTI,daily,70.77,1.6849999999999998
2018-05-25,DCOILWTICO,WTI,daily,67.92,1.6171428571428572
2018-05-28,DCOILWTICO,WTI,daily,,
2018-05-29,DCOILWTICO,WTI,daily,66.8,1.5904761904761904
2018-05-30,DCOILWTICO,WTI,daily,68.24,1.6247619047619046
2018-05-31,DCOILWTICO,WTI,daily,66.98,1.5947619047619048
2018-06-01,DCOILWTICO,WTI,daily,65.81,1.566904761904762
2018-06-04,DCOILWTICO,WTI,daily,64.76,1.5419047619047621
2018-06-05,DCOILWTICO,WTI,daily,65.51,1.559761904761905
2018-06-06,DCOILWTICO,WTI,daily,64.75,1.5416666666666667
2018-06-07,DCOILWTICO,WTI,daily,65.96,1.5704761904761904
2018-06-08,DCOILWTICO,WTI,daily,65.77,1.5659523809523808
2018-06-11,DCOILWTICO,WTI,daily,66.1,1.5738095238095238
2018-06-12,DCOILWTICO,WTI,daily,66.38,1.5804761904761904
2018-06-13,DCOILWTICO,WTI,daily,66.63,1.5864285714285713
2018-06-14,DCOILWTICO,WTI,daily,66.91,1.5930952380952381
2018-06-15,DCOILWTICO,WTI,daily,65.01,1.547857142857143
2018-06-18,DCOILWTICO,WTI,daily,65.91,1.5692857142857142
2018-06-19,DCOILWTICO,WTI,daily,65.09,1.549761904761905
2018-06-20,DCOILWTICO,WTI,daily,65.92,1.5695238095238095
2018-06-21,DCOILWTICO,WTI,daily,65.68,1.563809523809524
2018-06-22,DCOILWTICO,WTI,daily,69.02,1.6433333333333333
2018-06-25,DCOILWTICO,WTI,daily,69.91,1.6645238095238095
2018-06-26,DCOILWTICO,WTI,daily,75.23,1.7911904761904762
2018-06-27,DCOILWTICO,WTI,daily,77.41,1.8430952380952381
2018-06-28,DCOILWTICO,WTI,daily,73.45,1.7488095238095238
2018-06-29,DCOILWTICO,WTI,daily,74.13,1.765
2018-07-02,DCOILWTICO,WTI,daily,73.89,1.7592857142857143
2018-07-03,DCOILWTICO,WTI,daily,74.19,1.7664285714285715
2018-07-04,DCOILWTICO,WTI,daily,,
2018-07-05,DCOILWTICO,WTI,daily,73.05,1.7392857142857143
2018-07-06,DCOILWTICO,WTI,daily,73.78,1.7566666666666666
2018-07-09,DCOILWTICO,WTI,daily,73.93,1.7602380952380954
2018-07-10,DCOILWTICO,WTI,daily,74.11,1.7645238095238096
2018-07-11,DCOILWTICO,WTI,daily,70.47,1.677857142857143
2018-07-12,DCOILWTICO,WTI,daily,70.28,1.6733333333333333
2018-07-13,DCOILWTICO,WTI,daily,71.03,1.6911904761904761
2018-07-16,DCOILWTICO,WTI,daily,68.22,1.6242857142857143
2018-07-17,DCOILWTICO,WTI,daily,68.03,1.6197619047619047
2018-07-18,DCOILWTICO,WTI,daily,68.78,1.6376190476190478
2018-07-19,DCOILWTICO,WTI,daily,69.42,1.6528571428571428
2018-07-20,DCOILWTICO,WTI,daily,70.31,1.674047619047619
2018-07-23,DCOILWTICO,WTI,daily,67.9,1.6166666666666667
2018-07-24,DCOILWTICO,WTI,daily,70.77,1.6849999999999998
2018-07-25,DCOILWTICO,WTI,daily,71.13,1.6935714285714285
2018-07-26,DCOILWTICO,WTI,daily,71.59,1.7045238095238096
2018-07-27,DCOILWTICO,WTI,daily,68.66,1.6347619047619046
2018-07-30,DCOILWTICO,WTI,daily,71.19,1.6949999999999998
2018-07-31,DCOILWTICO,WTI,daily,69.88,1.6638095238095236
2018-08-01,DCOILWTICO,WTI,daily,68.8,1.638095238095238
2018-08-02,DCOILWTICO,WTI,daily,68.95,1.6416666666666668
2018-08-03,DCOILWTICO,WTI,daily,68.49,1.6307142857142856
2018-08-06,DCOILWTICO,WTI,daily,69.01,1.6430952380952382
2018-08-07,DCOILWTICO,WTI,daily,69.17,1.6469047619047619
2018-08-08,DCOILWTICO,WTI,daily,66.92,1.5933333333333333
2018-08-09,DCOILWTICO,WTI,daily,66.81,1.5907142857142857
2018-08-10,DCOILWTICO,WTI,daily,67.61,1.6097619047619047
2018-08-13,DCOILWTICO,WTI,daily,67.25,1.6011904761904763
2018-08-14,DCOILWTICO,WTI,daily,67.04,1.5961904761904764
2018-08-15,DCOILWTICO,WTI,daily,65.07,1.5492857142857142
2018-08-16,DCOILWTICO,WTI,daily,65.44,1.558095238095238
2018-08-17,DCOILWTICO,WTI,daily,65.93,1.569761904761905
2018-08-20,DCOILWTICO,WTI,daily,66.5,1.5833333333333333
2018-08-21,DCOILWTICO,WTI,daily,67.32,1.6028571428571428
2018-08-22,DCOILWTICO,WTI,daily,67.85,1.6154761904761903
2018-08-23,DCOILWTICO,WTI,daily,69.13,1.6459523809523808
2018-08-24,DCOILWTICO,WTI,daily,69.71,1.6597619047619045
2018-08-27,DCOILWTICO,WTI,daily,69.97,1.6659523809523809
2018-08-28,DCOILWTICO,WTI,daily,68.54,1.631904761904762
2018-08-29,DCOILWTICO,WTI,daily,69.68,1.659047619047619
2018-08-30,DCOILWTICO,WTI,daily,70.25,1.6726190476190477
2018-08-31,DCOILWTICO,WTI,daily,69.84,1.662857142857143
2018-09-03,DCOILWTICO,WTI,daily,,
2018-09-04,DCOILWTICO,WTI,daily,69.82,1.6623809523809523
2018-09-05,DCOILWTICO,WTI,daily,68.69,1.6354761904761905
2018-09-06,DCOILWTICO,WTI,daily,67.81,1.6145238095238095
2018-09-07,DCOILWTICO,WTI,daily,67.73,1.6126190476190476
2018-09-10,DCOILWTICO,WTI,daily,67.55,1.6083333333333332
2018-09-11,DCOILWTICO,WTI,daily,69.29,1.649761904761905
2018-09-12,DCOILWTICO,WTI,daily,70.37,1.6754761904761906
2018-09-13,DCOILWTICO,WTI,daily,68.6,1.6333333333333333
2018-09-14,DCOILWTICO,WTI,daily,68.98,1.6423809523809525
2018-09-17,DCOILWTICO,WTI,daily,68.86,1.6395238095238096
2018-09-18,DCOILWTICO,WTI,daily,69.87,1.6635714285714287
2018-09-19,DCOILWTICO,WTI,daily,71.08,1.6923809523809523
2018-09-20,DCOILWTICO,WTI,daily,70.77,1.6849999999999998
2018-09-21,DCOILWTICO,WTI,daily,70.8,1.6857142857142857
2018-09-24,DCOILWTICO,WTI,daily,73.23,1.7435714285714288
2018-09-25,DCOILWTICO,WTI,daily,73.4,1.7476190476190478
2018-09-26,DCOILWTICO,WTI,daily,72.22,1.7195238095238095
2018-09-27,DCOILWTICO,WTI,daily,72.18,1.7185714285714286
2018-09-28,DCOILWTICO,WTI,daily,73.16,1.7419047619047618
2018-10-01,DCOILWTICO,WTI,daily,75.37,1.7945238095238096
2018-10-02,DCOILWTICO,WTI,daily,75.16,1.7895238095238095
2018-10-03,DCOILWTICO,WTI,daily,76.4,1.8190476190476192
2018-10-04,DCOILWTICO,WTI,daily,74.44,1.7723809523809524
2018-10-05,DCOILWTICO,WTI,daily,74.26,1.7680952380952382
2018-10-08,DCOILWTICO,WTI,daily,74.27,1.7683333333333333
2018-10-09,DCOILWTICO,WTI,daily,74.95,1.7845238095238096
2018-10-10,DCOILWTICO,WTI,daily,73.18,1.7423809523809526
2018-10-11,DCOILWTICO,WTI,daily,70.97,1.6897619047619048
2018-10-12,DCOILWTICO,WTI,daily,71.41,1.700238095238095
2018-10-15,DCOILWTICO,WTI,daily,71.84,1.7104761904761905
2018-10-16,DCOILWTICO,WTI,daily,71.93,1.7126190476190477
2018-10-17,DCOILWTICO,WTI,daily,69.63,1.6578571428571427
2018-10-18,DCOILWTICO,WTI,daily,68.63,1.634047619047619
2018-10-19,DCOILWTICO,WTI,daily,69.16,1.6466666666666665
2018-10-22,DCOILWTICO,WTI,daily,69.25,1.6488095238095237
2018-10-23,DCOILWTICO,WTI,daily,66.49,1.5830952380952379
2018-10-24,DCOILWTICO,WTI,daily,66.56,1.5847619047619048
2018-10-25,DCOILWTICO,WTI,daily,67.25,1.6011904761904763
2018-10-26,DCOILWTICO,WTI,daily,67.58,1.609047619047619
2018-10-29,DCOILWTICO,WTI,daily,67.0,1.5952380952380953
2018-10-30,DCOILWTICO,WTI,daily,66.18,1.5757142857142858
2018-10-31,DCOILWTICO,WTI,daily,65.31,1.5550000000000002
2018-11-01,DCOILWTICO,WTI,daily,63.67,1.515952380952381
2018-11-02,DCOILWTICO,WTI,daily,63.12,1.502857142857143
2018-11-05,DCOILWTICO,WTI,daily,63.12,1.502857142857143
2018-11-06,DCOILWTICO,WTI,daily,62.16,1.48
2018-11-07,DCOILWTICO,WTI,daily,61.69,1.4688095238095238
2018-11-08,DCOILWTICO,WTI,daily,60.71,1.4454761904761906
2018-11-09,DCOILWTICO,WTI,daily,60.19,1.433095238095238
2018-11-12,DCOILWTICO,WTI,daily,59.85,1.425
2018-11-13,DCOILWTICO,WTI,daily,55.63,1.3245238095238097
2018-11-14,DCOILWTICO,WTI,daily,56.16,1.337142857142857
2018-11-15,DCOILWTICO,WTI,daily,56.45,1.3440476190476192
2018-11-16,DCOILWTICO,WTI,daily,56.49,1.345
2018-11-19,DCOILWTICO,WTI,daily,57.16,1.360952380952381
2018-11-20,DCOILWTICO,WTI,daily,53.39,1.2711904761904762
2018-11-21,DCOILWTICO,WTI,daily,54.41,1.2954761904761904
2018-11-22,DCOILWTICO,WTI,daily,,
2018-11-23,DCOILWTICO,WTI,daily,,
2018-11-26,DCOILWTICO,WTI,daily,51.46,1.2252380952380952
2018-11-27,DCOILWTICO,WTI,daily,51.31,1.2216666666666667
2018-11-28,DCOILWTICO,WTI,daily,50.06,1.191904761904762
2018-11-29,DCOILWTICO,WTI,daily,51.46,1.2252380952380952
2018-11-30,DCOILWTICO,WTI,daily,50.78,1.2090476190476191
2018-12-03,DCOILWTICO,WTI,daily,52.98,1.2614285714285713
2018-12-04,DCOILWTICO,WTI,daily,53.21,1.266904761904762
2018-12-05,DCOILWTICO,WTI,daily,52.64,1.2533333333333334
2018-12-06,DCOILWTICO,WTI,daily,51.54,1.227142857142857
2018-12-07,DCOILWTICO,WTI,daily,52.76,1.256190476190476
2018-12-10,DCOILWTICO,WTI,daily,51.07,1.215952380952381
2018-12-11,DCOILWTICO,WTI,daily,51.65,1.2297619047619048
2018-12-12,DCOILWTICO,WTI,daily,51.04,1.2152380952380952
2018-12-13,DCOILWTICO,WTI,daily,52.69,1.2545238095238094
2018-12-14,DCOILWTICO,WTI,daily,51.26,1.2204761904761905
2018-12-17,DCOILWTICO,WTI,daily,49.8,1.1857142857142857
2018-12-18,DCOILWTICO,WTI,daily,46.12,1.098095238095238
2018-12-19,DCOILWTICO,WTI,daily,47.96,1.141904761904762
2018-12-20,DCOILWTICO,WTI,daily,45.64,1.0866666666666667
2018-12-21,DCOILWTICO,WTI,daily,45.38,1.0804761904761906
2018-12-24,DCOILWTICO,WTI,daily,,
2018-12-25,DCOILWTICO,WTI,daily,,
2018-12-26,DCOILWTICO,WTI,daily,46.04,1.0961904761904762
2018-12-27,DCOILWTICO,WTI,daily,44.48,1.059047619047619
2018-12-28,DCOILWTICO,WTI,daily,45.15,1.075
2018-12-31,DCOILWTICO,WTI,daily,,
2019-01-01,DCOILWTICO,WTI,daily,,
2019-01-02,DCOILWTICO,WTI,daily,46.31,1.1026190476190476
2019-01-03,DCOILWTICO,WTI,daily,46.92,1.1171428571428572
2019-01-04,DCOILWTICO,WTI,daily,47.76,1.137142857142857
2019-01-07,DCOILWTICO,WTI,daily,48.27,1.1492857142857145
2019-01-08,DCOILWTICO,WTI,daily,49.58,1.1804761904761905
2019-01-09,DCOILWTICO,WTI,daily,52.19,1.2426190476190475
2019-01-10,DCOILWTICO,WTI,daily,52.42,1.2480952380952381
2019-01-11,DCOILWTICO,WTI,daily,51.44,1.2247619047619047
2019-01-14,DCOILWTICO,WTI,daily,50.31,1.197857142857143
2019-01-15,DCOILWTICO,WTI,daily,51.8,1.2333333333333332
2019-01-16,DCOILWTICO,WTI,daily,52.08,1.24
2019-01-17,DCOILWTICO,WTI,daily,51.83,1.234047619047619
2019-01-18,DCOILWTICO,WTI,daily,53.6,1.2761904761904763
2019-01-21,DCOILWTICO,WTI,daily,,
2019-01-22,DCOILWTICO,WTI,daily,52.59,1.2521428571428572
2019-01-23,DCOILWTICO,WTI,daily,52.44,1.2485714285714284
2019-01-24,DCOILWTICO,WTI,daily,52.94,1.2604761904761905
2019-01-25,DCOILWTICO,WTI,daily,53.53,1.2745238095238096
2019-01-28,DCOILWTICO,WTI,daily,51.79,1.233095238095238
2019-01-29,DCOILWTICO,WTI,daily,53.07,1.2635714285714286
2019-01-30,DCOILWTICO,WTI,daily,54.18,1.29
2019-01-31,DCOILWTICO,WTI,daily,53.84,1.2819047619047619
2019-02-01,DCOILWTICO,WTI,daily,55.29,1.3164285714285715
2019-02-04,DCOILWTICO,WTI,daily,54.57,1.2992857142857144
2019-02-05,DCOILWTICO,WTI,daily,53.69,1.2783333333333333
2019-02-06,DCOILWTICO,WTI,daily,53.94,1.2842857142857143
2019-02-07,DCOILWTICO,WTI,daily,52.68,1.2542857142857142
2019-02-08,DCOILWTICO,WTI,daily,52.75,1.255952380952381
2019-02-11,DCOILWTICO,WTI,daily,52.43,1.2483333333333333
2019-02-12,DCOILWTICO,WTI,daily,53.14,1.2652380952380953
2019-02-13,DCOILWTICO,WTI,daily,53.84,1.2819047619047619
2019-02-14,DCOILWTICO,WTI,daily,54.4,1.2952380952380953
2019-02-15,DCOILWTICO,WTI,daily,55.58,1.3233333333333333
2019-02-18,DCOILWTICO,WTI,daily,,
2019-02-19,DCOILWTICO,WTI,daily,56.12,1.3361904761904762
2019-02-20,DCOILWTICO,WTI,daily,56.9,1.3547619047619048
2019-02-21,DCOILWTICO,WTI,daily,56.95,1.355952380952381
2019-02-22,DCOILWTICO,WTI,daily,57.01,1.3573809523809524
2019-02-25,DCOILWTICO,WTI,daily,55.32,1.3171428571428572
2019-02-26,DCOILWTICO,WTI,daily,55.4,1.319047619047619
2019-02-27,DCOILWTICO,WTI,daily,56.92,1.3552380952380954
2019-02-28,DCOILWTICO,WTI,daily,57.21,1.362142857142857
2019-03-01,DCOILWTICO,WTI,daily,55.76,1.3276190476190475
2019-03-04,DCOILWTICO,WTI,daily,56.6,1.3476190476190477
2019-03-05,DCOILWTICO,WTI,daily,56.55,1.3464285714285713
2019-03-06,DCOILWTICO,WTI,daily,56.22,1.3385714285714285
2019-03-07,DCOILWTICO,WTI,daily,56.6,1.3476190476190477
2019-03-08,DCOILWTICO,WTI,daily,55.77,1.3278571428571428
2019-03-11,DCOILWTICO,WTI,daily,56.79,1.352142857142857
2019-03-12,DCOILWTICO,WTI,daily,56.89,1.3545238095238095
2019-03-13,DCOILWTICO,WTI,daily,58.27,1.3873809523809524
2019-03-14,DCOILWTICO,WTI,daily,58.59,1.395
2019-03-15,DCOILWTICO,WTI,daily,58.51,1.393095238095238
2019-03-18,DCOILWTICO,WTI,daily,59.09,1.4069047619047619
2019-03-19,DCOILWTICO,WTI,daily,59.12,1.4076190476190475
2019-03-20,DCOILWTICO,WTI,daily,60.12,1.4314285714285713
2019-03-21,DCOILWTICO,WTI,daily,59.98,1.428095238095238
2019-03-22,DCOILWTICO,WTI,daily,58.87,1.4016666666666666
2019-03-25,DCOILWTICO,WTI,daily,58.71,1.397857142857143
2019-03-26,DCOILWTICO,WTI,daily,59.87,1.4254761904761903
2019-03-27,DCOILWTICO,WTI,daily,59.39,1.414047619047619
2019-03-28,DCOILWTICO,WTI,daily,59.29,1.4116666666666666
2019-03-29,DCOILWTICO,WTI,daily,60.19,1.433095238095238
2019-04-01,DCOILWTICO,WTI,daily,61.59,1.4664285714285714
2019-04-02,DCOILWTICO,WTI,daily,62.53,1.4888095238095238
2019-04-03,DCOILWTICO,WTI,daily,62.46,1.487142857142857
2019-04-04,DCOILWTICO,WTI,daily,62.12,1.479047619047619
2019-04-05,DCOILWTICO,WTI,daily,63.1,1.5023809523809524
2019-04-08,DCOILWTICO,WTI,daily,64.37,1.5326190476190478
2019-04-09,DCOILWTICO,WTI,daily,64.05,1.525
2019-04-10,DCOILWTICO,WTI,daily,64.62,1.5385714285714287
2019-04-11,DCOILWTICO,WTI,daily,63.61,1.5145238095238096
2019-04-12,DCOILWTICO,WTI,daily,63.86,1.5204761904761905
2019-04-15,DCOILWTICO,WTI,daily,63.43,1.5102380952380952
2019-04-16,DCOILWTICO,WTI,daily,64.01,1.524047619047619
2019-04-17,DCOILWTICO,WTI,daily,63.74,1.5176190476190476
2019-04-18,DCOILWTICO,WTI,daily,64.02,1.5242857142857142
2019-04-19,DCOILWTICO,WTI,daily,,
2019-04-22,DCOILWTICO,WTI,daily,65.66,1.5633333333333332
2019-04-23,DCOILWTICO,WTI,daily,66.24,1.577142857142857
2019-04-24,DCOILWTICO,WTI,daily,65.96,1.5704761904761904
2019-04-25,DCOILWTICO,WTI,daily,65.23,1.553095238095238
2019-04-26,DCOILWTICO,WTI,daily,63.29,1.506904761904762
2019-04-29,DCOILWTICO,WTI,daily,63.39,1.5092857142857143
2019-04-30,DCOILWTICO,WTI,daily,63.83,1.5197619047619046
2019-05-01,DCOILWTICO,WTI,daily,63.55,1.513095238095238
2019-05-02,DCOILWTICO,WTI,daily,61.75,1.4702380952380953
2019-05-03,DCOILWTICO,WTI,daily,61.98,1.4757142857142855
2019-05-06,DCOILWTICO,WTI,daily,62.3,1.4833333333333332
2019-05-07,DCOILWTICO,WTI,daily,61.41,1.462142857142857
2019-05-08,DCOILWTICO,WTI,daily,62.13,1.4792857142857143
2019-05-09,DCOILWTICO,WTI,daily,61.58,1.466190476190476
2019-05-10,DCOILWTICO,WTI,daily,61.65,1.4678571428571427
2019-05-13,DCOILWTICO,WTI,daily,60.97,1.4516666666666667
2019-05-14,DCOILWTICO,WTI,daily,61.82,1.4719047619047618
2019-05-15,DCOILWTICO,WTI,daily,62.03,1.476904761904762
2019-05-16,DCOILWTICO,WTI,daily,62.93,1.4983333333333333
2019-05-17,DCOILWTICO,WTI,daily,62.77,1.4945238095238096
2019-05-20,DCOILWTICO,WTI,daily,63.12,1.502857142857143
2019-05-21,DCOILWTICO,WTI,daily,63.02,1.5004761904761905
2019-05-22,DCOILWTICO,WTI,daily,61.42,1.4623809523809523
2019-05-23,DCOILWTICO,WTI,daily,57.65,1.3726190476190476
2019-05-24,DCOILWTICO,WTI,daily,58.4,1.3904761904761904
2019-05-27,DCOILWTICO,WTI,daily,,
2019-05-28,DCOILWTICO,WTI,daily,58.91,1.4026190476190474
2019-05-29,DCOILWTICO,WTI,daily,58.84,1.400952380952381
2019-05-30,DCOILWTICO,WTI,daily,56.47,1.3445238095238095
2019-05-31,DCOILWTICO,WTI,daily,53.49,1.2735714285714286
2019-06-03,DCOILWTICO,WTI,daily,53.25,1.2678571428571428
2019-06-04,DCOILWTICO,WTI,daily,53.5,1.2738095238095237
2019-06-05,DCOILWTICO,WTI,daily,51.57,1.2278571428571428
2019-06-06,DCOILWTICO,WTI,daily,52.59,1.2521428571428572
2019-06-07,DCOILWTICO,WTI,daily,53.95,1.2845238095238096
2019-06-10,DCOILWTICO,WTI,daily,53.33,1.2697619047619046
2019-06-11,DCOILWTICO,WTI,daily,53.3,1.269047619047619
2019-06-12,DCOILWTICO,WTI,daily,51.13,1.2173809523809525
2019-06-13,DCOILWTICO,WTI,daily,52.38,1.247142857142857
2019-06-14,DCOILWTICO,WTI,daily,52.47,1.2492857142857143
2019-06-17,DCOILWTICO,WTI,daily,51.94,1.2366666666666666
2019-06-18,DCOILWTICO,WTI,daily,53.86,1.2823809523809524
2019-06-19,DCOILWTICO,WTI,daily,53.74,1.2795238095238095
2019-06-20,DCOILWTICO,WTI,daily,56.88,1.3542857142857143
2019-06-21,DCOILWTICO,WTI,daily,57.35,1.3654761904761905
2019-06-24,DCOILWTICO,WTI,daily,57.73,1.3745238095238095
2019-06-25,DCOILWTICO,WTI,daily,57.63,1.372142857142857
2019-06-26,DCOILWTICO,WTI,daily,59.17,1.408809523809524
2019-06-27,DCOILWTICO,WTI,daily,59.18,1.409047619047619
2019-06-28,DCOILWTICO,WTI,daily,58.2,1.3857142857142857
2019-07-01,DCOILWTICO,WTI,daily,58.91,1.4026190476190474
2019-07-02,DCOILWTICO,WTI,daily,56.0,1.3333333333333333
2019-07-03,DCOILWTICO,WTI,daily,57.06,1.3585714285714285
2019-07-04,DCOILWTICO,WTI,daily,,
2019-07-05,DCOILWTICO,WTI,daily,,
2019-07-08,DCOILWTICO,WTI,daily,57.35,1.3654761904761905
2019-07-09,DCOILWTICO,WTI,daily,57.57,1.3707142857142858
2019-07-10,DCOILWTICO,WTI,daily,60.28,1.4352380952380952
2019-07-11,DCOILWTICO,WTI,daily,59.93,1.426904761904762
2019-07-12,DCOILWTICO,WTI,daily,59.99,1.4283333333333335
2019-07-15,DCOILWTICO,WTI,daily,59.3,1.4119047619047618
2019-07-16,DCOILWTICO,WTI,daily,57.44,1.3676190476190475
2019-07-17,DCOILWTICO,WTI,daily,56.5,1.3452380952380953
2019-07-18,DCOILWTICO,WTI,daily,55.08,1.3114285714285714
2019-07-19,DCOILWTICO,WTI,daily,55.42,1.3195238095238095
2019-07-22,DCOILWTICO,WTI,daily,55.87,1.3302380952380952
2019-07-23,DCOILWTICO,WTI,daily,56.58,1.3471428571428572
2019-07-24,DCOILWTICO,WTI,daily,55.9,1.3309523809523809
2019-07-25,DCOILWTICO,WTI,daily,55.88,1.3304761904761906
2019-07-26,DCOILWTICO,WTI,daily,56.04,1.3342857142857143
2019-07-29,DCOILWTICO,WTI,daily,56.85,1.3535714285714286
2019-07-30,DCOILWTICO,WTI,daily,58.04,1.381904761904762
2019-07-31,DCOILWTICO,WTI,daily,58.53,1.3935714285714287
2019-08-01,DCOILWTICO,WTI,daily,53.64,1.2771428571428571
2019-08-02,DCOILWTICO,WTI,daily,55.67,1.3254761904761905
2019-08-05,DCOILWTICO,WTI,daily,54.63,1.3007142857142857
2019-08-06,DCOILWTICO,WTI,daily,53.6,1.2761904761904763
2019-08-07,DCOILWTICO,WTI,daily,51.14,1.2176190476190476
2019-08-08,DCOILWTICO,WTI,daily,52.6,1.2523809523809524
2019-08-09,DCOILWTICO,WTI,daily,54.41,1.2954761904761904
2019-08-12,DCOILWTICO,WTI,daily,54.98,1.309047619047619
2019-08-13,DCOILWTICO,WTI,daily,57.05,1.3583333333333332
2019-08-14,DCOILWTICO,WTI,daily,55.16,1.3133333333333332
2019-08-15,DCOILWTICO,WTI,daily,54.51,1.2978571428571428
2019-08-16,DCOILWTICO,WTI,daily,54.83,1.3054761904761905
2019-08-19,DCOILWTICO,WTI,daily,56.24,1.339047619047619
2019-08-20,DCOILWTICO,WTI,daily,56.18,1.3376190476190477
2019-08-21,DCOILWTICO,WTI,daily,55.65,1.325
2019-08-22,DCOILWTICO,WTI,daily,55.33,1.3173809523809523
2019-08-23,DCOILWTICO,WTI,daily,54.08,1.2876190476190477
2019-08-26,DCOILWTICO,WTI,daily,53.54,1.2747619047619048
2019-08-27,DCOILWTICO,WTI,daily,54.99,1.3092857142857144
2019-08-28,DCOILWTICO,WTI,daily,55.76,1.3276190476190475
2019-08-29,DCOILWTICO,WTI,daily,56.67,1.3492857142857144
2019-08-30,DCOILWTICO,WTI,daily,55.07,1.3111904761904762
2019-09-02,DCOILWTICO,WTI,daily,,
2019-09-03,DCOILWTICO,WTI,daily,53.91,1.2835714285714286
2019-09-04,DCOILWTICO,WTI,daily,56.22,1.3385714285714285
2019-09-05,DCOILWTICO,WTI,daily,56.33,1.341190476190476
2019-09-06,DCOILWTICO,WTI,daily,56.45,1.3440476190476192
2019-09-09,DCOILWTICO,WTI,daily,57.88,1.3780952380952383
2019-09-10,DCOILWTICO,WTI,daily,57.37,1.3659523809523808
2019-09-11,DCOILWTICO,WTI,daily,55.66,1.325238095238095
2019-09-12,DCOILWTICO,WTI,daily,55.13,1.3126190476190476
2019-09-13,DCOILWTICO,WTI,daily,54.76,1.3038095238095238
2019-09-16,DCOILWTICO,WTI,daily,63.1,1.5023809523809524
2019-09-17,DCOILWTICO,WTI,daily,59.26,1.410952380952381
2019-09-18,DCOILWTICO,WTI,daily,58.19,1.3854761904761905
2019-09-19,DCOILWTICO,WTI,daily,58.19,1.3854761904761905
2019-09-20,DCOILWTICO,WTI,daily,57.92,1.379047619047619
2019-09-23,DCOILWTICO,WTI,daily,58.69,1.3973809523809524
2019-09-24,DCOILWTICO,WTI,daily,57.22,1.3623809523809522
2019-09-25,DCOILWTICO,WTI,daily,56.38,1.3423809523809525
2019-09-26,DCOILWTICO,WTI,daily,56.24,1.339047619047619
2019-09-27,DCOILWTICO,WTI,daily,55.95,1.3321428571428573
2019-09-30,DCOILWTICO,WTI,daily,54.09,1.287857142857143
2019-10-01,DCOILWTICO,WTI,daily,53.6,1.2761904761904763
2019-10-02,DCOILWTICO,WTI,daily,52.67,1.254047619047619
2019-10-03,DCOILWTICO,WTI,daily,52.41,1.2478571428571428
2019-10-04,DCOILWTICO,WTI,daily,52.84,1.2580952380952382
2019-10-07,DCOILWTICO,WTI,daily,52.76,1.256190476190476
2019-10-08,DCOILWTICO,WTI,daily,52.64,1.2533333333333334
2019-10-09,DCOILWTICO,WTI,daily,52.63,1.2530952380952383
2019-10-10,DCOILWTICO,WTI,daily,53.57,1.2754761904761904
2019-10-11,DCOILWTICO,WTI,daily,54.76,1.3038095238095238
2019-10-14,DCOILWTICO,WTI,daily,53.57,1.2754761904761904
2019-10-15,DCOILWTICO,WTI,daily,52.81,1.2573809523809525
2019-10-16,DCOILWTICO,WTI,daily,53.42,1.2719047619047619
2019-10-17,DCOILWTICO,WTI,daily,53.89,1.283095238095238
2019-10-18,DCOILWTICO,WTI,daily,53.75,1.2797619047619047
2019-10-21,DCOILWTICO,WTI,daily,53.28,1.2685714285714287
2019-10-22,DCOILWTICO,WTI,daily,54.21,1.2907142857142857
2019-10-23,DCOILWTICO,WTI,daily,55.9,1.3309523809523809
2019-10-24,DCOILWTICO,WTI,daily,56.11,1.335952380952381
2019-10-25,DCOILWTICO,WTI,daily,56.52,1.3457142857142859
2019-10-28,DCOILWTICO,WTI,daily,55.6,1.3238095238095238
2019-10-29,DCOILWTICO,WTI,daily,55.34,1.3176190476190477
2019-10-30,DCOILWTICO,WTI,daily,54.85,1.305952380952381
2019-10-31,DCOILWTICO,WTI,daily,54.02,1.2861904761904763
2019-11-01,DCOILWTICO,WTI,daily,56.04,1.3342857142857143
2019-11-04,DCOILWTICO,WTI,daily,56.33,1.341190476190476
2019-11-05,DCOILWTICO,WTI,daily,57.04,1.358095238095238
2019-11-06,DCOILWTICO,WTI,daily,56.15,1.3369047619047618
2019-11-07,DCOILWTICO,WTI,daily,56.91,1.355
2019-11-08,DCOILWTICO,WTI,daily,57.02,1.3576190476190477
2019-11-11,DCOILWTICO,WTI,daily,,
2019-11-12,DCOILWTICO,WTI,daily,56.67,1.3492857142857144
2019-11-13,DCOILWTICO,WTI,daily,56.88,1.3542857142857143
2019-11-14,DCOILWTICO,WTI,daily,56.57,1.3469047619047618
2019-11-15,DCOILWTICO,WTI,daily,57.54,1.3699999999999999
2019-11-18,DCOILWTICO,WTI,daily,56.82,1.3528571428571428
2019-11-19,DCOILWTICO,WTI,daily,54.93,1.3078571428571428
2019-11-20,DCOILWTICO,WTI,daily,56.71,1.3502380952380952
2019-11-21,DCOILWTICO,WTI,daily,58.36,1.3895238095238096
2019-11-22,DCOILWTICO,WTI,daily,57.68,1.3733333333333333
2019-11-25,DCOILWTICO,WTI,daily,57.79,1.375952380952381
2019-11-26,DCOILWTICO,WTI,daily,58.25,1.3869047619047619
2019-11-27,DCOILWTICO,WTI,daily,58.12,1.3838095238095238
2019-11-28,DCOILWTICO,WTI,daily,,
2019-11-29,DCOILWTICO,WTI,daily,58.12,1.3838095238095238
2019-12-02,DCOILWTICO,WTI,daily,55.97,1.3326190476190476
2019-12-03,DCOILWTICO,WTI,daily,56.15,1.3369047619047618
2019-12-04,DCOILWTICO,WTI,daily,58.46,1.391904761904762
2019-12-05,DCOILWTICO,WTI,daily,58.42,1.390952380952381
2019-12-06,DCOILWTICO,WTI,daily,59.2,1.4095238095238096
2019-12-09,DCOILWTICO,WTI,daily,58.99,1.4045238095238095
2019-12-10,DCOILWTICO,WTI,daily,59.22,1.41
2019-12-11,DCOILWTICO,WTI,daily,58.74,1.3985714285714286
2019-12-12,DCOILWTICO,WTI,daily,59.18,1.409047619047619
2019-12-13,DCOILWTICO,WTI,daily,60.11,1.4311904761904761
2019-12-16,DCOILWTICO,WTI,daily,60.21,1.4335714285714285
2019-12-17,DCOILWTICO,WTI,daily,60.88,1.4495238095238097
2019-12-18,DCOILWTICO,WTI,daily,60.93,1.4507142857142856
2019-12-19,DCOILWTICO,WTI,daily,61.3,1.4595238095238094
2019-12-20,DCOILWTICO,WTI,daily,60.43,1.4388095238095238
2019-12-23,DCOILWTICO,WTI,daily,60.51,1.4407142857142856
2019-12-24,DCOILWTICO,WTI,daily,61.17,1.4564285714285714
2019-12-25,DCOILWTICO,WTI,daily,,
2019-12-26,DCOILWTICO,WTI,daily,61.72,1.4695238095238095
2019-12-27,DCOILWTICO,WTI,daily,61.76,1.4704761904761905
2019-12-30,DCOILWTICO,WTI,daily,61.66,1.4680952380952381
2019-12-31,DCOILWTICO,WTI,daily,61.14,1.4557142857142857
2020-01-01,DCOILWTICO,WTI,daily,,
2020-01-02,DCOILWTICO,WTI,daily,61.17,1.4564285714285714
2020-01-03,DCOILWTICO,WTI,daily,63.0,1.5
2020-01-06,DCOILWTICO,WTI,daily,63.27,1.5064285714285715
2020-01-07,DCOILWTICO,WTI,daily,62.7,1.4928571428571429
2020-01-08,DCOILWTICO,WTI,daily,59.65,1.4202380952380953
2020-01-09,DCOILWTICO,WTI,daily,59.56,1.418095238095238
2020-01-10,DCOILWTICO,WTI,daily,59.02,1.4052380952380954
2020-01-13,DCOILWTICO,WTI,daily,58.17,1.385
2020-01-14,DCOILWTICO,WTI,daily,58.34,1.389047619047619
2020-01-15,DCOILWTICO,WTI,daily,57.86,1.3776190476190475
2020-01-16,DCOILWTICO,WTI,daily,58.52,1.3933333333333333
2020-01-17,DCOILWTICO,WTI,daily,58.55,1.394047619047619
2020-01-20,DCOILWTICO,WTI,daily,,
2020-01-21,DCOILWTICO,WTI,daily,58.25,1.3869047619047619
2020-01-22,DCOILWTICO,WTI,daily,56.76,1.3514285714285714
2020-01-23,DCOILWTICO,WTI,daily,55.51,1.3216666666666665
2020-01-24,DCOILWTICO,WTI,daily,54.09,1.287857142857143
2020-01-27,DCOILWTICO,WTI,daily,53.09,1.264047619047619
2020-01-28,DCOILWTICO,WTI,daily,53.33,1.2697619047619046
2020-01-29,DCOILWTICO,WTI,daily,53.29,1.2688095238095238
2020-01-30,DCOILWTICO,WTI,daily,52.19,1.2426190476190475
2020-01-31,DCOILWTICO,WTI,daily,51.58,1.2280952380952381
2020-02-03,DCOILWTICO,WTI,daily,50.06,1.191904761904762
2020-02-04,DCOILWTICO,WTI,daily,49.59,1.1807142857142858
2020-02-05,DCOILWTICO,WTI,daily,50.87,1.2111904761904762
2020-02-06,DCOILWTICO,WTI,daily,50.94,1.2128571428571429
2020-02-07,DCOILWTICO,WTI,daily,50.34,1.1985714285714286
2020-02-10,DCOILWTICO,WTI,daily,49.59,1.1807142857142858
2020-02-11,DCOILWTICO,WTI,daily,50.0,1.1904761904761905
2020-02-12,DCOILWTICO,WTI,daily,51.13,1.2173809523809525
2020-02-13,DCOILWTICO,WTI,daily,51.41,1.224047619047619
2020-02-14,DCOILWTICO,WTI,daily,52.03,1.2388095238095238
2020-02-17,DCOILWTICO,WTI,daily,,
2020-02-18,DCOILWTICO,WTI,daily,52.1,1.2404761904761905
2020-02-19,DCOILWTICO,WTI,daily,53.31,1.2692857142857144
2020-02-20,DCOILWTICO,WTI,daily,53.77,1.2802380952380954
2020-02-21,DCOILWTICO,WTI,daily,53.36,1.2704761904761905
2020-02-24,DCOILWTICO,WTI,daily,51.36,1.2228571428571429
2020-02-25,DCOILWTICO,WTI,daily,49.78,1.1852380952380952
2020-02-26,DCOILWTICO,WTI,daily,48.67,1.158809523809524
2020-02-27,DCOILWTICO,WTI,daily,47.17,1.1230952380952381
2020-02-28,DCOILWTICO,WTI,daily,44.83,1.0673809523809523
2020-03-02,DCOILWTICO,WTI,daily,46.78,1.1138095238095238
2020-03-03,DCOILWTICO,WTI,daily,47.27,1.1254761904761905
2020-03-04,DCOILWTICO,WTI,daily,46.78,1.1138095238095238
2020-03-05,DCOILWTICO,WTI,daily,45.9,1.0928571428571427
2020-03-06,DCOILWTICO,WTI,daily,41.14,0.9795238095238096
2020-03-09,DCOILWTICO,WTI,daily,31.05,0.7392857142857143
2020-03-10,DCOILWTICO,WTI,daily,34.47,0.8207142857142857
2020-03-11,DCOILWTICO,WTI,daily,33.13,0.7888095238095238
2020-03-12,DCOILWTICO,WTI,daily,31.56,0.7514285714285714
2020-03-13,DCOILWTICO,WTI,daily,31.72,0.7552380952380953
2020-03-16,DCOILWTICO,WTI,daily,28.96,0.6895238095238095
2020-03-17,DCOILWTICO,WTI,daily,26.96,0.641904761904762
2020-03-18,DCOILWTICO,WTI,daily,20.48,0.4876190476190476
2020-03-19,DCOILWTICO,WTI,daily,25.09,0.5973809523809523
2020-03-20,DCOILWTICO,WTI,daily,19.48,0.46380952380952384
2020-03-23,DCOILWTICO,WTI,daily,23.33,0.5554761904761905
2020-03-24,DCOILWTICO,WTI,daily,21.03,0.5007142857142858
2020-03-25,DCOILWTICO,WTI,daily,20.75,0.49404761904761907
2020-03-26,DCOILWTICO,WTI,daily,16.6,0.3952380952380953
2020-03-27,DCOILWTICO,WTI,daily,15.48,0.3685714285714286
2020-03-30,DCOILWTICO,WTI,daily,14.1,0.3357142857142857
2020-03-31,DCOILWTICO,WTI,daily,20.51,0.4883333333333334
2020-04-01,DCOILWTICO,WTI,daily,20.28,0.4828571428571429
2020-04-02,DCOILWTICO,WTI,daily,25.18,0.5995238095238096
2020-04-03,DCOILWTICO,WTI,daily,28.36,0.6752380952380952
2020-04-06,DCOILWTICO,WTI,daily,26.21,0.6240476190476191
2020-04-07,DCOILWTICO,WTI,daily,23.54,0.5604761904761905
2020-04-08,DCOILWTICO,WTI,daily,24.97,0.5945238095238095
2020-04-09,DCOILWTICO,WTI,daily,22.9,0.5452380952380952
2020-04-10,DCOILWTICO,WTI,daily,,
2020-04-13,DCOILWTICO,WTI,daily,22.36,0.5323809523809524
2020-04-14,DCOILWTICO,WTI,daily,20.15,0.4797619047619047
2020-04-15,DCOILWTICO,WTI,daily,19.96,0.47523809523809524
2020-04-16,DCOILWTICO,WTI,daily,19.82,0.47190476190476194
2020-04-17,DCOILWTICO,WTI,daily,18.31,0.4359523809523809
2020-04-20,DCOILWTICO,WTI,daily,-36.98,-0.8804761904761904
2020-04-21,DCOILWTICO,WTI,daily,8.91,0.21214285714285713
2020-04-22,DCOILWTICO,WTI,daily,13.64,0.32476190476190475
2020-04-23,DCOILWTICO,WTI,daily,15.06,0.3585714285714286
2020-04-24,DCOILWTICO,WTI,daily,15.99,0.3807142857142857
2020-04-27,DCOILWTICO,WTI,daily,12.17,0.2897619047619048
2020-04-28,DCOILWTICO,WTI,daily,12.4,0.29523809523809524
2020-04-29,DCOILWTICO,WTI,daily,15.04,0.3580952380952381
2020-04-30,DCOILWTICO,WTI,daily,19.23,0.45785714285714285
2020-05-01,DCOILWTICO,WTI,daily,19.72,0.4695238095238095
2020-05-04,DCOILWTICO,WTI,daily,20.47,0.48738095238095236
2020-05-05,DCOILWTICO,WTI,daily,24.56,0.5847619047619047
2020-05-06,DCOILWTICO,WTI,daily,23.88,0.5685714285714285
2020-05-07,DCOILWTICO,WTI,daily,23.68,0.5638095238095238
2020-05-08,DCOILWTICO,WTI,daily,24.73,0.5888095238095238
2020-05-11,DCOILWTICO,WTI,daily,24.02,0.5719047619047619
2020-05-12,DCOILWTICO,WTI,daily,25.76,0.6133333333333334
2020-05-13,DCOILWTICO,WTI,daily,25.37,0.604047619047619
2020-05-14,DCOILWTICO,WTI,daily,27.4,0.6523809523809524
2020-05-15,DCOILWTICO,WTI,daily,29.44,0.700952380952381
2020-05-18,DCOILWTICO,WTI,daily,31.83,0.7578571428571428
2020-05-19,DCOILWTICO,WTI,daily,32.3,0.769047619047619
2020-05-20,DCOILWTICO,WTI,daily,33.56,0.7990476190476191
2020-05-21,DCOILWTICO,WTI,daily,34.3,0.8166666666666667
2020-05-22,DCOILWTICO,WTI,daily,33.49,0.7973809523809524
2020-05-25,DCOILWTICO,WTI,daily,,
2020-05-26,DCOILWTICO,WTI,daily,34.7,0.8261904761904763
2020-05-27,DCOILWTICO,WTI,daily,32.8,0.7809523809523808
2020-05-28,DCOILWTICO,WTI,daily,33.67,0.8016666666666667
2020-05-29,DCOILWTICO,WTI,daily,35.57,0.8469047619047619
2020-06-01,DCOILWTICO,WTI,daily,35.49,0.8450000000000001
2020-06-02,DCOILWTICO,WTI,daily,36.88,0.8780952380952382
2020-06-03,DCOILWTICO,WTI,daily,37.33,0.8888095238095237
2020-06-04,DCOILWTICO,WTI,daily,37.42,0.8909523809523809
2020-06-05,DCOILWTICO,WTI,daily,39.49,0.9402380952380953
2020-06-08,DCOILWTICO,WTI,daily,38.17,0.9088095238095238
2020-06-09,DCOILWTICO,WTI,daily,38.98,0.928095238095238
2020-06-10,DCOILWTICO,WTI,daily,39.54,0.9414285714285714
2020-06-11,DCOILWTICO,WTI,daily,36.43,0.8673809523809524
2020-06-12,DCOILWTICO,WTI,daily,36.24,0.8628571428571429
2020-06-15,DCOILWTICO,WTI,daily,37.07,0.8826190476190476
2020-06-16,DCOILWTICO,WTI,daily,38.26,0.910952380952381
2020-06-17,DCOILWTICO,WTI,daily,37.91,0.9026190476190475
2020-06-18,DCOILWTICO,WTI,daily,38.79,0.9235714285714286
2020-06-19,DCOILWTICO,WTI,daily,39.72,0.9457142857142857
2020-06-22,DCOILWTICO,WTI,daily,40.6,0.9666666666666667
2020-06-23,DCOILWTICO,WTI,daily,40.4,0.9619047619047618
2020-06-24,DCOILWTICO,WTI,daily,37.91,0.9026190476190475
2020-06-25,DCOILWTICO,WTI,daily,38.66,0.9204761904761904
2020-06-26,DCOILWTICO,WTI,daily,38.53,0.9173809523809524
2020-06-29,DCOILWTICO,WTI,daily,39.67,0.9445238095238095
2020-06-30,DCOILWTICO,WTI,daily,39.27,0.935
2020-07-01,DCOILWTICO,WTI,daily,39.88,0.9495238095238095
2020-07-02,DCOILWTICO,WTI,daily,40.57,0.965952380952381
2020-07-03,DCOILWTICO,WTI,daily,,
2020-07-06,DCOILWTICO,WTI,daily,40.51,0.9645238095238095
2020-07-07,DCOILWTICO,WTI,daily,40.59,0.9664285714285715
2020-07-08,DCOILWTICO,WTI,daily,40.91,0.9740476190476189
2020-07-09,DCOILWTICO,WTI,daily,39.64,0.9438095238095239
2020-07-10,DCOILWTICO,WTI,daily,40.56,0.9657142857142857
2020-07-13,DCOILWTICO,WTI,daily,40.06,0.9538095238095239
2020-07-14,DCOILWTICO,WTI,daily,40.3,0.9595238095238094
2020-07-15,DCOILWTICO,WTI,daily,41.2,0.980952380952381
2020-07-16,DCOILWTICO,WTI,daily,40.74,0.9700000000000001
2020-07-17,DCOILWTICO,WTI,daily,40.55,0.9654761904761904
2020-07-20,DCOILWTICO,WTI,daily,40.83,0.9721428571428571
2020-07-21,DCOILWTICO,WTI,daily,41.76,0.9942857142857142
2020-07-22,DCOILWTICO,WTI,daily,41.88,0.9971428571428572
2020-07-23,DCOILWTICO,WTI,daily,40.99,0.975952380952381
2020-07-24,DCOILWTICO,WTI,daily,41.23,0.9816666666666666
2020-07-27,DCOILWTICO,WTI,daily,41.46,0.9871428571428572
2020-07-28,DCOILWTICO,WTI,daily,40.89,0.9735714285714285
2020-07-29,DCOILWTICO,WTI,daily,41.13,0.9792857142857143
2020-07-30,DCOILWTICO,WTI,daily,39.85,0.9488095238095239
2020-07-31,DCOILWTICO,WTI,daily,40.1,0.9547619047619048
2020-08-03,DCOILWTICO,WTI,daily,40.83,0.9721428571428571
2020-08-04,DCOILWTICO,WTI,daily,41.67,0.9921428571428572
2020-08-05,DCOILWTICO,WTI,daily,42.25,1.005952380952381
2020-08-06,DCOILWTICO,WTI,daily,41.93,0.9983333333333333
2020-08-07,DCOILWTICO,WTI,daily,41.16,0.9799999999999999
2020-08-10,DCOILWTICO,WTI,daily,41.94,0.9985714285714286
2020-08-11,DCOILWTICO,WTI,daily,41.53,0.9888095238095238
2020-08-12,DCOILWTICO,WTI,daily,42.6,1.0142857142857142
2020-08-13,DCOILWTICO,WTI,daily,42.26,1.006190476190476
2020-08-14,DCOILWTICO,WTI,daily,42.05,1.0011904761904762
2020-08-17,DCOILWTICO,WTI,daily,42.89,1.0211904761904762
2020-08-18,DCOILWTICO,WTI,daily,42.89,1.0211904761904762
2020-08-19,DCOILWTICO,WTI,daily,42.91,1.0216666666666665
2020-08-20,DCOILWTICO,WTI,daily,42.62,1.0147619047619048
2020-08-21,DCOILWTICO,WTI,daily,42.32,1.0076190476190476
2020-08-24,DCOILWTICO,WTI,daily,42.44,1.0104761904761905
2020-08-25,DCOILWTICO,WTI,daily,43.17,1.0278571428571428
2020-08-26,DCOILWTICO,WTI,daily,43.21,1.0288095238095238
2020-08-27,DCOILWTICO,WTI,daily,42.88,1.020952380952381
2020-08-28,DCOILWTICO,WTI,daily,42.96,1.022857142857143
2020-08-31,DCOILWTICO,WTI,daily,42.61,1.0145238095238096
2020-09-01,DCOILWTICO,WTI,daily,42.76,1.018095238095238
2020-09-02,DCOILWTICO,WTI,daily,42.76,1.018095238095238
2020-09-03,DCOILWTICO,WTI,daily,41.39,0.9854761904761905
2020-09-04,DCOILWTICO,WTI,daily,39.69,0.945
2020-09-07,DCOILWTICO,WTI,daily,,
2020-09-08,DCOILWTICO,WTI,daily,36.87,0.8778571428571428
2020-09-09,DCOILWTICO,WTI,daily,38.05,0.9059523809523808
2020-09-10,DCOILWTICO,WTI,daily,37.25,0.8869047619047619
2020-09-11,DCOILWTICO,WTI,daily,37.33,0.8888095238095237
2020-09-14,DCOILWTICO,WTI,daily,37.23,0.8864285714285713
2020-09-15,DCOILWTICO,WTI,daily,38.29,0.9116666666666666
2020-09-16,DCOILWTICO,WTI,daily,40.17,0.9564285714285715
2020-09-17,DCOILWTICO,WTI,daily,40.99,0.975952380952381
2020-09-18,DCOILWTICO,WTI,daily,41.09,0.9783333333333334
2020-09-21,DCOILWTICO,WTI,daily,39.26,0.9347619047619047
2020-09-22,DCOILWTICO,WTI,daily,39.55,0.9416666666666667
2020-09-23,DCOILWTICO,WTI,daily,39.92,0.9504761904761905
2020-09-24,DCOILWTICO,WTI,daily,40.11,0.955
2020-09-25,DCOILWTICO,WTI,daily,40.06,0.9538095238095239
2020-09-28,DCOILWTICO,WTI,daily,40.47,0.9635714285714285
2020-09-29,DCOILWTICO,WTI,daily,39.03,0.9292857142857143
2020-09-30,DCOILWTICO,WTI,daily,40.05,0.9535714285714285
2020-10-01,DCOILWTICO,WTI,daily,38.51,0.9169047619047619
2020-10-02,DCOILWTICO,WTI,daily,36.9,0.8785714285714286
2020-10-05,DCOILWTICO,WTI,daily,39.12,0.9314285714285714
2020-10-06,DCOILWTICO,WTI,daily,40.52,0.9647619047619048
2020-10-07,DCOILWTICO,WTI,daily,39.82,0.9480952380952381
2020-10-08,DCOILWTICO,WTI,daily,41.04,0.9771428571428571
2020-10-09,DCOILWTICO,WTI,daily,40.44,0.9628571428571429
2020-10-12,DCOILWTICO,WTI,daily,39.22,0.9338095238095238
2020-10-13,DCOILWTICO,WTI,daily,40.03,0.9530952380952381
2020-10-14,DCOILWTICO,WTI,daily,40.86,0.9728571428571429
2020-10-15,DCOILWTICO,WTI,daily,40.84,0.9723809523809525
2020-10-16,DCOILWTICO,WTI,daily,40.7,0.9690476190476192
2020-10-19,DCOILWTICO,WTI,daily,40.69,0.9688095238095238
2020-10-20,DCOILWTICO,WTI,daily,41.37,0.985
2020-10-21,DCOILWTICO,WTI,daily,39.88,0.9495238095238095
2020-10-22,DCOILWTICO,WTI,daily,40.46,0.9633333333333334
2020-10-23,DCOILWTICO,WTI,daily,39.73,0.9459523809523809
2020-10-26,DCOILWTICO,WTI,daily,38.39,0.9140476190476191
2020-10-27,DCOILWTICO,WTI,daily,39.34,0.9366666666666668
2020-10-28,DCOILWTICO,WTI,daily,37.27,0.8873809523809525
2020-10-29,DCOILWTICO,WTI,daily,35.94,0.8557142857142856
2020-10-30,DCOILWTICO,WTI,daily,35.64,0.8485714285714285
2020-11-02,DCOILWTICO,WTI,daily,36.6,0.8714285714285714
2020-11-03,DCOILWTICO,WTI,daily,37.44,0.8914285714285713
2020-11-04,DCOILWTICO,WTI,daily,38.97,0.9278571428571428
2020-11-05,DCOILWTICO,WTI,daily,38.56,0.9180952380952382
2020-11-06,DCOILWTICO,WTI,daily,36.97,0.8802380952380953
2020-11-09,DCOILWTICO,WTI,daily,40.05,0.9535714285714285
2020-11-10,DCOILWTICO,WTI,daily,41.18,0.9804761904761905
2020-11-11,DCOILWTICO,WTI,daily,41.23,0.9816666666666666
2020-11-12,DCOILWTICO,WTI,daily,40.9,0.9738095238095238
2020-11-13,DCOILWTICO,WTI,daily,39.93,0.9507142857142857
2020-11-16,DCOILWTICO,WTI,daily,41.14,0.9795238095238096
2020-11-17,DCOILWTICO,WTI,daily,41.24,0.981904761904762
2020-11-18,DCOILWTICO,WTI,daily,41.64,0.9914285714285714
2020-11-19,DCOILWTICO,WTI,daily,41.57,0.9897619047619047
2020-11-20,DCOILWTICO,WTI,daily,41.99,0.9997619047619049
2020-11-23,DCOILWTICO,WTI,daily,42.91,1.0216666666666665
2020-11-24,DCOILWTICO,WTI,daily,44.71,1.0645238095238096
2020-11-25,DCOILWTICO,WTI,daily,45.58,1.0852380952380951
2020-11-26,DCOILWTICO,WTI,daily,,
2020-11-27,DCOILWTICO,WTI,daily,,
2020-11-30,DCOILWTICO,WTI,daily,45.2,1.0761904761904764
2020-12-01,DCOILWTICO,WTI,daily,44.54,1.0604761904761904
2020-12-02,DCOILWTICO,WTI,daily,45.23,1.0769047619047618
2020-12-03,DCOILWTICO,WTI,daily,45.65,1.0869047619047618
2020-12-04,DCOILWTICO,WTI,daily,46.23,1.1007142857142855
2020-12-07,DCOILWTICO,WTI,daily,45.72,1.0885714285714285
2020-12-08,DCOILWTICO,WTI,daily,45.64,1.0866666666666667
2020-12-09,DCOILWTICO,WTI,daily,45.48,1.0828571428571427
2020-12-10,DCOILWTICO,WTI,daily,46.76,1.1133333333333333
2020-12-11,DCOILWTICO,WTI,daily,46.59,1.1092857142857144
2020-12-14,DCOILWTICO,WTI,daily,47.02,1.1195238095238096
2020-12-15,DCOILWTICO,WTI,daily,47.58,1.1328571428571428
2020-12-16,DCOILWTICO,WTI,daily,47.86,1.1395238095238096
2020-12-17,DCOILWTICO,WTI,daily,48.34,1.150952380952381
2020-12-18,DCOILWTICO,WTI,daily,49.04,1.1676190476190476
2020-12-21,DCOILWTICO,WTI,daily,47.79,1.137857142857143
2020-12-22,DCOILWTICO,WTI,daily,47.02,1.1195238095238096
2020-12-23,DCOILWTICO,WTI,daily,47.94,1.1414285714285715
2020-12-24,DCOILWTICO,WTI,daily,48.18,1.1471428571428572
2020-12-25,DCOILWTICO,WTI,daily,,
2020-12-28,DCOILWTICO,WTI,daily,47.5,1.130952380952381
2020-12-29,DCOILWTICO,WTI,daily,47.85,1.1392857142857142
2020-12-30,DCOILWTICO,WTI,daily,48.24,1.1485714285714286
2020-12-31,DCOILWTICO,WTI,daily,48.35,1.1511904761904763
2021-01-01,DCOILWTICO,WTI,daily,,
2021-01-04,DCOILWTICO,WTI,daily,47.47,1.1302380952380953
2021-01-05,DCOILWTICO,WTI,daily,49.78,1.1852380952380952
2021-01-06,DCOILWTICO,WTI,daily,50.45,1.2011904761904764
2021-01-07,DCOILWTICO,WTI,daily,50.63,1.2054761904761906
2021-01-08,DCOILWTICO,WTI,daily,52.14,1.2414285714285715
2021-01-11,DCOILWTICO,WTI,daily,52.15,1.2416666666666667
2021-01-12,DCOILWTICO,WTI,daily,53.08,1.2638095238095237
2021-01-13,DCOILWTICO,WTI,daily,52.81,1.2573809523809525
2021-01-14,DCOILWTICO,WTI,daily,53.47,1.273095238095238
2021-01-15,DCOILWTICO,WTI,daily,52.25,1.244047619047619
2021-01-18,DCOILWTICO,WTI,daily,,
2021-01-19,DCOILWTICO,WTI,daily,52.87,1.2588095238095238
2021-01-20,DCOILWTICO,WTI,daily,53.16,1.2657142857142856
2021-01-21,DCOILWTICO,WTI,daily,53.0,1.2619047619047619
2021-01-22,DCOILWTICO,WTI,daily,52.28,1.2447619047619047
2021-01-25,DCOILWTICO,WTI,daily,52.78,1.2566666666666666
2021-01-26,DCOILWTICO,WTI,daily,52.61,1.2526190476190475
2021-01-27,DCOILWTICO,WTI,daily,52.81,1.2573809523809525
2021-01-28,DCOILWTICO,WTI,daily,52.26,1.2442857142857142
2021-01-29,DCOILWTICO,WTI,daily,52.16,1.2419047619047618
2021-02-01,DCOILWTICO,WTI,daily,53.55,1.275
2021-02-02,DCOILWTICO,WTI,daily,54.77,1.3040476190476191
2021-02-03,DCOILWTICO,WTI,daily,55.67,1.3254761904761905
2021-02-04,DCOILWTICO,WTI,daily,56.19,1.3378571428571429
2021-02-05,DCOILWTICO,WTI,daily,56.8,1.3523809523809522
2021-02-08,DCOILWTICO,WTI,daily,57.95,1.3797619047619047
2021-02-09,DCOILWTICO,WTI,daily,58.34,1.389047619047619
2021-02-10,DCOILWTICO,WTI,daily,58.69,1.3973809523809524
2021-02-11,DCOILWTICO,WTI,daily,58.22,1.3861904761904762
2021-02-12,DCOILWTICO,WTI,daily,59.5,1.4166666666666667
2021-02-15,DCOILWTICO,WTI,daily,,
2021-02-16,DCOILWTICO,WTI,daily,60.07,1.4302380952380953
2021-02-17,DCOILWTICO,WTI,daily,61.09,1.4545238095238096
2021-02-18,DCOILWTICO,WTI,daily,60.4,1.438095238095238
2021-02-19,DCOILWTICO,WTI,daily,59.12,1.4076190476190475
2021-02-22,DCOILWTICO,WTI,daily,61.67,1.4683333333333333
2021-02-23,DCOILWTICO,WTI,daily,61.66,1.4680952380952381
2021-02-24,DCOILWTICO,WTI,daily,63.21,1.5050000000000001
2021-02-25,DCOILWTICO,WTI,daily,63.43,1.5102380952380952
2021-02-26,DCOILWTICO,WTI,daily,61.55,1.4654761904761904
2021-03-01,DCOILWTICO,WTI,daily,60.54,1.4414285714285715
2021-03-02,DCOILWTICO,WTI,daily,59.7,1.4214285714285715
2021-03-03,DCOILWTICO,WTI,daily,61.33,1.4602380952380951
2021-03-04,DCOILWTICO,WTI,daily,63.81,1.5192857142857144
2021-03-05,DCOILWTICO,WTI,daily,66.08,1.5733333333333333
2021-03-08,DCOILWTICO,WTI,daily,65.03,1.5483333333333333
2021-03-09,DCOILWTICO,WTI,daily,64.02,1.5242857142857142
2021-03-10,DCOILWTICO,WTI,daily,64.45,1.5345238095238096
2021-03-11,DCOILWTICO,WTI,daily,66.02,1.571904761904762
2021-03-12,DCOILWTICO,WTI,daily,65.59,1.5616666666666668
2021-03-15,DCOILWTICO,WTI,daily,65.36,1.5561904761904761
2021-03-16,DCOILWTICO,WTI,daily,64.82,1.5433333333333332
2021-03-17,DCOILWTICO,WTI,daily,64.55,1.5369047619047618
2021-03-18,DCOILWTICO,WTI,daily,59.95,1.4273809523809524
2021-03-19,DCOILWTICO,WTI,daily,61.43,1.4626190476190477
2021-03-22,DCOILWTICO,WTI,daily,61.48,1.4638095238095237
2021-03-23,DCOILWTICO,WTI,daily,57.75,1.375
2021-03-24,DCOILWTICO,WTI,daily,61.12,1.4552380952380952
2021-03-25,DCOILWTICO,WTI,daily,58.47,1.3921428571428571
2021-03-26,DCOILWTICO,WTI,daily,60.93,1.4507142857142856
2021-03-29,DCOILWTICO,WTI,daily,61.49,1.464047619047619
2021-03-30,DCOILWTICO,WTI,daily,60.55,1.4416666666666667
2021-03-31,DCOILWTICO,WTI,daily,59.19,1.4092857142857143
2021-04-01,DCOILWTICO,WTI,daily,61.41,1.462142857142857
2021-04-02,DCOILWTICO,WTI,daily,,
2021-04-05,DCOILWTICO,WTI,daily,58.73,1.3983333333333332
2021-04-06,DCOILWTICO,WTI,daily,59.34,1.412857142857143
2021-04-07,DCOILWTICO,WTI,daily,59.77,1.4230952380952382
2021-04-08,DCOILWTICO,WTI,daily,59.61,1.4192857142857143
2021-04-09,DCOILWTICO,WTI,daily,59.29,1.4116666666666666
2021-04-12,DCOILWTICO,WTI,daily,59.7,1.4214285714285715
2021-04-13,DCOILWTICO,WTI,daily,60.2,1.4333333333333333
2021-04-14,DCOILWTICO,WTI,daily,63.15,1.5035714285714286
2021-04-15,DCOILWTICO,WTI,daily,63.42,1.51
2021-04-16,DCOILWTICO,WTI,daily,63.16,1.5038095238095237
2021-04-19,DCOILWTICO,WTI,daily,63.33,1.5078571428571428
2021-04-20,DCOILWTICO,WTI,daily,62.61,1.4907142857142857
2021-04-21,DCOILWTICO,WTI,daily,61.34,1.4604761904761905
2021-04-22,DCOILWTICO,WTI,daily,61.45,1.4630952380952382
2021-04-23,DCOILWTICO,WTI,daily,62.18,1.4804761904761905
2021-04-26,DCOILWTICO,WTI,daily,62.02,1.4766666666666668
2021-04-27,DCOILWTICO,WTI,daily,63.03,1.5007142857142857
2021-04-28,DCOILWTICO,WTI,daily,63.81,1.5192857142857144
2021-04-29,DCOILWTICO,WTI,daily,65.0,1.5476190476190477
2021-04-30,DCOILWTICO,WTI,daily,63.5,1.5119047619047619
2021-05-03,DCOILWTICO,WTI,daily,64.46,1.5347619047619045
2021-05-04,DCOILWTICO,WTI,daily,65.72,1.5647619047619048
2021-05-05,DCOILWTICO,WTI,daily,65.63,1.5626190476190476
2021-05-06,DCOILWTICO,WTI,daily,64.73,1.5411904761904762
2021-05-07,DCOILWTICO,WTI,daily,64.96,1.5466666666666664
2021-05-10,DCOILWTICO,WTI,daily,64.92,1.5457142857142858
2021-05-11,DCOILWTICO,WTI,daily,65.31,1.5550000000000002
2021-05-12,DCOILWTICO,WTI,daily,65.96,1.5704761904761904
2021-05-13,DCOILWTICO,WTI,daily,63.82,1.5195238095238095
2021-05-14,DCOILWTICO,WTI,daily,65.32,1.555238095238095
2021-05-17,DCOILWTICO,WTI,daily,66.24,1.577142857142857
2021-05-18,DCOILWTICO,WTI,daily,65.49,1.5592857142857142
2021-05-19,DCOILWTICO,WTI,daily,63.28,1.5066666666666666
2021-05-20,DCOILWTICO,WTI,daily,61.95,1.475
2021-05-21,DCOILWTICO,WTI,daily,63.61,1.5145238095238096
2021-05-24,DCOILWTICO,WTI,daily,66.13,1.5745238095238094
2021-05-25,DCOILWTICO,WTI,daily,66.27,1.5778571428571428
2021-05-26,DCOILWTICO,WTI,daily,66.41,1.581190476190476
2021-05-27,DCOILWTICO,WTI,daily,66.87,1.5921428571428573
2021-05-28,DCOILWTICO,WTI,daily,66.31,1.5788095238095239
2021-05-31,DCOILWTICO,WTI,daily,,
2021-06-01,DCOILWTICO,WTI,daily,67.8,1.6142857142857143
2021-06-02,DCOILWTICO,WTI,daily,68.79,1.637857142857143
2021-06-03,DCOILWTICO,WTI,daily,68.81,1.6383333333333334
2021-06-04,DCOILWTICO,WTI,daily,69.57,1.6564285714285714
2021-06-07,DCOILWTICO,WTI,daily,69.21,1.6478571428571427
2021-06-08,DCOILWTICO,WTI,daily,70.11,1.6692857142857143
2021-06-09,DCOILWTICO,WTI,daily,69.9,1.6642857142857144
2021-06-10,DCOILWTICO,WTI,daily,70.34,1.674761904761905
2021-06-11,DCOILWTICO,WTI,daily,71.0,1.6904761904761905
2021-06-14,DCOILWTICO,WTI,daily,70.94,1.689047619047619
2021-06-15,DCOILWTICO,WTI,daily,72.06,1.7157142857142857
2021-06-16,DCOILWTICO,WTI,daily,72.03,1.715
2021-06-17,DCOILWTICO,WTI,daily,71.06,1.691904761904762
2021-06-18,DCOILWTICO,WTI,daily,71.64,1.7057142857142857
2021-06-21,DCOILWTICO,WTI,daily,73.64,1.7533333333333334
2021-06-22,DCOILWTICO,WTI,daily,73.15,1.7416666666666667
2021-06-23,DCOILWTICO,WTI,daily,73.11,1.7407142857142857
2021-06-24,DCOILWTICO,WTI,daily,73.31,1.7454761904761906
2021-06-25,DCOILWTICO,WTI,daily,74.21,1.7669047619047618
2021-06-28,DCOILWTICO,WTI,daily,72.98,1.7376190476190476
2021-06-29,DCOILWTICO,WTI,daily,73.14,1.7414285714285715
2021-06-30,DCOILWTICO,WTI,daily,73.52,1.7504761904761903
2021-07-01,DCOILWTICO,WTI,daily,75.33,1.7935714285714286
2021-07-02,DCOILWTICO,WTI,daily,75.37,1.7945238095238096
2021-07-05,DCOILWTICO,WTI,daily,,
2021-07-06,DCOILWTICO,WTI,daily,73.62,1.752857142857143
2021-07-07,DCOILWTICO,WTI,daily,72.22,1.7195238095238095
2021-07-08,DCOILWTICO,WTI,daily,72.98,1.7376190476190476
2021-07-09,DCOILWTICO,WTI,daily,74.56,1.7752380952380953
2021-07-12,DCOILWTICO,WTI,daily,74.21,1.7669047619047618
2021-07-13,DCOILWTICO,WTI,daily,75.24,1.7914285714285714
2021-07-14,DCOILWTICO,WTI,daily,73.06,1.7395238095238095
2021-07-15,DCOILWTICO,WTI,daily,71.67,1.7064285714285714
2021-07-16,DCOILWTICO,WTI,daily,71.76,1.7085714285714286
2021-07-19,DCOILWTICO,WTI,daily,66.45,1.5821428571428573
2021-07-20,DCOILWTICO,WTI,daily,67.32,1.6028571428571428
2021-07-21,DCOILWTICO,WTI,daily,70.26,1.672857142857143
2021-07-22,DCOILWTICO,WTI,daily,72.15,1.717857142857143
2021-07-23,DCOILWTICO,WTI,daily,72.24,1.72
2021-07-26,DCOILWTICO,WTI,daily,72.15,1.717857142857143
2021-07-27,DCOILWTICO,WTI,daily,71.68,1.7066666666666668
2021-07-28,DCOILWTICO,WTI,daily,72.37,1.7230952380952382
2021-07-29,DCOILWTICO,WTI,daily,73.62,1.752857142857143
2021-07-30,DCOILWTICO,WTI,daily,73.93,1.7602380952380954
2021-08-02,DCOILWTICO,WTI,daily,71.31,1.697857142857143
2021-08-03,DCOILWTICO,WTI,daily,70.64,1.681904761904762
2021-08-04,DCOILWTICO,WTI,daily,68.19,1.6235714285714284
2021-08-05,DCOILWTICO,WTI,daily,69.1,1.6452380952380952
2021-08-06,DCOILWTICO,WTI,daily,68.26,1.6252380952380954
2021-08-09,DCOILWTICO,WTI,daily,66.56,1.5847619047619048
2021-08-10,DCOILWTICO,WTI,daily,68.33,1.6269047619047619
2021-08-11,DCOILWTICO,WTI,daily,69.3,1.65
2021-08-12,DCOILWTICO,WTI,daily,69.12,1.645714285714286
2021-08-13,DCOILWTICO,WTI,daily,68.36,1.6276190476190475
2021-08-16,DCOILWTICO,WTI,daily,67.44,1.6057142857142856
2021-08-17,DCOILWTICO,WTI,daily,66.5,1.5833333333333333
2021-08-18,DCOILWTICO,WTI,daily,65.36,1.5561904761904761
2021-08-19,DCOILWTICO,WTI,daily,63.69,1.5164285714285715
2021-08-20,DCOILWTICO,WTI,daily,62.25,1.4821428571428572
2021-08-23,DCOILWTICO,WTI,daily,65.65,1.5630952380952383
2021-08-24,DCOILWTICO,WTI,daily,67.5,1.6071428571428572
2021-08-25,DCOILWTICO,WTI,daily,68.54,1.631904761904762
2021-08-26,DCOILWTICO,WTI,daily,67.42,1.6052380952380954
2021-08-27,DCOILWTICO,WTI,daily,68.84,1.639047619047619
2021-08-30,DCOILWTICO,WTI,daily,69.28,1.6495238095238096
2021-08-31,DCOILWTICO,WTI,daily,68.43,1.6292857142857144
2021-09-01,DCOILWTICO,WTI,daily,68.63,1.634047619047619
2021-09-02,DCOILWTICO,WTI,daily,70.07,1.6683333333333332
2021-09-03,DCOILWTICO,WTI,daily,69.34,1.650952380952381
2021-09-06,DCOILWTICO,WTI,daily,,
2021-09-07,DCOILWTICO,WTI,daily,68.49,1.6307142857142856
2021-09-08,DCOILWTICO,WTI,daily,69.36,1.6514285714285715
2021-09-09,DCOILWTICO,WTI,daily,68.26,1.6252380952380954
2021-09-10,DCOILWTICO,WTI,daily,69.82,1.6623809523809523
2021-09-13,DCOILWTICO,WTI,daily,70.54,1.6795238095238096
2021-09-14,DCOILWTICO,WTI,daily,70.53,1.6792857142857143
2021-09-15,DCOILWTICO,WTI,daily,72.59,1.7283333333333335
2021-09-16,DCOILWTICO,WTI,daily,72.69,1.7307142857142856
2021-09-17,DCOILWTICO,WTI,daily,72.09,1.7164285714285714
2021-09-20,DCOILWTICO,WTI,daily,70.41,1.6764285714285714
2021-09-21,DCOILWTICO,WTI,daily,70.51,1.678809523809524
2021-09-22,DCOILWTICO,WTI,daily,72.37,1.7230952380952382
2021-09-23,DCOILWTICO,WTI,daily,73.43,1.7483333333333335
2021-09-24,DCOILWTICO,WTI,daily,74.18,1.7661904761904763
2021-09-27,DCOILWTICO,WTI,daily,75.54,1.7985714285714287
2021-09-28,DCOILWTICO,WTI,daily,75.44,1.7961904761904761
2021-09-29,DCOILWTICO,WTI,daily,75.06,1.7871428571428571
2021-09-30,DCOILWTICO,WTI,daily,75.22,1.7909523809523809
2021-10-01,DCOILWTICO,WTI,daily,76.01,1.809761904761905
2021-10-04,DCOILWTICO,WTI,daily,77.68,1.8495238095238098
2021-10-05,DCOILWTICO,WTI,daily,79.17,1.885
2021-10-06,DCOILWTICO,WTI,daily,77.66,1.849047619047619
2021-10-07,DCOILWTICO,WTI,daily,78.46,1.868095238095238
2021-10-08,DCOILWTICO,WTI,daily,79.55,1.894047619047619
2021-10-11,DCOILWTICO,WTI,daily,80.64,1.92
2021-10-12,DCOILWTICO,WTI,daily,80.75,1.9226190476190477
2021-10-13,DCOILWTICO,WTI,daily,80.67,1.9207142857142858
2021-10-14,DCOILWTICO,WTI,daily,81.43,1.938809523809524
2021-10-15,DCOILWTICO,WTI,daily,82.39,1.9616666666666667
2021-10-18,DCOILWTICO,WTI,daily,82.62,1.9671428571428573
2021-10-19,DCOILWTICO,WTI,daily,83.19,1.9807142857142856
2021-10-20,DCOILWTICO,WTI,daily,84.4,2.0095238095238095
2021-10-21,DCOILWTICO,WTI,daily,82.64,1.9676190476190476
2021-10-22,DCOILWTICO,WTI,daily,84.53,2.0126190476190478
2021-10-25,DCOILWTICO,WTI,daily,84.64,2.0152380952380953
2021-10-26,DCOILWTICO,WTI,daily,85.64,2.039047619047619
2021-10-27,DCOILWTICO,WTI,daily,82.66,1.9680952380952381
2021-10-28,DCOILWTICO,WTI,daily,82.78,1.970952380952381
2021-10-29,DCOILWTICO,WTI,daily,83.5,1.9880952380952381
2021-11-01,DCOILWTICO,WTI,daily,84.08,2.001904761904762
2021-11-02,DCOILWTICO,WTI,daily,83.91,1.9978571428571428
2021-11-03,DCOILWTICO,WTI,daily,80.82,1.9242857142857142
2021-11-04,DCOILWTICO,WTI,daily,78.88,1.878095238095238
2021-11-05,DCOILWTICO,WTI,daily,81.25,1.9345238095238095
2021-11-08,DCOILWTICO,WTI,daily,81.96,1.9514285714285713
2021-11-09,DCOILWTICO,WTI,daily,84.12,2.002857142857143
2021-11-10,DCOILWTICO,WTI,daily,81.23,1.9340476190476192
2021-11-11,DCOILWTICO,WTI,daily,81.47,1.9397619047619048
2021-11-12,DCOILWTICO,WTI,daily,80.87,1.9254761904761906
2021-11-15,DCOILWTICO,WTI,daily,80.85,1.9249999999999998
2021-11-16,DCOILWTICO,WTI,daily,80.76,1.922857142857143
2021-11-17,DCOILWTICO,WTI,daily,78.32,1.8647619047619046
2021-11-18,DCOILWTICO,WTI,daily,78.92,1.879047619047619
2021-11-19,DCOILWTICO,WTI,daily,76.11,1.812142857142857
2021-11-22,DCOILWTICO,WTI,daily,76.74,1.827142857142857
2021-11-23,DCOILWTICO,WTI,daily,78.32,1.8647619047619046
2021-11-24,DCOILWTICO,WTI,daily,78.32,1.8647619047619046
2021-11-25,DCOILWTICO,WTI,daily,,
2021-11-26,DCOILWTICO,WTI,daily,,
2021-11-29,DCOILWTICO,WTI,daily,69.88,1.6638095238095236
2021-11-30,DCOILWTICO,WTI,daily,66.14,1.5747619047619048
2021-12-01,DCOILWTICO,WTI,daily,65.44,1.558095238095238
2021-12-02,DCOILWTICO,WTI,daily,66.6,1.5857142857142856
2021-12-03,DCOILWTICO,WTI,daily,66.39,1.5807142857142857
2021-12-06,DCOILWTICO,WTI,daily,69.62,1.6576190476190478
2021-12-07,DCOILWTICO,WTI,daily,71.94,1.7128571428571429
2021-12-08,DCOILWTICO,WTI,daily,72.43,1.7245238095238098
2021-12-09,DCOILWTICO,WTI,daily,70.87,1.6873809523809524
2021-12-10,DCOILWTICO,WTI,daily,71.71,1.7073809523809522
2021-12-13,DCOILWTICO,WTI,daily,71.19,1.6949999999999998
2021-12-14,DCOILWTICO,WTI,daily,70.57,1.680238095238095
2021-12-15,DCOILWTICO,WTI,daily,70.89,1.687857142857143
2021-12-16,DCOILWTICO,WTI,daily,72.34,1.7223809523809526
2021-12-17,DCOILWTICO,WTI,daily,70.93,1.688809523809524
2021-12-20,DCOILWTICO,WTI,daily,68.69,1.6354761904761905
2021-12-21,DCOILWTICO,WTI,daily,71.1,1.6928571428571426
2021-12-22,DCOILWTICO,WTI,daily,72.82,1.7338095238095237
2021-12-23,DCOILWTICO,WTI,daily,73.89,1.7592857142857143
2021-12-24,DCOILWTICO,WTI,daily,,
2021-12-27,DCOILWTICO,WTI,daily,75.49,1.7973809523809523
2021-12-28,DCOILWTICO,WTI,daily,76.01,1.809761904761905
2021-12-29,DCOILWTICO,WTI,daily,76.58,1.8233333333333333
2021-12-30,DCOILWTICO,WTI,daily,76.83,1.8292857142857142
2021-12-31,DCOILWTICO,WTI,daily,75.33,1.7935714285714286
2022-01-03,DCOILWTICO,WTI,daily,75.99,1.8092857142857142
2022-01-04,DCOILWTICO,WTI,daily,77.0,1.8333333333333333
2022-01-05,DCOILWTICO,WTI,daily,77.83,1.8530952380952381
2022-01-06,DCOILWTICO,WTI,daily,79.47,1.8921428571428571
2022-01-07,DCOILWTICO,WTI,daily,79.0,1.880952380952381
2022-01-10,DCOILWTICO,WTI,daily,78.11,1.8597619047619047
2022-01-11,DCOILWTICO,WTI,daily,81.17,1.9326190476190477
2022-01-12,DCOILWTICO,WTI,daily,82.51,1.9645238095238096
2022-01-13,DCOILWTICO,WTI,daily,81.97,1.9516666666666667
2022-01-14,DCOILWTICO,WTI,daily,83.82,1.9957142857142856
2022-01-17,DCOILWTICO,WTI,daily,,
2022-01-18,DCOILWTICO,WTI,daily,85.42,2.033809523809524
2022-01-19,DCOILWTICO,WTI,daily,86.84,2.067619047619048
2022-01-20,DCOILWTICO,WTI,daily,86.29,2.05452380952381
2022-01-21,DCOILWTICO,WTI,daily,85.16,2.0276190476190474
2022-01-24,DCOILWTICO,WTI,daily,84.48,2.0114285714285716
2022-01-25,DCOILWTICO,WTI,daily,86.61,2.0621428571428573
2022-01-26,DCOILWTICO,WTI,daily,88.33,2.103095238095238
2022-01-27,DCOILWTICO,WTI,daily,87.61,2.085952380952381
2022-01-28,DCOILWTICO,WTI,daily,87.67,2.0873809523809523
2022-01-31,DCOILWTICO,WTI,daily,89.16,2.1228571428571428
2022-02-01,DCOILWTICO,WTI,daily,88.22,2.1004761904761904
2022-02-02,DCOILWTICO,WTI,daily,88.16,2.099047619047619
2022-02-03,DCOILWTICO,WTI,daily,90.17,2.146904761904762
2022-02-04,DCOILWTICO,WTI,daily,92.27,2.196904761904762
2022-02-07,DCOILWTICO,WTI,daily,91.25,2.1726190476190474
2022-02-08,DCOILWTICO,WTI,daily,89.32,2.1266666666666665
2022-02-09,DCOILWTICO,WTI,daily,89.57,2.1326190476190474
2022-02-10,DCOILWTICO,WTI,daily,89.83,2.138809523809524
2022-02-11,DCOILWTICO,WTI,daily,93.1,2.2166666666666663
2022-02-14,DCOILWTICO,WTI,daily,95.52,2.274285714285714
2022-02-15,DCOILWTICO,WTI,daily,92.07,2.192142857142857
2022-02-16,DCOILWTICO,WTI,daily,93.83,2.234047619047619
2022-02-17,DCOILWTICO,WTI,daily,91.78,2.185238095238095
2022-02-18,DCOILWTICO,WTI,daily,91.26,2.172857142857143
2022-02-21,DCOILWTICO,WTI,daily,,
2022-02-22,DCOILWTICO,WTI,daily,92.11,2.193095238095238
2022-02-23,DCOILWTICO,WTI,daily,92.14,2.1938095238095237
2022-02-24,DCOILWTICO,WTI,daily,92.77,2.208809523809524
2022-02-25,DCOILWTICO,WTI,daily,91.68,2.182857142857143
2022-02-28,DCOILWTICO,WTI,daily,96.13,2.288809523809524
2022-03-01,DCOILWTICO,WTI,daily,103.66,2.468095238095238
2022-03-02,DCOILWTICO,WTI,daily,110.74,2.6366666666666667
2022-03-03,DCOILWTICO,WTI,daily,107.69,2.564047619047619
2022-03-04,DCOILWTICO,WTI,daily,115.77,2.7564285714285712
2022-03-07,DCOILWTICO,WTI,daily,119.26,2.8395238095238096
2022-03-08,DCOILWTICO,WTI,daily,123.64,2.9438095238095237
2022-03-09,DCOILWTICO,WTI,daily,108.81,2.5907142857142857
2022-03-10,DCOILWTICO,WTI,daily,105.93,2.5221428571428572
2022-03-11,DCOILWTICO,WTI,daily,109.31,2.6026190476190476
2022-03-14,DCOILWTICO,WTI,daily,103.22,2.4576190476190476
2022-03-15,DCOILWTICO,WTI,daily,96.42,2.295714285714286
2022-03-16,DCOILWTICO,WTI,daily,94.85,2.2583333333333333
2022-03-17,DCOILWTICO,WTI,daily,102.97,2.4516666666666667
2022-03-18,DCOILWTICO,WTI,daily,104.69,2.4926190476190477
2022-03-21,DCOILWTICO,WTI,daily,112.14,2.67
2022-03-22,DCOILWTICO,WTI,daily,111.03,2.6435714285714287
2022-03-23,DCOILWTICO,WTI,daily,114.89,2.7354761904761906
2022-03-24,DCOILWTICO,WTI,daily,114.2,2.719047619047619
2022-03-25,DCOILWTICO,WTI,daily,116.2,2.7666666666666666
2022-03-28,DCOILWTICO,WTI,daily,107.55,2.5607142857142855
2022-03-29,DCOILWTICO,WTI,daily,104.25,2.482142857142857
2022-03-30,DCOILWTICO,WTI,daily,107.81,2.566904761904762
2022-03-31,DCOILWTICO,WTI,daily,100.53,2.3935714285714287
2022-04-01,DCOILWTICO,WTI,daily,99.32,2.3647619047619046
2022-04-04,DCOILWTICO,WTI,daily,103.29,2.4592857142857145
2022-04-05,DCOILWTICO,WTI,daily,101.98,2.428095238095238
2022-04-06,DCOILWTICO,WTI,daily,96.39,2.295
2022-04-07,DCOILWTICO,WTI,daily,96.05,2.2869047619047618
2022-04-08,DCOILWTICO,WTI,daily,98.35,2.3416666666666663
2022-04-11,DCOILWTICO,WTI,daily,94.22,2.243333333333333
2022-04-12,DCOILWTICO,WTI,daily,100.52,2.393333333333333
2022-04-13,DCOILWTICO,WTI,daily,104.26,2.4823809523809524
2022-04-14,DCOILWTICO,WTI,daily,106.84,2.5438095238095237
2022-04-15,DCOILWTICO,WTI,daily,,
2022-04-18,DCOILWTICO,WTI,daily,108.24,2.577142857142857
2022-04-19,DCOILWTICO,WTI,daily,102.54,2.4414285714285717
2022-04-20,DCOILWTICO,WTI,daily,102.56,2.441904761904762
2022-04-21,DCOILWTICO,WTI,daily,103.89,2.4735714285714288
2022-04-22,DCOILWTICO,WTI,daily,102.86,2.449047619047619
2022-04-25,DCOILWTICO,WTI,daily,99.6,2.3714285714285714
2022-04-26,DCOILWTICO,WTI,daily,102.62,2.4433333333333334
2022-04-27,DCOILWTICO,WTI,daily,101.96,2.4276190476190473
2022-04-28,DCOILWTICO,WTI,daily,105.47,2.511190476190476
2022-04-29,DCOILWTICO,WTI,daily,104.59,2.4902380952380954
2022-05-02,DCOILWTICO,WTI,daily,105.18,2.5042857142857144
2022-05-03,DCOILWTICO,WTI,daily,102.53,2.441190476190476
2022-05-04,DCOILWTICO,WTI,daily,107.84,2.567619047619048
2022-05-05,DCOILWTICO,WTI,daily,108.17,2.5754761904761905
2022-05-06,DCOILWTICO,WTI,daily,109.72,2.6123809523809522
2022-05-09,DCOILWTICO,WTI,daily,103.08,2.454285714285714
2022-05-10,DCOILWTICO,WTI,daily,99.74,2.374761904761905
2022-05-11,DCOILWTICO,WTI,daily,105.5,2.511904761904762
2022-05-12,DCOILWTICO,WTI,daily,106.15,2.5273809523809527
2022-05-13,DCOILWTICO,WTI,daily,110.52,2.6314285714285712
2022-05-16,DCOILWTICO,WTI,daily,114.07,2.715952380952381
2022-05-17,DCOILWTICO,WTI,daily,112.31,2.6740476190476192
2022-05-18,DCOILWTICO,WTI,daily,109.67,2.611190476190476
2022-05-19,DCOILWTICO,WTI,daily,112.21,2.6716666666666664
2022-05-20,DCOILWTICO,WTI,daily,112.63,2.6816666666666666
2022-05-23,DCOILWTICO,WTI,daily,110.32,2.6266666666666665
2022-05-24,DCOILWTICO,WTI,daily,112.55,2.6797619047619046
2022-05-25,DCOILWTICO,WTI,daily,112.88,2.6876190476190476
2022-05-26,DCOILWTICO,WTI,daily,116.19,2.7664285714285715
2022-05-27,DCOILWTICO,WTI,daily,114.96,2.737142857142857
2022-05-30,DCOILWTICO,WTI,daily,,
2022-05-31,DCOILWTICO,WTI,daily,114.38,2.723333333333333
2022-06-01,DCOILWTICO,WTI,daily,115.26,2.744285714285714
2022-06-02,DCOILWTICO,WTI,daily,116.88,2.782857142857143
2022-06-03,DCOILWTICO,WTI,daily,118.97,2.8326190476190476
2022-06-06,DCOILWTICO,WTI,daily,118.41,2.8192857142857144
2022-06-07,DCOILWTICO,WTI,daily,119.55,2.8464285714285715
2022-06-08,DCOILWTICO,WTI,daily,121.94,2.9033333333333333
2022-06-09,DCOILWTICO,WTI,daily,121.52,2.893333333333333
2022-06-10,DCOILWTICO,WTI,daily,120.73,2.8745238095238097
2022-06-13,DCOILWTICO,WTI,daily,120.92,2.8790476190476193
2022-06-14,DCOILWTICO,WTI,daily,118.92,2.8314285714285714
2022-06-15,DCOILWTICO,WTI,daily,115.32,2.7457142857142856
2022-06-16,DCOILWTICO,WTI,daily,117.56,2.7990476190476192
2022-06-17,DCOILWTICO,WTI,daily,109.56,2.6085714285714285
2022-06-20,DCOILWTICO,WTI,daily,,
2022-06-21,DCOILWTICO,WTI,daily,110.49,2.630714285714286
2022-06-22,DCOILWTICO,WTI,daily,106.22,2.529047619047619
2022-06-23,DCOILWTICO,WTI,daily,105.75,2.517857142857143
2022-06-24,DCOILWTICO,WTI,daily,109.07,2.596904761904762
2022-06-27,DCOILWTICO,WTI,daily,111.44,2.6533333333333333
2022-06-28,DCOILWTICO,WTI,daily,113.66,2.7061904761904763
2022-06-29,DCOILWTICO,WTI,daily,111.65,2.6583333333333337
2022-06-30,DCOILWTICO,WTI,daily,107.76,2.565714285714286
2022-07-01,DCOILWTICO,WTI,daily,110.3,2.626190476190476
2022-07-04,DCOILWTICO,WTI,daily,,
2022-07-05,DCOILWTICO,WTI,daily,101.55,2.4178571428571427
2022-07-06,DCOILWTICO,WTI,daily,100.31,2.388333333333333
2022-07-07,DCOILWTICO,WTI,daily,104.62,2.4909523809523813
2022-07-08,DCOILWTICO,WTI,daily,106.78,2.5423809523809524
2022-07-11,DCOILWTICO,WTI,daily,106.09,2.525952380952381
2022-07-12,DCOILWTICO,WTI,daily,97.69,2.3259523809523808
2022-07-13,DCOILWTICO,WTI,daily,98.44,2.3438095238095236
2022-07-14,DCOILWTICO,WTI,daily,97.79,2.3283333333333336
2022-07-15,DCOILWTICO,WTI,daily,99.59,2.3711904761904763
2022-07-18,DCOILWTICO,WTI,daily,104.48,2.487619047619048
2022-07-19,DCOILWTICO,WTI,daily,106.12,2.526666666666667
2022-07-20,DCOILWTICO,WTI,daily,104.45,2.486904761904762
2022-07-21,DCOILWTICO,WTI,daily,98.44,2.3438095238095236
2022-07-22,DCOILWTICO,WTI,daily,97.71,2.326428571428571
2022-07-25,DCOILWTICO,WTI,daily,99.83,2.376904761904762
2022-07-26,DCOILWTICO,WTI,daily,97.74,2.327142857142857
2022-07-27,DCOILWTICO,WTI,daily,100.03,2.381666666666667
2022-07-28,DCOILWTICO,WTI,daily,99.11,2.3597619047619047
2022-07-29,DCOILWTICO,WTI,daily,101.31,2.4121428571428574
2022-08-01,DCOILWTICO,WTI,daily,96.59,2.2997619047619047
2022-08-02,DCOILWTICO,WTI,daily,97.14,2.3128571428571427
2022-08-03,DCOILWTICO,WTI,daily,93.25,2.2202380952380953
2022-08-04,DCOILWTICO,WTI,daily,91.29,2.173571428571429
2022-08-05,DCOILWTICO,WTI,daily,91.77,2.185
2022-08-08,DCOILWTICO,WTI,daily,93.52,2.2266666666666666
2022-08-09,DCOILWTICO,WTI,daily,93.18,2.218571428571429
2022-08-10,DCOILWTICO,WTI,daily,94.68,2.2542857142857144
2022-08-11,DCOILWTICO,WTI,daily,97.02,2.31
2022-08-12,DCOILWTICO,WTI,daily,94.86,2.2585714285714285
2022-08-15,DCOILWTICO,WTI,daily,92.24,2.196190476190476
2022-08-16,DCOILWTICO,WTI,daily,89.23,2.1245238095238097
2022-08-17,DCOILWTICO,WTI,daily,90.85,2.163095238095238
2022-08-18,DCOILWTICO,WTI,daily,93.2,2.219047619047619
2022-08-19,DCOILWTICO,WTI,daily,93.55,2.2273809523809525
2022-08-22,DCOILWTICO,WTI,daily,93.42,2.224285714285714
2022-08-23,DCOILWTICO,WTI,daily,96.46,2.2966666666666664
2022-08-24,DCOILWTICO,WTI,daily,95.52,2.274285714285714
2022-08-25,DCOILWTICO,WTI,daily,93.33,2.222142857142857
2022-08-26,DCOILWTICO,WTI,daily,93.63,2.229285714285714
2022-08-29,DCOILWTICO,WTI,daily,97.4,2.3190476190476192
2022-08-30,DCOILWTICO,WTI,daily,92.08,2.1923809523809523
2022-08-31,DCOILWTICO,WTI,daily,90.09,2.145
2022-09-01,DCOILWTICO,WTI,daily,87.09,2.073571428571429
2022-09-02,DCOILWTICO,WTI,daily,87.29,2.0783333333333336
2022-09-05,DCOILWTICO,WTI,daily,,
2022-09-06,DCOILWTICO,WTI,daily,87.35,2.0797619047619045
2022-09-07,DCOILWTICO,WTI,daily,82.5,1.9642857142857142
2022-09-08,DCOILWTICO,WTI,daily,84.04,2.000952380952381
2022-09-09,DCOILWTICO,WTI,daily,87.27,2.077857142857143
2022-09-12,DCOILWTICO,WTI,daily,88.18,2.09952380952381
2022-09-13,DCOILWTICO,WTI,daily,87.84,2.0914285714285716
2022-09-14,DCOILWTICO,WTI,daily,88.88,2.116190476190476
2022-09-15,DCOILWTICO,WTI,daily,85.72,2.040952380952381
2022-09-16,DCOILWTICO,WTI,daily,85.57,2.037380952380952
2022-09-19,DCOILWTICO,WTI,daily,86.15,2.0511904761904765
2022-09-20,DCOILWTICO,WTI,daily,84.69,2.0164285714285715
2022-09-21,DCOILWTICO,WTI,daily,83.38,1.985238095238095
2022-09-22,DCOILWTICO,WTI,daily,84.02,2.0004761904761903
2022-09-23,DCOILWTICO,WTI,daily,79.07,1.8826190476190474
2022-09-26,DCOILWTICO,WTI,daily,77.17,1.8373809523809523
2022-09-27,DCOILWTICO,WTI,daily,78.91,1.8788095238095237
2022-09-28,DCOILWTICO,WTI,daily,82.61,1.966904761904762
2022-09-29,DCOILWTICO,WTI,daily,81.78,1.947142857142857
2022-09-30,DCOILWTICO,WTI,daily,79.91,1.9026190476190474
2022-10-03,DCOILWTICO,WTI,daily,84.05,2.001190476190476
2022-10-04,DCOILWTICO,WTI,daily,86.87,2.0683333333333334
2022-10-05,DCOILWTICO,WTI,daily,88.22,2.1004761904761904
2022-10-06,DCOILWTICO,WTI,daily,88.9,2.1166666666666667
2022-10-07,DCOILWTICO,WTI,daily,93.07,2.215952380952381
2022-10-10,DCOILWTICO,WTI,daily,91.6,2.1809523809523808
2022-10-11,DCOILWTICO,WTI,daily,89.75,2.136904761904762
2022-10-12,DCOILWTICO,WTI,daily,87.83,2.091190476190476
2022-10-13,DCOILWTICO,WTI,daily,89.59,2.133095238095238
2022-10-14,DCOILWTICO,WTI,daily,86.1,2.05
2022-10-17,DCOILWTICO,WTI,daily,86.0,2.0476190476190474
2022-10-18,DCOILWTICO,WTI,daily,83.29,1.9830952380952382
2022-10-19,DCOILWTICO,WTI,daily,86.0,2.0476190476190474
2022-10-20,DCOILWTICO,WTI,daily,86.02,2.048095238095238
2022-10-21,DCOILWTICO,WTI,daily,85.47,2.035
2022-10-24,DCOILWTICO,WTI,daily,86.12,2.0504761904761906
2022-10-25,DCOILWTICO,WTI,daily,86.93,2.069761904761905
2022-10-26,DCOILWTICO,WTI,daily,89.39,2.1283333333333334
2022-10-27,DCOILWTICO,WTI,daily,89.06,2.1204761904761904
2022-10-28,DCOILWTICO,WTI,daily,87.85,2.0916666666666663
2022-10-31,DCOILWTICO,WTI,daily,86.54,2.060476190476191
2022-11-01,DCOILWTICO,WTI,daily,88.36,2.103809523809524
2022-11-02,DCOILWTICO,WTI,daily,90.06,2.144285714285714
2022-11-03,DCOILWTICO,WTI,daily,88.14,2.0985714285714288
2022-11-04,DCOILWTICO,WTI,daily,92.58,2.204285714285714
2022-11-07,DCOILWTICO,WTI,daily,91.8,2.1857142857142855
2022-11-08,DCOILWTICO,WTI,daily,88.8,2.1142857142857143
2022-11-09,DCOILWTICO,WTI,daily,85.79,2.0426190476190476
2022-11-10,DCOILWTICO,WTI,daily,86.52,2.06
2022-11-11,DCOILWTICO,WTI,daily,89.14,2.1223809523809525
2022-11-14,DCOILWTICO,WTI,daily,85.85,2.044047619047619
2022-11-15,DCOILWTICO,WTI,daily,86.87,2.0683333333333334
2022-11-16,DCOILWTICO,WTI,daily,85.62,2.0385714285714287
2022-11-17,DCOILWTICO,WTI,daily,81.69,1.9449999999999998
2022-11-18,DCOILWTICO,WTI,daily,80.07,1.9064285714285714
2022-11-21,DCOILWTICO,WTI,daily,79.74,1.8985714285714284
2022-11-22,DCOILWTICO,WTI,daily,80.83,1.9245238095238095
2022-11-23,DCOILWTICO,WTI,daily,77.93,1.8554761904761907
2022-11-24,DCOILWTICO,WTI,daily,,
2022-11-25,DCOILWTICO,WTI,daily,76.45,1.8202380952380952
2022-11-28,DCOILWTICO,WTI,daily,77.1,1.8357142857142856
2022-11-29,DCOILWTICO,WTI,daily,77.96,1.856190476190476
2022-11-30,DCOILWTICO,WTI,daily,80.48,1.9161904761904762
2022-12-01,DCOILWTICO,WTI,daily,81.06,1.9300000000000002
2022-12-02,DCOILWTICO,WTI,daily,79.86,1.9014285714285715
2022-12-05,DCOILWTICO,WTI,daily,76.83,1.8292857142857142
2022-12-06,DCOILWTICO,WTI,daily,74.21,1.7669047619047618
2022-12-07,DCOILWTICO,WTI,daily,71.93,1.7126190476190477
2022-12-08,DCOILWTICO,WTI,daily,71.3,1.6976190476190476
2022-12-09,DCOILWTICO,WTI,daily,71.05,1.6916666666666667
2022-12-12,DCOILWTICO,WTI,daily,72.96,1.737142857142857
2022-12-13,DCOILWTICO,WTI,daily,75.44,1.7961904761904761
2022-12-14,DCOILWTICO,WTI,daily,77.14,1.8366666666666667
2022-12-15,DCOILWTICO,WTI,daily,75.89,1.806904761904762
2022-12-16,DCOILWTICO,WTI,daily,74.19,1.7664285714285715
2022-12-19,DCOILWTICO,WTI,daily,75.05,1.7869047619047618
2022-12-20,DCOILWTICO,WTI,daily,75.92,1.8076190476190477
2022-12-21,DCOILWTICO,WTI,daily,78.17,1.8611904761904763
2022-12-22,DCOILWTICO,WTI,daily,77.68,1.8495238095238098
2022-12-23,DCOILWTICO,WTI,daily,79.57,1.8945238095238093
2022-12-26,DCOILWTICO,WTI,daily,,
2022-12-27,DCOILWTICO,WTI,daily,79.45,1.8916666666666668
2022-12-28,DCOILWTICO,WTI,daily,78.89,1.8783333333333334
2022-12-29,DCOILWTICO,WTI,daily,78.43,1.8673809523809526
2022-12-30,DCOILWTICO,WTI,daily,80.16,1.9085714285714286
2023-01-02,DCOILWTICO,WTI,daily,,
2023-01-03,DCOILWTICO,WTI,daily,76.87,1.8302380952380954
2023-01-04,DCOILWTICO,WTI,daily,72.82,1.7338095238095237
2023-01-05,DCOILWTICO,WTI,daily,73.61,1.7526190476190475
2023-01-06,DCOILWTICO,WTI,daily,73.77,1.7564285714285712
2023-01-09,DCOILWTICO,WTI,daily,74.69,1.7783333333333333
2023-01-10,DCOILWTICO,WTI,daily,75.11,1.7883333333333333
2023-01-11,DCOILWTICO,WTI,daily,77.46,1.844285714285714
2023-01-12,DCOILWTICO,WTI,daily,78.32,1.8647619047619046
2023-01-13,DCOILWTICO,WTI,daily,79.9,1.9023809523809525
2023-01-16,DCOILWTICO,WTI,daily,,
2023-01-17,DCOILWTICO,WTI,daily,80.25,1.9107142857142858
2023-01-18,DCOILWTICO,WTI,daily,79.53,1.8935714285714287
2023-01-19,DCOILWTICO,WTI,daily,80.31,1.9121428571428571
2023-01-20,DCOILWTICO,WTI,daily,81.27,1.9349999999999998
2023-01-23,DCOILWTICO,WTI,daily,81.62,1.9433333333333334
2023-01-24,DCOILWTICO,WTI,daily,79.86,1.9014285714285715
2023-01-25,DCOILWTICO,WTI,daily,79.78,1.8995238095238096
2023-01-26,DCOILWTICO,WTI,daily,80.64,1.92
2023-01-27,DCOILWTICO,WTI,daily,79.73,1.8983333333333334
2023-01-30,DCOILWTICO,WTI,daily,77.97,1.8564285714285713
2023-01-31,DCOILWTICO,WTI,daily,78.95,1.8797619047619047
2023-02-01,DCOILWTICO,WTI,daily,76.34,1.8176190476190477
2023-02-02,DCOILWTICO,WTI,daily,75.87,1.8064285714285715
2023-02-03,DCOILWTICO,WTI,daily,73.4,1.7476190476190478
2023-02-06,DCOILWTICO,WTI,daily,74.11,1.7645238095238096
2023-02-07,DCOILWTICO,WTI,daily,77.17,1.8373809523809523
2023-02-08,DCOILWTICO,WTI,daily,78.47,1.8683333333333334
2023-02-09,DCOILWTICO,WTI,daily,78.04,1.8580952380952382
2023-02-10,DCOILWTICO,WTI,daily,79.74,1.8985714285714284
2023-02-13,DCOILWTICO,WTI,daily,80.14,1.908095238095238
2023-02-14,DCOILWTICO,WTI,daily,79.08,1.8828571428571428
2023-02-15,DCOILWTICO,WTI,daily,78.57,1.8707142857142856
2023-02-16,DCOILWTICO,WTI,daily,78.45,1.8678571428571429
2023-02-17,DCOILWTICO,WTI,daily,76.31,1.816904761904762
2023-02-20,DCOILWTICO,WTI,daily,,
2023-02-21,DCOILWTICO,WTI,daily,76.28,1.8161904761904761
2023-02-22,DCOILWTICO,WTI,daily,73.95,1.7607142857142857
2023-02-23,DCOILWTICO,WTI,daily,75.26,1.7919047619047621
2023-02-24,DCOILWTICO,WTI,daily,76.19,1.814047619047619
2023-02-27,DCOILWTICO,WTI,daily,75.57,1.7992857142857142
2023-02-28,DCOILWTICO,WTI,daily,76.88,1.8304761904761904
2023-03-01,DCOILWTICO,WTI,daily,77.57,1.8469047619047618
2023-03-02,DCOILWTICO,WTI,daily,78.05,1.8583333333333332
2023-03-03,DCOILWTICO,WTI,daily,79.62,1.895714285714286
2023-03-06,DCOILWTICO,WTI,daily,80.39,1.914047619047619
2023-03-07,DCOILWTICO,WTI,daily,77.45,1.8440476190476192
2023-03-08,DCOILWTICO,WTI,daily,76.56,1.822857142857143
2023-03-09,DCOILWTICO,WTI,daily,75.6,1.7999999999999998
2023-03-10,DCOILWTICO,WTI,daily,76.55,1.8226190476190476
2023-03-13,DCOILWTICO,WTI,daily,74.68,1.7780952380952382
2023-03-14,DCOILWTICO,WTI,daily,71.18,1.694761904761905
2023-03-15,DCOILWTICO,WTI,daily,67.38,1.604285714285714
2023-03-16,DCOILWTICO,WTI,daily,68.15,1.6226190476190478
2023-03-17,DCOILWTICO,WTI,daily,66.61,1.585952380952381
2023-03-20,DCOILWTICO,WTI,daily,67.56,1.6085714285714285
2023-03-21,DCOILWTICO,WTI,daily,69.4,1.6523809523809525
2023-03-22,DCOILWTICO,WTI,daily,70.71,1.6835714285714285
2023-03-23,DCOILWTICO,WTI,daily,69.77,1.661190476190476
2023-03-24,DCOILWTICO,WTI,daily,69.22,1.648095238095238
2023-03-27,DCOILWTICO,WTI,daily,72.87,1.735
2023-03-28,DCOILWTICO,WTI,daily,73.12,1.740952380952381
2023-03-29,DCOILWTICO,WTI,daily,72.95,1.736904761904762
2023-03-30,DCOILWTICO,WTI,daily,74.32,1.7695238095238093
2023-03-31,DCOILWTICO,WTI,daily,75.68,1.8019047619047621
2023-04-03,DCOILWTICO,WTI,daily,80.4,1.9142857142857144
2023-04-04,DCOILWTICO,WTI,daily,80.7,1.9214285714285715
2023-04-05,DCOILWTICO,WTI,daily,80.69,1.9211904761904761
2023-04-06,DCOILWTICO,WTI,daily,80.7,1.9214285714285715
2023-04-07,DCOILWTICO,WTI,daily,,
2023-04-10,DCOILWTICO,WTI,daily,79.79,1.899761904761905
2023-04-11,DCOILWTICO,WTI,daily,81.54,1.9414285714285715
2023-04-12,DCOILWTICO,WTI,daily,83.26,1.9823809523809526
2023-04-13,DCOILWTICO,WTI,daily,82.16,1.956190476190476
2023-04-14,DCOILWTICO,WTI,daily,82.58,1.966190476190476
2023-04-17,DCOILWTICO,WTI,daily,80.93,1.9269047619047621
2023-04-18,DCOILWTICO,WTI,daily,80.85,1.9249999999999998
2023-04-19,DCOILWTICO,WTI,daily,79.18,1.8852380952380954
2023-04-20,DCOILWTICO,WTI,daily,77.27,1.8397619047619047
2023-04-21,DCOILWTICO,WTI,daily,77.86,1.8538095238095238
2023-04-24,DCOILWTICO,WTI,daily,78.64,1.8723809523809525
2023-04-25,DCOILWTICO,WTI,daily,77.05,1.8345238095238094
2023-04-26,DCOILWTICO,WTI,daily,74.33,1.7697619047619046
2023-04-27,DCOILWTICO,WTI,daily,74.77,1.7802380952380952
2023-04-28,DCOILWTICO,WTI,daily,76.78,1.8280952380952382
2023-05-01,DCOILWTICO,WTI,daily,75.65,1.8011904761904762
2023-05-02,DCOILWTICO,WTI,daily,71.71,1.7073809523809522
2023-05-03,DCOILWTICO,WTI,daily,68.62,1.6338095238095238
2023-05-04,DCOILWTICO,WTI,daily,68.52,1.6314285714285712
2023-05-05,DCOILWTICO,WTI,daily,71.32,1.6980952380952379
2023-05-08,DCOILWTICO,WTI,daily,73.13,1.7411904761904762
2023-05-09,DCOILWTICO,WTI,daily,73.68,1.7542857142857144
2023-05-10,DCOILWTICO,WTI,daily,72.53,1.726904761904762
2023-05-11,DCOILWTICO,WTI,daily,70.81,1.685952380952381
2023-05-12,DCOILWTICO,WTI,daily,70.02,1.667142857142857
2023-05-15,DCOILWTICO,WTI,daily,71.07,1.692142857142857
2023-05-16,DCOILWTICO,WTI,daily,70.85,1.6869047619047617
2023-05-17,DCOILWTICO,WTI,daily,72.78,1.7328571428571429
2023-05-18,DCOILWTICO,WTI,daily,71.82,1.7099999999999997
2023-05-19,DCOILWTICO,WTI,daily,71.57,1.7040476190476188
2023-05-22,DCOILWTICO,WTI,daily,71.81,1.7097619047619048
2023-05-23,DCOILWTICO,WTI,daily,72.87,1.735
2023-05-24,DCOILWTICO,WTI,daily,74.37,1.770714285714286
2023-05-25,DCOILWTICO,WTI,daily,71.68,1.7066666666666668
2023-05-26,DCOILWTICO,WTI,daily,72.35,1.7226190476190475
2023-05-29,DCOILWTICO,WTI,daily,,
2023-05-30,DCOILWTICO,WTI,daily,69.45,1.6535714285714287
2023-05-31,DCOILWTICO,WTI,daily,68.11,1.6216666666666666
2023-06-01,DCOILWTICO,WTI,daily,70.09,1.668809523809524
2023-06-02,DCOILWTICO,WTI,daily,71.76,1.7085714285714286
2023-06-05,DCOILWTICO,WTI,daily,72.14,1.7176190476190476
2023-06-06,DCOILWTICO,WTI,daily,71.71,1.7073809523809522
2023-06-07,DCOILWTICO,WTI,daily,72.52,1.7266666666666666
2023-06-08,DCOILWTICO,WTI,daily,71.28,1.697142857142857
2023-06-09,DCOILWTICO,WTI,daily,70.16,1.6704761904761904
2023-06-12,DCOILWTICO,WTI,daily,67.08,1.5971428571428572
2023-06-13,DCOILWTICO,WTI,daily,69.39,1.6521428571428571
2023-06-14,DCOILWTICO,WTI,daily,68.22,1.6242857142857143
2023-06-15,DCOILWTICO,WTI,daily,70.61,1.6811904761904761
2023-06-16,DCOILWTICO,WTI,daily,71.81,1.7097619047619048
2023-06-19,DCOILWTICO,WTI,daily,,
2023-06-20,DCOILWTICO,WTI,daily,70.94,1.689047619047619
2023-06-21,DCOILWTICO,WTI,daily,72.55,1.7273809523809522
2023-06-22,DCOILWTICO,WTI,daily,69.22,1.648095238095238
2023-06-23,DCOILWTICO,WTI,daily,68.91,1.6407142857142856
2023-06-26,DCOILWTICO,WTI,daily,69.09,1.645
2023-06-27,DCOILWTICO,WTI,daily,67.68,1.6114285714285717
2023-06-28,DCOILWTICO,WTI,daily,69.54,1.655714285714286
2023-06-29,DCOILWTICO,WTI,daily,69.85,1.663095238095238
2023-06-30,DCOILWTICO,WTI,daily,70.66,1.6823809523809523
2023-07-03,DCOILWTICO,WTI,daily,69.71,1.6597619047619045
2023-07-04,DCOILWTICO,WTI,daily,,
2023-07-05,DCOILWTICO,WTI,daily,71.78,1.7090476190476191
2023-07-06,DCOILWTICO,WTI,daily,71.76,1.7085714285714286
2023-07-07,DCOILWTICO,WTI,daily,73.91,1.7597619047619046
2023-07-10,DCOILWTICO,WTI,daily,73.05,1.7392857142857143
2023-07-11,DCOILWTICO,WTI,daily,74.87,1.7826190476190478
2023-07-12,DCOILWTICO,WTI,daily,75.77,1.804047619047619
2023-07-13,DCOILWTICO,WTI,daily,76.86,1.83
2023-07-14,DCOILWTICO,WTI,daily,75.44,1.7961904761904761
2023-07-17,DCOILWTICO,WTI,daily,74.17,1.765952380952381
2023-07-18,DCOILWTICO,WTI,daily,75.76,1.803809523809524
2023-07-19,DCOILWTICO,WTI,daily,75.4,1.7952380952380953
2023-07-20,DCOILWTICO,WTI,daily,75.65,1.8011904761904762
2023-07-21,DCOILWTICO,WTI,daily,77.06,1.8347619047619048
2023-07-24,DCOILWTICO,WTI,daily,78.81,1.8764285714285716
2023-07-25,DCOILWTICO,WTI,daily,79.76,1.899047619047619
2023-07-26,DCOILWTICO,WTI,daily,79.11,1.8835714285714285
2023-07-27,DCOILWTICO,WTI,daily,80.17,1.908809523809524
2023-07-28,DCOILWTICO,WTI,daily,80.55,1.9178571428571427
2023-07-31,DCOILWTICO,WTI,daily,81.8,1.9476190476190476
2023-08-01,DCOILWTICO,WTI,daily,81.37,1.9373809523809524
2023-08-02,DCOILWTICO,WTI,daily,79.5,1.8928571428571428
2023-08-03,DCOILWTICO,WTI,daily,81.56,1.941904761904762
2023-08-04,DCOILWTICO,WTI,daily,82.76,1.9704761904761905
2023-08-07,DCOILWTICO,WTI,daily,81.94,1.950952380952381
2023-08-08,DCOILWTICO,WTI,daily,82.94,1.9747619047619047
2023-08-09,DCOILWTICO,WTI,daily,84.35,2.0083333333333333
2023-08-10,DCOILWTICO,WTI,daily,82.81,1.9716666666666667
2023-08-11,DCOILWTICO,WTI,daily,83.17,1.9802380952380954
2023-08-14,DCOILWTICO,WTI,daily,82.5,1.9642857142857142
2023-08-15,DCOILWTICO,WTI,daily,81.06,1.9300000000000002
2023-08-16,DCOILWTICO,WTI,daily,79.4,1.8904761904761906
2023-08-17,DCOILWTICO,WTI,daily,80.43,1.9150000000000003
2023-08-18,DCOILWTICO,WTI,daily,81.25,1.9345238095238095
2023-08-21,DCOILWTICO,WTI,daily,80.71,1.9216666666666664
2023-08-22,DCOILWTICO,WTI,daily,80.25,1.9107142857142858
2023-08-23,DCOILWTICO,WTI,daily,78.91,1.8788095238095237
2023-08-24,DCOILWTICO,WTI,daily,79.52,1.8933333333333333
2023-08-25,DCOILWTICO,WTI,daily,80.47,1.9159523809523809
2023-08-28,DCOILWTICO,WTI,daily,80.65,1.9202380952380953
2023-08-29,DCOILWTICO,WTI,daily,81.14,1.931904761904762
2023-08-30,DCOILWTICO,WTI,daily,81.64,1.9438095238095239
2023-08-31,DCOILWTICO,WTI,daily,83.55,1.9892857142857143
2023-09-01,DCOILWTICO,WTI,daily,85.52,2.036190476190476
2023-09-04,DCOILWTICO,WTI,daily,,
2023-09-05,DCOILWTICO,WTI,daily,86.74,2.065238095238095
2023-09-06,DCOILWTICO,WTI,daily,87.55,2.0845238095238097
2023-09-07,DCOILWTICO,WTI,daily,86.87,2.0683333333333334
2023-09-08,DCOILWTICO,WTI,daily,87.51,2.0835714285714286
2023-09-11,DCOILWTICO,WTI,daily,87.3,2.0785714285714283
2023-09-12,DCOILWTICO,WTI,daily,88.87,2.1159523809523813
2023-09-13,DCOILWTICO,WTI,daily,88.59,2.1092857142857144
2023-09-14,DCOILWTICO,WTI,daily,90.13,2.145952380952381
2023-09-15,DCOILWTICO,WTI,daily,90.83,2.1626190476190477
2023-09-18,DCOILWTICO,WTI,daily,91.47,2.177857142857143
2023-09-19,DCOILWTICO,WTI,daily,91.16,2.1704761904761902
2023-09-20,DCOILWTICO,WTI,daily,89.2,2.123809523809524
2023-09-21,DCOILWTICO,WTI,daily,89.56,2.1323809523809523
2023-09-22,DCOILWTICO,WTI,daily,90.0,2.142857142857143
2023-09-25,DCOILWTICO,WTI,daily,89.68,2.1352380952380954
2023-09-26,DCOILWTICO,WTI,daily,91.43,2.176904761904762
2023-09-27,DCOILWTICO,WTI,daily,93.67,2.230238095238095
2023-09-28,DCOILWTICO,WTI,daily,91.65,2.1821428571428574
2023-09-29,DCOILWTICO,WTI,daily,90.77,2.161190476190476
2023-10-02,DCOILWTICO,WTI,daily,88.81,2.1145238095238095
2023-10-03,DCOILWTICO,WTI,daily,89.26,2.125238095238095
2023-10-04,DCOILWTICO,WTI,daily,84.32,2.0076190476190474
2023-10-05,DCOILWTICO,WTI,daily,82.3,1.9595238095238094
2023-10-06,DCOILWTICO,WTI,daily,82.83,1.9721428571428572
2023-10-09,DCOILWTICO,WTI,daily,,
2023-10-10,DCOILWTICO,WTI,daily,85.89,2.045
2023-10-11,DCOILWTICO,WTI,daily,83.7,1.9928571428571429
2023-10-12,DCOILWTICO,WTI,daily,82.87,1.9730952380952382
2023-10-13,DCOILWTICO,WTI,daily,87.67,2.0873809523809523
2023-10-16,DCOILWTICO,WTI,daily,86.65,2.0630952380952383
2023-10-17,DCOILWTICO,WTI,daily,86.66,2.0633333333333335
2023-10-18,DCOILWTICO,WTI,daily,88.35,2.1035714285714286
2023-10-19,DCOILWTICO,WTI,daily,89.35,2.1273809523809524
2023-10-20,DCOILWTICO,WTI,daily,89.12,2.121904761904762
2023-10-23,DCOILWTICO,WTI,daily,85.49,2.0354761904761904
2023-10-24,DCOILWTICO,WTI,daily,84.58,2.013809523809524
2023-10-25,DCOILWTICO,WTI,daily,86.07,2.049285714285714
2023-10-26,DCOILWTICO,WTI,daily,83.8,1.9952380952380953
2023-10-27,DCOILWTICO,WTI,daily,86.04,2.048571428571429
2023-10-30,DCOILWTICO,WTI,daily,83.03,1.976904761904762
2023-10-31,DCOILWTICO,WTI,daily,81.64,1.9438095238095239
2023-11-01,DCOILWTICO,WTI,daily,81.05,1.9297619047619048
2023-11-02,DCOILWTICO,WTI,daily,83.04,1.9771428571428573
2023-11-03,DCOILWTICO,WTI,daily,81.19,1.933095238095238
2023-11-06,DCOILWTICO,WTI,daily,81.54,1.9414285714285715
2023-11-07,DCOILWTICO,WTI,daily,77.96,1.856190476190476
2023-11-08,DCOILWTICO,WTI,daily,75.85,1.8059523809523808
2023-11-09,DCOILWTICO,WTI,daily,76.34,1.8176190476190477
2023-11-10,DCOILWTICO,WTI,daily,,
2023-11-13,DCOILWTICO,WTI,daily,78.86,1.8776190476190475
2023-11-14,DCOILWTICO,WTI,daily,78.9,1.8785714285714288
2023-11-15,DCOILWTICO,WTI,daily,77.15,1.836904761904762
2023-11-16,DCOILWTICO,WTI,daily,73.5,1.75
2023-11-17,DCOILWTICO,WTI,daily,76.47,1.8207142857142857
2023-11-20,DCOILWTICO,WTI,daily,78.1,1.8595238095238094
2023-11-21,DCOILWTICO,WTI,daily,78.35,1.8654761904761903
2023-11-22,DCOILWTICO,WTI,daily,76.8,1.8285714285714285
2023-11-23,DCOILWTICO,WTI,daily,,
2023-11-24,DCOILWTICO,WTI,daily,74.83,1.7816666666666667
2023-11-27,DCOILWTICO,WTI,daily,74.46,1.7728571428571427
2023-11-28,DCOILWTICO,WTI,daily,76.09,1.8116666666666668
2023-11-29,DCOILWTICO,WTI,daily,77.56,1.8466666666666667
2023-11-30,DCOILWTICO,WTI,daily,75.66,1.8014285714285714
2023-12-01,DCOILWTICO,WTI,daily,73.7,1.7547619047619047
2023-12-04,DCOILWTICO,WTI,daily,72.73,1.7316666666666667
2023-12-05,DCOILWTICO,WTI,daily,71.95,1.7130952380952382
2023-12-06,DCOILWTICO,WTI,daily,68.98,1.6423809523809525
2023-12-07,DCOILWTICO,WTI,daily,69.0,1.6428571428571428
2023-12-08,DCOILWTICO,WTI,daily,70.87,1.6873809523809524
2023-12-11,DCOILWTICO,WTI,daily,70.95,1.6892857142857143
2023-12-12,DCOILWTICO,WTI,daily,68.27,1.6254761904761903
2023-12-13,DCOILWTICO,WTI,daily,69.09,1.645
2023-12-14,DCOILWTICO,WTI,daily,71.21,1.6954761904761904
2023-12-15,DCOILWTICO,WTI,daily,71.05,1.6916666666666667
2023-12-18,DCOILWTICO,WTI,daily,72.16,1.7180952380952381
2023-12-19,DCOILWTICO,WTI,daily,73.23,1.7435714285714288
2023-12-20,DCOILWTICO,WTI,daily,73.87,1.7588095238095238
2023-12-21,DCOILWTICO,WTI,daily,73.59,1.7521428571428572
2023-12-22,DCOILWTICO,WTI,daily,73.29,1.745
2023-12-25,DCOILWTICO,WTI,daily,,
2023-12-26,DCOILWTICO,WTI,daily,75.84,1.8057142857142858
2023-12-27,DCOILWTICO,WTI,daily,74.31,1.7692857142857144
2023-12-28,DCOILWTICO,WTI,daily,72.02,1.7147619047619047
2023-12-29,DCOILWTICO,WTI,daily,71.89,1.7116666666666667
2024-01-01,DCOILWTICO,WTI,daily,,
2024-01-02,DCOILWTICO,WTI,daily,70.62,1.6814285714285715
2024-01-03,DCOILWTICO,WTI,daily,72.97,1.7373809523809522
2024-01-04,DCOILWTICO,WTI,daily,72.38,1.7233333333333332
2024-01-05,DCOILWTICO,WTI,daily,74.0,1.7619047619047619
2024-01-08,DCOILWTICO,WTI,daily,71.06,1.691904761904762
2024-01-09,DCOILWTICO,WTI,daily,72.43,1.7245238095238098
2024-01-10,DCOILWTICO,WTI,daily,71.57,1.7040476190476188
2024-01-11,DCOILWTICO,WTI,daily,72.15,1.717857142857143
2024-01-12,DCOILWTICO,WTI,daily,72.94,1.7366666666666666
2024-01-15,DCOILWTICO,WTI,daily,,
2024-01-16,DCOILWTICO,WTI,daily,72.63,1.729285714285714
2024-01-17,DCOILWTICO,WTI,daily,72.79,1.7330952380952382
2024-01-18,DCOILWTICO,WTI,daily,74.32,1.7695238095238093
2024-01-19,DCOILWTICO,WTI,daily,73.69,1.7545238095238094
2024-01-22,DCOILWTICO,WTI,daily,75.26,1.7919047619047621
2024-01-23,DCOILWTICO,WTI,daily,74.72,1.779047619047619
2024-01-24,DCOILWTICO,WTI,daily,75.48,1.7971428571428572
2024-01-25,DCOILWTICO,WTI,daily,77.91,1.855
2024-01-26,DCOILWTICO,WTI,daily,78.45,1.8678571428571429
2024-01-29,DCOILWTICO,WTI,daily,77.25,1.8392857142857142
2024-01-30,DCOILWTICO,WTI,daily,78.3,1.8642857142857143
2024-01-31,DCOILWTICO,WTI,daily,76.28,1.8161904761904761
2024-02-01,DCOILWTICO,WTI,daily,74.36,1.7704761904761905
2024-02-02,DCOILWTICO,WTI,daily,72.72,1.7314285714285713
2024-02-05,DCOILWTICO,WTI,daily,73.21,1.743095238095238
2024-02-06,DCOILWTICO,WTI,daily,73.83,1.7578571428571428
2024-02-07,DCOILWTICO,WTI,daily,74.26,1.7680952380952382
2024-02-08,DCOILWTICO,WTI,daily,76.67,1.8254761904761905
2024-02-09,DCOILWTICO,WTI,daily,77.26,1.8395238095238096
2024-02-12,DCOILWTICO,WTI,daily,77.34,1.8414285714285714
2024-02-13,DCOILWTICO,WTI,daily,78.28,1.8638095238095238
2024-02-14,DCOILWTICO,WTI,daily,77.09,1.8354761904761905
2024-02-15,DCOILWTICO,WTI,daily,78.47,1.8683333333333334
2024-02-16,DCOILWTICO,WTI,daily,79.65,1.8964285714285716
2024-02-19,DCOILWTICO,WTI,daily,,
2024-02-20,DCOILWTICO,WTI,daily,78.72,1.8742857142857143
2024-02-21,DCOILWTICO,WTI,daily,78.89,1.8783333333333334
2024-02-22,DCOILWTICO,WTI,daily,79.64,1.8961904761904762
2024-02-23,DCOILWTICO,WTI,daily,77.6,1.8476190476190475
2024-02-26,DCOILWTICO,WTI,daily,78.53,1.8697619047619047
2024-02-27,DCOILWTICO,WTI,daily,79.8,1.9
2024-02-28,DCOILWTICO,WTI,daily,79.44,1.8914285714285715
2024-02-29,DCOILWTICO,WTI,daily,79.22,1.8861904761904762
2024-03-01,DCOILWTICO,WTI,daily,80.9,1.9261904761904762
2024-03-04,DCOILWTICO,WTI,daily,79.67,1.8969047619047619
2024-03-05,DCOILWTICO,WTI,daily,79.11,1.8835714285714285
2024-03-06,DCOILWTICO,WTI,daily,80.08,1.9066666666666667
2024-03-07,DCOILWTICO,WTI,daily,79.81,1.9002380952380953
2024-03-08,DCOILWTICO,WTI,daily,78.96,1.88
2024-03-11,DCOILWTICO,WTI,daily,78.87,1.877857142857143
2024-03-12,DCOILWTICO,WTI,daily,78.51,1.8692857142857144
2024-03-13,DCOILWTICO,WTI,daily,80.67,1.9207142857142858
2024-03-14,DCOILWTICO,WTI,daily,82.16,1.956190476190476
2024-03-15,DCOILWTICO,WTI,daily,81.94,1.950952380952381
2024-03-18,DCOILWTICO,WTI,daily,83.68,1.9923809523809526
2024-03-19,DCOILWTICO,WTI,daily,84.39,2.0092857142857143
2024-03-20,DCOILWTICO,WTI,daily,82.79,1.9711904761904764
2024-03-21,DCOILWTICO,WTI,daily,81.99,1.952142857142857
2024-03-22,DCOILWTICO,WTI,daily,81.1,1.9309523809523808
2024-03-25,DCOILWTICO,WTI,daily,82.41,1.962142857142857
2024-03-26,DCOILWTICO,WTI,daily,82.41,1.962142857142857
2024-03-27,DCOILWTICO,WTI,daily,82.15,1.955952380952381
2024-03-28,DCOILWTICO,WTI,daily,83.96,1.999047619047619
2024-03-29,DCOILWTICO,WTI,daily,,
2024-04-01,DCOILWTICO,WTI,daily,84.54,2.012857142857143
2024-04-02,DCOILWTICO,WTI,daily,85.95,2.0464285714285717
2024-04-03,DCOILWTICO,WTI,daily,86.22,2.052857142857143
2024-04-04,DCOILWTICO,WTI,daily,87.37,2.080238095238095
2024-04-05,DCOILWTICO,WTI,daily,87.69,2.0878571428571426
2024-04-08,DCOILWTICO,WTI,daily,87.24,2.077142857142857
2024-04-09,DCOILWTICO,WTI,daily,86.04,2.048571428571429
2024-04-10,DCOILWTICO,WTI,daily,86.98,2.070952380952381
2024-04-11,DCOILWTICO,WTI,daily,85.79,2.0426190476190476
2024-04-12,DCOILWTICO,WTI,daily,86.46,2.0585714285714283
2024-04-15,DCOILWTICO,WTI,daily,86.21,2.0526190476190473
2024-04-16,DCOILWTICO,WTI,daily,86.15,2.0511904761904765
2024-04-17,DCOILWTICO,WTI,daily,83.58,1.99
2024-04-18,DCOILWTICO,WTI,daily,83.5,1.9880952380952381
2024-04-19,DCOILWTICO,WTI,daily,83.79,1.995
2024-04-22,DCOILWTICO,WTI,daily,83.82,1.9957142857142856
2024-04-23,DCOILWTICO,WTI,daily,84.17,2.0040476190476193
2024-04-24,DCOILWTICO,WTI,daily,84.09,2.0021428571428572
2024-04-25,DCOILWTICO,WTI,daily,84.92,2.021904761904762
2024-04-26,DCOILWTICO,WTI,daily,85.38,2.032857142857143
2024-04-29,DCOILWTICO,WTI,daily,84.26,2.0061904761904765
2024-04-30,DCOILWTICO,WTI,daily,83.49,1.9878571428571428
2024-05-01,DCOILWTICO,WTI,daily,80.7,1.9214285714285715
2024-05-02,DCOILWTICO,WTI,daily,80.59,1.918809523809524
2024-05-03,DCOILWTICO,WTI,daily,79.65,1.8964285714285716
2024-05-06,DCOILWTICO,WTI,daily,80.1,1.907142857142857
2024-05-07,DCOILWTICO,WTI,daily,79.97,1.904047619047619
2024-05-08,DCOILWTICO,WTI,daily,80.57,1.9183333333333332
2024-05-09,DCOILWTICO,WTI,daily,80.86,1.9252380952380952
2024-05-10,DCOILWTICO,WTI,daily,79.81,1.9002380952380953
2024-05-13,DCOILWTICO,WTI,daily,80.71,1.9216666666666664
2024-05-14,DCOILWTICO,WTI,daily,79.62,1.895714285714286
2024-05-15,DCOILWTICO,WTI,daily,80.23,1.9102380952380953
2024-05-16,DCOILWTICO,WTI,daily,80.85,1.9249999999999998
2024-05-17,DCOILWTICO,WTI,daily,81.66,1.9442857142857142
2024-05-20,DCOILWTICO,WTI,daily,81.39,1.937857142857143
2024-05-21,DCOILWTICO,WTI,daily,80.66,1.9204761904761904
2024-05-22,DCOILWTICO,WTI,daily,79.15,1.8845238095238097
2024-05-23,DCOILWTICO,WTI,daily,77.47,1.8445238095238095
2024-05-24,DCOILWTICO,WTI,daily,78.48,1.8685714285714288
2024-05-27,DCOILWTICO,WTI,daily,,
2024-05-28,DCOILWTICO,WTI,daily,80.9,1.9261904761904762
2024-05-29,DCOILWTICO,WTI,daily,80.24,1.9104761904761904
2024-05-30,DCOILWTICO,WTI,daily,78.96,1.88
2024-05-31,DCOILWTICO,WTI,daily,77.97,1.8564285714285713
2024-06-03,DCOILWTICO,WTI,daily,75.26,1.7919047619047621
2024-06-04,DCOILWTICO,WTI,daily,74.27,1.7683333333333333
2024-06-05,DCOILWTICO,WTI,daily,75.08,1.7876190476190477
2024-06-06,DCOILWTICO,WTI,daily,76.52,1.821904761904762
2024-06-07,DCOILWTICO,WTI,daily,76.53,1.822142857142857
2024-06-10,DCOILWTICO,WTI,daily,78.75,1.875
2024-06-11,DCOILWTICO,WTI,daily,78.88,1.878095238095238
2024-06-12,DCOILWTICO,WTI,daily,79.56,1.8942857142857144
2024-06-13,DCOILWTICO,WTI,daily,79.61,1.8954761904761905
2024-06-14,DCOILWTICO,WTI,daily,79.41,1.8907142857142856
2024-06-17,DCOILWTICO,WTI,daily,81.33,1.9364285714285714
2024-06-18,DCOILWTICO,WTI,daily,82.67,1.9683333333333333
2024-06-19,DCOILWTICO,WTI,daily,,
2024-06-20,DCOILWTICO,WTI,daily,83.34,1.9842857142857144
2024-06-21,DCOILWTICO,WTI,daily,81.71,1.9454761904761904
2024-06-24,DCOILWTICO,WTI,daily,82.63,1.9673809523809522
2024-06-25,DCOILWTICO,WTI,daily,81.97,1.9516666666666667
2024-06-26,DCOILWTICO,WTI,daily,82.19,1.956904761904762
2024-06-27,DCOILWTICO,WTI,daily,83.04,1.9771428571428573
2024-06-28,DCOILWTICO,WTI,daily,82.83,1.9721428571428572
2024-07-01,DCOILWTICO,WTI,daily,84.7,2.0166666666666666
2024-07-02,DCOILWTICO,WTI,daily,84.09,2.0021428571428572
2024-07-03,DCOILWTICO,WTI,daily,85.19,2.0283333333333333
2024-07-04,DCOILWTICO,WTI,daily,,
2024-07-05,DCOILWTICO,WTI,daily,84.44,2.0104761904761905
2024-07-08,DCOILWTICO,WTI,daily,83.63,1.9911904761904762
2024-07-09,DCOILWTICO,WTI,daily,82.78,1.970952380952381
2024-07-10,DCOILWTICO,WTI,daily,83.39,1.9854761904761904
2024-07-11,DCOILWTICO,WTI,daily,83.92,1.9980952380952381
2024-07-12,DCOILWTICO,WTI,daily,83.49,1.9878571428571428
2024-07-15,DCOILWTICO,WTI,daily,83.22,1.9814285714285713
2024-07-16,DCOILWTICO,WTI,daily,81.92,1.9504761904761905
2024-07-17,DCOILWTICO,WTI,daily,84.16,2.0038095238095237
2024-07-18,DCOILWTICO,WTI,daily,84.17,2.0040476190476193
2024-07-19,DCOILWTICO,WTI,daily,81.43,1.938809523809524
2024-07-22,DCOILWTICO,WTI,daily,81.25,1.9345238095238095
2024-07-23,DCOILWTICO,WTI,daily,78.24,1.8628571428571428
2024-07-24,DCOILWTICO,WTI,daily,78.78,1.8757142857142857
2024-07-25,DCOILWTICO,WTI,daily,79.43,1.8911904761904763
2024-07-26,DCOILWTICO,WTI,daily,78.58,1.870952380952381
2024-07-29,DCOILWTICO,WTI,daily,77.27,1.8397619047619047
2024-07-30,DCOILWTICO,WTI,daily,76.17,1.8135714285714286
2024-07-31,DCOILWTICO,WTI,daily,79.36,1.8895238095238096
2024-08-01,DCOILWTICO,WTI,daily,77.74,1.850952380952381
2024-08-02,DCOILWTICO,WTI,daily,74.99,1.7854761904761904
2024-08-05,DCOILWTICO,WTI,daily,74.46,1.7728571428571427
2024-08-06,DCOILWTICO,WTI,daily,74.6,1.776190476190476
2024-08-07,DCOILWTICO,WTI,daily,76.68,1.8257142857142858
2024-08-08,DCOILWTICO,WTI,daily,77.64,1.8485714285714285
2024-08-09,DCOILWTICO,WTI,daily,78.28,1.8638095238095238
2024-08-12,DCOILWTICO,WTI,daily,81.45,1.9392857142857143
2024-08-13,DCOILWTICO,WTI,daily,79.81,1.9002380952380953
2024-08-14,DCOILWTICO,WTI,daily,78.47,1.8683333333333334
2024-08-15,DCOILWTICO,WTI,daily,79.66,1.8966666666666665
2024-08-16,DCOILWTICO,WTI,daily,78.05,1.8583333333333332
2024-08-19,DCOILWTICO,WTI,daily,75.82,1.805238095238095
2024-08-20,DCOILWTICO,WTI,daily,75.27,1.792142857142857
2024-08-21,DCOILWTICO,WTI,daily,72.76,1.7323809523809526
2024-08-22,DCOILWTICO,WTI,daily,73.72,1.7552380952380953
2024-08-23,DCOILWTICO,WTI,daily,75.82,1.805238095238095
2024-08-26,DCOILWTICO,WTI,daily,78.4,1.8666666666666667
2024-08-27,DCOILWTICO,WTI,daily,76.5,1.8214285714285714
2024-08-28,DCOILWTICO,WTI,daily,75.49,1.7973809523809523
2024-08-29,DCOILWTICO,WTI,daily,76.9,1.830952380952381
2024-08-30,DCOILWTICO,WTI,daily,74.52,1.7742857142857142
2024-09-02,DCOILWTICO,WTI,daily,,
2024-09-03,DCOILWTICO,WTI,daily,71.28,1.697142857142857
2024-09-04,DCOILWTICO,WTI,daily,70.11,1.6692857142857143
2024-09-05,DCOILWTICO,WTI,daily,70.09,1.668809523809524
2024-09-06,DCOILWTICO,WTI,daily,68.58,1.6328571428571428
2024-09-09,DCOILWTICO,WTI,daily,69.65,1.6583333333333334
2024-09-10,DCOILWTICO,WTI,daily,66.73,1.588809523809524
2024-09-11,DCOILWTICO,WTI,daily,68.25,1.625
2024-09-12,DCOILWTICO,WTI,daily,69.89,1.664047619047619
2024-09-13,DCOILWTICO,WTI,daily,69.59,1.6569047619047619
2024-09-16,DCOILWTICO,WTI,daily,71.1,1.6928571428571426
2024-09-17,DCOILWTICO,WTI,daily,72.16,1.7180952380952381
2024-09-18,DCOILWTICO,WTI,daily,71.87,1.7111904761904764
2024-09-19,DCOILWTICO,WTI,daily,72.86,1.7347619047619047
2024-09-20,DCOILWTICO,WTI,daily,72.72,1.7314285714285713
2024-09-23,DCOILWTICO,WTI,daily,71.33,1.6983333333333333
2024-09-24,DCOILWTICO,WTI,daily,72.34,1.7223809523809526
2024-09-25,DCOILWTICO,WTI,daily,70.42,1.6766666666666667
2024-09-26,DCOILWTICO,WTI,daily,68.28,1.6257142857142857
2024-09-27,DCOILWTICO,WTI,daily,68.72,1.6361904761904762
2024-09-30,DCOILWTICO,WTI,daily,68.75,1.6369047619047619
2024-10-01,DCOILWTICO,WTI,daily,70.41,1.6764285714285714
2024-10-02,DCOILWTICO,WTI,daily,70.74,1.6842857142857142
2024-10-03,DCOILWTICO,WTI,daily,74.33,1.7697619047619046
2024-10-04,DCOILWTICO,WTI,daily,74.93,1.784047619047619
2024-10-07,DCOILWTICO,WTI,daily,77.76,1.8514285714285716
2024-10-08,DCOILWTICO,WTI,daily,74.26,1.7680952380952382
2024-10-09,DCOILWTICO,WTI,daily,73.85,1.7583333333333333
2024-10-10,DCOILWTICO,WTI,daily,76.46,1.8204761904761904
2024-10-11,DCOILWTICO,WTI,daily,76.11,1.812142857142857
2024-10-14,DCOILWTICO,WTI,daily,,
2024-10-15,DCOILWTICO,WTI,daily,71.22,1.6957142857142857
2024-10-16,DCOILWTICO,WTI,daily,70.97,1.6897619047619048
2024-10-17,DCOILWTICO,WTI,daily,71.26,1.6966666666666668
2024-10-18,DCOILWTICO,WTI,daily,69.78,1.6614285714285715
2024-10-21,DCOILWTICO,WTI,daily,71.16,1.6942857142857142
2024-10-22,DCOILWTICO,WTI,daily,72.84,1.7342857142857144
2024-10-23,DCOILWTICO,WTI,daily,71.37,1.6992857142857143
2024-10-24,DCOILWTICO,WTI,daily,70.58,1.6804761904761905
2024-10-25,DCOILWTICO,WTI,daily,72.02,1.7147619047619047
2024-10-28,DCOILWTICO,WTI,daily,67.65,1.6107142857142858
2024-10-29,DCOILWTICO,WTI,daily,67.48,1.6066666666666667
2024-10-30,DCOILWTICO,WTI,daily,68.91,1.6407142857142856
2024-10-31,DCOILWTICO,WTI,daily,69.58,1.6566666666666667
2024-11-01,DCOILWTICO,WTI,daily,69.81,1.6621428571428571
2024-11-04,DCOILWTICO,WTI,daily,71.83,1.7102380952380951
2024-11-05,DCOILWTICO,WTI,daily,72.26,1.7204761904761905
2024-11-06,DCOILWTICO,WTI,daily,71.98,1.713809523809524
2024-11-07,DCOILWTICO,WTI,daily,72.69,1.7307142857142856
2024-11-08,DCOILWTICO,WTI,daily,70.69,1.683095238095238
2024-11-11,DCOILWTICO,WTI,daily,,
2024-11-12,DCOILWTICO,WTI,daily,68.43,1.6292857142857144
2024-11-13,DCOILWTICO,WTI,daily,68.76,1.6371428571428572
2024-11-14,DCOILWTICO,WTI,daily,68.99,1.6426190476190474
2024-11-15,DCOILWTICO,WTI,daily,67.33,1.6030952380952381
2024-11-18,DCOILWTICO,WTI,daily,69.46,1.6538095238095236
2024-11-19,DCOILWTICO,WTI,daily,69.75,1.6607142857142858
2024-11-20,DCOILWTICO,WTI,daily,69.25,1.6488095238095237
2024-11-21,DCOILWTICO,WTI,daily,70.39,1.6759523809523809
2024-11-22,DCOILWTICO,WTI,daily,71.68,1.7066666666666668
2024-11-25,DCOILWTICO,WTI,daily,69.41,1.6526190476190474
2024-11-26,DCOILWTICO,WTI,daily,69.05,1.644047619047619
2024-11-27,DCOILWTICO,WTI,daily,69.03,1.6435714285714287
2024-11-28,DCOILWTICO,WTI,daily,,
2024-11-29,DCOILWTICO,WTI,daily,68.26,1.6252380952380954
2024-12-02,DCOILWTICO,WTI,daily,68.35,1.6273809523809522
2024-12-03,DCOILWTICO,WTI,daily,70.15,1.6702380952380953
2024-12-04,DCOILWTICO,WTI,daily,68.81,1.6383333333333334
2024-12-05,DCOILWTICO,WTI,daily,68.58,1.6328571428571428
2024-12-06,DCOILWTICO,WTI,daily,68.58,1.6328571428571428
2024-12-09,DCOILWTICO,WTI,daily,68.65,1.6345238095238097
2024-12-10,DCOILWTICO,WTI,daily,68.85,1.6392857142857142
2024-12-11,DCOILWTICO,WTI,daily,70.57,1.680238095238095
2024-12-12,DCOILWTICO,WTI,daily,70.25,1.6726190476190477
2024-12-13,DCOILWTICO,WTI,daily,71.54,1.7033333333333336
2024-12-16,DCOILWTICO,WTI,daily,71.03,1.6911904761904761
2024-12-17,DCOILWTICO,WTI,daily,70.31,1.674047619047619
2024-12-18,DCOILWTICO,WTI,daily,70.8,1.6857142857142857
2024-12-19,DCOILWTICO,WTI,daily,70.1,1.669047619047619
2024-12-20,DCOILWTICO,WTI,daily,69.71,1.6597619047619045
2024-12-23,DCOILWTICO,WTI,daily,69.5,1.6547619047619047
2024-12-24,DCOILWTICO,WTI,daily,70.87,1.6873809523809524
2024-12-25,DCOILWTICO,WTI,daily,,
2024-12-26,DCOILWTICO,WTI,daily,70.38,1.6757142857142857
2024-12-27,DCOILWTICO,WTI,daily,71.28,1.697142857142857
2024-12-30,DCOILWTICO,WTI,daily,71.73,1.707857142857143
2024-12-31,DCOILWTICO,WTI,daily,72.44,1.7247619047619047
2025-01-01,DCOILWTICO,WTI,daily,,
2025-01-02,DCOILWTICO,WTI,daily,73.79,1.756904761904762
2025-01-03,DCOILWTICO,WTI,daily,74.64,1.7771428571428571
2025-01-06,DCOILWTICO,WTI,daily,74.31,1.7692857142857144
2025-01-07,DCOILWTICO,WTI,daily,74.99,1.7854761904761904
2025-01-08,DCOILWTICO,WTI,daily,73.99,1.7616666666666665
2025-01-09,DCOILWTICO,WTI,daily,,
2025-01-10,DCOILWTICO,WTI,daily,77.27,1.8397619047619047
2025-01-13,DCOILWTICO,WTI,daily,79.57,1.8945238095238093
2025-01-14,DCOILWTICO,WTI,daily,78.2,1.861904761904762
2025-01-15,DCOILWTICO,WTI,daily,80.73,1.9221428571428572
2025-01-16,DCOILWTICO,WTI,daily,79.35,1.8892857142857142
2025-01-17,DCOILWTICO,WTI,daily,78.56,1.8704761904761906
2025-01-20,DCOILWTICO,WTI,daily,,
2025-01-21,DCOILWTICO,WTI,daily,76.79,1.8283333333333336
2025-01-22,DCOILWTICO,WTI,daily,76.12,1.8123809523809524
2025-01-23,DCOILWTICO,WTI,daily,75.03,1.7864285714285715
2025-01-24,DCOILWTICO,WTI,daily,74.97,1.785
2025-01-27,DCOILWTICO,WTI,daily,73.51,1.7502380952380954
2025-01-28,DCOILWTICO,WTI,daily,74.15,1.7654761904761906
2025-01-29,DCOILWTICO,WTI,daily,72.94,1.7366666666666666
2025-01-30,DCOILWTICO,WTI,daily,73.1,1.7404761904761903
2025-01-31,DCOILWTICO,WTI,daily,72.84,1.7342857142857144
2025-02-03,DCOILWTICO,WTI,daily,73.52,1.7504761904761903
2025-02-04,DCOILWTICO,WTI,daily,73.04,1.7390476190476192
2025-02-05,DCOILWTICO,WTI,daily,71.39,1.6997619047619048
2025-02-06,DCOILWTICO,WTI,daily,70.97,1.6897619047619048
2025-02-07,DCOILWTICO,WTI,daily,71.32,1.6980952380952379
2025-02-10,DCOILWTICO,WTI,daily,72.73,1.7316666666666667
2025-02-11,DCOILWTICO,WTI,daily,73.67,1.754047619047619
2025-02-12,DCOILWTICO,WTI,daily,71.72,1.7076190476190476
2025-02-13,DCOILWTICO,WTI,daily,71.66,1.706190476190476
2025-02-14,DCOILWTICO,WTI,daily,71.05,1.6916666666666667
2025-02-17,DCOILWTICO,WTI,daily,,
2025-02-18,DCOILWTICO,WTI,daily,72.21,1.719285714285714
2025-02-19,DCOILWTICO,WTI,daily,72.58,1.7280952380952381
2025-02-20,DCOILWTICO,WTI,daily,72.88,1.735238095238095
2025-02-21,DCOILWTICO,WTI,daily,70.72,1.6838095238095239
2025-02-24,DCOILWTICO,WTI,daily,71.06,1.691904761904762
2025-02-25,DCOILWTICO,WTI,daily,69.15,1.6464285714285716
2025-02-26,DCOILWTICO,WTI,daily,68.87,1.639761904761905
2025-02-27,DCOILWTICO,WTI,daily,70.62,1.6814285714285715
2025-02-28,DCOILWTICO,WTI,daily,69.97,1.6659523809523809
2025-03-03,DCOILWTICO,WTI,daily,68.63,1.634047619047619
2025-03-04,DCOILWTICO,WTI,daily,68.47,1.6302380952380953
2025-03-05,DCOILWTICO,WTI,daily,66.58,1.5852380952380951
2025-03-06,DCOILWTICO,WTI,daily,66.62,1.5861904761904764
2025-03-07,DCOILWTICO,WTI,daily,67.29,1.6021428571428573
2025-03-10,DCOILWTICO,WTI,daily,66.31,1.5788095238095239
2025-03-11,DCOILWTICO,WTI,daily,66.52,1.5838095238095238
2025-03-12,DCOILWTICO,WTI,daily,67.65,1.6107142857142858
2025-03-13,DCOILWTICO,WTI,daily,66.82,1.590952380952381
2025-03-14,DCOILWTICO,WTI,daily,67.43,1.6054761904761907
2025-03-17,DCOILWTICO,WTI,daily,67.84,1.6152380952380954
2025-03-18,DCOILWTICO,WTI,daily,67.49,1.6069047619047618
2025-03-19,DCOILWTICO,WTI,daily,67.4,1.6047619047619048
2025-03-20,DCOILWTICO,WTI,daily,68.55,1.6321428571428571
2025-03-21,DCOILWTICO,WTI,daily,68.52,1.6314285714285712
2025-03-24,DCOILWTICO,WTI,daily,69.46,1.6538095238095236
2025-03-25,DCOILWTICO,WTI,daily,69.48,1.6542857142857144
2025-03-26,DCOILWTICO,WTI,daily,70.05,1.6678571428571427
2025-03-27,DCOILWTICO,WTI,daily,70.3,1.6738095238095236
2025-03-28,DCOILWTICO,WTI,daily,69.74,1.6604761904761904
2025-03-31,DCOILWTICO,WTI,daily,71.87,1.7111904761904764
2025-04-01,DCOILWTICO,WTI,daily,71.61,1.705
2025-04-02,DCOILWTICO,WTI,daily,72.12,1.7171428571428573
2025-04-03,DCOILWTICO,WTI,daily,67.43,1.6054761904761907
2025-04-04,DCOILWTICO,WTI,daily,62.42,1.4861904761904763
2025-04-07,DCOILWTICO,WTI,daily,61.05,1.4535714285714285
2025-04-08,DCOILWTICO,WTI,daily,60.04,1.4295238095238094
2025-04-09,DCOILWTICO,WTI,daily,62.63,1.4911904761904762
2025-04-10,DCOILWTICO,WTI,daily,60.57,1.4421428571428572
2025-04-11,DCOILWTICO,WTI,daily,61.91,1.474047619047619
2025-04-14,DCOILWTICO,WTI,daily,61.99,1.475952380952381
2025-04-15,DCOILWTICO,WTI,daily,61.74,1.47
2025-04-16,DCOILWTICO,WTI,daily,62.88,1.497142857142857
2025-04-17,DCOILWTICO,WTI,daily,65.07,1.5492857142857142
2025-04-18,DCOILWTICO,WTI,daily,,
2025-04-21,DCOILWTICO,WTI,daily,63.48,1.5114285714285713
2025-04-22,DCOILWTICO,WTI,daily,64.6,1.538095238095238
2025-04-23,DCOILWTICO,WTI,daily,62.64,1.4914285714285715
2025-04-24,DCOILWTICO,WTI,daily,63.55,1.513095238095238
2025-04-25,DCOILWTICO,WTI,daily,63.85,1.5202380952380952
2025-04-28,DCOILWTICO,WTI,daily,63.3,1.5071428571428571
2025-04-29,DCOILWTICO,WTI,daily,61.84,1.4723809523809526
2025-04-30,DCOILWTICO,WTI,daily,59.55,1.4178571428571427
2025-05-01,DCOILWTICO,WTI,daily,60.59,1.4426190476190477
2025-05-02,DCOILWTICO,WTI,daily,59.67,1.4207142857142858
2025-05-05,DCOILWTICO,WTI,daily,58.5,1.3928571428571428
2025-05-06,DCOILWTICO,WTI,daily,60.42,1.4385714285714286
2025-05-07,DCOILWTICO,WTI,daily,59.42,1.4147619047619049
2025-05-08,DCOILWTICO,WTI,daily,61.25,1.4583333333333333
2025-05-09,DCOILWTICO,WTI,daily,62.37,1.4849999999999999
2025-05-12,DCOILWTICO,WTI,daily,63.32,1.5076190476190476
2025-05-13,DCOILWTICO,WTI,daily,65.04,1.5485714285714287
2025-05-14,DCOILWTICO,WTI,daily,64.48,1.5352380952380953
2025-05-15,DCOILWTICO,WTI,daily,63.03,1.5007142857142857
2025-05-16,DCOILWTICO,WTI,daily,63.84,1.52
2025-05-19,DCOILWTICO,WTI,daily,63.98,1.5233333333333332
2025-05-20,DCOILWTICO,WTI,daily,63.97,1.523095238095238
2025-05-21,DCOILWTICO,WTI,daily,62.93,1.4983333333333333
2025-05-22,DCOILWTICO,WTI,daily,62.55,1.4892857142857143
2025-05-23,DCOILWTICO,WTI,daily,62.89,1.4973809523809525
2025-05-26,DCOILWTICO,WTI,daily,,
2025-05-27,DCOILWTICO,WTI,daily,61.61,1.466904761904762
2025-05-28,DCOILWTICO,WTI,daily,62.54,1.489047619047619
2025-05-29,DCOILWTICO,WTI,daily,61.66,1.4680952380952381
2025-05-30,DCOILWTICO,WTI,daily,61.46,1.4633333333333334
2025-06-02,DCOILWTICO,WTI,daily,63.27,1.5064285714285715
2025-06-03,DCOILWTICO,WTI,daily,64.1,1.526190476190476
2025-06-04,DCOILWTICO,WTI,daily,63.57,1.5135714285714286
2025-06-05,DCOILWTICO,WTI,daily,64.06,1.5252380952380953
2025-06-06,DCOILWTICO,WTI,daily,65.3,1.5547619047619048
2025-06-09,DCOILWTICO,WTI,daily,65.99,1.571190476190476
2025-06-10,DCOILWTICO,WTI,daily,65.66,1.5633333333333332
2025-06-11,DCOILWTICO,WTI,daily,68.91,1.6407142857142856
2025-06-12,DCOILWTICO,WTI,daily,68.73,1.6364285714285716
2025-06-13,DCOILWTICO,WTI,daily,73.84,1.7580952380952382
2025-06-16,DCOILWTICO,WTI,daily,72.53,1.726904761904762
2025-06-17,DCOILWTICO,WTI,daily,75.62,1.8004761904761906
2025-06-18,DCOILWTICO,WTI,daily,75.89,1.806904761904762
2025-06-19,DCOILWTICO,WTI,daily,,
2025-06-20,DCOILWTICO,WTI,daily,75.72,1.802857142857143
2025-06-23,DCOILWTICO,WTI,daily,69.36,1.6514285714285715
2025-06-24,DCOILWTICO,WTI,daily,65.45,1.5583333333333333
2025-06-25,DCOILWTICO,WTI,daily,65.98,1.570952380952381
2025-06-26,DCOILWTICO,WTI,daily,66.44,1.581904761904762
2025-06-27,DCOILWTICO,WTI,daily,66.66,1.587142857142857
2025-06-30,DCOILWTICO,WTI,daily,66.3,1.5785714285714285
2025-07-01,DCOILWTICO,WTI,daily,66.64,1.5866666666666667
2025-07-02,DCOILWTICO,WTI,daily,68.66,1.6347619047619046
2025-07-03,DCOILWTICO,WTI,daily,68.13,1.622142857142857
2025-07-04,DCOILWTICO,WTI,daily,,
2025-07-07,DCOILWTICO,WTI,daily,69.16,1.6466666666666665
2025-07-08,DCOILWTICO,WTI,daily,69.55,1.6559523809523808
2025-07-09,DCOILWTICO,WTI,daily,69.61,1.6573809523809524
2025-07-10,DCOILWTICO,WTI,daily,67.78,1.6138095238095238
2025-07-11,DCOILWTICO,WTI,daily,69.63,1.6578571428571427
2025-07-14,DCOILWTICO,WTI,daily,68.19,1.6235714285714284
2025-07-15,DCOILWTICO,WTI,daily,67.76,1.6133333333333335
2025-07-16,DCOILWTICO,WTI,daily,67.13,1.5983333333333332
2025-07-17,DCOILWTICO,WTI,daily,68.76,1.6371428571428572
2025-07-18,DCOILWTICO,WTI,daily,68.53,1.6316666666666666
2025-07-21,DCOILWTICO,WTI,daily,68.39,1.6283333333333334
2025-07-22,DCOILWTICO,WTI,daily,67.56,1.6085714285714285
2025-07-23,DCOILWTICO,WTI,daily,66.05,1.5726190476190476
2025-07-24,DCOILWTICO,WTI,daily,67.16,1.599047619047619
2025-07-25,DCOILWTICO,WTI,daily,66.38,1.5804761904761904
2025-07-28,DCOILWTICO,WTI,daily,67.81,1.6145238095238095
2025-07-29,DCOILWTICO,WTI,daily,70.27,1.673095238095238
2025-07-30,DCOILWTICO,WTI,daily,71.09,1.6926190476190477
2025-07-31,DCOILWTICO,WTI,daily,70.36,1.6752380952380952
2025-08-01,DCOILWTICO,WTI,daily,68.39,1.6283333333333334
2025-08-04,DCOILWTICO,WTI,daily,67.33,1.6030952380952381
2025-08-05,DCOILWTICO,WTI,daily,66.2,1.5761904761904764
2025-08-06,DCOILWTICO,WTI,daily,65.38,1.5566666666666666
2025-08-07,DCOILWTICO,WTI,daily,64.9,1.5452380952380953
2025-08-08,DCOILWTICO,WTI,daily,64.94,1.5461904761904761
2025-08-11,DCOILWTICO,WTI,daily,65.03,1.5483333333333333
2025-08-12,DCOILWTICO,WTI,daily,64.22,1.529047619047619
2025-08-13,DCOILWTICO,WTI,daily,63.68,1.516190476190476
2025-08-14,DCOILWTICO,WTI,daily,64.99,1.5473809523809523
2025-08-15,DCOILWTICO,WTI,daily,63.78,1.5185714285714287
2025-08-18,DCOILWTICO,WTI,daily,64.51,1.5359523809523812
2025-08-19,DCOILWTICO,WTI,daily,63.38,1.5090476190476192
2025-08-20,DCOILWTICO,WTI,daily,64.19,1.5283333333333333
2025-08-21,DCOILWTICO,WTI,daily,64.56,1.5371428571428571
2025-08-22,DCOILWTICO,WTI,daily,64.08,1.5257142857142856
2025-08-25,DCOILWTICO,WTI,daily,65.18,1.5519047619047621
2025-08-26,DCOILWTICO,WTI,daily,63.6,1.5142857142857142
2025-08-27,DCOILWTICO,WTI,daily,64.49,1.5354761904761904
2025-08-28,DCOILWTICO,WTI,daily,64.96,1.5466666666666664
2025-08-29,DCOILWTICO,WTI,daily,64.36,1.5323809523809524
2025-09-01,DCOILWTICO,WTI,daily,,
2025-09-02,DCOILWTICO,WTI,daily,65.95,1.5702380952380952
2025-09-03,DCOILWTICO,WTI,daily,64.36,1.5323809523809524
2025-09-04,DCOILWTICO,WTI,daily,63.81,1.5192857142857144
2025-09-05,DCOILWTICO,WTI,daily,62.22,1.4814285714285713
2025-09-08,DCOILWTICO,WTI,daily,62.6,1.4904761904761905
2025-09-09,DCOILWTICO,WTI,daily,62.97,1.4992857142857143
2025-09-10,DCOILWTICO,WTI,daily,64.01,1.524047619047619
2025-09-11,DCOILWTICO,WTI,daily,62.71,1.493095238095238
2025-09-12,DCOILWTICO,WTI,daily,63.02,1.5004761904761905
2025-09-15,DCOILWTICO,WTI,daily,63.66,1.5157142857142856
2025-09-16,DCOILWTICO,WTI,daily,64.89,1.545
2025-09-17,DCOILWTICO,WTI,daily,64.41,1.5335714285714286
2025-09-18,DCOILWTICO,WTI,daily,63.91,1.5216666666666665
2025-09-19,DCOILWTICO,WTI,daily,63.02,1.5004761904761905
2025-09-22,DCOILWTICO,WTI,daily,62.99,1.4997619047619049
2025-09-23,DCOILWTICO,WTI,daily,63.76,1.518095238095238
2025-09-24,DCOILWTICO,WTI,daily,65.4,1.5571428571428574
2025-09-25,DCOILWTICO,WTI,daily,65.51,1.559761904761905
2025-09-26,DCOILWTICO,WTI,daily,66.5,1.5833333333333333
2025-09-29,DCOILWTICO,WTI,daily,64.27,1.5302380952380952
2025-09-30,DCOILWTICO,WTI,daily,63.17,1.504047619047619
2025-10-01,DCOILWTICO,WTI,daily,62.59,1.4902380952380954
2025-10-02,DCOILWTICO,WTI,daily,61.28,1.4590476190476191
2025-10-03,DCOILWTICO,WTI,daily,61.65,1.4678571428571427
2025-10-06,DCOILWTICO,WTI,daily,62.49,1.487857142857143
2025-10-07,DCOILWTICO,WTI,daily,62.52,1.4885714285714287
2025-10-08,DCOILWTICO,WTI,daily,63.37,1.5088095238095238
2025-10-09,DCOILWTICO,WTI,daily,62.36,1.4847619047619047
2025-10-10,DCOILWTICO,WTI,daily,59.75,1.4226190476190477
2025-10-13,DCOILWTICO,WTI,daily,,
2025-10-14,DCOILWTICO,WTI,daily,59.52,1.4171428571428573
2025-10-15,DCOILWTICO,WTI,daily,59.08,1.4066666666666667
2025-10-16,DCOILWTICO,WTI,daily,58.29,1.387857142857143
2025-10-17,DCOILWTICO,WTI,daily,58.3,1.388095238095238
2025-10-20,DCOILWTICO,WTI,daily,58.34,1.389047619047619
2025-10-21,DCOILWTICO,WTI,daily,58.66,1.3966666666666665
2025-10-22,DCOILWTICO,WTI,daily,59.3,1.4119047619047618
2025-10-23,DCOILWTICO,WTI,daily,62.44,1.4866666666666666
2025-10-24,DCOILWTICO,WTI,daily,62.27,1.4826190476190477
2025-10-27,DCOILWTICO,WTI,daily,62.13,1.4792857142857143
2025-10-28,DCOILWTICO,WTI,daily,60.97,1.4516666666666667
2025-10-29,DCOILWTICO,WTI,daily,61.26,1.4585714285714286
2025-10-30,DCOILWTICO,WTI,daily,61.36,1.460952380952381
2025-10-31,DCOILWTICO,WTI,daily,61.75,1.4702380952380953
2025-11-03,DCOILWTICO,WTI,daily,61.79,1.4711904761904762
2025-11-04,DCOILWTICO,WTI,daily,61.38,1.4614285714285715
2025-11-05,DCOILWTICO,WTI,daily,60.4,1.438095238095238
2025-11-06,DCOILWTICO,WTI,daily,60.24,1.4342857142857144
2025-11-07,DCOILWTICO,WTI,daily,60.54,1.4414285714285715
2025-11-10,DCOILWTICO,WTI,daily,60.94,1.450952380952381
2025-11-11,DCOILWTICO,WTI,daily,,
2025-11-12,DCOILWTICO,WTI,daily,59.3,1.4119047619047618
2025-11-13,DCOILWTICO,WTI,daily,59.54,1.4176190476190476
2025-11-14,DCOILWTICO,WTI,daily,60.87,1.4492857142857143
2025-11-17,DCOILWTICO,WTI,daily,60.66,1.4442857142857142
2025-11-18,DCOILWTICO,WTI,daily,61.51,1.4645238095238096
2025-11-19,DCOILWTICO,WTI,daily,60.27,1.435
2025-11-20,DCOILWTICO,WTI,daily,60.07,1.4302380952380953
2025-11-21,DCOILWTICO,WTI,daily,58.86,1.4014285714285715
2025-11-24,DCOILWTICO,WTI,daily,59.11,1.4073809523809524
2025-11-25,DCOILWTICO,WTI,daily,58.25,1.3869047619047619
2025-11-26,DCOILWTICO,WTI,daily,58.81,1.4002380952380953
2025-11-27,DCOILWTICO,WTI,daily,,
2025-11-28,DCOILWTICO,WTI,daily,58.58,1.3947619047619046
2025-12-01,DCOILWTICO,WTI,daily,59.47,1.4159523809523809
2025-12-02,DCOILWTICO,WTI,daily,58.81,1.4002380952380953
2025-12-03,DCOILWTICO,WTI,daily,59.09,1.4069047619047619
2025-12-04,DCOILWTICO,WTI,daily,59.82,1.4242857142857144
2025-12-05,DCOILWTICO,WTI,daily,60.23,1.434047619047619
2025-12-08,DCOILWTICO,WTI,daily,59.04,1.4057142857142857
2025-12-09,DCOILWTICO,WTI,daily,58.4,1.3904761904761904
2025-12-10,DCOILWTICO,WTI,daily,58.67,1.3969047619047619
2025-12-11,DCOILWTICO,WTI,daily,57.76,1.3752380952380951
2025-12-12,DCOILWTICO,WTI,daily,57.61,1.3716666666666666
2025-12-15,DCOILWTICO,WTI,daily,56.97,1.3564285714285713
2025-12-16,DCOILWTICO,WTI,daily,55.44,1.3199999999999998
2025-12-17,DCOILWTICO,WTI,daily,56.07,1.335
2025-12-18,DCOILWTICO,WTI,daily,56.22,1.3385714285714285
2025-12-19,DCOILWTICO,WTI,daily,56.8,1.3523809523809522
2025-12-22,DCOILWTICO,WTI,daily,58.18,1.3852380952380952
2025-12-23,DCOILWTICO,WTI,daily,58.55,1.394047619047619
2025-12-24,DCOILWTICO,WTI,daily,58.72,1.398095238095238
2025-12-25,DCOILWTICO,WTI,daily,,
2025-12-26,DCOILWTICO,WTI,daily,56.6,1.3476190476190477
2025-12-29,DCOILWTICO,WTI,daily,57.89,1.3783333333333334
2025-12-30,DCOILWTICO,WTI,daily,57.79,1.375952380952381
2025-12-31,DCOILWTICO,WTI,daily,57.26,1.3633333333333333
2026-01-01,DCOILWTICO,WTI,daily,,
2026-01-02,DCOILWTICO,WTI,daily,57.21,1.362142857142857
2026-01-05,DCOILWTICO,WTI,daily,58.1,1.3833333333333333
2026-01-06,DCOILWTICO,WTI,daily,56.97,1.3564285714285713
2026-01-07,DCOILWTICO,WTI,daily,56.01,1.3335714285714286
2026-01-08,DCOILWTICO,WTI,daily,57.74,1.3747619047619049
2026-01-09,DCOILWTICO,WTI,daily,58.96,1.4038095238095238
2026-01-12,DCOILWTICO,WTI,daily,59.39,1.414047619047619
2026-01-13,DCOILWTICO,WTI,daily,60.85,1.4488095238095238
2026-01-14,DCOILWTICO,WTI,daily,61.84,1.4723809523809526
2026-01-15,DCOILWTICO,WTI,daily,59.13,1.407857142857143
2026-01-16,DCOILWTICO,WTI,daily,59.4,1.4142857142857141
2026-01-19,DCOILWTICO,WTI,daily,,
2026-01-20,DCOILWTICO,WTI,daily,60.3,1.4357142857142857
2026-01-21,DCOILWTICO,WTI,daily,60.38,1.4376190476190476
2026-01-22,DCOILWTICO,WTI,daily,59.24,1.4104761904761904
2026-01-23,DCOILWTICO,WTI,daily,60.7,1.4452380952380952
2026-01-26,DCOILWTICO,WTI,daily,60.46,1.4395238095238096
2026-01-27,DCOILWTICO,WTI,daily,62.04,1.477142857142857
2026-01-28,DCOILWTICO,WTI,daily,62.75,1.494047619047619
2026-01-29,DCOILWTICO,WTI,daily,64.77,1.542142857142857
2026-01-30,DCOILWTICO,WTI,daily,64.5,1.5357142857142858
2026-02-02,DCOILWTICO,WTI,daily,61.6,1.4666666666666668
2026-02-03,DCOILWTICO,WTI,daily,62.62,1.4909523809523808
2026-02-04,DCOILWTICO,WTI,daily,64.56,1.5371428571428571
2026-02-05,DCOILWTICO,WTI,daily,62.9,1.4976190476190476
2026-02-06,DCOILWTICO,WTI,daily,63.77,1.5183333333333333
2026-02-09,DCOILWTICO,WTI,daily,64.53,1.5364285714285715
2026-02-10,DCOILWTICO,WTI,daily,64.2,1.5285714285714287
2026-02-11,DCOILWTICO,WTI,daily,64.8,1.5428571428571427
2026-02-12,DCOILWTICO,WTI,daily,63.08,1.5019047619047619
2026-02-13,DCOILWTICO,WTI,daily,63.05,1.5011904761904762
2026-02-16,DCOILWTICO,WTI,daily,,
2026-02-17,DCOILWTICO,WTI,daily,62.53,1.4888095238095238
2026-02-18,DCOILWTICO,WTI,daily,65.33,1.5554761904761905
2026-02-19,DCOILWTICO,WTI,daily,66.66,1.587142857142857
2026-02-20,DCOILWTICO,WTI,daily,66.69,1.5878571428571429
2026-02-23,DCOILWTICO,WTI,daily,66.36,1.58
2026-02-24,DCOILWTICO,WTI,daily,65.62,1.5623809523809524
2026-02-25,DCOILWTICO,WTI,daily,65.3,1.5547619047619048
2026-02-26,DCOILWTICO,WTI,daily,65.1,1.5499999999999998
2026-02-27,DCOILWTICO,WTI,daily,66.96,1.594285714285714
2026-03-02,DCOILWTICO,WTI,daily,71.13,1.6935714285714285
2026-03-03,DCOILWTICO,WTI,daily,74.48,1.7733333333333334
2026-03-04,DCOILWTICO,WTI,daily,74.58,1.7757142857142856
2026-03-05,DCOILWTICO,WTI,daily,80.88,1.9257142857142857
2026-03-06,DCOILWTICO,WTI,daily,90.77,2.161190476190476
2026-03-09,DCOILWTICO,WTI,daily,94.65,2.2535714285714286
2026-03-10,DCOILWTICO,WTI,daily,83.71,1.993095238095238
2026-03-11,DCOILWTICO,WTI,daily,86.8,2.0666666666666664
2026-03-12,DCOILWTICO,WTI,daily,95.61,2.2764285714285712
2026-03-13,DCOILWTICO,WTI,daily,98.48,2.344761904761905
2026-03-16,DCOILWTICO,WTI,daily,93.39,2.2235714285714288
2026-03-17,DCOILWTICO,WTI,daily,96.01,2.285952380952381
2026-03-18,DCOILWTICO,WTI,daily,96.12,2.2885714285714287
2026-03-19,DCOILWTICO,WTI,daily,96.11,2.288333333333333
2026-03-20,DCOILWTICO,WTI,daily,98.71,2.3502380952380952
2026-03-23,DCOILWTICO,WTI,daily,89.33,2.126904761904762
2026-03-24,DCOILWTICO,WTI,daily,93.18,2.218571428571429
2026-03-25,DCOILWTICO,WTI,daily,91.51,2.178809523809524
2026-03-26,DCOILWTICO,WTI,daily,96.18,2.29
2026-03-27,DCOILWTICO,WTI,daily,101.26,2.410952380952381
2026-03-30,DCOILWTICO,WTI,daily,104.69,2.4926190476190477
2026-03-31,DCOILWTICO,WTI,daily,102.86,2.449047619047619
2026-04-01,DCOILWTICO,WTI,daily,101.9,2.4261904761904765
2026-04-02,DCOILWTICO,WTI,daily,113.23,2.695952380952381
2026-04-03,DCOILWTICO,WTI,daily,,
2026-04-06,DCOILWTICO,WTI,daily,114.01,2.7145238095238096
2026-04-07,DCOILWTICO,WTI,daily,114.58,2.728095238095238
2026-04-08,DCOILWTICO,WTI,daily,96.17,2.289761904761905
2026-04-09,DCOILWTICO,WTI,daily,99.62,2.371904761904762
2026-04-10,DCOILWTICO,WTI,daily,98.34,2.3414285714285716
2026-04-13,DCOILWTICO,WTI,daily,100.72,2.3980952380952383
2026-04-14,DCOILWTICO,WTI,daily,93.07,2.215952380952381
2026-04-15,DCOILWTICO,WTI,daily,93.04,2.2152380952380955
2026-04-16,DCOILWTICO,WTI,daily,96.46,2.2966666666666664
2026-04-17,DCOILWTICO,WTI,daily,85.91,2.0454761904761902
2026-04-20,DCOILWTICO,WTI,daily,91.06,2.1680952380952383
2026-04-21,DCOILWTICO,WTI,daily,93.64,2.2295238095238097
2026-04-22,DCOILWTICO,WTI,daily,94.76,2.2561904761904765
2026-04-23,DCOILWTICO,WTI,daily,99.27,2.3635714285714284
2026-04-24,DCOILWTICO,WTI,daily,98.42,2.3433333333333333
2026-04-27,DCOILWTICO,WTI,daily,99.89,2.3783333333333334
2026-04-28,DCOILWTICO,WTI,daily,103.45,2.4630952380952382
2026-04-29,DCOILWTICO,WTI,daily,110.47,2.630238095238095
2026-04-30,DCOILWTICO,WTI,daily,108.64,2.586666666666667
2026-05-01,DCOILWTICO,WTI,daily,105.38,2.5090476190476187
2026-05-04,DCOILWTICO,WTI,daily,109.76,2.6133333333333333
2026-05-05,DCOILWTICO,WTI,daily,105.66,2.5157142857142856
2026-05-06,DCOILWTICO,WTI,daily,98.75,2.3511904761904763
2026-05-07,DCOILWTICO,WTI,daily,98.38,2.3423809523809522
2026-05-08,DCOILWTICO,WTI,daily,98.87,2.354047619047619
2026-05-11,DCOILWTICO,WTI,daily,101.56,2.4180952380952383
2026-05-12,DCOILWTICO,WTI,daily,105.78,2.5185714285714287
2026-05-13,DCOILWTICO,WTI,daily,104.52,2.4885714285714284
2026-05-14,DCOILWTICO,WTI,daily,104.66,2.491904761904762
2026-05-15,DCOILWTICO,WTI,daily,108.99,2.5949999999999998
2026-05-18,DCOILWTICO,WTI,daily,112.25,2.6726190476190474
2026-05-19,DCOILWTICO,WTI,daily,112.09,2.6688095238095237
2026-05-20,DCOILWTICO,WTI,daily,101.69,2.421190476190476
2026-05-21,DCOILWTICO,WTI,daily,100.2,2.3857142857142857
2026-05-22,DCOILWTICO,WTI,daily,100.35,2.3892857142857142
2026-05-25,DCOILWTICO,WTI,daily,,
2026-05-26,DCOILWTICO,WTI,daily,97.63,2.3245238095238094
2026-05-27,DCOILWTICO,WTI,daily,92.35,2.1988095238095235
2026-05-28,DCOILWTICO,WTI,daily,92.65,2.205952380952381
2026-05-29,DCOILWTICO,WTI,daily,91.16,2.1704761904761902
2026-06-01,DCOILWTICO,WTI,daily,95.96,2.2847619047619045
2026-06-02,DCOILWTICO,WTI,daily,97.47,2.3207142857142857
2026-06-03,DCOILWTICO,WTI,daily,99.76,2.375238095238095
2026-06-04,DCOILWTICO,WTI,daily,96.83,2.3054761904761905
2026-06-05,DCOILWTICO,WTI,daily,94.32,2.2457142857142856
2026-06-08,DCOILWTICO,WTI,daily,95.0,2.261904761904762
2026-06-09,DCOILWTICO,WTI,daily,91.9,2.1880952380952383
2026-06-10,DCOILWTICO,WTI,daily,93.68,2.2304761904761907
2026-06-11,DCOILWTICO,WTI,daily,91.58,2.1804761904761905
2026-06-12,DCOILWTICO,WTI,daily,88.62,2.1100000000000003
2026-06-15,DCOILWTICO,WTI,daily,84.65,2.0154761904761904
2026-06-16,DCOILWTICO,WTI,daily,79.8,1.9
2026-06-17,DCOILWTICO,WTI,daily,80.65,1.9202380952380953
2026-06-18,DCOILWTICO,WTI,daily,80.35,1.913095238095238
2026-06-19,DCOILWTICO,WTI,daily,,
2026-06-22,DCOILWTICO,WTI,daily,78.94,1.8795238095238094
2026-06-23,DCOILWTICO,WTI,daily,74.62,1.7766666666666668
2026-06-24,DCOILWTICO,WTI,daily,71.42,1.7004761904761905
2026-06-25,DCOILWTICO,WTI,daily,72.67,1.7302380952380954
2026-06-26,DCOILWTICO,WTI,daily,70.3,1.6738095238095236
2026-06-29,DCOILWTICO,WTI,daily,71.87,1.7111904761904764
2026-06-30,DCOILWTICO,WTI,daily,70.56,1.6800000000000002
2026-07-01,DCOILWTICO,WTI,daily,69.74,1.6604761904761904
2026-07-02,DCOILWTICO,WTI,daily,69.73,1.6602380952380953
2026-07-03,DCOILWTICO,WTI,daily,,
2026-07-06,DCOILWTICO,WTI,daily,69.6,1.657142857142857
2026-07-07,DCOILWTICO,WTI,daily,71.53,1.7030952380952382
2026-07-08,DCOILWTICO,WTI,daily,74.56,1.7752380952380953
2026-07-09,DCOILWTICO,WTI,daily,73.15,1.7416666666666667
2026-07-10,DCOILWTICO,WTI,daily,72.45,1.725
2026-07-13,DCOILWTICO,WTI,daily,79.2,1.8857142857142857
2026-07-14,DCOILWTICO,WTI,daily,80.44,1.9152380952380952
2026-07-15,DCOILWTICO,WTI,daily,80.73,1.9221428571428572
2026-07-16,DCOILWTICO,WTI,daily,80.03,1.9054761904761905
2026-07-17,DCOILWTICO,WTI,daily,83.43,1.9864285714285717
2026-07-20,DCOILWTICO,WTI,daily,84.38,2.0090476190476187
2026-07-21,DCOILWTICO,WTI,daily,86.04,2.048571428571429
2026-07-22,DCOILWTICO,WTI,daily,87.66,2.087142857142857
2026-07-23,DCOILWTICO,WTI,daily,93.08,2.216190476190476
2026-07-24,DCOILWTICO,WTI,daily,91.74,2.184285714285714
2026-07-27,DCOILWTICO,WTI,daily,84.25,2.005952380952381
2026-07-28,DCOILWTICO,WTI,daily,80.91,1.9264285714285714
2026-07-29,DCOILWTICO,WTI,daily,86.08,2.0495238095238095
2026-07-30,DCOILWTICO,WTI,daily,85.15,2.0273809523809527
2026-07-31,DCOILWTICO,WTI,daily,86.16,2.051428571428571
2026-08-03,DCOILWTICO,WTI,daily,81.96,1.9514285714285713
2010-01-01,WCOILBRENTEU,Brent,weekly-fri,77.19,1.8378571428571429
2010-01-08,WCOILBRENTEU,Brent,weekly-fri,79.82,1.9004761904761902
2010-01-15,WCOILBRENTEU,Brent,weekly-fri,78.31,1.8645238095238095
2010-01-22,WCOILBRENTEU,Brent,weekly-fri,74.28,1.7685714285714287
2010-01-29,WCOILBRENTEU,Brent,weekly-fri,71.88,1.7114285714285713
2010-02-05,WCOILBRENTEU,Brent,weekly-fri,72.54,1.7271428571428573
2010-02-12,WCOILBRENTEU,Brent,weekly-fri,70.85,1.6869047619047617
2010-02-19,WCOILBRENTEU,Brent,weekly-fri,75.8,1.8047619047619048
2010-02-26,WCOILBRENTEU,Brent,weekly-fri,76.23,1.8150000000000002
2010-03-05,WCOILBRENTEU,Brent,weekly-fri,77.86,1.8538095238095238
2010-03-12,WCOILBRENTEU,Brent,weekly-fri,79.36,1.8895238095238096
2010-03-19,WCOILBRENTEU,Brent,weekly-fri,79.05,1.8821428571428571
2010-03-26,WCOILBRENTEU,Brent,weekly-fri,78.38,1.8661904761904762
2010-04-02,WCOILBRENTEU,Brent,weekly-fri,80.59,1.918809523809524
2010-04-09,WCOILBRENTEU,Brent,weekly-fri,83.88,1.997142857142857
2010-04-16,WCOILBRENTEU,Brent,weekly-fri,85.23,2.0292857142857144
2010-04-23,WCOILBRENTEU,Brent,weekly-fri,84.61,2.0145238095238094
2010-04-30,WCOILBRENTEU,Brent,weekly-fri,85.98,2.047142857142857
2010-05-07,WCOILBRENTEU,Brent,weekly-fri,82.5,1.9642857142857142
2010-05-14,WCOILBRENTEU,Brent,weekly-fri,78.32,1.8647619047619046
2010-05-21,WCOILBRENTEU,Brent,weekly-fri,72.17,1.7183333333333333
2010-05-28,WCOILBRENTEU,Brent,weekly-fri,70.79,1.6854761904761906
2010-06-04,WCOILBRENTEU,Brent,weekly-fri,72.71,1.731190476190476
2010-06-11,WCOILBRENTEU,Brent,weekly-fri,72.76,1.7323809523809526
2010-06-18,WCOILBRENTEU,Brent,weekly-fri,76.22,1.8147619047619048
2010-06-25,WCOILBRENTEU,Brent,weekly-fri,76.64,1.8247619047619048
2010-07-02,WCOILBRENTEU,Brent,weekly-fri,73.86,1.7585714285714285
2010-07-09,WCOILBRENTEU,Brent,weekly-fri,73.95,1.7607142857142857
2010-07-16,WCOILBRENTEU,Brent,weekly-fri,75.7,1.8023809523809524
2010-07-23,WCOILBRENTEU,Brent,weekly-fri,76.64,1.8247619047619048
2010-07-30,WCOILBRENTEU,Brent,weekly-fri,77.24,1.8390476190476188
2010-08-06,WCOILBRENTEU,Brent,weekly-fri,82.69,1.9688095238095238
2010-08-13,WCOILBRENTEU,Brent,weekly-fri,78.21,1.862142857142857
2010-08-20,WCOILBRENTEU,Brent,weekly-fri,74.94,1.7842857142857143
2010-08-27,WCOILBRENTEU,Brent,weekly-fri,72.82,1.7338095238095237
2010-09-03,WCOILBRENTEU,Brent,weekly-fri,75.41,1.7954761904761904
2010-09-10,WCOILBRENTEU,Brent,weekly-fri,77.17,1.8373809523809523
2010-09-17,WCOILBRENTEU,Brent,weekly-fri,78.44,1.8676190476190475
2010-09-24,WCOILBRENTEU,Brent,weekly-fri,78.38,1.8661904761904762
2010-10-01,WCOILBRENTEU,Brent,weekly-fri,79.82,1.9004761904761902
2010-10-08,WCOILBRENTEU,Brent,weekly-fri,83.87,1.996904761904762
2010-10-15,WCOILBRENTEU,Brent,weekly-fri,83.11,1.9788095238095238
2010-10-22,WCOILBRENTEU,Brent,weekly-fri,81.43,1.938809523809524
2010-10-29,WCOILBRENTEU,Brent,weekly-fri,82.25,1.9583333333333333
2010-11-05,WCOILBRENTEU,Brent,weekly-fri,85.6,2.038095238095238
2010-11-12,WCOILBRENTEU,Brent,weekly-fri,87.43,2.081666666666667
2010-11-19,WCOILBRENTEU,Brent,weekly-fri,83.94,1.9985714285714284
2010-11-26,WCOILBRENTEU,Brent,weekly-fri,83.51,1.9883333333333335
2010-12-03,WCOILBRENTEU,Brent,weekly-fri,88.1,2.0976190476190473
2010-12-10,WCOILBRENTEU,Brent,weekly-fri,90.25,2.1488095238095237
2010-12-17,WCOILBRENTEU,Brent,weekly-fri,90.91,2.1645238095238093
2010-12-24,WCOILBRENTEU,Brent,weekly-fri,92.9,2.211904761904762
2010-12-31,WCOILBRENTEU,Brent,weekly-fri,93.17,2.2183333333333333
2011-01-07,WCOILBRENTEU,Brent,weekly-fri,94.72,2.255238095238095
2011-01-14,WCOILBRENTEU,Brent,weekly-fri,97.09,2.3116666666666665
2011-01-21,WCOILBRENTEU,Brent,weekly-fri,97.34,2.317619047619048
2011-01-28,WCOILBRENTEU,Brent,weekly-fri,96.62,2.3004761904761906
2011-02-04,WCOILBRENTEU,Brent,weekly-fri,100.36,2.3895238095238094
2011-02-11,WCOILBRENTEU,Brent,weekly-fri,99.9,2.3785714285714286
2011-02-18,WCOILBRENTEU,Brent,weekly-fri,102.81,2.447857142857143
2011-02-25,WCOILBRENTEU,Brent,weekly-fri,110.49,2.630714285714286
2011-03-04,WCOILBRENTEU,Brent,weekly-fri,114.53,2.7269047619047617
2011-03-11,WCOILBRENTEU,Brent,weekly-fri,114.45,2.725
2011-03-18,WCOILBRENTEU,Brent,weekly-fri,112.67,2.6826190476190477
2011-03-25,WCOILBRENTEU,Brent,weekly-fri,115.41,2.7478571428571428
2011-04-01,WCOILBRENTEU,Brent,weekly-fri,116.49,2.7735714285714286
2011-04-08,WCOILBRENTEU,Brent,weekly-fri,123.03,2.9292857142857143
2011-04-15,WCOILBRENTEU,Brent,weekly-fri,123.57,2.942142857142857
2011-04-22,WCOILBRENTEU,Brent,weekly-fri,122.74,2.9223809523809523
2011-04-29,WCOILBRENTEU,Brent,weekly-fri,125.36,2.9847619047619047
2011-05-06,WCOILBRENTEU,Brent,weekly-fri,119.56,2.8466666666666667
2011-05-13,WCOILBRENTEU,Brent,weekly-fri,114.53,2.7269047619047617
2011-05-20,WCOILBRENTEU,Brent,weekly-fri,112.02,2.6671428571428573
2011-05-27,WCOILBRENTEU,Brent,weekly-fri,113.41,2.7002380952380953
2011-06-03,WCOILBRENTEU,Brent,weekly-fri,115.68,2.7542857142857144
2011-06-10,WCOILBRENTEU,Brent,weekly-fri,117.73,2.803095238095238
2011-06-17,WCOILBRENTEU,Brent,weekly-fri,116.79,2.7807142857142857
2011-06-24,WCOILBRENTEU,Brent,weekly-fri,110.18,2.6233333333333335
2011-07-01,WCOILBRENTEU,Brent,weekly-fri,109.03,2.595952380952381
2011-07-08,WCOILBRENTEU,Brent,weekly-fri,115.39,2.7473809523809525
2011-07-15,WCOILBRENTEU,Brent,weekly-fri,117.72,2.802857142857143
2011-07-22,WCOILBRENTEU,Brent,weekly-fri,118.2,2.8142857142857145
2011-07-29,WCOILBRENTEU,Brent,weekly-fri,117.7,2.8023809523809526
2011-08-05,WCOILBRENTEU,Brent,weekly-fri,112.65,2.6821428571428574
2011-08-12,WCOILBRENTEU,Brent,weekly-fri,105.3,2.507142857142857
2011-08-19,WCOILBRENTEU,Brent,weekly-fri,109.54,2.6080952380952382
2011-08-26,WCOILBRENTEU,Brent,weekly-fri,111.06,2.644285714285714
2011-09-02,WCOILBRENTEU,Brent,weekly-fri,116.11,2.7645238095238094
2011-09-09,WCOILBRENTEU,Brent,weekly-fri,115.97,2.761190476190476
2011-09-16,WCOILBRENTEU,Brent,weekly-fri,114.98,2.737619047619048
2011-09-23,WCOILBRENTEU,Brent,weekly-fri,111.98,2.666190476190476
2011-09-30,WCOILBRENTEU,Brent,weekly-fri,107.69,2.564047619047619
2011-10-07,WCOILBRENTEU,Brent,weekly-fri,104.03,2.4769047619047617
2011-10-14,WCOILBRENTEU,Brent,weekly-fri,111.59,2.656904761904762
2011-10-21,WCOILBRENTEU,Brent,weekly-fri,111.47,2.654047619047619
2011-10-28,WCOILBRENTEU,Brent,weekly-fri,111.33,2.650714285714286
2011-11-04,WCOILBRENTEU,Brent,weekly-fri,109.84,2.6152380952380954
2011-11-11,WCOILBRENTEU,Brent,weekly-fri,114.68,2.7304761904761907
2011-11-18,WCOILBRENTEU,Brent,weekly-fri,110.69,2.6354761904761905
2011-11-25,WCOILBRENTEU,Brent,weekly-fri,106.67,2.539761904761905
2011-12-02,WCOILBRENTEU,Brent,weekly-fri,110.05,2.6202380952380953
2011-12-09,WCOILBRENTEU,Brent,weekly-fri,109.31,2.6026190476190476
2011-12-16,WCOILBRENTEU,Brent,weekly-fri,106.26,2.5300000000000002
2011-12-23,WCOILBRENTEU,Brent,weekly-fri,107.72,2.564761904761905
2011-12-30,WCOILBRENTEU,Brent,weekly-fri,107.51,2.559761904761905
2012-01-06,WCOILBRENTEU,Brent,weekly-fri,112.51,2.678809523809524
2012-01-13,WCOILBRENTEU,Brent,weekly-fri,111.78,2.6614285714285715
2012-01-20,WCOILBRENTEU,Brent,weekly-fri,109.6,2.6095238095238096
2012-01-27,WCOILBRENTEU,Brent,weekly-fri,109.18,2.59952380952381
2012-02-03,WCOILBRENTEU,Brent,weekly-fri,111.2,2.6476190476190475
2012-02-10,WCOILBRENTEU,Brent,weekly-fri,117.21,2.7907142857142855
2012-02-17,WCOILBRENTEU,Brent,weekly-fri,119.79,2.8521428571428573
2012-02-24,WCOILBRENTEU,Brent,weekly-fri,123.34,2.9366666666666665
2012-03-02,WCOILBRENTEU,Brent,weekly-fri,124.88,2.973333333333333
2012-03-09,WCOILBRENTEU,Brent,weekly-fri,126.62,3.014761904761905
2012-03-16,WCOILBRENTEU,Brent,weekly-fri,126.22,3.005238095238095
2012-03-23,WCOILBRENTEU,Brent,weekly-fri,124.35,2.9607142857142854
2012-03-30,WCOILBRENTEU,Brent,weekly-fri,124.43,2.962619047619048
2012-04-06,WCOILBRENTEU,Brent,weekly-fri,124.18,2.956666666666667
2012-04-13,WCOILBRENTEU,Brent,weekly-fri,120.87,2.877857142857143
2012-04-20,WCOILBRENTEU,Brent,weekly-fri,117.18,2.79
2012-04-27,WCOILBRENTEU,Brent,weekly-fri,118.1,2.8119047619047617
2012-05-04,WCOILBRENTEU,Brent,weekly-fri,116.67,2.777857142857143
2012-05-11,WCOILBRENTEU,Brent,weekly-fri,111.78,2.6614285714285715
2012-05-18,WCOILBRENTEU,Brent,weekly-fri,109.87,2.6159523809523813
2012-05-25,WCOILBRENTEU,Brent,weekly-fri,108.14,2.5747619047619046
2012-06-01,WCOILBRENTEU,Brent,weekly-fri,103.47,2.4635714285714285
2012-06-08,WCOILBRENTEU,Brent,weekly-fri,99.03,2.357857142857143
2012-06-15,WCOILBRENTEU,Brent,weekly-fri,97.21,2.314523809523809
2012-06-22,WCOILBRENTEU,Brent,weekly-fri,92.46,2.201428571428571
2012-06-29,WCOILBRENTEU,Brent,weekly-fri,91.23,2.172142857142857
2012-07-06,WCOILBRENTEU,Brent,weekly-fri,98.8,2.3523809523809525
2012-07-13,WCOILBRENTEU,Brent,weekly-fri,99.88,2.378095238095238
2012-07-20,WCOILBRENTEU,Brent,weekly-fri,105.4,2.5095238095238095
2012-07-27,WCOILBRENTEU,Brent,weekly-fri,104.18,2.4804761904761907
2012-08-03,WCOILBRENTEU,Brent,weekly-fri,107.27,2.554047619047619
2012-08-10,WCOILBRENTEU,Brent,weekly-fri,112.49,2.6783333333333332
2012-08-17,WCOILBRENTEU,Brent,weekly-fri,115.04,2.739047619047619
2012-08-24,WCOILBRENTEU,Brent,weekly-fri,116.1,2.7642857142857142
2012-08-31,WCOILBRENTEU,Brent,weekly-fri,113.02,2.690952380952381
2012-09-07,WCOILBRENTEU,Brent,weekly-fri,114.11,2.716904761904762
2012-09-14,WCOILBRENTEU,Brent,weekly-fri,115.41,2.7478571428571428
2012-09-21,WCOILBRENTEU,Brent,weekly-fri,111.83,2.6626190476190477
2012-09-28,WCOILBRENTEU,Brent,weekly-fri,110.35,2.6273809523809524
2012-10-05,WCOILBRENTEU,Brent,weekly-fri,111.41,2.6526190476190474
2012-10-12,WCOILBRENTEU,Brent,weekly-fri,114.88,2.735238095238095
2012-10-19,WCOILBRENTEU,Brent,weekly-fri,113.59,2.7045238095238098
2012-10-26,WCOILBRENTEU,Brent,weekly-fri,108.27,2.577857142857143
2012-11-02,WCOILBRENTEU,Brent,weekly-fri,108.85,2.5916666666666663
2012-11-09,WCOILBRENTEU,Brent,weekly-fri,107.78,2.566190476190476
2012-11-16,WCOILBRENTEU,Brent,weekly-fri,109.12,2.598095238095238
2012-11-23,WCOILBRENTEU,Brent,weekly-fri,110.26,2.625238095238095
2012-11-30,WCOILBRENTEU,Brent,weekly-fri,109.82,2.6147619047619046
2012-12-07,WCOILBRENTEU,Brent,weekly-fri,109.08,2.597142857142857
2012-12-14,WCOILBRENTEU,Brent,weekly-fri,109.1,2.5976190476190473
2012-12-21,WCOILBRENTEU,Brent,weekly-fri,109.79,2.614047619047619
2012-12-28,WCOILBRENTEU,Brent,weekly-fri,109.81,2.6145238095238095
2013-01-04,WCOILBRENTEU,Brent,weekly-fri,112.35,2.675
2013-01-11,WCOILBRENTEU,Brent,weekly-fri,112.37,2.6754761904761906
2013-01-18,WCOILBRENTEU,Brent,weekly-fri,111.35,2.651190476190476
2013-01-25,WCOILBRENTEU,Brent,weekly-fri,113.72,2.7076190476190476
2013-02-01,WCOILBRENTEU,Brent,weekly-fri,115.13,2.741190476190476
2013-02-08,WCOILBRENTEU,Brent,weekly-fri,117.15,2.7892857142857146
2013-02-15,WCOILBRENTEU,Brent,weekly-fri,118.1,2.8119047619047617
2013-02-22,WCOILBRENTEU,Brent,weekly-fri,115.3,2.7452380952380953
2013-03-01,WCOILBRENTEU,Brent,weekly-fri,112.42,2.6766666666666667
2013-03-08,WCOILBRENTEU,Brent,weekly-fri,109.98,2.6185714285714288
2013-03-15,WCOILBRENTEU,Brent,weekly-fri,108.41,2.5811904761904763
2013-03-22,WCOILBRENTEU,Brent,weekly-fri,107.33,2.5554761904761905
2013-03-29,WCOILBRENTEU,Brent,weekly-fri,107.68,2.5638095238095238
2013-04-05,WCOILBRENTEU,Brent,weekly-fri,107.06,2.5490476190476192
2013-04-12,WCOILBRENTEU,Brent,weekly-fri,103.25,2.4583333333333335
2013-04-19,WCOILBRENTEU,Brent,weekly-fri,98.09,2.3354761904761907
2013-04-26,WCOILBRENTEU,Brent,weekly-fri,100.61,2.3954761904761903
2013-05-03,WCOILBRENTEU,Brent,weekly-fri,101.53,2.4173809523809524
2013-05-10,WCOILBRENTEU,Brent,weekly-fri,103.77,2.4707142857142856
2013-05-17,WCOILBRENTEU,Brent,weekly-fri,102.91,2.4502380952380953
2013-05-24,WCOILBRENTEU,Brent,weekly-fri,102.3,2.4357142857142855
2013-05-31,WCOILBRENTEU,Brent,weekly-fri,102.03,2.4292857142857143
2013-06-07,WCOILBRENTEU,Brent,weekly-fri,102.92,2.4504761904761905
2013-06-14,WCOILBRENTEU,Brent,weekly-fri,103.39,2.461666666666667
2013-06-21,WCOILBRENTEU,Brent,weekly-fri,103.93,2.47452380952381
2013-06-28,WCOILBRENTEU,Brent,weekly-fri,101.43,2.415
2013-07-05,WCOILBRENTEU,Brent,weekly-fri,105.18,2.5042857142857144
2013-07-12,WCOILBRENTEU,Brent,weekly-fri,108.26,2.5776190476190477
2013-07-19,WCOILBRENTEU,Brent,weekly-fri,109.41,2.605
2013-07-26,WCOILBRENTEU,Brent,weekly-fri,108.4,2.580952380952381
2013-08-02,WCOILBRENTEU,Brent,weekly-fri,108.61,2.585952380952381
2013-08-09,WCOILBRENTEU,Brent,weekly-fri,108.56,2.584761904761905
2013-08-16,WCOILBRENTEU,Brent,weekly-fri,110.73,2.6364285714285716
2013-08-23,WCOILBRENTEU,Brent,weekly-fri,111.12,2.645714285714286
2013-08-30,WCOILBRENTEU,Brent,weekly-fri,115.32,2.7457142857142856
2013-09-06,WCOILBRENTEU,Brent,weekly-fri,116.03,2.7626190476190478
2013-09-13,WCOILBRENTEU,Brent,weekly-fri,113.22,2.6957142857142857
2013-09-20,WCOILBRENTEU,Brent,weekly-fri,109.98,2.6185714285714288
2013-09-27,WCOILBRENTEU,Brent,weekly-fri,108.8,2.5904761904761906
2013-10-04,WCOILBRENTEU,Brent,weekly-fri,108.63,2.5864285714285713
2013-10-11,WCOILBRENTEU,Brent,weekly-fri,110.3,2.626190476190476
2013-10-18,WCOILBRENTEU,Brent,weekly-fri,110.11,2.6216666666666666
2013-10-25,WCOILBRENTEU,Brent,weekly-fri,107.82,2.567142857142857
2013-11-01,WCOILBRENTEU,Brent,weekly-fri,107.61,2.5621428571428573
2013-11-08,WCOILBRENTEU,Brent,weekly-fri,104.54,2.489047619047619
2013-11-15,WCOILBRENTEU,Brent,weekly-fri,107.1,2.55
2013-11-22,WCOILBRENTEU,Brent,weekly-fri,109.32,2.6028571428571428
2013-11-29,WCOILBRENTEU,Brent,weekly-fri,111.32,2.65047619047619
2013-12-06,WCOILBRENTEU,Brent,weekly-fri,112.28,2.6733333333333333
2013-12-13,WCOILBRENTEU,Brent,weekly-fri,109.1,2.5976190476190473
2013-12-20,WCOILBRENTEU,Brent,weekly-fri,110.34,2.6271428571428572
2013-12-27,WCOILBRENTEU,Brent,weekly-fri,111.72,2.66
2014-01-03,WCOILBRENTEU,Brent,weekly-fri,108.73,2.588809523809524
2014-01-10,WCOILBRENTEU,Brent,weekly-fri,107.01,2.547857142857143
2014-01-17,WCOILBRENTEU,Brent,weekly-fri,107.83,2.5673809523809523
2014-01-24,WCOILBRENTEU,Brent,weekly-fri,109.14,2.5985714285714288
2014-01-31,WCOILBRENTEU,Brent,weekly-fri,108.83,2.591190476190476
2014-02-07,WCOILBRENTEU,Brent,weekly-fri,107.73,2.565
2014-02-14,WCOILBRENTEU,Brent,weekly-fri,109.12,2.598095238095238
2014-02-21,WCOILBRENTEU,Brent,weekly-fri,109.74,2.6128571428571425
2014-02-28,WCOILBRENTEU,Brent,weekly-fri,109.17,2.599285714285714
2014-03-07,WCOILBRENTEU,Brent,weekly-fri,109.14,2.5985714285714288
2014-03-14,WCOILBRENTEU,Brent,weekly-fri,108.01,2.5716666666666668
2014-03-21,WCOILBRENTEU,Brent,weekly-fri,106.53,2.5364285714285715
2014-03-28,WCOILBRENTEU,Brent,weekly-fri,106.54,2.5366666666666666
2014-04-04,WCOILBRENTEU,Brent,weekly-fri,105.26,2.5061904761904765
2014-04-11,WCOILBRENTEU,Brent,weekly-fri,106.51,2.535952380952381
2014-04-18,WCOILBRENTEU,Brent,weekly-fri,109.07,2.596904761904762
2014-04-25,WCOILBRENTEU,Brent,weekly-fri,109.21,2.6002380952380952
2014-05-02,WCOILBRENTEU,Brent,weekly-fri,109.15,2.598809523809524
2014-05-09,WCOILBRENTEU,Brent,weekly-fri,108.48,2.5828571428571427
2014-05-16,WCOILBRENTEU,Brent,weekly-fri,109.53,2.607857142857143
2014-05-23,WCOILBRENTEU,Brent,weekly-fri,110.72,2.636190476190476
2014-05-30,WCOILBRENTEU,Brent,weekly-fri,109.62,2.6100000000000003
2014-06-06,WCOILBRENTEU,Brent,weekly-fri,108.98,2.594761904761905
2014-06-13,WCOILBRENTEU,Brent,weekly-fri,110.98,2.6423809523809525
2014-06-20,WCOILBRENTEU,Brent,weekly-fri,114.29,2.7211904761904764
2014-06-27,WCOILBRENTEU,Brent,weekly-fri,113.09,2.692619047619048
2014-07-04,WCOILBRENTEU,Brent,weekly-fri,110.26,2.625238095238095
2014-07-11,WCOILBRENTEU,Brent,weekly-fri,107.03,2.5483333333333333
2014-07-18,WCOILBRENTEU,Brent,weekly-fri,105.39,2.5092857142857143
2014-07-25,WCOILBRENTEU,Brent,weekly-fri,106.34,2.531904761904762
2014-08-01,WCOILBRENTEU,Brent,weekly-fri,105.71,2.5169047619047618
2014-08-08,WCOILBRENTEU,Brent,weekly-fri,103.6,2.4666666666666663
2014-08-15,WCOILBRENTEU,Brent,weekly-fri,101.94,2.427142857142857
2014-08-22,WCOILBRENTEU,Brent,weekly-fri,99.88,2.378095238095238
2014-08-29,WCOILBRENTEU,Brent,weekly-fri,100.64,2.396190476190476
2014-09-05,WCOILBRENTEU,Brent,weekly-fri,100.45,2.3916666666666666
2014-09-12,WCOILBRENTEU,Brent,weekly-fri,97.32,2.317142857142857
2014-09-19,WCOILBRENTEU,Brent,weekly-fri,97.02,2.31
2014-09-26,WCOILBRENTEU,Brent,weekly-fri,95.01,2.2621428571428575
2014-10-03,WCOILBRENTEU,Brent,weekly-fri,93.41,2.224047619047619
2014-10-10,WCOILBRENTEU,Brent,weekly-fri,90.19,2.1473809523809524
2014-10-17,WCOILBRENTEU,Brent,weekly-fri,85.5,2.0357142857142856
2014-10-24,WCOILBRENTEU,Brent,weekly-fri,85.58,2.0376190476190477
2014-10-31,WCOILBRENTEU,Brent,weekly-fri,85.56,2.0371428571428574
2014-11-07,WCOILBRENTEU,Brent,weekly-fri,83.04,1.9771428571428573
2014-11-14,WCOILBRENTEU,Brent,weekly-fri,79.9,1.9023809523809525
2014-11-21,WCOILBRENTEU,Brent,weekly-fri,77.62,1.8480952380952382
2014-11-28,WCOILBRENTEU,Brent,weekly-fri,76.63,1.8245238095238094
2014-12-05,WCOILBRENTEU,Brent,weekly-fri,69.72,1.66
2014-12-12,WCOILBRENTEU,Brent,weekly-fri,64.08,1.5257142857142856
2014-12-19,WCOILBRENTEU,Brent,weekly-fri,59.77,1.4230952380952382
2014-12-26,WCOILBRENTEU,Brent,weekly-fri,58.69,1.3973809523809524
2015-01-02,WCOILBRENTEU,Brent,weekly-fri,56.03,1.3340476190476191
2015-01-09,WCOILBRENTEU,Brent,weekly-fri,49.47,1.177857142857143
2015-01-16,WCOILBRENTEU,Brent,weekly-fri,46.58,1.109047619047619
2015-01-23,WCOILBRENTEU,Brent,weekly-fri,46.44,1.1057142857142856
2015-01-30,WCOILBRENTEU,Brent,weekly-fri,46.76,1.1133333333333333
2015-02-06,WCOILBRENTEU,Brent,weekly-fri,54.62,1.3004761904761903
2015-02-13,WCOILBRENTEU,Brent,weekly-fri,56.57,1.3469047619047618
2015-02-20,WCOILBRENTEU,Brent,weekly-fri,60.57,1.4421428571428572
2015-02-27,WCOILBRENTEU,Brent,weekly-fri,60.63,1.4435714285714287
2015-03-06,WCOILBRENTEU,Brent,weekly-fri,60.12,1.4314285714285713
2015-03-13,WCOILBRENTEU,Brent,weekly-fri,56.51,1.3454761904761905
2015-03-20,WCOILBRENTEU,Brent,weekly-fri,52.72,1.2552380952380953
2015-03-27,WCOILBRENTEU,Brent,weekly-fri,55.01,1.3097619047619047
2015-04-03,WCOILBRENTEU,Brent,weekly-fri,54.79,1.3045238095238094
2015-04-10,WCOILBRENTEU,Brent,weekly-fri,56.51,1.3454761904761905
2015-04-17,WCOILBRENTEU,Brent,weekly-fri,59.12,1.4076190476190475
2015-04-24,WCOILBRENTEU,Brent,weekly-fri,61.41,1.462142857142857
2015-05-01,WCOILBRENTEU,Brent,weekly-fri,63.49,1.5116666666666667
2015-05-08,WCOILBRENTEU,Brent,weekly-fri,65.01,1.547857142857143
2015-05-15,WCOILBRENTEU,Brent,weekly-fri,64.9,1.5452380952380953
2015-05-22,WCOILBRENTEU,Brent,weekly-fri,64.31,1.5311904761904762
2015-05-29,WCOILBRENTEU,Brent,weekly-fri,61.57,1.465952380952381
2015-06-05,WCOILBRENTEU,Brent,weekly-fri,61.9,1.4738095238095237
2015-06-12,WCOILBRENTEU,Brent,weekly-fri,63.24,1.5057142857142858
2015-06-19,WCOILBRENTEU,Brent,weekly-fri,60.65,1.444047619047619
2015-06-26,WCOILBRENTEU,Brent,weekly-fri,60.84,1.4485714285714286
2015-07-03,WCOILBRENTEU,Brent,weekly-fri,60.36,1.437142857142857
2015-07-10,WCOILBRENTEU,Brent,weekly-fri,56.63,1.3483333333333334
2015-07-17,WCOILBRENTEU,Brent,weekly-fri,57.17,1.3611904761904763
2015-07-24,WCOILBRENTEU,Brent,weekly-fri,55.75,1.3273809523809523
2015-07-31,WCOILBRENTEU,Brent,weekly-fri,54.14,1.289047619047619
2015-08-07,WCOILBRENTEU,Brent,weekly-fri,48.59,1.1569047619047619
2015-08-14,WCOILBRENTEU,Brent,weekly-fri,47.94,1.1414285714285715
2015-08-21,WCOILBRENTEU,Brent,weekly-fri,46.0,1.0952380952380953
2015-08-28,WCOILBRENTEU,Brent,weekly-fri,43.53,1.0364285714285715
2015-09-04,WCOILBRENTEU,Brent,weekly-fri,48.87,1.1635714285714285
2015-09-11,WCOILBRENTEU,Brent,weekly-fri,47.6,1.1333333333333333
2015-09-18,WCOILBRENTEU,Brent,weekly-fri,47.34,1.1271428571428572
2015-09-25,WCOILBRENTEU,Brent,weekly-fri,47.33,1.1269047619047619
2015-10-02,WCOILBRENTEU,Brent,weekly-fri,46.99,1.118809523809524
2015-10-09,WCOILBRENTEU,Brent,weekly-fri,51.33,1.2221428571428572
2015-10-16,WCOILBRENTEU,Brent,weekly-fri,48.99,1.1664285714285714
2015-10-23,WCOILBRENTEU,Brent,weekly-fri,46.81,1.1145238095238095
2015-10-30,WCOILBRENTEU,Brent,weekly-fri,47.15,1.1226190476190476
2015-11-06,WCOILBRENTEU,Brent,weekly-fri,47.23,1.1245238095238095
2015-11-13,WCOILBRENTEU,Brent,weekly-fri,44.75,1.0654761904761905
2015-11-20,WCOILBRENTEU,Brent,weekly-fri,41.54,0.9890476190476191
2015-11-27,WCOILBRENTEU,Brent,weekly-fri,43.65,1.0392857142857141
2015-12-04,WCOILBRENTEU,Brent,weekly-fri,42.41,1.0097619047619046
2015-12-11,WCOILBRENTEU,Brent,weekly-fri,38.76,0.9228571428571428
2015-12-18,WCOILBRENTEU,Brent,weekly-fri,36.84,0.8771428571428572
2015-12-25,WCOILBRENTEU,Brent,weekly-fri,35.9,0.8547619047619047
2016-01-01,WCOILBRENTEU,Brent,weekly-fri,36.55,0.8702380952380951
2016-01-08,WCOILBRENTEU,Brent,weekly-fri,34.19,0.814047619047619
2016-01-15,WCOILBRENTEU,Brent,weekly-fri,29.1,0.6928571428571428
2016-01-22,WCOILBRENTEU,Brent,weekly-fri,27.76,0.660952380952381
2016-01-29,WCOILBRENTEU,Brent,weekly-fri,31.75,0.7559523809523809
2016-02-05,WCOILBRENTEU,Brent,weekly-fri,32.18,0.7661904761904762
2016-02-12,WCOILBRENTEU,Brent,weekly-fri,30.41,0.724047619047619
2016-02-19,WCOILBRENTEU,Brent,weekly-fri,32.29,0.7688095238095238
2016-02-26,WCOILBRENTEU,Brent,weekly-fri,33.12,0.7885714285714285
2016-03-04,WCOILBRENTEU,Brent,weekly-fri,36.28,0.8638095238095238
2016-03-11,WCOILBRENTEU,Brent,weekly-fri,39.3,0.9357142857142856
2016-03-18,WCOILBRENTEU,Brent,weekly-fri,38.5,0.9166666666666666
2016-03-25,WCOILBRENTEU,Brent,weekly-fri,39.41,0.9383333333333332
2016-04-01,WCOILBRENTEU,Brent,weekly-fri,37.0,0.8809523809523809
2016-04-08,WCOILBRENTEU,Brent,weekly-fri,37.51,0.893095238095238
2016-04-15,WCOILBRENTEU,Brent,weekly-fri,42.35,1.0083333333333333
2016-04-22,WCOILBRENTEU,Brent,weekly-fri,43.04,1.0247619047619048
2016-04-29,WCOILBRENTEU,Brent,weekly-fri,44.46,1.0585714285714285
2016-05-06,WCOILBRENTEU,Brent,weekly-fri,44.2,1.0523809523809524
2016-05-13,WCOILBRENTEU,Brent,weekly-fri,45.2,1.0761904761904764
2016-05-20,WCOILBRENTEU,Brent,weekly-fri,48.34,1.150952380952381
2016-05-27,WCOILBRENTEU,Brent,weekly-fri,48.73,1.160238095238095
2016-06-03,WCOILBRENTEU,Brent,weekly-fri,48.91,1.1645238095238095
2016-06-10,WCOILBRENTEU,Brent,weekly-fri,49.94,1.189047619047619
2016-06-17,WCOILBRENTEU,Brent,weekly-fri,47.39,1.1283333333333334
2016-06-24,WCOILBRENTEU,Brent,weekly-fri,48.12,1.1457142857142857
2016-07-01,WCOILBRENTEU,Brent,weekly-fri,47.09,1.1211904761904763
2016-07-08,WCOILBRENTEU,Brent,weekly-fri,45.96,1.0942857142857143
2016-07-15,WCOILBRENTEU,Brent,weekly-fri,45.54,1.0842857142857143
2016-07-22,WCOILBRENTEU,Brent,weekly-fri,45.22,1.0766666666666667
2016-07-29,WCOILBRENTEU,Brent,weekly-fri,42.55,1.013095238095238
2016-08-05,WCOILBRENTEU,Brent,weekly-fri,40.88,0.9733333333333334
2016-08-12,WCOILBRENTEU,Brent,weekly-fri,43.63,1.0388095238095238
2016-08-19,WCOILBRENTEU,Brent,weekly-fri,48.6,1.1571428571428573
2016-08-26,WCOILBRENTEU,Brent,weekly-fri,48.65,1.1583333333333332
2016-09-02,WCOILBRENTEU,Brent,weekly-fri,47.31,1.1264285714285716
2016-09-09,WCOILBRENTEU,Brent,weekly-fri,47.51,1.131190476190476
2016-09-16,WCOILBRENTEU,Brent,weekly-fri,46.21,1.1002380952380952
2016-09-23,WCOILBRENTEU,Brent,weekly-fri,46.24,1.100952380952381
2016-09-30,WCOILBRENTEU,Brent,weekly-fri,46.74,1.112857142857143
2016-10-07,WCOILBRENTEU,Brent,weekly-fri,49.52,1.1790476190476191
2016-10-14,WCOILBRENTEU,Brent,weekly-fri,49.94,1.189047619047619
2016-10-21,WCOILBRENTEU,Brent,weekly-fri,50.33,1.1983333333333333
2016-10-28,WCOILBRENTEU,Brent,weekly-fri,48.95,1.1654761904761906
2016-11-04,WCOILBRENTEU,Brent,weekly-fri,44.63,1.0626190476190476
2016-11-11,WCOILBRENTEU,Brent,weekly-fri,43.09,1.025952380952381
2016-11-18,WCOILBRENTEU,Brent,weekly-fri,44.01,1.0478571428571428
2016-11-25,WCOILBRENTEU,Brent,weekly-fri,46.49,1.106904761904762
2016-12-02,WCOILBRENTEU,Brent,weekly-fri,48.78,1.1614285714285715
2016-12-09,WCOILBRENTEU,Brent,weekly-fri,52.26,1.2442857142857142
2016-12-16,WCOILBRENTEU,Brent,weekly-fri,53.26,1.268095238095238
2016-12-23,WCOILBRENTEU,Brent,weekly-fri,53.81,1.2811904761904762
2016-12-30,WCOILBRENTEU,Brent,weekly-fri,54.96,1.3085714285714285
2017-01-06,WCOILBRENTEU,Brent,weekly-fri,55.13,1.3126190476190476
2017-01-13,WCOILBRENTEU,Brent,weekly-fri,54.02,1.2861904761904763
2017-01-20,WCOILBRENTEU,Brent,weekly-fri,54.19,1.2902380952380952
2017-01-27,WCOILBRENTEU,Brent,weekly-fri,54.91,1.3073809523809523
2017-02-03,WCOILBRENTEU,Brent,weekly-fri,55.53,1.322142857142857
2017-02-10,WCOILBRENTEU,Brent,weekly-fri,54.48,1.2971428571428572
2017-02-17,WCOILBRENTEU,Brent,weekly-fri,54.46,1.2966666666666666
2017-02-24,WCOILBRENTEU,Brent,weekly-fri,55.4,1.319047619047619
2017-03-03,WCOILBRENTEU,Brent,weekly-fri,54.4,1.2952380952380953
2017-03-10,WCOILBRENTEU,Brent,weekly-fri,52.78,1.2566666666666666
2017-03-17,WCOILBRENTEU,Brent,weekly-fri,50.29,1.1973809523809524
2017-03-24,WCOILBRENTEU,Brent,weekly-fri,50.1,1.1928571428571428
2017-03-31,WCOILBRENTEU,Brent,weekly-fri,51.33,1.2221428571428572
2017-04-07,WCOILBRENTEU,Brent,weekly-fri,53.28,1.2685714285714287
2017-04-14,WCOILBRENTEU,Brent,weekly-fri,54.83,1.3054761904761905
2017-04-21,WCOILBRENTEU,Brent,weekly-fri,52.08,1.24
2017-04-28,WCOILBRENTEU,Brent,weekly-fri,49.55,1.1797619047619048
2017-05-05,WCOILBRENTEU,Brent,weekly-fri,48.7,1.1595238095238096
2017-05-12,WCOILBRENTEU,Brent,weekly-fri,48.0,1.1428571428571428
2017-05-19,WCOILBRENTEU,Brent,weekly-fri,51.75,1.2321428571428572
2017-05-26,WCOILBRENTEU,Brent,weekly-fri,52.58,1.2519047619047619
2017-06-02,WCOILBRENTEU,Brent,weekly-fri,50.23,1.1959523809523809
2017-06-09,WCOILBRENTEU,Brent,weekly-fri,47.28,1.1257142857142857
2017-06-16,WCOILBRENTEU,Brent,weekly-fri,46.18,1.0995238095238096
2017-06-23,WCOILBRENTEU,Brent,weekly-fri,44.63,1.0626190476190476
2017-06-30,WCOILBRENTEU,Brent,weekly-fri,46.16,1.099047619047619
2017-07-07,WCOILBRENTEU,Brent,weekly-fri,48.17,1.1469047619047619
2017-07-14,WCOILBRENTEU,Brent,weekly-fri,47.1,1.1214285714285714
2017-07-21,WCOILBRENTEU,Brent,weekly-fri,47.99,1.1426190476190476
2017-07-28,WCOILBRENTEU,Brent,weekly-fri,49.95,1.1892857142857143
2017-08-04,WCOILBRENTEU,Brent,weekly-fri,52.04,1.239047619047619
2017-08-11,WCOILBRENTEU,Brent,weekly-fri,51.96,1.237142857142857
2017-08-18,WCOILBRENTEU,Brent,weekly-fri,50.58,1.2042857142857142
2017-08-25,WCOILBRENTEU,Brent,weekly-fri,52.03,1.2388095238095238
2017-09-01,WCOILBRENTEU,Brent,weekly-fri,52.25,1.244047619047619
2017-09-08,WCOILBRENTEU,Brent,weekly-fri,53.88,1.282857142857143
2017-09-15,WCOILBRENTEU,Brent,weekly-fri,55.54,1.3223809523809524
2017-09-22,WCOILBRENTEU,Brent,weekly-fri,57.03,1.3578571428571429
2017-09-29,WCOILBRENTEU,Brent,weekly-fri,58.75,1.3988095238095237
2017-10-06,WCOILBRENTEU,Brent,weekly-fri,56.08,1.3352380952380951
2017-10-13,WCOILBRENTEU,Brent,weekly-fri,56.21,1.3383333333333334
2017-10-20,WCOILBRENTEU,Brent,weekly-fri,57.78,1.3757142857142857
2017-10-27,WCOILBRENTEU,Brent,weekly-fri,58.58,1.3947619047619046
2017-11-03,WCOILBRENTEU,Brent,weekly-fri,61.04,1.4533333333333334
2017-11-10,WCOILBRENTEU,Brent,weekly-fri,64.29,1.530714285714286
2017-11-17,WCOILBRENTEU,Brent,weekly-fri,61.52,1.464761904761905
2017-11-24,WCOILBRENTEU,Brent,weekly-fri,62.68,1.4923809523809524
2017-12-01,WCOILBRENTEU,Brent,weekly-fri,63.73,1.5173809523809523
2017-12-08,WCOILBRENTEU,Brent,weekly-fri,63.08,1.5019047619047619
2017-12-15,WCOILBRENTEU,Brent,weekly-fri,64.35,1.532142857142857
2017-12-22,WCOILBRENTEU,Brent,weekly-fri,64.36,1.5323809523809524
2017-12-29,WCOILBRENTEU,Brent,weekly-fri,66.52,1.5838095238095238
2018-01-05,WCOILBRENTEU,Brent,weekly-fri,67.81,1.6145238095238095
2018-01-12,WCOILBRENTEU,Brent,weekly-fri,69.47,1.654047619047619
2018-01-19,WCOILBRENTEU,Brent,weekly-fri,69.39,1.6521428571428571
2018-01-26,WCOILBRENTEU,Brent,weekly-fri,70.04,1.6676190476190478
2018-02-02,WCOILBRENTEU,Brent,weekly-fri,68.0,1.619047619047619
2018-02-09,WCOILBRENTEU,Brent,weekly-fri,65.5,1.5595238095238095
2018-02-16,WCOILBRENTEU,Brent,weekly-fri,62.72,1.4933333333333334
2018-02-23,WCOILBRENTEU,Brent,weekly-fri,65.52,1.5599999999999998
2018-03-02,WCOILBRENTEU,Brent,weekly-fri,66.02,1.571904761904762
2018-03-09,WCOILBRENTEU,Brent,weekly-fri,65.12,1.5504761904761906
2018-03-16,WCOILBRENTEU,Brent,weekly-fri,64.14,1.5271428571428571
2018-03-23,WCOILBRENTEU,Brent,weekly-fri,67.4,1.6047619047619048
2018-03-30,WCOILBRENTEU,Brent,weekly-fri,68.65,1.6345238095238097
2018-04-06,WCOILBRENTEU,Brent,weekly-fri,67.03,1.595952380952381
2018-04-13,WCOILBRENTEU,Brent,weekly-fri,71.24,1.696190476190476
2018-04-20,WCOILBRENTEU,Brent,weekly-fri,73.39,1.7473809523809525
2018-04-27,WCOILBRENTEU,Brent,weekly-fri,74.98,1.7852380952380953
2018-05-04,WCOILBRENTEU,Brent,weekly-fri,74.42,1.7719047619047619
2018-05-11,WCOILBRENTEU,Brent,weekly-fri,76.68,1.8257142857142858
2018-05-18,WCOILBRENTEU,Brent,weekly-fri,78.75,1.875
2018-05-25,WCOILBRENTEU,Brent,weekly-fri,78.59,1.8711904761904763
2018-06-01,WCOILBRENTEU,Brent,weekly-fri,75.35,1.794047619047619
2018-06-08,WCOILBRENTEU,Brent,weekly-fri,73.98,1.7614285714285716
2018-06-15,WCOILBRENTEU,Brent,weekly-fri,74.26,1.7680952380952382
2018-06-22,WCOILBRENTEU,Brent,weekly-fri,74.12,1.764761904761905
2018-06-29,WCOILBRENTEU,Brent,weekly-fri,75.24,1.7914285714285714
2018-07-06,WCOILBRENTEU,Brent,weekly-fri,76.33,1.8173809523809523
2018-07-13,WCOILBRENTEU,Brent,weekly-fri,75.29,1.7926190476190478
2018-07-20,WCOILBRENTEU,Brent,weekly-fri,71.27,1.696904761904762
2018-07-27,WCOILBRENTEU,Brent,weekly-fri,74.0,1.7619047619047619
2018-08-03,WCOILBRENTEU,Brent,weekly-fri,73.37,1.746904761904762
2018-08-10,WCOILBRENTEU,Brent,weekly-fri,71.42,1.7004761904761905
2018-08-17,WCOILBRENTEU,Brent,weekly-fri,69.82,1.6623809523809523
2018-08-24,WCOILBRENTEU,Brent,weekly-fri,72.77,1.7326190476190475
2018-08-31,WCOILBRENTEU,Brent,weekly-fri,76.08,1.8114285714285714
2018-09-07,WCOILBRENTEU,Brent,weekly-fri,76.64,1.8247619047619048
2018-09-14,WCOILBRENTEU,Brent,weekly-fri,78.11,1.8597619047619047
2018-09-21,WCOILBRENTEU,Brent,weekly-fri,78.97,1.8802380952380953
2018-09-28,WCOILBRENTEU,Brent,weekly-fri,81.85,1.9488095238095238
2018-10-05,WCOILBRENTEU,Brent,weekly-fri,85.44,2.0342857142857143
2018-10-12,WCOILBRENTEU,Brent,weekly-fri,83.05,1.9773809523809522
2018-10-19,WCOILBRENTEU,Brent,weekly-fri,80.41,1.9145238095238095
2018-10-26,WCOILBRENTEU,Brent,weekly-fri,78.23,1.8626190476190476
2018-11-02,WCOILBRENTEU,Brent,weekly-fri,74.09,1.764047619047619
2018-11-09,WCOILBRENTEU,Brent,weekly-fri,70.34,1.674761904761905
2018-11-16,WCOILBRENTEU,Brent,weekly-fri,66.21,1.5764285714285713
2018-11-23,WCOILBRENTEU,Brent,weekly-fri,61.22,1.4576190476190476
2018-11-30,WCOILBRENTEU,Brent,weekly-fri,58.65,1.3964285714285714
2018-12-07,WCOILBRENTEU,Brent,weekly-fri,60.47,1.4397619047619048
2018-12-14,WCOILBRENTEU,Brent,weekly-fri,59.51,1.416904761904762
2018-12-21,WCOILBRENTEU,Brent,weekly-fri,54.64,1.3009523809523809
2018-12-28,WCOILBRENTEU,Brent,weekly-fri,51.03,1.215
2019-01-04,WCOILBRENTEU,Brent,weekly-fri,54.31,1.293095238095238
2019-01-11,WCOILBRENTEU,Brent,weekly-fri,58.64,1.3961904761904762
2019-01-18,WCOILBRENTEU,Brent,weekly-fri,59.83,1.4245238095238095
2019-01-25,WCOILBRENTEU,Brent,weekly-fri,61.34,1.4604761904761905
2019-02-01,WCOILBRENTEU,Brent,weekly-fri,61.38,1.4614285714285715
2019-02-08,WCOILBRENTEU,Brent,weekly-fri,61.71,1.4692857142857143
2019-02-15,WCOILBRENTEU,Brent,weekly-fri,63.36,1.5085714285714285
2019-02-22,WCOILBRENTEU,Brent,weekly-fri,66.58,1.5852380952380951
2019-03-01,WCOILBRENTEU,Brent,weekly-fri,64.56,1.5371428571428571
2019-03-08,WCOILBRENTEU,Brent,weekly-fri,64.73,1.5411904761904762
2019-03-15,WCOILBRENTEU,Brent,weekly-fri,65.71,1.5645238095238094
2019-03-22,WCOILBRENTEU,Brent,weekly-fri,67.34,1.6033333333333335
2019-03-29,WCOILBRENTEU,Brent,weekly-fri,67.25,1.6011904761904763
2019-04-05,WCOILBRENTEU,Brent,weekly-fri,69.54,1.655714285714286
2019-04-12,WCOILBRENTEU,Brent,weekly-fri,71.33,1.6983333333333333
2019-04-19,WCOILBRENTEU,Brent,weekly-fri,70.87,1.6873809523809524
2019-04-26,WCOILBRENTEU,Brent,weekly-fri,72.93,1.7364285714285717
2019-05-03,WCOILBRENTEU,Brent,weekly-fri,71.59,1.7045238095238096
2019-05-10,WCOILBRENTEU,Brent,weekly-fri,71.25,1.6964285714285714
2019-05-17,WCOILBRENTEU,Brent,weekly-fri,73.32,1.7457142857142856
2019-05-24,WCOILBRENTEU,Brent,weekly-fri,70.89,1.687857142857143
2019-05-31,WCOILBRENTEU,Brent,weekly-fri,69.29,1.649761904761905
2019-06-07,WCOILBRENTEU,Brent,weekly-fri,63.15,1.5035714285714286
2019-06-14,WCOILBRENTEU,Brent,weekly-fri,63.19,1.5045238095238094
2019-06-21,WCOILBRENTEU,Brent,weekly-fri,64.04,1.524761904761905
2019-06-28,WCOILBRENTEU,Brent,weekly-fri,66.51,1.5835714285714286
2019-07-05,WCOILBRENTEU,Brent,weekly-fri,63.84,1.52
2019-07-12,WCOILBRENTEU,Brent,weekly-fri,65.98,1.570952380952381
2019-07-19,WCOILBRENTEU,Brent,weekly-fri,63.63,1.5150000000000001
2019-07-26,WCOILBRENTEU,Brent,weekly-fri,62.8,1.4952380952380953
2019-08-02,WCOILBRENTEU,Brent,weekly-fri,62.59,1.4902380952380954
2019-08-09,WCOILBRENTEU,Brent,weekly-fri,57.33,1.365
2019-08-16,WCOILBRENTEU,Brent,weekly-fri,58.25,1.3869047619047619
2019-08-23,WCOILBRENTEU,Brent,weekly-fri,59.57,1.4183333333333334
2019-08-30,WCOILBRENTEU,Brent,weekly-fri,59.83,1.4245238095238095
2019-09-06,WCOILBRENTEU,Brent,weekly-fri,60.23,1.434047619047619
2019-09-13,WCOILBRENTEU,Brent,weekly-fri,62.74,1.493809523809524
2019-09-20,WCOILBRENTEU,Brent,weekly-fri,65.56,1.560952380952381
2019-09-27,WCOILBRENTEU,Brent,weekly-fri,63.15,1.5035714285714286
2019-10-04,WCOILBRENTEU,Brent,weekly-fri,59.22,1.41
2019-10-11,WCOILBRENTEU,Brent,weekly-fri,59.39,1.414047619047619
2019-10-18,WCOILBRENTEU,Brent,weekly-fri,59.32,1.4123809523809523
2019-10-25,WCOILBRENTEU,Brent,weekly-fri,60.75,1.4464285714285714
2019-11-01,WCOILBRENTEU,Brent,weekly-fri,60.23,1.434047619047619
2019-11-08,WCOILBRENTEU,Brent,weekly-fri,62.39,1.4854761904761904
2019-11-15,WCOILBRENTEU,Brent,weekly-fri,62.56,1.4895238095238095
2019-11-22,WCOILBRENTEU,Brent,weekly-fri,63.76,1.518095238095238
2019-11-29,WCOILBRENTEU,Brent,weekly-fri,64.74,1.5414285714285714
2019-12-06,WCOILBRENTEU,Brent,weekly-fri,64.71,1.5407142857142855
2019-12-13,WCOILBRENTEU,Brent,weekly-fri,66.5,1.5833333333333333
2019-12-20,WCOILBRENTEU,Brent,weekly-fri,68.9,1.6404761904761906
2019-12-27,WCOILBRENTEU,Brent,weekly-fri,68.73,1.6364285714285716
2020-01-03,WCOILBRENTEU,Brent,weekly-fri,68.07,1.6207142857142856
2020-01-10,WCOILBRENTEU,Brent,weekly-fri,67.93,1.6173809523809526
2020-01-17,WCOILBRENTEU,Brent,weekly-fri,64.11,1.5264285714285715
2020-01-24,WCOILBRENTEU,Brent,weekly-fri,62.2,1.480952380952381
2020-01-31,WCOILBRENTEU,Brent,weekly-fri,58.57,1.3945238095238095
2020-02-07,WCOILBRENTEU,Brent,weekly-fri,54.59,1.299761904761905
2020-02-14,WCOILBRENTEU,Brent,weekly-fri,55.33,1.3173809523809523
2020-02-21,WCOILBRENTEU,Brent,weekly-fri,58.61,1.3954761904761905
2020-02-28,WCOILBRENTEU,Brent,weekly-fri,54.09,1.287857142857143
2020-03-06,WCOILBRENTEU,Brent,weekly-fri,50.7,1.2071428571428573
2020-03-13,WCOILBRENTEU,Brent,weekly-fri,33.72,0.8028571428571428
2020-03-20,WCOILBRENTEU,Brent,weekly-fri,25.65,0.6107142857142857
2020-03-27,WCOILBRENTEU,Brent,weekly-fri,23.96,0.5704761904761905
2020-04-03,WCOILBRENTEU,Brent,weekly-fri,18.72,0.4457142857142857
2020-04-10,WCOILBRENTEU,Brent,weekly-fri,22.53,0.5364285714285715
2020-04-17,WCOILBRENTEU,Brent,weekly-fri,20.0,0.47619047619047616
2020-04-24,WCOILBRENTEU,Brent,weekly-fri,14.24,0.33904761904761904
2020-05-01,WCOILBRENTEU,Brent,weekly-fri,17.05,0.40595238095238095
2020-05-08,WCOILBRENTEU,Brent,weekly-fri,23.57,0.5611904761904762
2020-05-15,WCOILBRENTEU,Brent,weekly-fri,28.18,0.670952380952381
2020-05-22,WCOILBRENTEU,Brent,weekly-fri,33.94,0.8080952380952381
2020-05-29,WCOILBRENTEU,Brent,weekly-fri,33.7,0.8023809523809524
2020-06-05,WCOILBRENTEU,Brent,weekly-fri,38.37,0.9135714285714285
2020-06-12,WCOILBRENTEU,Brent,weekly-fri,39.52,0.940952380952381
2020-06-19,WCOILBRENTEU,Brent,weekly-fri,40.95,0.9750000000000001
2020-06-26,WCOILBRENTEU,Brent,weekly-fri,41.69,0.9926190476190475
2020-07-03,WCOILBRENTEU,Brent,weekly-fri,42.3,1.0071428571428571
2020-07-10,WCOILBRENTEU,Brent,weekly-fri,43.06,1.0252380952380953
2020-07-17,WCOILBRENTEU,Brent,weekly-fri,43.4,1.0333333333333332
2020-07-24,WCOILBRENTEU,Brent,weekly-fri,43.57,1.0373809523809523
2020-07-31,WCOILBRENTEU,Brent,weekly-fri,43.22,1.029047619047619
2020-08-07,WCOILBRENTEU,Brent,weekly-fri,44.36,1.0561904761904761
2020-08-14,WCOILBRENTEU,Brent,weekly-fri,44.54,1.0604761904761904
2020-08-21,WCOILBRENTEU,Brent,weekly-fri,44.79,1.0664285714285715
2020-08-28,WCOILBRENTEU,Brent,weekly-fri,45.26,1.0776190476190475
2020-09-04,WCOILBRENTEU,Brent,weekly-fri,43.06,1.0252380952380953
2020-09-11,WCOILBRENTEU,Brent,weekly-fri,39.45,0.9392857142857144
2020-09-18,WCOILBRENTEU,Brent,weekly-fri,40.77,0.9707142857142858
2020-09-25,WCOILBRENTEU,Brent,weekly-fri,40.89,0.9735714285714285
2020-10-02,WCOILBRENTEU,Brent,weekly-fri,39.99,0.9521428571428572
2020-10-09,WCOILBRENTEU,Brent,weekly-fri,41.06,0.9776190476190477
2020-10-16,WCOILBRENTEU,Brent,weekly-fri,41.32,0.9838095238095238
2020-10-23,WCOILBRENTEU,Brent,weekly-fri,41.0,0.9761904761904762
2020-10-30,WCOILBRENTEU,Brent,weekly-fri,37.91,0.9026190476190475
2020-11-06,WCOILBRENTEU,Brent,weekly-fri,38.64,0.92
2020-11-13,WCOILBRENTEU,Brent,weekly-fri,41.87,0.9969047619047618
2020-11-20,WCOILBRENTEU,Brent,weekly-fri,43.01,1.024047619047619
2020-11-27,WCOILBRENTEU,Brent,weekly-fri,46.43,1.1054761904761905
2020-12-04,WCOILBRENTEU,Brent,weekly-fri,47.83,1.1388095238095237
2020-12-11,WCOILBRENTEU,Brent,weekly-fri,49.32,1.1742857142857144
2020-12-18,WCOILBRENTEU,Brent,weekly-fri,51.05,1.2154761904761904
2020-12-25,WCOILBRENTEU,Brent,weekly-fri,50.61,1.205
2021-01-01,WCOILBRENTEU,Brent,weekly-fri,50.82,1.21
2021-01-08,WCOILBRENTEU,Brent,weekly-fri,53.31,1.2692857142857144
2021-01-15,WCOILBRENTEU,Brent,weekly-fri,55.38,1.3185714285714287
2021-01-22,WCOILBRENTEU,Brent,weekly-fri,55.23,1.315
2021-01-29,WCOILBRENTEU,Brent,weekly-fri,55.18,1.3138095238095238
2021-02-05,WCOILBRENTEU,Brent,weekly-fri,58.22,1.3861904761904762
2021-02-12,WCOILBRENTEU,Brent,weekly-fri,61.13,1.4554761904761906
2021-02-19,WCOILBRENTEU,Brent,weekly-fri,63.9,1.5214285714285714
2021-02-26,WCOILBRENTEU,Brent,weekly-fri,65.86,1.568095238095238
2021-03-05,WCOILBRENTEU,Brent,weekly-fri,65.94,1.5699999999999998
2021-03-12,WCOILBRENTEU,Brent,weekly-fri,68.15,1.6226190476190478
2021-03-19,WCOILBRENTEU,Brent,weekly-fri,66.11,1.5740476190476191
2021-03-26,WCOILBRENTEU,Brent,weekly-fri,62.51,1.4883333333333333
2021-04-02,WCOILBRENTEU,Brent,weekly-fri,63.68,1.516190476190476
2021-04-09,WCOILBRENTEU,Brent,weekly-fri,61.83,1.4721428571428572
2021-04-16,WCOILBRENTEU,Brent,weekly-fri,64.69,1.5402380952380952
2021-04-23,WCOILBRENTEU,Brent,weekly-fri,65.34,1.5557142857142858
2021-04-30,WCOILBRENTEU,Brent,weekly-fri,66.96,1.594285714285714
2021-05-07,WCOILBRENTEU,Brent,weekly-fri,68.99,1.6426190476190474
2021-05-14,WCOILBRENTEU,Brent,weekly-fri,68.73,1.6364285714285716
2021-05-21,WCOILBRENTEU,Brent,weekly-fri,67.48,1.6066666666666667
2021-05-28,WCOILBRENTEU,Brent,weekly-fri,69.02,1.6433333333333333
2021-06-04,WCOILBRENTEU,Brent,weekly-fri,70.66,1.6823809523809523
2021-06-11,WCOILBRENTEU,Brent,weekly-fri,71.46,1.7014285714285713
2021-06-18,WCOILBRENTEU,Brent,weekly-fri,73.11,1.7407142857142857
2021-06-25,WCOILBRENTEU,Brent,weekly-fri,75.41,1.7954761904761904
2021-07-02,WCOILBRENTEU,Brent,weekly-fri,76.26,1.8157142857142858
2021-07-09,WCOILBRENTEU,Brent,weekly-fri,76.13,1.8126190476190476
2021-07-16,WCOILBRENTEU,Brent,weekly-fri,75.8,1.8047619047619048
2021-07-23,WCOILBRENTEU,Brent,weekly-fri,72.2,1.7190476190476192
2021-07-30,WCOILBRENTEU,Brent,weekly-fri,75.75,1.8035714285714286
2021-08-06,WCOILBRENTEU,Brent,weekly-fri,72.26,1.7204761904761905
2021-08-13,WCOILBRENTEU,Brent,weekly-fri,71.09,1.6926190476190477
2021-08-20,WCOILBRENTEU,Brent,weekly-fri,68.08,1.620952380952381
2021-08-27,WCOILBRENTEU,Brent,weekly-fri,71.02,1.6909523809523808
2021-09-03,WCOILBRENTEU,Brent,weekly-fri,73.02,1.7385714285714284
2021-09-10,WCOILBRENTEU,Brent,weekly-fri,72.01,1.7145238095238096
2021-09-17,WCOILBRENTEU,Brent,weekly-fri,74.13,1.765
2021-09-24,WCOILBRENTEU,Brent,weekly-fri,75.32,1.7933333333333332
2021-10-01,WCOILBRENTEU,Brent,weekly-fri,78.44,1.8676190476190475
2021-10-08,WCOILBRENTEU,Brent,weekly-fri,82.01,1.9526190476190477
2021-10-15,WCOILBRENTEU,Brent,weekly-fri,83.87,1.996904761904762
2021-10-22,WCOILBRENTEU,Brent,weekly-fri,84.98,2.0233333333333334
2021-10-29,WCOILBRENTEU,Brent,weekly-fri,84.12,2.002857142857143
2021-11-05,WCOILBRENTEU,Brent,weekly-fri,82.52,1.9647619047619047
2021-11-12,WCOILBRENTEU,Brent,weekly-fri,83.39,1.9854761904761904
2021-11-19,WCOILBRENTEU,Brent,weekly-fri,81.63,1.9435714285714285
2021-11-26,WCOILBRENTEU,Brent,weekly-fri,80.24,1.9104761904761904
2021-12-03,WCOILBRENTEU,Brent,weekly-fri,71.0,1.6904761904761905
2021-12-10,WCOILBRENTEU,Brent,weekly-fri,74.79,1.780714285714286
2021-12-17,WCOILBRENTEU,Brent,weekly-fri,73.76,1.7561904761904763
2021-12-24,WCOILBRENTEU,Brent,weekly-fri,73.91,1.7597619047619046
2021-12-31,WCOILBRENTEU,Brent,weekly-fri,78.16,1.860952380952381
2022-01-07,WCOILBRENTEU,Brent,weekly-fri,80.5,1.9166666666666667
2022-01-14,WCOILBRENTEU,Brent,weekly-fri,85.07,2.02547619047619
2022-01-21,WCOILBRENTEU,Brent,weekly-fri,89.16,2.1228571428571428
2022-01-28,WCOILBRENTEU,Brent,weekly-fri,90.12,2.145714285714286
2022-02-04,WCOILBRENTEU,Brent,weekly-fri,92.77,2.208809523809524
2022-02-11,WCOILBRENTEU,Brent,weekly-fri,96.43,2.295952380952381
2022-02-18,WCOILBRENTEU,Brent,weekly-fri,97.8,2.3285714285714283
2022-02-25,WCOILBRENTEU,Brent,weekly-fri,99.36,2.3657142857142857
2022-03-04,WCOILBRENTEU,Brent,weekly-fri,114.43,2.72452380952381
2022-03-11,WCOILBRENTEU,Brent,weekly-fri,122.29,2.9116666666666666
2022-03-18,WCOILBRENTEU,Brent,weekly-fri,109.59,2.6092857142857144
2022-03-25,WCOILBRENTEU,Brent,weekly-fri,123.6,2.9428571428571426
2022-04-01,WCOILBRENTEU,Brent,weekly-fri,111.26,2.6490476190476193
2022-04-08,WCOILBRENTEU,Brent,weekly-fri,103.33,2.460238095238095
2022-04-15,WCOILBRENTEU,Brent,weekly-fri,105.42,2.5100000000000002
2022-04-22,WCOILBRENTEU,Brent,weekly-fri,105.72,2.517142857142857
2022-04-29,WCOILBRENTEU,Brent,weekly-fri,103.92,2.474285714285714
2022-05-06,WCOILBRENTEU,Brent,weekly-fri,110.36,2.6276190476190475
2022-05-13,WCOILBRENTEU,Brent,weekly-fri,107.43,2.557857142857143
2022-05-20,WCOILBRENTEU,Brent,weekly-fri,112.93,2.6888095238095238
2022-05-27,WCOILBRENTEU,Brent,weekly-fri,117.66,2.801428571428571
2022-06-03,WCOILBRENTEU,Brent,weekly-fri,124.11,2.955
2022-06-10,WCOILBRENTEU,Brent,weekly-fri,127.4,3.0333333333333337
2022-06-17,WCOILBRENTEU,Brent,weekly-fri,125.08,2.978095238095238
2022-06-24,WCOILBRENTEU,Brent,weekly-fri,116.83,2.7816666666666667
2022-07-01,WCOILBRENTEU,Brent,weekly-fri,120.34,2.8652380952380954
2022-07-08,WCOILBRENTEU,Brent,weekly-fri,113.64,2.7057142857142855
2022-07-15,WCOILBRENTEU,Brent,weekly-fri,109.8,2.6142857142857143
2022-07-22,WCOILBRENTEU,Brent,weekly-fri,113.53,2.703095238095238
2022-07-29,WCOILBRENTEU,Brent,weekly-fri,109.28,2.6019047619047617
2022-08-05,WCOILBRENTEU,Brent,weekly-fri,102.54,2.4414285714285717
2022-08-12,WCOILBRENTEU,Brent,weekly-fri,104.64,2.4914285714285715
2022-08-19,WCOILBRENTEU,Brent,weekly-fri,96.73,2.303095238095238
2022-08-26,WCOILBRENTEU,Brent,weekly-fri,98.87,2.354047619047619
2022-09-02,WCOILBRENTEU,Brent,weekly-fri,95.31,2.269285714285714
2022-09-09,WCOILBRENTEU,Brent,weekly-fri,90.43,2.153095238095238
2022-09-16,WCOILBRENTEU,Brent,weekly-fri,91.41,2.176428571428571
2022-09-23,WCOILBRENTEU,Brent,weekly-fri,88.54,2.1080952380952382
2022-09-30,WCOILBRENTEU,Brent,weekly-fri,87.28,2.078095238095238
2022-10-07,WCOILBRENTEU,Brent,weekly-fri,94.66,2.2538095238095237
2022-10-14,WCOILBRENTEU,Brent,weekly-fri,94.62,2.252857142857143
2022-10-21,WCOILBRENTEU,Brent,weekly-fri,91.04,2.1676190476190476
2022-10-28,WCOILBRENTEU,Brent,weekly-fri,93.01,2.2145238095238096
2022-11-04,WCOILBRENTEU,Brent,weekly-fri,95.86,2.282380952380952
2022-11-11,WCOILBRENTEU,Brent,weekly-fri,96.08,2.2876190476190477
2022-11-18,WCOILBRENTEU,Brent,weekly-fri,92.09,2.192619047619048
2022-11-25,WCOILBRENTEU,Brent,weekly-fri,86.4,2.0571428571428574
2022-12-02,WCOILBRENTEU,Brent,weekly-fri,85.03,2.0245238095238096
2022-12-09,WCOILBRENTEU,Brent,weekly-fri,78.56,1.8704761904761906
2022-12-16,WCOILBRENTEU,Brent,weekly-fri,80.8,1.9238095238095236
2022-12-23,WCOILBRENTEU,Brent,weekly-fri,80.68,1.9209523809523812
2022-12-30,WCOILBRENTEU,Brent,weekly-fri,81.83,1.9483333333333333
2023-01-06,WCOILBRENTEU,Brent,weekly-fri,77.2,1.8380952380952382
2023-01-13,WCOILBRENTEU,Brent,weekly-fri,80.61,1.9192857142857143
2023-01-20,WCOILBRENTEU,Brent,weekly-fri,84.57,2.0135714285714283
2023-01-27,WCOILBRENTEU,Brent,weekly-fri,85.9,2.0452380952380955
2023-02-03,WCOILBRENTEU,Brent,weekly-fri,81.87,1.9492857142857143
2023-02-10,WCOILBRENTEU,Brent,weekly-fri,83.3,1.9833333333333332
2023-02-17,WCOILBRENTEU,Brent,weekly-fri,84.17,2.0040476190476193
2023-02-24,WCOILBRENTEU,Brent,weekly-fri,81.77,1.946904761904762
2023-03-03,WCOILBRENTEU,Brent,weekly-fri,83.6,1.9904761904761903
2023-03-10,WCOILBRENTEU,Brent,weekly-fri,82.86,1.9728571428571429
2023-03-17,WCOILBRENTEU,Brent,weekly-fri,74.98,1.7852380952380953
2023-03-24,WCOILBRENTEU,Brent,weekly-fri,74.24,1.7676190476190474
2023-03-31,WCOILBRENTEU,Brent,weekly-fri,78.0,1.8571428571428572
2023-04-07,WCOILBRENTEU,Brent,weekly-fri,85.99,2.0473809523809523
2023-04-14,WCOILBRENTEU,Brent,weekly-fri,87.36,2.08
2023-04-21,WCOILBRENTEU,Brent,weekly-fri,84.62,2.014761904761905
2023-04-28,WCOILBRENTEU,Brent,weekly-fri,81.4,1.9380952380952383
2023-05-05,WCOILBRENTEU,Brent,weekly-fri,74.62,1.7766666666666668
2023-05-12,WCOILBRENTEU,Brent,weekly-fri,76.08,1.8114285714285714
2023-05-19,WCOILBRENTEU,Brent,weekly-fri,75.75,1.8035714285714286
2023-05-26,WCOILBRENTEU,Brent,weekly-fri,76.48,1.820952380952381
2023-06-02,WCOILBRENTEU,Brent,weekly-fri,73.89,1.7592857142857143
2023-06-09,WCOILBRENTEU,Brent,weekly-fri,76.06,1.810952380952381
2023-06-16,WCOILBRENTEU,Brent,weekly-fri,74.39,1.7711904761904762
2023-06-23,WCOILBRENTEU,Brent,weekly-fri,75.26,1.7919047619047621
2023-06-30,WCOILBRENTEU,Brent,weekly-fri,73.55,1.7511904761904762
2023-07-07,WCOILBRENTEU,Brent,weekly-fri,76.6,1.8238095238095238
2023-07-14,WCOILBRENTEU,Brent,weekly-fri,79.79,1.899761904761905
2023-07-21,WCOILBRENTEU,Brent,weekly-fri,79.48,1.8923809523809525
2023-07-28,WCOILBRENTEU,Brent,weekly-fri,83.55,1.9892857142857143
2023-08-04,WCOILBRENTEU,Brent,weekly-fri,85.63,2.038809523809524
2023-08-11,WCOILBRENTEU,Brent,weekly-fri,87.83,2.091190476190476
2023-08-18,WCOILBRENTEU,Brent,weekly-fri,85.87,2.0445238095238096
2023-08-25,WCOILBRENTEU,Brent,weekly-fri,84.71,2.0169047619047618
2023-09-01,WCOILBRENTEU,Brent,weekly-fri,87.57,2.085
2023-09-08,WCOILBRENTEU,Brent,weekly-fri,91.29,2.173571428571429
2023-09-15,WCOILBRENTEU,Brent,weekly-fri,93.87,2.2350000000000003
2023-09-22,WCOILBRENTEU,Brent,weekly-fri,94.86,2.2585714285714285
2023-09-29,WCOILBRENTEU,Brent,weekly-fri,95.61,2.2764285714285712
2023-10-06,WCOILBRENTEU,Brent,weekly-fri,90.33,2.150714285714286
2023-10-13,WCOILBRENTEU,Brent,weekly-fri,90.48,2.1542857142857144
2023-10-20,WCOILBRENTEU,Brent,weekly-fri,92.47,2.2016666666666667
2023-10-27,WCOILBRENTEU,Brent,weekly-fri,89.84,2.139047619047619
2023-11-03,WCOILBRENTEU,Brent,weekly-fri,88.21,2.1002380952380952
2023-11-10,WCOILBRENTEU,Brent,weekly-fri,83.52,1.9885714285714284
2023-11-17,WCOILBRENTEU,Brent,weekly-fri,81.93,1.9507142857142858
2023-11-24,WCOILBRENTEU,Brent,weekly-fri,81.62,1.9433333333333334
2023-12-01,WCOILBRENTEU,Brent,weekly-fri,80.91,1.9264285714285714
2023-12-08,WCOILBRENTEU,Brent,weekly-fri,75.98,1.8090476190476192
2023-12-15,WCOILBRENTEU,Brent,weekly-fri,75.58,1.7995238095238095
2023-12-22,WCOILBRENTEU,Brent,weekly-fri,80.15,1.9083333333333334
2023-12-29,WCOILBRENTEU,Brent,weekly-fri,79.23,1.8864285714285716
2024-01-05,WCOILBRENTEU,Brent,weekly-fri,76.88,1.8304761904761904
2024-01-12,WCOILBRENTEU,Brent,weekly-fri,78.4,1.8666666666666667
2024-01-19,WCOILBRENTEU,Brent,weekly-fri,80.11,1.9073809523809524
2024-01-26,WCOILBRENTEU,Brent,weekly-fri,82.31,1.9597619047619048
2024-02-02,WCOILBRENTEU,Brent,weekly-fri,82.57,1.965952380952381
2024-02-09,WCOILBRENTEU,Brent,weekly-fri,81.51,1.9407142857142858
2024-02-16,WCOILBRENTEU,Brent,weekly-fri,84.44,2.0104761904761905
2024-02-23,WCOILBRENTEU,Brent,weekly-fri,85.02,2.024285714285714
2024-03-01,WCOILBRENTEU,Brent,weekly-fri,84.26,2.0061904761904765
2024-03-08,WCOILBRENTEU,Brent,weekly-fri,85.63,2.038809523809524
2024-03-15,WCOILBRENTEU,Brent,weekly-fri,84.52,2.012380952380952
2024-03-22,WCOILBRENTEU,Brent,weekly-fri,85.88,2.044761904761905
2024-03-29,WCOILBRENTEU,Brent,weekly-fri,85.8,2.0428571428571427
2024-04-05,WCOILBRENTEU,Brent,weekly-fri,90.34,2.150952380952381
2024-04-12,WCOILBRENTEU,Brent,weekly-fri,92.01,2.190714285714286
2024-04-19,WCOILBRENTEU,Brent,weekly-fri,89.59,2.133095238095238
2024-04-26,WCOILBRENTEU,Brent,weekly-fri,88.53,2.107857142857143
2024-05-03,WCOILBRENTEU,Brent,weekly-fri,85.73,2.041190476190476
2024-05-10,WCOILBRENTEU,Brent,weekly-fri,82.95,1.975
2024-05-17,WCOILBRENTEU,Brent,weekly-fri,81.61,1.943095238095238
2024-05-24,WCOILBRENTEU,Brent,weekly-fri,80.24,1.9104761904761904
2024-05-31,WCOILBRENTEU,Brent,weekly-fri,80.92,1.9266666666666667
2024-06-07,WCOILBRENTEU,Brent,weekly-fri,76.59,1.8235714285714286
2024-06-14,WCOILBRENTEU,Brent,weekly-fri,80.64,1.92
2024-06-21,WCOILBRENTEU,Brent,weekly-fri,85.04,2.0247619047619048
2024-06-28,WCOILBRENTEU,Brent,weekly-fri,86.72,2.064761904761905
2024-07-05,WCOILBRENTEU,Brent,weekly-fri,88.02,2.0957142857142856
2024-07-12,WCOILBRENTEU,Brent,weekly-fri,86.8,2.0666666666666664
2024-07-19,WCOILBRENTEU,Brent,weekly-fri,86.05,2.0488095238095236
2024-07-26,WCOILBRENTEU,Brent,weekly-fri,82.52,1.9647619047619047
2024-08-02,WCOILBRENTEU,Brent,weekly-fri,80.26,1.9109523809523812
2024-08-09,WCOILBRENTEU,Brent,weekly-fri,78.84,1.8771428571428572
2024-08-16,WCOILBRENTEU,Brent,weekly-fri,82.47,1.9635714285714285
2024-08-23,WCOILBRENTEU,Brent,weekly-fri,79.57,1.8945238095238093
2024-08-30,WCOILBRENTEU,Brent,weekly-fri,80.83,1.9245238095238095
2024-09-06,WCOILBRENTEU,Brent,weekly-fri,75.25,1.7916666666666667
2024-09-13,WCOILBRENTEU,Brent,weekly-fri,72.1,1.7166666666666666
2024-09-20,WCOILBRENTEU,Brent,weekly-fri,74.98,1.7852380952380953
2024-09-27,WCOILBRENTEU,Brent,weekly-fri,74.07,1.7635714285714283
2024-10-04,WCOILBRENTEU,Brent,weekly-fri,75.88,1.8066666666666666
2024-10-11,WCOILBRENTEU,Brent,weekly-fri,79.34,1.889047619047619
2024-10-18,WCOILBRENTEU,Brent,weekly-fri,74.58,1.7757142857142856
2024-10-25,WCOILBRENTEU,Brent,weekly-fri,74.69,1.7783333333333333
2024-11-01,WCOILBRENTEU,Brent,weekly-fri,72.61,1.7288095238095238
2024-11-08,WCOILBRENTEU,Brent,weekly-fri,75.63,1.8007142857142857
2024-11-15,WCOILBRENTEU,Brent,weekly-fri,72.89,1.7354761904761904
2024-11-22,WCOILBRENTEU,Brent,weekly-fri,74.84,1.7819047619047619
2024-11-29,WCOILBRENTEU,Brent,weekly-fri,74.16,1.7657142857142856
2024-12-06,WCOILBRENTEU,Brent,weekly-fri,73.97,1.7611904761904762
2024-12-13,WCOILBRENTEU,Brent,weekly-fri,74.03,1.7626190476190478
2024-12-20,WCOILBRENTEU,Brent,weekly-fri,73.79,1.756904761904762
2024-12-27,WCOILBRENTEU,Brent,weekly-fri,73.13,1.7411904761904762
2025-01-03,WCOILBRENTEU,Brent,weekly-fri,75.42,1.7957142857142858
2025-01-10,WCOILBRENTEU,Brent,weekly-fri,78.14,1.8604761904761904
2025-01-17,WCOILBRENTEU,Brent,weekly-fri,82.79,1.9711904761904764
2025-01-24,WCOILBRENTEU,Brent,weekly-fri,79.92,1.9028571428571428
2025-01-31,WCOILBRENTEU,Brent,weekly-fri,77.37,1.8421428571428573
2025-02-07,WCOILBRENTEU,Brent,weekly-fri,75.4,1.7952380952380953
2025-02-14,WCOILBRENTEU,Brent,weekly-fri,76.01,1.809761904761905
2025-02-21,WCOILBRENTEU,Brent,weekly-fri,76.09,1.8116666666666668
2025-02-28,WCOILBRENTEU,Brent,weekly-fri,74.25,1.7678571428571428
2025-03-07,WCOILBRENTEU,Brent,weekly-fri,71.93,1.7126190476190477
2025-03-14,WCOILBRENTEU,Brent,weekly-fri,71.54,1.7033333333333336
2025-03-21,WCOILBRENTEU,Brent,weekly-fri,72.21,1.719285714285714
2025-03-28,WCOILBRENTEU,Brent,weekly-fri,74.35,1.7702380952380952
2025-04-04,WCOILBRENTEU,Brent,weekly-fri,74.64,1.7771428571428571
2025-04-11,WCOILBRENTEU,Brent,weekly-fri,66.1,1.5738095238095238
2025-04-18,WCOILBRENTEU,Brent,weekly-fri,67.76,1.6133333333333335
2025-04-25,WCOILBRENTEU,Brent,weekly-fri,67.92,1.6171428571428572
2025-05-02,WCOILBRENTEU,Brent,weekly-fri,63.5,1.5119047619047619
2025-05-09,WCOILBRENTEU,Brent,weekly-fri,62.29,1.483095238095238
2025-05-16,WCOILBRENTEU,Brent,weekly-fri,65.54,1.5604761904761906
2025-05-23,WCOILBRENTEU,Brent,weekly-fri,65.86,1.568095238095238
2025-05-30,WCOILBRENTEU,Brent,weekly-fri,64.74,1.5414285714285714
2025-06-06,WCOILBRENTEU,Brent,weekly-fri,67.18,1.5995238095238098
2025-06-13,WCOILBRENTEU,Brent,weekly-fri,71.05,1.6916666666666667
2025-06-20,WCOILBRENTEU,Brent,weekly-fri,78.25,1.8630952380952381
2025-06-27,WCOILBRENTEU,Brent,weekly-fri,69.96,1.6657142857142855
2025-07-04,WCOILBRENTEU,Brent,weekly-fri,69.61,1.6573809523809524
2025-07-11,WCOILBRENTEU,Brent,weekly-fri,71.77,1.7088095238095238
2025-07-18,WCOILBRENTEU,Brent,weekly-fri,70.66,1.6823809523809523
2025-07-25,WCOILBRENTEU,Brent,weekly-fri,70.09,1.668809523809524
2025-08-01,WCOILBRENTEU,Brent,weekly-fri,72.41,1.724047619047619
2025-08-08,WCOILBRENTEU,Brent,weekly-fri,68.17,1.6230952380952381
2025-08-15,WCOILBRENTEU,Brent,weekly-fri,67.17,1.5992857142857144
2025-08-22,WCOILBRENTEU,Brent,weekly-fri,67.82,1.6147619047619046
2025-08-29,WCOILBRENTEU,Brent,weekly-fri,67.77,1.6135714285714284
2025-09-05,WCOILBRENTEU,Brent,weekly-fri,66.85,1.5916666666666666
2025-09-12,WCOILBRENTEU,Brent,weekly-fri,67.23,1.6007142857142858
2025-09-19,WCOILBRENTEU,Brent,weekly-fri,68.33,1.6269047619047619
2025-09-26,WCOILBRENTEU,Brent,weekly-fri,69.22,1.648095238095238
2025-10-03,WCOILBRENTEU,Brent,weekly-fri,67.15,1.598809523809524
2025-10-10,WCOILBRENTEU,Brent,weekly-fri,66.65,1.586904761904762
2025-10-17,WCOILBRENTEU,Brent,weekly-fri,62.36,1.4847619047619047
2025-10-24,WCOILBRENTEU,Brent,weekly-fri,63.22,1.5052380952380953
2025-10-31,WCOILBRENTEU,Brent,weekly-fri,65.02,1.548095238095238
2025-11-07,WCOILBRENTEU,Brent,weekly-fri,64.3,1.5309523809523808
2025-11-14,WCOILBRENTEU,Brent,weekly-fri,62.87,1.4969047619047617
2025-11-21,WCOILBRENTEU,Brent,weekly-fri,63.64,1.5152380952380953
2025-11-28,WCOILBRENTEU,Brent,weekly-fri,64.38,1.5328571428571427
2025-12-05,WCOILBRENTEU,Brent,weekly-fri,63.98,1.5233333333333332
2025-12-12,WCOILBRENTEU,Brent,weekly-fri,62.6,1.4904761904761905
2025-12-19,WCOILBRENTEU,Brent,weekly-fri,60.83,1.4483333333333333
2025-12-26,WCOILBRENTEU,Brent,weekly-fri,63.21,1.5050000000000001
2026-01-02,WCOILBRENTEU,Brent,weekly-fri,62.18,1.4804761904761905
2026-01-09,WCOILBRENTEU,Brent,weekly-fri,62.93,1.4983333333333333
2026-01-16,WCOILBRENTEU,Brent,weekly-fri,67.0,1.5952380952380953
2026-01-23,WCOILBRENTEU,Brent,weekly-fri,66.99,1.595
2026-01-30,WCOILBRENTEU,Brent,weekly-fri,70.43,1.6769047619047621
2026-02-06,WCOILBRENTEU,Brent,weekly-fri,69.84,1.662857142857143
2026-02-13,WCOILBRENTEU,Brent,weekly-fri,70.7,1.6833333333333333
2026-02-20,WCOILBRENTEU,Brent,weekly-fri,71.66,1.706190476190476
2026-02-27,WCOILBRENTEU,Brent,weekly-fri,71.36,1.6990476190476191
2026-03-06,WCOILBRENTEU,Brent,weekly-fri,85.28,2.0304761904761905
2026-03-13,WCOILBRENTEU,Brent,weekly-fri,96.16,2.2895238095238093
2026-03-20,WCOILBRENTEU,Brent,weekly-fri,111.4,2.6523809523809527
2026-03-27,WCOILBRENTEU,Brent,weekly-fri,111.24,2.6485714285714286
2026-04-03,WCOILBRENTEU,Brent,weekly-fri,123.94,2.9509523809523808
2026-04-10,WCOILBRENTEU,Brent,weekly-fri,124.61,2.966904761904762
2026-04-17,WCOILBRENTEU,Brent,weekly-fri,114.43,2.72452380952381
2026-04-24,WCOILBRENTEU,Brent,weekly-fri,109.62,2.6100000000000003
2026-05-01,WCOILBRENTEU,Brent,weekly-fri,119.63,2.848333333333333
2026-05-08,WCOILBRENTEU,Brent,weekly-fri,105.88,2.520952380952381
2026-05-15,WCOILBRENTEU,Brent,weekly-fri,110.53,2.631666666666667
2026-05-22,WCOILBRENTEU,Brent,weekly-fri,110.61,2.6335714285714285
2026-05-29,WCOILBRENTEU,Brent,weekly-fri,97.05,2.3107142857142855
2026-06-05,WCOILBRENTEU,Brent,weekly-fri,98.95,2.355952380952381
2026-06-12,WCOILBRENTEU,Brent,weekly-fri,93.76,2.2323809523809524
2026-06-19,WCOILBRENTEU,Brent,weekly-fri,81.0,1.9285714285714286
2026-06-26,WCOILBRENTEU,Brent,weekly-fri,73.63,1.753095238095238
2026-07-03,WCOILBRENTEU,Brent,weekly-fri,69.7,1.6595238095238096
2026-07-10,WCOILBRENTEU,Brent,weekly-fri,73.33,1.745952380952381
2026-07-17,WCOILBRENTEU,Brent,weekly-fri,82.93,1.9745238095238098
2026-07-24,WCOILBRENTEU,Brent,weekly-fri,96.12,2.2885714285714287
2026-07-31,WCOILBRENTEU,Brent,weekly-fri,91.63,2.1816666666666666
2010-01-01,WCOILWTICO,WTI,weekly-fri,79.07,1.8826190476190474
2010-01-08,WCOILWTICO,WTI,weekly-fri,82.34,1.9604761904761905
2010-01-15,WCOILWTICO,WTI,weekly-fri,80.06,1.9061904761904762
2010-01-22,WCOILWTICO,WTI,weekly-fri,76.62,1.8242857142857143
2010-01-29,WCOILWTICO,WTI,weekly-fri,73.94,1.7604761904761905
2010-02-05,WCOILWTICO,WTI,weekly-fri,74.57,1.7754761904761902
2010-02-12,WCOILWTICO,WTI,weekly-fri,73.88,1.759047619047619
2010-02-19,WCOILWTICO,WTI,weekly-fri,78.25,1.8630952380952381
2010-02-26,WCOILWTICO,WTI,weekly-fri,79.22,1.8861904761904762
2010-03-05,WCOILWTICO,WTI,weekly-fri,80.19,1.9092857142857143
2010-03-12,WCOILWTICO,WTI,weekly-fri,81.76,1.9466666666666668
2010-03-19,WCOILWTICO,WTI,weekly-fri,81.44,1.939047619047619
2010-03-26,WCOILWTICO,WTI,weekly-fri,80.65,1.9202380952380953
2010-04-02,WCOILWTICO,WTI,weekly-fri,83.01,1.9764285714285716
2010-04-09,WCOILWTICO,WTI,weekly-fri,85.66,2.0395238095238093
2010-04-16,WCOILWTICO,WTI,weekly-fri,84.34,2.008095238095238
2010-04-23,WCOILWTICO,WTI,weekly-fri,82.9,1.973809523809524
2010-04-30,WCOILWTICO,WTI,weekly-fri,84.22,2.005238095238095
2010-05-07,WCOILWTICO,WTI,weekly-fri,80.24,1.9104761904761904
2010-05-14,WCOILWTICO,WTI,weekly-fri,74.98,1.7852380952380953
2010-05-21,WCOILWTICO,WTI,weekly-fri,69.14,1.6461904761904762
2010-05-28,WCOILWTICO,WTI,weekly-fri,70.62,1.6814285714285715
2010-06-04,WCOILWTICO,WTI,weekly-fri,72.91,1.735952380952381
2010-06-11,WCOILWTICO,WTI,weekly-fri,73.44,1.7485714285714284
2010-06-18,WCOILWTICO,WTI,weekly-fri,76.7,1.8261904761904764
2010-06-25,WCOILWTICO,WTI,weekly-fri,77.06,1.8347619047619048
2010-07-02,WCOILWTICO,WTI,weekly-fri,74.96,1.7847619047619045
2010-07-09,WCOILWTICO,WTI,weekly-fri,74.39,1.7711904761904762
2010-07-16,WCOILWTICO,WTI,weekly-fri,76.35,1.8178571428571426
2010-07-23,WCOILWTICO,WTI,weekly-fri,77.56,1.8466666666666667
2010-07-30,WCOILWTICO,WTI,weekly-fri,78.12,1.86
2010-08-06,WCOILWTICO,WTI,weekly-fri,81.79,1.9473809523809524
2010-08-13,WCOILWTICO,WTI,weekly-fri,78.17,1.8611904761904763
2010-08-20,WCOILWTICO,WTI,weekly-fri,74.84,1.7819047619047619
2010-08-27,WCOILWTICO,WTI,weekly-fri,72.91,1.735952380952381
2010-09-03,WCOILWTICO,WTI,weekly-fri,74.02,1.7623809523809524
2010-09-10,WCOILWTICO,WTI,weekly-fri,74.82,1.7814285714285714
2010-09-17,WCOILWTICO,WTI,weekly-fri,75.62,1.8004761904761906
2010-09-24,WCOILWTICO,WTI,weekly-fri,73.76,1.7561904761904763
2010-10-01,WCOILWTICO,WTI,weekly-fri,78.41,1.8669047619047618
2010-10-08,WCOILWTICO,WTI,weekly-fri,82.29,1.9592857142857145
2010-10-15,WCOILWTICO,WTI,weekly-fri,82.16,1.956190476190476
2010-10-22,WCOILWTICO,WTI,weekly-fri,81.15,1.9321428571428574
2010-10-29,WCOILWTICO,WTI,weekly-fri,82.03,1.9530952380952382
2010-11-05,WCOILWTICO,WTI,weekly-fri,84.93,2.0221428571428572
2010-11-12,WCOILWTICO,WTI,weekly-fri,86.91,2.0692857142857144
2010-11-19,WCOILWTICO,WTI,weekly-fri,82.23,1.957857142857143
2010-11-26,WCOILWTICO,WTI,weekly-fri,82.28,1.9590476190476191
2010-12-03,WCOILWTICO,WTI,weekly-fri,86.75,2.0654761904761907
2010-12-10,WCOILWTICO,WTI,weekly-fri,88.5,2.107142857142857
2010-12-17,WCOILWTICO,WTI,weekly-fri,88.27,2.1016666666666666
2010-12-24,WCOILWTICO,WTI,weekly-fri,89.66,2.1347619047619046
2010-12-31,WCOILWTICO,WTI,weekly-fri,90.97,2.165952380952381
2011-01-07,WCOILWTICO,WTI,weekly-fri,89.54,2.131904761904762
2011-01-14,WCOILWTICO,WTI,weekly-fri,91.02,2.1671428571428573
2011-01-21,WCOILWTICO,WTI,weekly-fri,89.75,2.136904761904762
2011-01-28,WCOILWTICO,WTI,weekly-fri,86.11,2.0502380952380954
2011-02-04,WCOILWTICO,WTI,weekly-fri,89.52,2.1314285714285712
2011-02-11,WCOILWTICO,WTI,weekly-fri,85.51,2.035952380952381
2011-02-18,WCOILWTICO,WTI,weekly-fri,84.13,2.003095238095238
2011-02-25,WCOILWTICO,WTI,weekly-fri,95.26,2.2680952380952384
2011-03-04,WCOILWTICO,WTI,weekly-fri,101.05,2.405952380952381
2011-03-11,WCOILWTICO,WTI,weekly-fri,103.74,2.4699999999999998
2011-03-18,WCOILWTICO,WTI,weekly-fri,99.79,2.375952380952381
2011-03-25,WCOILWTICO,WTI,weekly-fri,104.41,2.485952380952381
2011-04-01,WCOILWTICO,WTI,weekly-fri,105.08,2.501904761904762
2011-04-08,WCOILWTICO,WTI,weekly-fri,109.29,2.6021428571428573
2011-04-15,WCOILWTICO,WTI,weekly-fri,107.75,2.5654761904761907
2011-04-22,WCOILWTICO,WTI,weekly-fri,109.11,2.597857142857143
2011-04-29,WCOILWTICO,WTI,weekly-fri,112.3,2.6738095238095236
2011-05-06,WCOILWTICO,WTI,weekly-fri,105.84,2.52
2011-05-13,WCOILWTICO,WTI,weekly-fri,99.87,2.377857142857143
2011-05-20,WCOILWTICO,WTI,weekly-fri,97.99,2.333095238095238
2011-05-27,WCOILWTICO,WTI,weekly-fri,99.55,2.3702380952380953
2011-06-03,WCOILWTICO,WTI,weekly-fri,100.92,2.402857142857143
2011-06-10,WCOILWTICO,WTI,weekly-fri,100.05,2.382142857142857
2011-06-17,WCOILWTICO,WTI,weekly-fri,95.87,2.2826190476190478
2011-06-24,WCOILWTICO,WTI,weekly-fri,92.7,2.2071428571428573
2011-07-01,WCOILWTICO,WTI,weekly-fri,93.7,2.230952380952381
2011-07-08,WCOILWTICO,WTI,weekly-fri,97.12,2.3123809523809524
2011-07-15,WCOILWTICO,WTI,weekly-fri,96.72,2.302857142857143
2011-07-22,WCOILWTICO,WTI,weekly-fri,98.01,2.3335714285714286
2011-07-29,WCOILWTICO,WTI,weekly-fri,97.83,2.329285714285714
2011-08-05,WCOILWTICO,WTI,weekly-fri,90.85,2.163095238095238
2011-08-12,WCOILWTICO,WTI,weekly-fri,82.86,1.9728571428571429
2011-08-19,WCOILWTICO,WTI,weekly-fri,85.36,2.032380952380952
2011-08-26,WCOILWTICO,WTI,weekly-fri,85.06,2.0252380952380955
2011-09-02,WCOILWTICO,WTI,weekly-fri,88.07,2.096904761904762
2011-09-09,WCOILWTICO,WTI,weekly-fri,87.91,2.093095238095238
2011-09-16,WCOILWTICO,WTI,weekly-fri,88.93,2.1173809523809526
2011-09-23,WCOILWTICO,WTI,weekly-fri,83.65,1.9916666666666667
2011-09-30,WCOILWTICO,WTI,weekly-fri,81.18,1.932857142857143
2011-10-07,WCOILWTICO,WTI,weekly-fri,79.43,1.8911904761904763
2011-10-14,WCOILWTICO,WTI,weekly-fri,85.35,2.032142857142857
2011-10-21,WCOILWTICO,WTI,weekly-fri,86.82,2.067142857142857
2011-10-28,WCOILWTICO,WTI,weekly-fri,92.32,2.198095238095238
2011-11-04,WCOILWTICO,WTI,weekly-fri,93.24,2.2199999999999998
2011-11-11,WCOILWTICO,WTI,weekly-fri,96.97,2.308809523809524
2011-11-18,WCOILWTICO,WTI,weekly-fri,99.32,2.3647619047619046
2011-11-25,WCOILWTICO,WTI,weekly-fri,96.89,2.306904761904762
2011-12-02,WCOILWTICO,WTI,weekly-fri,99.91,2.3788095238095237
2011-12-09,WCOILWTICO,WTI,weekly-fri,100.08,2.382857142857143
2011-12-16,WCOILWTICO,WTI,weekly-fri,96.06,2.2871428571428574
2011-12-23,WCOILWTICO,WTI,weekly-fri,97.74,2.327142857142857
2011-12-30,WCOILWTICO,WTI,weekly-fri,99.81,2.3764285714285713
2012-01-06,WCOILWTICO,WTI,weekly-fri,102.39,2.4378571428571427
2012-01-13,WCOILWTICO,WTI,weekly-fri,100.43,2.3911904761904763
2012-01-20,WCOILWTICO,WTI,weekly-fri,99.95,2.3797619047619047
2012-01-27,WCOILWTICO,WTI,weekly-fri,99.35,2.3654761904761905
2012-02-03,WCOILWTICO,WTI,weekly-fri,97.8,2.3285714285714283
2012-02-10,WCOILWTICO,WTI,weekly-fri,98.56,2.3466666666666667
2012-02-17,WCOILWTICO,WTI,weekly-fri,101.73,2.422142857142857
2012-02-24,WCOILWTICO,WTI,weekly-fri,107.18,2.551904761904762
2012-03-02,WCOILWTICO,WTI,weekly-fri,107.52,2.56
2012-03-09,WCOILWTICO,WTI,weekly-fri,106.32,2.531428571428571
2012-03-16,WCOILWTICO,WTI,weekly-fri,106.15,2.5273809523809527
2012-03-23,WCOILWTICO,WTI,weekly-fri,106.41,2.5335714285714284
2012-03-30,WCOILWTICO,WTI,weekly-fri,105.12,2.502857142857143
2012-04-06,WCOILWTICO,WTI,weekly-fri,103.52,2.4647619047619047
2012-04-13,WCOILWTICO,WTI,weekly-fri,102.55,2.4416666666666664
2012-04-20,WCOILWTICO,WTI,weekly-fri,103.15,2.455952380952381
2012-04-27,WCOILWTICO,WTI,weekly-fri,103.78,2.470952380952381
2012-05-04,WCOILWTICO,WTI,weekly-fri,103.47,2.4635714285714285
2012-05-11,WCOILWTICO,WTI,weekly-fri,96.98,2.309047619047619
2012-05-18,WCOILWTICO,WTI,weekly-fri,93.11,2.216904761904762
2012-05-25,WCOILWTICO,WTI,weekly-fri,90.88,2.163809523809524
2012-06-01,WCOILWTICO,WTI,weekly-fri,87.06,2.072857142857143
2012-06-08,WCOILWTICO,WTI,weekly-fri,84.43,2.0102380952380954
2012-06-15,WCOILWTICO,WTI,weekly-fri,83.27,1.9826190476190475
2012-06-22,WCOILWTICO,WTI,weekly-fri,81.11,1.9311904761904761
2012-06-29,WCOILWTICO,WTI,weekly-fri,80.23,1.9102380952380953
2012-07-06,WCOILWTICO,WTI,weekly-fri,85.74,2.0414285714285714
2012-07-13,WCOILWTICO,WTI,weekly-fri,85.78,2.0423809523809524
2012-07-20,WCOILWTICO,WTI,weekly-fri,90.34,2.150952380952381
2012-07-27,WCOILWTICO,WTI,weekly-fri,88.88,2.116190476190476
2012-08-03,WCOILWTICO,WTI,weekly-fri,89.1,2.1214285714285714
2012-08-10,WCOILWTICO,WTI,weekly-fri,93.14,2.217619047619048
2012-08-17,WCOILWTICO,WTI,weekly-fri,94.43,2.2483333333333335
2012-08-24,WCOILWTICO,WTI,weekly-fri,96.22,2.290952380952381
2012-08-31,WCOILWTICO,WTI,weekly-fri,95.68,2.278095238095238
2012-09-07,WCOILWTICO,WTI,weekly-fri,95.68,2.278095238095238
2012-09-14,WCOILWTICO,WTI,weekly-fri,97.56,2.322857142857143
2012-09-21,WCOILWTICO,WTI,weekly-fri,93.7,2.230952380952381
2012-09-28,WCOILWTICO,WTI,weekly-fri,91.35,2.175
2012-10-05,WCOILWTICO,WTI,weekly-fri,90.81,2.1621428571428574
2012-10-12,WCOILWTICO,WTI,weekly-fri,91.42,2.1766666666666667
2012-10-19,WCOILWTICO,WTI,weekly-fri,91.59,2.1807142857142856
2012-10-26,WCOILWTICO,WTI,weekly-fri,86.35,2.0559523809523808
2012-11-02,WCOILWTICO,WTI,weekly-fri,85.87,2.0445238095238096
2012-11-09,WCOILWTICO,WTI,weekly-fri,85.98,2.047142857142857
2012-11-16,WCOILWTICO,WTI,weekly-fri,85.87,2.0445238095238096
2012-11-23,WCOILWTICO,WTI,weekly-fri,87.4,2.080952380952381
2012-11-30,WCOILWTICO,WTI,weekly-fri,87.27,2.077857142857143
2012-12-07,WCOILWTICO,WTI,weekly-fri,87.0,2.0714285714285716
2012-12-14,WCOILWTICO,WTI,weekly-fri,85.71,2.0407142857142855
2012-12-21,WCOILWTICO,WTI,weekly-fri,88.24,2.1009523809523807
2012-12-28,WCOILWTICO,WTI,weekly-fri,90.14,2.146190476190476
2013-01-04,WCOILWTICO,WTI,weekly-fri,92.77,2.208809523809524
2013-01-11,WCOILWTICO,WTI,weekly-fri,93.38,2.223333333333333
2013-01-18,WCOILWTICO,WTI,weekly-fri,94.58,2.251904761904762
2013-01-25,WCOILWTICO,WTI,weekly-fri,95.41,2.2716666666666665
2013-02-01,WCOILWTICO,WTI,weekly-fri,97.33,2.3173809523809523
2013-02-08,WCOILWTICO,WTI,weekly-fri,96.18,2.29
2013-02-15,WCOILWTICO,WTI,weekly-fri,96.95,2.3083333333333336
2013-02-22,WCOILWTICO,WTI,weekly-fri,94.38,2.247142857142857
2013-03-01,WCOILWTICO,WTI,weekly-fri,92.19,2.195
2013-03-08,WCOILWTICO,WTI,weekly-fri,91.0,2.1666666666666665
2013-03-15,WCOILWTICO,WTI,weekly-fri,92.7,2.2071428571428573
2013-03-22,WCOILWTICO,WTI,weekly-fri,93.05,2.2154761904761906
2013-03-29,WCOILWTICO,WTI,weekly-fri,96.08,2.2876190476190477
2013-04-05,WCOILWTICO,WTI,weekly-fri,95.07,2.2635714285714283
2013-04-12,WCOILWTICO,WTI,weekly-fri,93.36,2.222857142857143
2013-04-19,WCOILWTICO,WTI,weekly-fri,88.0,2.0952380952380953
2013-04-26,WCOILWTICO,WTI,weekly-fri,91.0,2.1666666666666665
2013-05-03,WCOILWTICO,WTI,weekly-fri,93.4,2.223809523809524
2013-05-10,WCOILWTICO,WTI,weekly-fri,95.84,2.281904761904762
2013-05-17,WCOILWTICO,WTI,weekly-fri,94.65,2.2535714285714286
2013-05-24,WCOILWTICO,WTI,weekly-fri,94.76,2.2561904761904765
2013-05-31,WCOILWTICO,WTI,weekly-fri,93.32,2.221904761904762
2013-06-07,WCOILWTICO,WTI,weekly-fri,94.25,2.244047619047619
2013-06-14,WCOILWTICO,WTI,weekly-fri,96.36,2.2942857142857145
2013-06-21,WCOILWTICO,WTI,weekly-fri,96.65,2.3011904761904765
2013-06-28,WCOILWTICO,WTI,weekly-fri,95.83,2.2816666666666667
2013-07-05,WCOILWTICO,WTI,weekly-fri,100.65,2.3964285714285714
2013-07-12,WCOILWTICO,WTI,weekly-fri,104.7,2.492857142857143
2013-07-19,WCOILWTICO,WTI,weekly-fri,106.88,2.544761904761905
2013-07-26,WCOILWTICO,WTI,weekly-fri,105.88,2.520952380952381
2013-08-02,WCOILWTICO,WTI,weekly-fri,105.54,2.512857142857143
2013-08-09,WCOILWTICO,WTI,weekly-fri,105.17,2.5040476190476193
2013-08-16,WCOILWTICO,WTI,weekly-fri,106.97,2.546904761904762
2013-08-23,WCOILWTICO,WTI,weekly-fri,105.48,2.5114285714285716
2013-08-30,WCOILWTICO,WTI,weekly-fri,108.33,2.579285714285714
2013-09-06,WCOILWTICO,WTI,weekly-fri,108.77,2.5897619047619047
2013-09-13,WCOILWTICO,WTI,weekly-fri,108.36,2.58
2013-09-20,WCOILWTICO,WTI,weekly-fri,106.22,2.529047619047619
2013-09-27,WCOILWTICO,WTI,weekly-fri,103.1,2.4547619047619045
2013-10-04,WCOILWTICO,WTI,weekly-fri,103.14,2.4557142857142855
2013-10-11,WCOILWTICO,WTI,weekly-fri,102.7,2.4452380952380954
2013-10-18,WCOILWTICO,WTI,weekly-fri,101.51,2.416904761904762
2013-10-25,WCOILWTICO,WTI,weekly-fri,97.57,2.323095238095238
2013-11-01,WCOILWTICO,WTI,weekly-fri,96.94,2.308095238095238
2013-11-08,WCOILWTICO,WTI,weekly-fri,94.31,2.2454761904761904
2013-11-15,WCOILWTICO,WTI,weekly-fri,93.94,2.236666666666667
2013-11-22,WCOILWTICO,WTI,weekly-fri,93.92,2.236190476190476
2013-11-29,WCOILWTICO,WTI,weekly-fri,92.97,2.2135714285714285
2013-12-06,WCOILWTICO,WTI,weekly-fri,96.21,2.2907142857142855
2013-12-13,WCOILWTICO,WTI,weekly-fri,97.23,2.315
2013-12-20,WCOILWTICO,WTI,weekly-fri,97.85,2.3297619047619045
2013-12-27,WCOILWTICO,WTI,weekly-fri,99.15,2.3607142857142858
2014-01-03,WCOILWTICO,WTI,weekly-fri,96.47,2.296904761904762
2014-01-10,WCOILWTICO,WTI,weekly-fri,92.42,2.2004761904761905
2014-01-17,WCOILWTICO,WTI,weekly-fri,92.98,2.213809523809524
2014-01-24,WCOILWTICO,WTI,weekly-fri,96.19,2.290238095238095
2014-01-31,WCOILWTICO,WTI,weekly-fri,97.29,2.3164285714285717
2014-02-07,WCOILWTICO,WTI,weekly-fri,97.78,2.328095238095238
2014-02-14,WCOILWTICO,WTI,weekly-fri,100.21,2.385952380952381
2014-02-21,WCOILWTICO,WTI,weekly-fri,102.93,2.450714285714286
2014-02-28,WCOILWTICO,WTI,weekly-fri,102.77,2.446904761904762
2014-03-07,WCOILWTICO,WTI,weekly-fri,103.07,2.454047619047619
2014-03-14,WCOILWTICO,WTI,weekly-fri,99.55,2.3702380952380953
2014-03-21,WCOILWTICO,WTI,weekly-fri,99.77,2.3754761904761903
2014-03-28,WCOILWTICO,WTI,weekly-fri,100.66,2.3966666666666665
2014-04-04,WCOILWTICO,WTI,weekly-fri,100.46,2.3919047619047618
2014-04-11,WCOILWTICO,WTI,weekly-fri,102.72,2.4457142857142857
2014-04-18,WCOILWTICO,WTI,weekly-fri,103.95,2.475
2014-04-25,WCOILWTICO,WTI,weekly-fri,102.11,2.4311904761904763
2014-05-02,WCOILWTICO,WTI,weekly-fri,100.51,2.3930952380952384
2014-05-09,WCOILWTICO,WTI,weekly-fri,100.29,2.387857142857143
2014-05-16,WCOILWTICO,WTI,weekly-fri,101.92,2.4266666666666667
2014-05-23,WCOILWTICO,WTI,weekly-fri,103.82,2.471904761904762
2014-05-30,WCOILWTICO,WTI,weekly-fri,103.95,2.475
2014-06-06,WCOILWTICO,WTI,weekly-fri,103.23,2.4578571428571427
2014-06-13,WCOILWTICO,WTI,weekly-fri,105.97,2.5230952380952383
2014-06-20,WCOILWTICO,WTI,weekly-fri,107.23,2.553095238095238
2014-06-27,WCOILWTICO,WTI,weekly-fri,106.69,2.540238095238095
2014-07-04,WCOILWTICO,WTI,weekly-fri,105.52,2.512380952380952
2014-07-11,WCOILWTICO,WTI,weekly-fri,103.25,2.4583333333333335
2014-07-18,WCOILWTICO,WTI,weekly-fri,102.37,2.4373809523809524
2014-07-25,WCOILWTICO,WTI,weekly-fri,104.35,2.4845238095238096
2014-08-01,WCOILWTICO,WTI,weekly-fri,102.19,2.433095238095238
2014-08-08,WCOILWTICO,WTI,weekly-fri,97.5,2.3214285714285716
2014-08-15,WCOILWTICO,WTI,weekly-fri,97.17,2.3135714285714286
2014-08-22,WCOILWTICO,WTI,weekly-fri,94.95,2.2607142857142857
2014-08-29,WCOILWTICO,WTI,weekly-fri,96.25,2.2916666666666665
2014-09-05,WCOILWTICO,WTI,weekly-fri,94.06,2.2395238095238095
2014-09-12,WCOILWTICO,WTI,weekly-fri,92.43,2.200714285714286
2014-09-19,WCOILWTICO,WTI,weekly-fri,93.52,2.2266666666666666
2014-09-26,WCOILWTICO,WTI,weekly-fri,93.15,2.217857142857143
2014-10-03,WCOILWTICO,WTI,weekly-fri,91.44,2.177142857142857
2014-10-10,WCOILWTICO,WTI,weekly-fri,87.63,2.0864285714285713
2014-10-17,WCOILWTICO,WTI,weekly-fri,82.88,1.9733333333333332
2014-10-24,WCOILWTICO,WTI,weekly-fri,82.12,1.9552380952380954
2014-10-31,WCOILWTICO,WTI,weekly-fri,81.29,1.9354761904761906
2014-11-07,WCOILWTICO,WTI,weekly-fri,78.24,1.8628571428571428
2014-11-14,WCOILWTICO,WTI,weekly-fri,76.5,1.8214285714285714
2014-11-21,WCOILWTICO,WTI,weekly-fri,75.38,1.7947619047619046
2014-11-28,WCOILWTICO,WTI,weekly-fri,72.36,1.7228571428571429
2014-12-05,WCOILWTICO,WTI,weekly-fri,67.18,1.5995238095238098
2014-12-12,WCOILWTICO,WTI,weekly-fri,61.14,1.4557142857142857
2014-12-19,WCOILWTICO,WTI,weekly-fri,55.89,1.3307142857142857
2014-12-26,WCOILWTICO,WTI,weekly-fri,55.58,1.3233333333333333
2015-01-02,WCOILWTICO,WTI,weekly-fri,53.44,1.2723809523809524
2015-01-09,WCOILWTICO,WTI,weekly-fri,48.77,1.1611904761904763
2015-01-16,WCOILWTICO,WTI,weekly-fri,47.07,1.1207142857142858
2015-01-23,WCOILWTICO,WTI,weekly-fri,46.46,1.1061904761904762
2015-01-30,WCOILWTICO,WTI,weekly-fri,45.32,1.079047619047619
2015-02-06,WCOILWTICO,WTI,weekly-fri,50.58,1.2042857142857142
2015-02-13,WCOILWTICO,WTI,weekly-fri,51.14,1.2176190476190476
2015-02-20,WCOILWTICO,WTI,weekly-fri,51.69,1.2307142857142856
2015-02-27,WCOILWTICO,WTI,weekly-fri,49.16,1.1704761904761904
2015-03-06,WCOILWTICO,WTI,weekly-fri,50.38,1.1995238095238097
2015-03-13,WCOILWTICO,WTI,weekly-fri,47.69,1.1354761904761905
2015-03-20,WCOILWTICO,WTI,weekly-fri,44.39,1.056904761904762
2015-03-27,WCOILWTICO,WTI,weekly-fri,48.68,1.159047619047619
2015-04-03,WCOILWTICO,WTI,weekly-fri,48.91,1.1645238095238095
2015-04-10,WCOILWTICO,WTI,weekly-fri,51.78,1.2328571428571429
2015-04-17,WCOILWTICO,WTI,weekly-fri,54.78,1.3042857142857143
2015-04-24,WCOILWTICO,WTI,weekly-fri,56.14,1.3366666666666667
2015-05-01,WCOILWTICO,WTI,weekly-fri,57.98,1.3804761904761904
2015-05-08,WCOILWTICO,WTI,weekly-fri,59.73,1.4221428571428572
2015-05-15,WCOILWTICO,WTI,weekly-fri,60.01,1.4288095238095238
2015-05-22,WCOILWTICO,WTI,weekly-fri,58.95,1.4035714285714287
2015-05-29,WCOILWTICO,WTI,weekly-fri,58.19,1.3854761904761905
2015-06-05,WCOILWTICO,WTI,weekly-fri,59.66,1.4204761904761904
2015-06-12,WCOILWTICO,WTI,weekly-fri,60.07,1.4302380952380953
2015-06-19,WCOILWTICO,WTI,weekly-fri,59.89,1.4259523809523809
2015-06-26,WCOILWTICO,WTI,weekly-fri,60.01,1.4288095238095238
2015-07-03,WCOILWTICO,WTI,weekly-fri,57.92,1.379047619047619
2015-07-10,WCOILWTICO,WTI,weekly-fri,52.38,1.247142857142857
2015-07-17,WCOILWTICO,WTI,weekly-fri,51.68,1.2304761904761905
2015-07-24,WCOILWTICO,WTI,weekly-fri,49.21,1.1716666666666666
2015-07-31,WCOILWTICO,WTI,weekly-fri,47.91,1.1407142857142856
2015-08-07,WCOILWTICO,WTI,weekly-fri,44.94,1.0699999999999998
2015-08-14,WCOILWTICO,WTI,weekly-fri,43.2,1.0285714285714287
2015-08-21,WCOILWTICO,WTI,weekly-fri,41.34,0.9842857142857143
2015-08-28,WCOILWTICO,WTI,weekly-fri,40.73,0.9697619047619047
2015-09-04,WCOILWTICO,WTI,weekly-fri,46.73,1.1126190476190476
2015-09-11,WCOILWTICO,WTI,weekly-fri,45.16,1.075238095238095
2015-09-18,WCOILWTICO,WTI,weekly-fri,45.48,1.0828571428571427
2015-09-25,WCOILWTICO,WTI,weekly-fri,45.57,1.085
2015-10-02,WCOILWTICO,WTI,weekly-fri,45.0,1.0714285714285714
2015-10-09,WCOILWTICO,WTI,weekly-fri,48.36,1.1514285714285715
2015-10-16,WCOILWTICO,WTI,weekly-fri,46.82,1.1147619047619048
2015-10-23,WCOILWTICO,WTI,weekly-fri,45.16,1.075238095238095
2015-10-30,WCOILWTICO,WTI,weekly-fri,44.99,1.0711904761904762
2015-11-06,WCOILWTICO,WTI,weekly-fri,45.98,1.0947619047619046
2015-11-13,WCOILWTICO,WTI,weekly-fri,42.7,1.0166666666666668
2015-11-20,WCOILWTICO,WTI,weekly-fri,40.62,0.9671428571428571
2015-11-27,WCOILWTICO,WTI,weekly-fri,40.49,0.964047619047619
2015-12-04,WCOILWTICO,WTI,weekly-fri,40.4,0.9619047619047618
2015-12-11,WCOILWTICO,WTI,weekly-fri,36.93,0.8792857142857142
2015-12-18,WCOILWTICO,WTI,weekly-fri,35.78,0.8519047619047619
2015-12-25,WCOILWTICO,WTI,weekly-fri,36.26,0.8633333333333333
2016-01-01,WCOILWTICO,WTI,weekly-fri,36.99,0.8807142857142858
2016-01-08,WCOILWTICO,WTI,weekly-fri,34.65,0.825
2016-01-15,WCOILWTICO,WTI,weekly-fri,30.59,0.7283333333333333
2016-01-22,WCOILWTICO,WTI,weekly-fri,29.19,0.6950000000000001
2016-01-29,WCOILWTICO,WTI,weekly-fri,31.81,0.7573809523809524
2016-02-05,WCOILWTICO,WTI,weekly-fri,31.26,0.7442857142857143
2016-02-12,WCOILWTICO,WTI,weekly-fri,28.14,0.67
2016-02-19,WCOILWTICO,WTI,weekly-fri,30.02,0.7147619047619047
2016-02-26,WCOILWTICO,WTI,weekly-fri,31.32,0.7457142857142858
2016-03-04,WCOILWTICO,WTI,weekly-fri,34.43,0.8197619047619048
2016-03-11,WCOILWTICO,WTI,weekly-fri,37.69,0.8973809523809523
2016-03-18,WCOILWTICO,WTI,weekly-fri,38.32,0.9123809523809524
2016-03-25,WCOILWTICO,WTI,weekly-fri,39.45,0.9392857142857144
2016-04-01,WCOILWTICO,WTI,weekly-fri,36.82,0.8766666666666667
2016-04-08,WCOILWTICO,WTI,weekly-fri,36.72,0.8742857142857142
2016-04-15,WCOILWTICO,WTI,weekly-fri,41.23,0.9816666666666666
2016-04-22,WCOILWTICO,WTI,weekly-fri,41.86,0.9966666666666667
2016-04-29,WCOILWTICO,WTI,weekly-fri,44.3,1.0547619047619048
2016-05-06,WCOILWTICO,WTI,weekly-fri,44.22,1.052857142857143
2016-05-13,WCOILWTICO,WTI,weekly-fri,45.44,1.081904761904762
2016-05-20,WCOILWTICO,WTI,weekly-fri,47.99,1.1426190476190476
2016-05-27,WCOILWTICO,WTI,weekly-fri,48.72,1.16
2016-06-03,WCOILWTICO,WTI,weekly-fri,49.0,1.1666666666666667
2016-06-10,WCOILWTICO,WTI,weekly-fri,50.18,1.1947619047619047
2016-06-17,WCOILWTICO,WTI,weekly-fri,47.89,1.1402380952380953
2016-06-24,WCOILWTICO,WTI,weekly-fri,48.71,1.1597619047619048
2016-07-01,WCOILWTICO,WTI,weekly-fri,48.17,1.1469047619047619
2016-07-08,WCOILWTICO,WTI,weekly-fri,46.17,1.0992857142857144
2016-07-15,WCOILWTICO,WTI,weekly-fri,45.6,1.0857142857142859
2016-07-22,WCOILWTICO,WTI,weekly-fri,44.44,1.058095238095238
2016-07-29,WCOILWTICO,WTI,weekly-fri,41.83,0.9959523809523809
2016-08-05,WCOILWTICO,WTI,weekly-fri,40.82,0.9719047619047619
2016-08-12,WCOILWTICO,WTI,weekly-fri,43.11,1.0264285714285715
2016-08-19,WCOILWTICO,WTI,weekly-fri,47.16,1.1228571428571428
2016-08-26,WCOILWTICO,WTI,weekly-fri,47.05,1.1202380952380953
2016-09-02,WCOILWTICO,WTI,weekly-fri,45.11,1.0740476190476191
2016-09-09,WCOILWTICO,WTI,weekly-fri,45.96,1.0942857142857143
2016-09-16,WCOILWTICO,WTI,weekly-fri,44.34,1.0557142857142858
2016-09-23,WCOILWTICO,WTI,weekly-fri,44.59,1.0616666666666668
2016-09-30,WCOILWTICO,WTI,weekly-fri,46.55,1.1083333333333332
2016-10-07,WCOILWTICO,WTI,weekly-fri,49.48,1.178095238095238
2016-10-14,WCOILWTICO,WTI,weekly-fri,50.29,1.1973809523809524
2016-10-21,WCOILWTICO,WTI,weekly-fri,50.56,1.2038095238095239
2016-10-28,WCOILWTICO,WTI,weekly-fri,49.36,1.1752380952380952
2016-11-04,WCOILWTICO,WTI,weekly-fri,45.51,1.0835714285714286
2016-11-11,WCOILWTICO,WTI,weekly-fri,44.61,1.062142857142857
2016-11-18,WCOILWTICO,WTI,weekly-fri,45.15,1.075
2016-11-25,WCOILWTICO,WTI,weekly-fri,47.25,1.125
2016-12-02,WCOILWTICO,WTI,weekly-fri,48.63,1.157857142857143
2016-12-09,WCOILWTICO,WTI,weekly-fri,50.97,1.2135714285714285
2016-12-16,WCOILWTICO,WTI,weekly-fri,51.91,1.235952380952381
2016-12-23,WCOILWTICO,WTI,weekly-fri,51.95,1.236904761904762
2016-12-30,WCOILWTICO,WTI,weekly-fri,53.6,1.2761904761904763
2017-01-06,WCOILWTICO,WTI,weekly-fri,53.34,1.27
2017-01-13,WCOILWTICO,WTI,weekly-fri,52.07,1.2397619047619048
2017-01-20,WCOILWTICO,WTI,weekly-fri,51.82,1.233809523809524
2017-01-27,WCOILWTICO,WTI,weekly-fri,52.74,1.2557142857142858
2017-02-03,WCOILWTICO,WTI,weekly-fri,53.33,1.2697619047619046
2017-02-10,WCOILWTICO,WTI,weekly-fri,52.88,1.2590476190476192
2017-02-17,WCOILWTICO,WTI,weekly-fri,53.22,1.2671428571428571
2017-02-24,WCOILWTICO,WTI,weekly-fri,54.03,1.2864285714285715
2017-03-03,WCOILWTICO,WTI,weekly-fri,53.56,1.2752380952380953
2017-03-10,WCOILWTICO,WTI,weekly-fri,50.5,1.2023809523809523
2017-03-17,WCOILWTICO,WTI,weekly-fri,48.03,1.1435714285714287
2017-03-24,WCOILWTICO,WTI,weekly-fri,47.28,1.1257142857142857
2017-03-31,WCOILWTICO,WTI,weekly-fri,49.14,1.17
2017-04-07,WCOILWTICO,WTI,weekly-fri,51.26,1.2204761904761905
2017-04-14,WCOILWTICO,WTI,weekly-fri,53.19,1.2664285714285715
2017-04-21,WCOILWTICO,WTI,weekly-fri,51.09,1.2164285714285714
2017-04-28,WCOILWTICO,WTI,weekly-fri,49.12,1.1695238095238094
2017-05-05,WCOILWTICO,WTI,weekly-fri,47.21,1.124047619047619
2017-05-12,WCOILWTICO,WTI,weekly-fri,47.04,1.1199999999999999
2017-05-19,WCOILWTICO,WTI,weekly-fri,49.24,1.1723809523809525
2017-05-26,WCOILWTICO,WTI,weekly-fri,50.21,1.1954761904761906
2017-06-02,WCOILWTICO,WTI,weekly-fri,48.48,1.1542857142857141
2017-06-09,WCOILWTICO,WTI,weekly-fri,46.57,1.108809523809524
2017-06-16,WCOILWTICO,WTI,weekly-fri,45.3,1.0785714285714285
2017-06-23,WCOILWTICO,WTI,weekly-fri,43.09,1.025952380952381
2017-06-30,WCOILWTICO,WTI,weekly-fri,44.63,1.0626190476190476
2017-07-07,WCOILWTICO,WTI,weekly-fri,44.96,1.0704761904761906
2017-07-14,WCOILWTICO,WTI,weekly-fri,45.51,1.0835714285714286
2017-07-21,WCOILWTICO,WTI,weekly-fri,46.41,1.105
2017-07-28,WCOILWTICO,WTI,weekly-fri,48.27,1.1492857142857145
2017-08-04,WCOILWTICO,WTI,weekly-fri,49.52,1.1790476190476191
2017-08-11,WCOILWTICO,WTI,weekly-fri,49.08,1.1685714285714286
2017-08-18,WCOILWTICO,WTI,weekly-fri,47.52,1.1314285714285715
2017-08-25,WCOILWTICO,WTI,weekly-fri,47.68,1.1352380952380952
2017-09-01,WCOILWTICO,WTI,weekly-fri,46.68,1.1114285714285714
2017-09-08,WCOILWTICO,WTI,weekly-fri,48.58,1.1566666666666667
2017-09-15,WCOILWTICO,WTI,weekly-fri,49.07,1.1683333333333334
2017-09-22,WCOILWTICO,WTI,weekly-fri,50.12,1.1933333333333334
2017-09-29,WCOILWTICO,WTI,weekly-fri,51.77,1.2326190476190477
2017-10-06,WCOILWTICO,WTI,weekly-fri,50.23,1.1959523809523809
2017-10-13,WCOILWTICO,WTI,weekly-fri,50.77,1.2088095238095238
2017-10-20,WCOILWTICO,WTI,weekly-fri,51.74,1.231904761904762
2017-10-27,WCOILWTICO,WTI,weekly-fri,52.51,1.2502380952380951
2017-11-03,WCOILWTICO,WTI,weekly-fri,54.59,1.299761904761905
2017-11-10,WCOILWTICO,WTI,weekly-fri,57.05,1.3583333333333332
2017-11-17,WCOILWTICO,WTI,weekly-fri,55.81,1.3288095238095239
2017-11-24,WCOILWTICO,WTI,weekly-fri,57.47,1.3683333333333334
2017-12-01,WCOILWTICO,WTI,weekly-fri,57.81,1.3764285714285716
2017-12-08,WCOILWTICO,WTI,weekly-fri,56.92,1.3552380952380954
2017-12-15,WCOILWTICO,WTI,weekly-fri,57.17,1.3611904761904763
2017-12-22,WCOILWTICO,WTI,weekly-fri,57.87,1.377857142857143
2017-12-29,WCOILWTICO,WTI,weekly-fri,59.88,1.4257142857142857
2018-01-05,WCOILWTICO,WTI,weekly-fri,61.36,1.460952380952381
2018-01-12,WCOILWTICO,WTI,weekly-fri,63.26,1.506190476190476
2018-01-19,WCOILWTICO,WTI,weekly-fri,63.77,1.5183333333333333
2018-01-26,WCOILWTICO,WTI,weekly-fri,65.14,1.5509523809523809
2018-02-02,WCOILWTICO,WTI,weekly-fri,65.32,1.555238095238095
2018-02-09,WCOILWTICO,WTI,weekly-fri,62.01,1.4764285714285714
2018-02-16,WCOILWTICO,WTI,weekly-fri,60.56,1.441904761904762
2018-02-23,WCOILWTICO,WTI,weekly-fri,62.47,1.4873809523809522
2018-03-02,WCOILWTICO,WTI,weekly-fri,62.07,1.4778571428571428
2018-03-09,WCOILWTICO,WTI,weekly-fri,61.65,1.4678571428571427
2018-03-16,WCOILWTICO,WTI,weekly-fri,61.28,1.4590476190476191
2018-03-23,WCOILWTICO,WTI,weekly-fri,64.11,1.5264285714285715
2018-03-30,WCOILWTICO,WTI,weekly-fri,64.97,1.5469047619047618
2018-04-06,WCOILWTICO,WTI,weekly-fri,63.07,1.5016666666666667
2018-04-13,WCOILWTICO,WTI,weekly-fri,66.02,1.571904761904762
2018-04-20,WCOILWTICO,WTI,weekly-fri,67.55,1.6083333333333332
2018-04-27,WCOILWTICO,WTI,weekly-fri,67.91,1.6169047619047618
2018-05-04,WCOILWTICO,WTI,weekly-fri,68.38,1.628095238095238
2018-05-11,WCOILWTICO,WTI,weekly-fri,70.56,1.6800000000000002
2018-05-18,WCOILWTICO,WTI,weekly-fri,71.3,1.6976190476190476
2018-05-25,WCOILWTICO,WTI,weekly-fri,70.98,1.6900000000000002
2018-06-01,WCOILWTICO,WTI,weekly-fri,66.96,1.594285714285714
2018-06-08,WCOILWTICO,WTI,weekly-fri,65.35,1.5559523809523808
2018-06-15,WCOILWTICO,WTI,weekly-fri,66.21,1.5764285714285713
2018-06-22,WCOILWTICO,WTI,weekly-fri,66.32,1.5790476190476188
2018-06-29,WCOILWTICO,WTI,weekly-fri,74.03,1.7626190476190478
2018-07-06,WCOILWTICO,WTI,weekly-fri,73.73,1.7554761904761906
2018-07-13,WCOILWTICO,WTI,weekly-fri,71.96,1.7133333333333332
2018-07-20,WCOILWTICO,WTI,weekly-fri,68.95,1.6416666666666668
2018-07-27,WCOILWTICO,WTI,weekly-fri,70.01,1.6669047619047621
2018-08-03,WCOILWTICO,WTI,weekly-fri,69.46,1.6538095238095236
2018-08-10,WCOILWTICO,WTI,weekly-fri,67.9,1.6166666666666667
2018-08-17,WCOILWTICO,WTI,weekly-fri,66.15,1.5750000000000002
2018-08-24,WCOILWTICO,WTI,weekly-fri,68.1,1.6214285714285712
2018-08-31,WCOILWTICO,WTI,weekly-fri,69.66,1.6585714285714286
2018-09-07,WCOILWTICO,WTI,weekly-fri,68.51,1.6311904761904763
2018-09-14,WCOILWTICO,WTI,weekly-fri,68.96,1.6419047619047618
2018-09-21,WCOILWTICO,WTI,weekly-fri,70.28,1.6733333333333333
2018-09-28,WCOILWTICO,WTI,weekly-fri,72.84,1.7342857142857144
2018-10-05,WCOILWTICO,WTI,weekly-fri,75.13,1.7888095238095236
2018-10-12,WCOILWTICO,WTI,weekly-fri,72.96,1.737142857142857
2018-10-19,WCOILWTICO,WTI,weekly-fri,70.24,1.6723809523809523
2018-10-26,WCOILWTICO,WTI,weekly-fri,67.43,1.6054761904761907
2018-11-02,WCOILWTICO,WTI,weekly-fri,65.06,1.549047619047619
2018-11-09,WCOILWTICO,WTI,weekly-fri,61.57,1.465952380952381
2018-11-16,WCOILWTICO,WTI,weekly-fri,56.92,1.3552380952380954
2018-11-23,WCOILWTICO,WTI,weekly-fri,54.99,1.3092857142857144
2018-11-30,WCOILWTICO,WTI,weekly-fri,51.01,1.2145238095238096
2018-12-07,WCOILWTICO,WTI,weekly-fri,52.63,1.2530952380952383
2018-12-14,WCOILWTICO,WTI,weekly-fri,51.54,1.227142857142857
2018-12-21,WCOILWTICO,WTI,weekly-fri,46.98,1.1185714285714285
2018-12-28,WCOILWTICO,WTI,weekly-fri,45.22,1.0766666666666667
2019-01-04,WCOILWTICO,WTI,weekly-fri,47.0,1.119047619047619
2019-01-11,WCOILWTICO,WTI,weekly-fri,50.78,1.2090476190476191
2019-01-18,WCOILWTICO,WTI,weekly-fri,51.92,1.2361904761904763
2019-01-25,WCOILWTICO,WTI,weekly-fri,52.88,1.2590476190476192
2019-02-01,WCOILWTICO,WTI,weekly-fri,53.63,1.276904761904762
2019-02-08,WCOILWTICO,WTI,weekly-fri,53.53,1.2745238095238096
2019-02-15,WCOILWTICO,WTI,weekly-fri,53.88,1.282857142857143
2019-02-22,WCOILWTICO,WTI,weekly-fri,56.74,1.350952380952381
2019-03-01,WCOILWTICO,WTI,weekly-fri,56.12,1.3361904761904762
2019-03-08,WCOILWTICO,WTI,weekly-fri,56.35,1.3416666666666668
2019-03-15,WCOILWTICO,WTI,weekly-fri,57.81,1.3764285714285716
2019-03-22,WCOILWTICO,WTI,weekly-fri,59.44,1.4152380952380952
2019-03-29,WCOILWTICO,WTI,weekly-fri,59.49,1.4164285714285714
2019-04-05,WCOILWTICO,WTI,weekly-fri,62.36,1.4847619047619047
2019-04-12,WCOILWTICO,WTI,weekly-fri,64.1,1.526190476190476
2019-04-19,WCOILWTICO,WTI,weekly-fri,63.8,1.519047619047619
2019-04-26,WCOILWTICO,WTI,weekly-fri,65.28,1.5542857142857143
2019-05-03,WCOILWTICO,WTI,weekly-fri,62.9,1.4976190476190476
2019-05-10,WCOILWTICO,WTI,weekly-fri,61.81,1.4716666666666667
2019-05-17,WCOILWTICO,WTI,weekly-fri,62.1,1.4785714285714286
2019-05-24,WCOILWTICO,WTI,weekly-fri,60.72,1.4457142857142857
2019-05-31,WCOILWTICO,WTI,weekly-fri,56.93,1.3554761904761905
2019-06-07,WCOILWTICO,WTI,weekly-fri,52.97,1.2611904761904762
2019-06-14,WCOILWTICO,WTI,weekly-fri,52.52,1.2504761904761905
2019-06-21,WCOILWTICO,WTI,weekly-fri,54.75,1.3035714285714286
2019-06-28,WCOILWTICO,WTI,weekly-fri,58.38,1.3900000000000001
2019-07-05,WCOILWTICO,WTI,weekly-fri,57.32,1.3647619047619048
2019-07-12,WCOILWTICO,WTI,weekly-fri,59.02,1.4052380952380954
2019-07-19,WCOILWTICO,WTI,weekly-fri,56.74,1.350952380952381
2019-07-26,WCOILWTICO,WTI,weekly-fri,56.05,1.3345238095238094
2019-08-02,WCOILWTICO,WTI,weekly-fri,56.55,1.3464285714285713
2019-08-09,WCOILWTICO,WTI,weekly-fri,53.28,1.2685714285714287
2019-08-16,WCOILWTICO,WTI,weekly-fri,55.31,1.316904761904762
2019-08-23,WCOILWTICO,WTI,weekly-fri,55.5,1.3214285714285714
2019-08-30,WCOILWTICO,WTI,weekly-fri,55.21,1.3145238095238096
2019-09-06,WCOILWTICO,WTI,weekly-fri,55.73,1.3269047619047618
2019-09-13,WCOILWTICO,WTI,weekly-fri,56.16,1.337142857142857
2019-09-20,WCOILWTICO,WTI,weekly-fri,59.33,1.4126190476190477
2019-09-27,WCOILWTICO,WTI,weekly-fri,56.9,1.3547619047619048
2019-10-04,WCOILWTICO,WTI,weekly-fri,53.12,1.2647619047619048
2019-10-11,WCOILWTICO,WTI,weekly-fri,53.27,1.2683333333333333
2019-10-18,WCOILWTICO,WTI,weekly-fri,53.49,1.2735714285714286
2019-10-25,WCOILWTICO,WTI,weekly-fri,55.2,1.3142857142857143
2019-11-01,WCOILWTICO,WTI,weekly-fri,55.17,1.3135714285714286
2019-11-08,WCOILWTICO,WTI,weekly-fri,56.69,1.3497619047619047
2019-11-15,WCOILWTICO,WTI,weekly-fri,56.85,1.3535714285714286
2019-11-22,WCOILWTICO,WTI,weekly-fri,56.9,1.3547619047619048
2019-11-29,WCOILWTICO,WTI,weekly-fri,58.07,1.3826190476190476
2019-12-06,WCOILWTICO,WTI,weekly-fri,57.64,1.3723809523809525
2019-12-13,WCOILWTICO,WTI,weekly-fri,59.25,1.4107142857142858
2019-12-20,WCOILWTICO,WTI,weekly-fri,60.75,1.4464285714285714
2019-12-27,WCOILWTICO,WTI,weekly-fri,61.29,1.4592857142857143
2020-01-03,WCOILWTICO,WTI,weekly-fri,62.09,1.4783333333333335
2020-01-10,WCOILWTICO,WTI,weekly-fri,60.84,1.4485714285714286
2020-01-17,WCOILWTICO,WTI,weekly-fri,58.29,1.387857142857143
2020-01-24,WCOILWTICO,WTI,weekly-fri,56.15,1.3369047619047618
2020-01-31,WCOILWTICO,WTI,weekly-fri,52.7,1.2547619047619047
2020-02-07,WCOILWTICO,WTI,weekly-fri,50.36,1.1990476190476191
2020-02-14,WCOILWTICO,WTI,weekly-fri,50.83,1.2102380952380951
2020-02-21,WCOILWTICO,WTI,weekly-fri,53.14,1.2652380952380953
2020-02-28,WCOILWTICO,WTI,weekly-fri,48.36,1.1514285714285715
2020-03-06,WCOILWTICO,WTI,weekly-fri,45.57,1.085
2020-03-13,WCOILWTICO,WTI,weekly-fri,32.39,0.7711904761904762
2020-03-20,WCOILWTICO,WTI,weekly-fri,24.19,0.575952380952381
2020-03-27,WCOILWTICO,WTI,weekly-fri,19.44,0.4628571428571429
2020-04-03,WCOILWTICO,WTI,weekly-fri,21.69,0.5164285714285715
2020-04-10,WCOILWTICO,WTI,weekly-fri,24.41,0.5811904761904761
2020-04-17,WCOILWTICO,WTI,weekly-fri,20.12,0.47904761904761906
2020-04-24,WCOILWTICO,WTI,weekly-fri,3.32,0.07904761904761905
2020-05-01,WCOILWTICO,WTI,weekly-fri,15.71,0.3740476190476191
2020-05-08,WCOILWTICO,WTI,weekly-fri,23.46,0.5585714285714286
2020-05-15,WCOILWTICO,WTI,weekly-fri,26.4,0.6285714285714286
2020-05-22,WCOILWTICO,WTI,weekly-fri,33.1,0.7880952380952382
2020-05-29,WCOILWTICO,WTI,weekly-fri,34.19,0.814047619047619
2020-06-05,WCOILWTICO,WTI,weekly-fri,37.32,0.8885714285714286
2020-06-12,WCOILWTICO,WTI,weekly-fri,37.87,0.9016666666666666
2020-06-19,WCOILWTICO,WTI,weekly-fri,38.35,0.9130952380952382
2020-06-26,WCOILWTICO,WTI,weekly-fri,39.22,0.9338095238095238
2020-07-03,WCOILWTICO,WTI,weekly-fri,39.85,0.9488095238095239
2020-07-10,WCOILWTICO,WTI,weekly-fri,40.44,0.9628571428571429
2020-07-17,WCOILWTICO,WTI,weekly-fri,40.57,0.965952380952381
2020-07-24,WCOILWTICO,WTI,weekly-fri,41.34,0.9842857142857143
2020-07-31,WCOILWTICO,WTI,weekly-fri,40.69,0.9688095238095238
2020-08-07,WCOILWTICO,WTI,weekly-fri,41.57,0.9897619047619047
2020-08-14,WCOILWTICO,WTI,weekly-fri,42.08,1.0019047619047619
2020-08-21,WCOILWTICO,WTI,weekly-fri,42.73,1.0173809523809523
2020-08-28,WCOILWTICO,WTI,weekly-fri,42.93,1.0221428571428572
2020-09-04,WCOILWTICO,WTI,weekly-fri,41.84,0.9961904761904763
2020-09-11,WCOILWTICO,WTI,weekly-fri,37.38,0.89
2020-09-18,WCOILWTICO,WTI,weekly-fri,39.55,0.9416666666666667
2020-09-25,WCOILWTICO,WTI,weekly-fri,39.78,0.9471428571428572
2020-10-02,WCOILWTICO,WTI,weekly-fri,38.99,0.9283333333333333
2020-10-09,WCOILWTICO,WTI,weekly-fri,40.19,0.9569047619047618
2020-10-16,WCOILWTICO,WTI,weekly-fri,40.33,0.9602380952380952
2020-10-23,WCOILWTICO,WTI,weekly-fri,40.43,0.9626190476190476
2020-10-30,WCOILWTICO,WTI,weekly-fri,37.32,0.8885714285714286
2020-11-06,WCOILWTICO,WTI,weekly-fri,37.71,0.8978571428571429
2020-11-13,WCOILWTICO,WTI,weekly-fri,40.66,0.968095238095238
2020-11-20,WCOILWTICO,WTI,weekly-fri,41.52,0.9885714285714287
2020-11-27,WCOILWTICO,WTI,weekly-fri,44.4,1.0571428571428572
2020-12-04,WCOILWTICO,WTI,weekly-fri,45.37,1.0802380952380952
2020-12-11,WCOILWTICO,WTI,weekly-fri,46.04,1.0961904761904762
2020-12-18,WCOILWTICO,WTI,weekly-fri,47.97,1.1421428571428571
2020-12-25,WCOILWTICO,WTI,weekly-fri,47.73,1.1364285714285713
2021-01-01,WCOILWTICO,WTI,weekly-fri,47.98,1.1423809523809523
2021-01-08,WCOILWTICO,WTI,weekly-fri,50.09,1.1926190476190477
2021-01-15,WCOILWTICO,WTI,weekly-fri,52.75,1.255952380952381
2021-01-22,WCOILWTICO,WTI,weekly-fri,52.82,1.2576190476190476
2021-01-29,WCOILWTICO,WTI,weekly-fri,52.52,1.2504761904761905
2021-02-05,WCOILWTICO,WTI,weekly-fri,55.39,1.3188095238095239
2021-02-12,WCOILWTICO,WTI,weekly-fri,58.54,1.3938095238095238
2021-02-19,WCOILWTICO,WTI,weekly-fri,60.17,1.4326190476190477
2021-02-26,WCOILWTICO,WTI,weekly-fri,62.3,1.4833333333333332
2021-03-05,WCOILWTICO,WTI,weekly-fri,62.29,1.483095238095238
2021-03-12,WCOILWTICO,WTI,weekly-fri,65.02,1.548095238095238
2021-03-19,WCOILWTICO,WTI,weekly-fri,63.22,1.5052380952380953
2021-03-26,WCOILWTICO,WTI,weekly-fri,59.95,1.4273809523809524
2021-04-02,WCOILWTICO,WTI,weekly-fri,60.66,1.4442857142857142
2021-04-09,WCOILWTICO,WTI,weekly-fri,59.35,1.4130952380952382
2021-04-16,WCOILWTICO,WTI,weekly-fri,61.93,1.4745238095238096
2021-04-23,WCOILWTICO,WTI,weekly-fri,62.18,1.4804761904761905
2021-04-30,WCOILWTICO,WTI,weekly-fri,63.47,1.5111904761904762
2021-05-07,WCOILWTICO,WTI,weekly-fri,65.1,1.5499999999999998
2021-05-14,WCOILWTICO,WTI,weekly-fri,65.07,1.5492857142857142
2021-05-21,WCOILWTICO,WTI,weekly-fri,64.11,1.5264285714285715
2021-05-28,WCOILWTICO,WTI,weekly-fri,66.4,1.580952380952381
2021-06-04,WCOILWTICO,WTI,weekly-fri,68.74,1.6366666666666665
2021-06-11,WCOILWTICO,WTI,weekly-fri,70.11,1.6692857142857143
2021-06-18,WCOILWTICO,WTI,weekly-fri,71.55,1.7035714285714285
2021-06-25,WCOILWTICO,WTI,weekly-fri,73.48,1.7495238095238097
2021-07-02,WCOILWTICO,WTI,weekly-fri,74.07,1.7635714285714283
2021-07-09,WCOILWTICO,WTI,weekly-fri,73.35,1.7464285714285712
2021-07-16,WCOILWTICO,WTI,weekly-fri,73.19,1.7426190476190475
2021-07-23,WCOILWTICO,WTI,weekly-fri,69.68,1.659047619047619
2021-07-30,WCOILWTICO,WTI,weekly-fri,72.75,1.7321428571428572
2021-08-06,WCOILWTICO,WTI,weekly-fri,69.5,1.6547619047619047
2021-08-13,WCOILWTICO,WTI,weekly-fri,68.33,1.6269047619047619
2021-08-20,WCOILWTICO,WTI,weekly-fri,65.05,1.5488095238095236
2021-08-27,WCOILWTICO,WTI,weekly-fri,67.59,1.6092857142857144
2021-09-03,WCOILWTICO,WTI,weekly-fri,69.15,1.6464285714285716
2021-09-10,WCOILWTICO,WTI,weekly-fri,68.98,1.6423809523809525
2021-09-17,WCOILWTICO,WTI,weekly-fri,71.69,1.706904761904762
2021-09-24,WCOILWTICO,WTI,weekly-fri,72.18,1.7185714285714286
2021-10-01,WCOILWTICO,WTI,weekly-fri,75.45,1.7964285714285715
2021-10-08,WCOILWTICO,WTI,weekly-fri,78.5,1.869047619047619
2021-10-15,WCOILWTICO,WTI,weekly-fri,81.18,1.932857142857143
2021-10-22,WCOILWTICO,WTI,weekly-fri,83.48,1.9876190476190476
2021-10-29,WCOILWTICO,WTI,weekly-fri,83.84,1.9961904761904763
2021-11-05,WCOILWTICO,WTI,weekly-fri,81.79,1.9473809523809524
2021-11-12,WCOILWTICO,WTI,weekly-fri,81.93,1.9507142857142858
2021-11-19,WCOILWTICO,WTI,weekly-fri,78.99,1.8807142857142856
2021-11-26,WCOILWTICO,WTI,weekly-fri,77.79,1.8521428571428573
2021-12-03,WCOILWTICO,WTI,weekly-fri,66.89,1.5926190476190476
2021-12-10,WCOILWTICO,WTI,weekly-fri,71.31,1.697857142857143
2021-12-17,WCOILWTICO,WTI,weekly-fri,71.18,1.694761904761905
2021-12-24,WCOILWTICO,WTI,weekly-fri,71.63,1.7054761904761904
2021-12-31,WCOILWTICO,WTI,weekly-fri,76.05,1.8107142857142857
2022-01-07,WCOILWTICO,WTI,weekly-fri,77.86,1.8538095238095238
2022-01-14,WCOILWTICO,WTI,weekly-fri,81.52,1.9409523809523808
2022-01-21,WCOILWTICO,WTI,weekly-fri,85.93,2.045952380952381
2022-01-28,WCOILWTICO,WTI,weekly-fri,86.94,2.07
2022-02-04,WCOILWTICO,WTI,weekly-fri,89.6,2.1333333333333333
2022-02-11,WCOILWTICO,WTI,weekly-fri,90.61,2.157380952380952
2022-02-18,WCOILWTICO,WTI,weekly-fri,92.89,2.211666666666667
2022-02-25,WCOILWTICO,WTI,weekly-fri,92.18,2.194761904761905
2022-03-04,WCOILWTICO,WTI,weekly-fri,106.8,2.5428571428571427
2022-03-11,WCOILWTICO,WTI,weekly-fri,113.39,2.6997619047619046
2022-03-18,WCOILWTICO,WTI,weekly-fri,100.43,2.3911904761904763
2022-03-25,WCOILWTICO,WTI,weekly-fri,113.69,2.7069047619047617
2022-04-01,WCOILWTICO,WTI,weekly-fri,103.89,2.4735714285714288
2022-04-08,WCOILWTICO,WTI,weekly-fri,99.21,2.362142857142857
2022-04-15,WCOILWTICO,WTI,weekly-fri,101.46,2.4157142857142855
2022-04-22,WCOILWTICO,WTI,weekly-fri,104.02,2.4766666666666666
2022-04-29,WCOILWTICO,WTI,weekly-fri,102.85,2.4488095238095235
2022-05-06,WCOILWTICO,WTI,weekly-fri,106.69,2.540238095238095
2022-05-13,WCOILWTICO,WTI,weekly-fri,105.0,2.5
2022-05-20,WCOILWTICO,WTI,weekly-fri,112.18,2.670952380952381
2022-05-27,WCOILWTICO,WTI,weekly-fri,113.38,2.6995238095238094
2022-06-03,WCOILWTICO,WTI,weekly-fri,116.37,2.770714285714286
2022-06-10,WCOILWTICO,WTI,weekly-fri,120.43,2.8673809523809526
2022-06-17,WCOILWTICO,WTI,weekly-fri,116.46,2.7728571428571427
2022-06-24,WCOILWTICO,WTI,weekly-fri,107.88,2.5685714285714285
2022-07-01,WCOILWTICO,WTI,weekly-fri,110.96,2.6419047619047618
2022-07-08,WCOILWTICO,WTI,weekly-fri,103.32,2.46
2022-07-15,WCOILWTICO,WTI,weekly-fri,99.92,2.3790476190476193
2022-07-22,WCOILWTICO,WTI,weekly-fri,102.24,2.434285714285714
2022-07-29,WCOILWTICO,WTI,weekly-fri,99.6,2.3714285714285714
2022-08-05,WCOILWTICO,WTI,weekly-fri,94.01,2.2383333333333333
2022-08-12,WCOILWTICO,WTI,weekly-fri,94.65,2.2535714285714286
2022-08-19,WCOILWTICO,WTI,weekly-fri,91.81,2.185952380952381
2022-08-26,WCOILWTICO,WTI,weekly-fri,94.47,2.249285714285714
2022-09-02,WCOILWTICO,WTI,weekly-fri,90.79,2.1616666666666666
2022-09-09,WCOILWTICO,WTI,weekly-fri,85.29,2.0307142857142857
2022-09-16,WCOILWTICO,WTI,weekly-fri,87.24,2.077142857142857
2022-09-23,WCOILWTICO,WTI,weekly-fri,83.46,1.987142857142857
2022-09-30,WCOILWTICO,WTI,weekly-fri,80.08,1.9066666666666667
2022-10-07,WCOILWTICO,WTI,weekly-fri,88.22,2.1004761904761904
2022-10-14,WCOILWTICO,WTI,weekly-fri,88.97,2.118333333333333
2022-10-21,WCOILWTICO,WTI,weekly-fri,85.36,2.032380952380952
2022-10-28,WCOILWTICO,WTI,weekly-fri,87.87,2.092142857142857
2022-11-04,WCOILWTICO,WTI,weekly-fri,89.14,2.1223809523809525
2022-11-11,WCOILWTICO,WTI,weekly-fri,88.41,2.105
2022-11-18,WCOILWTICO,WTI,weekly-fri,84.02,2.0004761904761903
2022-11-25,WCOILWTICO,WTI,weekly-fri,78.74,1.8747619047619046
2022-12-02,WCOILWTICO,WTI,weekly-fri,79.29,1.887857142857143
2022-12-09,WCOILWTICO,WTI,weekly-fri,73.06,1.7395238095238095
2022-12-16,WCOILWTICO,WTI,weekly-fri,75.12,1.7885714285714287
2022-12-23,WCOILWTICO,WTI,weekly-fri,77.28,1.84
2022-12-30,WCOILWTICO,WTI,weekly-fri,79.23,1.8864285714285716
2023-01-06,WCOILWTICO,WTI,weekly-fri,74.27,1.7683333333333333
2023-01-13,WCOILWTICO,WTI,weekly-fri,77.1,1.8357142857142856
2023-01-20,WCOILWTICO,WTI,weekly-fri,80.34,1.912857142857143
2023-01-27,WCOILWTICO,WTI,weekly-fri,80.33,1.9126190476190477
2023-02-03,WCOILWTICO,WTI,weekly-fri,76.51,1.8216666666666668
2023-02-10,WCOILWTICO,WTI,weekly-fri,77.51,1.8454761904761905
2023-02-17,WCOILWTICO,WTI,weekly-fri,78.51,1.8692857142857144
2023-02-24,WCOILWTICO,WTI,weekly-fri,75.42,1.7957142857142858
2023-03-03,WCOILWTICO,WTI,weekly-fri,77.54,1.8461904761904764
2023-03-10,WCOILWTICO,WTI,weekly-fri,77.31,1.8407142857142857
2023-03-17,WCOILWTICO,WTI,weekly-fri,69.6,1.657142857142857
2023-03-24,WCOILWTICO,WTI,weekly-fri,69.33,1.6507142857142856
2023-03-31,WCOILWTICO,WTI,weekly-fri,73.79,1.756904761904762
2023-04-07,WCOILWTICO,WTI,weekly-fri,80.62,1.9195238095238096
2023-04-14,WCOILWTICO,WTI,weekly-fri,81.87,1.9492857142857143
2023-04-21,WCOILWTICO,WTI,weekly-fri,79.22,1.8861904761904762
2023-04-28,WCOILWTICO,WTI,weekly-fri,76.31,1.816904761904762
2023-05-05,WCOILWTICO,WTI,weekly-fri,71.16,1.6942857142857142
2023-05-12,WCOILWTICO,WTI,weekly-fri,72.03,1.715
2023-05-19,WCOILWTICO,WTI,weekly-fri,71.62,1.7052380952380954
2023-05-26,WCOILWTICO,WTI,weekly-fri,72.62,1.7290476190476192
2023-06-02,WCOILWTICO,WTI,weekly-fri,69.85,1.663095238095238
2023-06-09,WCOILWTICO,WTI,weekly-fri,71.56,1.7038095238095239
2023-06-16,WCOILWTICO,WTI,weekly-fri,69.42,1.6528571428571428
2023-06-23,WCOILWTICO,WTI,weekly-fri,70.41,1.6764285714285714
2023-06-30,WCOILWTICO,WTI,weekly-fri,69.36,1.6514285714285715
2023-07-07,WCOILWTICO,WTI,weekly-fri,71.79,1.7092857142857145
2023-07-14,WCOILWTICO,WTI,weekly-fri,75.2,1.7904761904761906
2023-07-21,WCOILWTICO,WTI,weekly-fri,75.61,1.8002380952380952
2023-07-28,WCOILWTICO,WTI,weekly-fri,79.68,1.8971428571428572
2023-08-04,WCOILWTICO,WTI,weekly-fri,81.4,1.9380952380952383
2023-08-11,WCOILWTICO,WTI,weekly-fri,83.04,1.9771428571428573
2023-08-18,WCOILWTICO,WTI,weekly-fri,80.93,1.9269047619047621
2023-08-25,WCOILWTICO,WTI,weekly-fri,79.97,1.904047619047619
2023-09-01,WCOILWTICO,WTI,weekly-fri,82.5,1.9642857142857142
2023-09-08,WCOILWTICO,WTI,weekly-fri,87.17,2.0754761904761905
2023-09-15,WCOILWTICO,WTI,weekly-fri,89.14,2.1223809523809525
2023-09-22,WCOILWTICO,WTI,weekly-fri,90.28,2.1495238095238096
2023-09-29,WCOILWTICO,WTI,weekly-fri,91.44,2.177142857142857
2023-10-06,WCOILWTICO,WTI,weekly-fri,85.5,2.0357142857142856
2023-10-13,WCOILWTICO,WTI,weekly-fri,85.03,2.0245238095238096
2023-10-20,WCOILWTICO,WTI,weekly-fri,88.03,2.095952380952381
2023-10-27,WCOILWTICO,WTI,weekly-fri,85.2,2.0285714285714285
2023-11-03,WCOILWTICO,WTI,weekly-fri,81.99,1.952142857142857
2023-11-10,WCOILWTICO,WTI,weekly-fri,77.92,1.8552380952380954
2023-11-17,WCOILWTICO,WTI,weekly-fri,76.98,1.832857142857143
2023-11-24,WCOILWTICO,WTI,weekly-fri,77.02,1.8338095238095238
2023-12-01,WCOILWTICO,WTI,weekly-fri,75.49,1.7973809523809523
2023-12-08,WCOILWTICO,WTI,weekly-fri,70.71,1.6835714285714285
2023-12-15,WCOILWTICO,WTI,weekly-fri,70.11,1.6692857142857143
2023-12-22,WCOILWTICO,WTI,weekly-fri,73.23,1.7435714285714288
2023-12-29,WCOILWTICO,WTI,weekly-fri,73.52,1.7504761904761903
2024-01-05,WCOILWTICO,WTI,weekly-fri,72.49,1.725952380952381
2024-01-12,WCOILWTICO,WTI,weekly-fri,72.03,1.715
2024-01-19,WCOILWTICO,WTI,weekly-fri,73.36,1.7466666666666666
2024-01-26,WCOILWTICO,WTI,weekly-fri,76.36,1.818095238095238
2024-02-02,WCOILWTICO,WTI,weekly-fri,75.78,1.8042857142857143
2024-02-09,WCOILWTICO,WTI,weekly-fri,75.05,1.7869047619047618
2024-02-16,WCOILWTICO,WTI,weekly-fri,78.17,1.8611904761904763
2024-02-23,WCOILWTICO,WTI,weekly-fri,78.71,1.874047619047619
2024-03-01,WCOILWTICO,WTI,weekly-fri,79.58,1.8947619047619046
2024-03-08,WCOILWTICO,WTI,weekly-fri,79.53,1.8935714285714287
2024-03-15,WCOILWTICO,WTI,weekly-fri,80.43,1.9150000000000003
2024-03-22,WCOILWTICO,WTI,weekly-fri,82.79,1.9711904761904764
2024-03-29,WCOILWTICO,WTI,weekly-fri,82.73,1.9697619047619048
2024-04-05,WCOILWTICO,WTI,weekly-fri,86.35,2.0559523809523808
2024-04-12,WCOILWTICO,WTI,weekly-fri,86.5,2.0595238095238093
2024-04-19,WCOILWTICO,WTI,weekly-fri,84.65,2.0154761904761904
2024-04-26,WCOILWTICO,WTI,weekly-fri,84.48,2.0114285714285716
2024-05-03,WCOILWTICO,WTI,weekly-fri,81.74,1.946190476190476
2024-05-10,WCOILWTICO,WTI,weekly-fri,80.26,1.9109523809523812
2024-05-17,WCOILWTICO,WTI,weekly-fri,80.61,1.9192857142857143
2024-05-24,WCOILWTICO,WTI,weekly-fri,79.43,1.8911904761904763
2024-05-31,WCOILWTICO,WTI,weekly-fri,79.52,1.8933333333333333
2024-06-07,WCOILWTICO,WTI,weekly-fri,75.53,1.7983333333333333
2024-06-14,WCOILWTICO,WTI,weekly-fri,79.24,1.8866666666666665
2024-06-21,WCOILWTICO,WTI,weekly-fri,82.26,1.9585714285714286
2024-06-28,WCOILWTICO,WTI,weekly-fri,82.53,1.965
2024-07-05,WCOILWTICO,WTI,weekly-fri,84.61,2.0145238095238094
2024-07-12,WCOILWTICO,WTI,weekly-fri,83.44,1.9866666666666666
2024-07-19,WCOILWTICO,WTI,weekly-fri,82.98,1.9757142857142858
2024-07-26,WCOILWTICO,WTI,weekly-fri,79.26,1.8871428571428572
2024-08-02,WCOILWTICO,WTI,weekly-fri,77.11,1.835952380952381
2024-08-09,WCOILWTICO,WTI,weekly-fri,76.33,1.8173809523809523
2024-08-16,WCOILWTICO,WTI,weekly-fri,79.49,1.8926190476190474
2024-08-23,WCOILWTICO,WTI,weekly-fri,74.68,1.7780952380952382
2024-08-30,WCOILWTICO,WTI,weekly-fri,76.36,1.818095238095238
2024-09-06,WCOILWTICO,WTI,weekly-fri,70.02,1.667142857142857
2024-09-13,WCOILWTICO,WTI,weekly-fri,68.82,1.6385714285714283
2024-09-20,WCOILWTICO,WTI,weekly-fri,72.14,1.7176190476190476
2024-09-27,WCOILWTICO,WTI,weekly-fri,70.22,1.6719047619047618
2024-10-04,WCOILWTICO,WTI,weekly-fri,71.83,1.7102380952380951
2024-10-11,WCOILWTICO,WTI,weekly-fri,75.69,1.802142857142857
2024-10-18,WCOILWTICO,WTI,weekly-fri,70.81,1.685952380952381
2024-10-25,WCOILWTICO,WTI,weekly-fri,71.59,1.7045238095238096
2024-11-01,WCOILWTICO,WTI,weekly-fri,68.69,1.6354761904761905
2024-11-08,WCOILWTICO,WTI,weekly-fri,71.89,1.7116666666666667
2024-11-15,WCOILWTICO,WTI,weekly-fri,68.38,1.628095238095238
2024-11-22,WCOILWTICO,WTI,weekly-fri,70.11,1.6692857142857143
2024-11-29,WCOILWTICO,WTI,weekly-fri,68.94,1.6414285714285715
2024-12-06,WCOILWTICO,WTI,weekly-fri,68.89,1.6402380952380953
2024-12-13,WCOILWTICO,WTI,weekly-fri,69.97,1.6659523809523809
2024-12-20,WCOILWTICO,WTI,weekly-fri,70.39,1.6759523809523809
2024-12-27,WCOILWTICO,WTI,weekly-fri,70.51,1.678809523809524
2025-01-03,WCOILWTICO,WTI,weekly-fri,73.15,1.7416666666666667
2025-01-10,WCOILWTICO,WTI,weekly-fri,75.14,1.789047619047619
2025-01-17,WCOILWTICO,WTI,weekly-fri,79.28,1.8876190476190478
2025-01-24,WCOILWTICO,WTI,weekly-fri,75.73,1.803095238095238
2025-01-31,WCOILWTICO,WTI,weekly-fri,73.31,1.7454761904761906
2025-02-07,WCOILWTICO,WTI,weekly-fri,72.05,1.7154761904761904
2025-02-14,WCOILWTICO,WTI,weekly-fri,72.17,1.7183333333333333
2025-02-21,WCOILWTICO,WTI,weekly-fri,72.1,1.7166666666666666
2025-02-28,WCOILWTICO,WTI,weekly-fri,69.93,1.6650000000000003
2025-03-07,WCOILWTICO,WTI,weekly-fri,67.52,1.6076190476190475
2025-03-14,WCOILWTICO,WTI,weekly-fri,66.95,1.5940476190476192
2025-03-21,WCOILWTICO,WTI,weekly-fri,67.96,1.618095238095238
2025-03-28,WCOILWTICO,WTI,weekly-fri,69.81,1.6621428571428571
2025-04-04,WCOILWTICO,WTI,weekly-fri,69.09,1.645
2025-04-11,WCOILWTICO,WTI,weekly-fri,61.24,1.458095238095238
2025-04-18,WCOILWTICO,WTI,weekly-fri,62.92,1.4980952380952381
2025-04-25,WCOILWTICO,WTI,weekly-fri,63.62,1.5147619047619048
2025-05-02,WCOILWTICO,WTI,weekly-fri,60.99,1.4521428571428572
2025-05-09,WCOILWTICO,WTI,weekly-fri,60.39,1.437857142857143
2025-05-16,WCOILWTICO,WTI,weekly-fri,63.94,1.5223809523809524
2025-05-23,WCOILWTICO,WTI,weekly-fri,63.26,1.506190476190476
2025-05-30,WCOILWTICO,WTI,weekly-fri,61.82,1.4719047619047618
2025-06-06,WCOILWTICO,WTI,weekly-fri,64.06,1.5252380952380953
2025-06-13,WCOILWTICO,WTI,weekly-fri,68.63,1.634047619047619
2025-06-20,WCOILWTICO,WTI,weekly-fri,74.94,1.7842857142857143
2025-06-27,WCOILWTICO,WTI,weekly-fri,66.78,1.59
2025-07-04,WCOILWTICO,WTI,weekly-fri,67.43,1.6054761904761907
2025-07-11,WCOILWTICO,WTI,weekly-fri,69.15,1.6464285714285716
2025-07-18,WCOILWTICO,WTI,weekly-fri,68.07,1.6207142857142856
2025-07-25,WCOILWTICO,WTI,weekly-fri,67.11,1.5978571428571429
2025-08-01,WCOILWTICO,WTI,weekly-fri,69.58,1.6566666666666667
2025-08-08,WCOILWTICO,WTI,weekly-fri,65.75,1.5654761904761905
2025-08-15,WCOILWTICO,WTI,weekly-fri,64.34,1.5319047619047619
2025-08-22,WCOILWTICO,WTI,weekly-fri,64.14,1.5271428571428571
2025-08-29,WCOILWTICO,WTI,weekly-fri,64.52,1.536190476190476
2025-09-05,WCOILWTICO,WTI,weekly-fri,64.09,1.525952380952381
2025-09-12,WCOILWTICO,WTI,weekly-fri,63.06,1.5014285714285716
2025-09-19,WCOILWTICO,WTI,weekly-fri,63.98,1.5233333333333332
2025-09-26,WCOILWTICO,WTI,weekly-fri,64.83,1.5435714285714286
2025-10-03,WCOILWTICO,WTI,weekly-fri,62.59,1.4902380952380954
2025-10-10,WCOILWTICO,WTI,weekly-fri,62.1,1.4785714285714286
2025-10-17,WCOILWTICO,WTI,weekly-fri,58.8,1.4
2025-10-24,WCOILWTICO,WTI,weekly-fri,60.2,1.4333333333333333
2025-10-31,WCOILWTICO,WTI,weekly-fri,61.49,1.464047619047619
2025-11-07,WCOILWTICO,WTI,weekly-fri,60.87,1.4492857142857143
2025-11-14,WCOILWTICO,WTI,weekly-fri,60.16,1.4323809523809523
2025-11-21,WCOILWTICO,WTI,weekly-fri,60.27,1.435
2025-11-28,WCOILWTICO,WTI,weekly-fri,58.69,1.3973809523809524
2025-12-05,WCOILWTICO,WTI,weekly-fri,59.48,1.4161904761904762
2025-12-12,WCOILWTICO,WTI,weekly-fri,58.3,1.388095238095238
2025-12-19,WCOILWTICO,WTI,weekly-fri,56.3,1.3404761904761904
2025-12-26,WCOILWTICO,WTI,weekly-fri,58.01,1.381190476190476
2026-01-02,WCOILWTICO,WTI,weekly-fri,57.54,1.3699999999999999
2026-01-09,WCOILWTICO,WTI,weekly-fri,57.56,1.3704761904761906
2026-01-16,WCOILWTICO,WTI,weekly-fri,60.12,1.4314285714285713
2026-01-23,WCOILWTICO,WTI,weekly-fri,60.16,1.4323809523809523
2026-01-30,WCOILWTICO,WTI,weekly-fri,62.9,1.4976190476190476
2026-02-06,WCOILWTICO,WTI,weekly-fri,63.09,1.5021428571428572
2026-02-13,WCOILWTICO,WTI,weekly-fri,63.93,1.5221428571428572
2026-02-20,WCOILWTICO,WTI,weekly-fri,65.3,1.5547619047619048
2026-02-27,WCOILWTICO,WTI,weekly-fri,65.87,1.5683333333333334
2026-03-06,WCOILWTICO,WTI,weekly-fri,78.37,1.865952380952381
2026-03-13,WCOILWTICO,WTI,weekly-fri,91.85,2.1869047619047617
2026-03-20,WCOILWTICO,WTI,weekly-fri,96.07,2.287380952380952
2026-03-27,WCOILWTICO,WTI,weekly-fri,94.29,2.245
2026-04-03,WCOILWTICO,WTI,weekly-fri,105.67,2.515952380952381
2026-04-10,WCOILWTICO,WTI,weekly-fri,104.54,2.489047619047619
2026-04-17,WCOILWTICO,WTI,weekly-fri,93.84,2.2342857142857144
2026-04-24,WCOILWTICO,WTI,weekly-fri,95.43,2.2721428571428572
2026-05-01,WCOILWTICO,WTI,weekly-fri,105.57,2.5135714285714283
2026-05-08,WCOILWTICO,WTI,weekly-fri,102.28,2.435238095238095
2026-05-15,WCOILWTICO,WTI,weekly-fri,105.1,2.5023809523809524
2026-05-22,WCOILWTICO,WTI,weekly-fri,105.32,2.5076190476190474
2026-05-29,WCOILWTICO,WTI,weekly-fri,93.45,2.225
2026-06-05,WCOILWTICO,WTI,weekly-fri,96.87,2.3064285714285715
2026-06-12,WCOILWTICO,WTI,weekly-fri,92.16,2.1942857142857144
2026-06-19,WCOILWTICO,WTI,weekly-fri,81.36,1.937142857142857
2026-06-26,WCOILWTICO,WTI,weekly-fri,73.59,1.7521428571428572
2026-07-03,WCOILWTICO,WTI,weekly-fri,70.48,1.678095238095238
2026-07-10,WCOILWTICO,WTI,weekly-fri,72.26,1.7204761904761905
2026-07-17,WCOILWTICO,WTI,weekly-fri,80.77,1.923095238095238
2026-07-24,WCOILWTICO,WTI,weekly-fri,88.58,2.109047619047619
2026-07-31,WCOILWTICO,WTI,weekly-fri,84.51,2.0121428571428575
