date,series_id,region,fuel,formulation,freq,price_usd_per_gallon
2010-01-04,GASDESECW,PADD 1,diesel,,weekly-mon,2.827
2010-01-11,GASDESECW,PADD 1,diesel,,weekly-mon,2.922
2010-01-18,GASDESECW,PADD 1,diesel,,weekly-mon,2.923
2010-01-25,GASDESECW,PADD 1,diesel,,weekly-mon,2.883
2010-02-01,GASDESECW,PADD 1,diesel,,weekly-mon,2.832
2010-02-08,GASDESECW,PADD 1,diesel,,weekly-mon,2.819
2010-02-15,GASDESECW,PADD 1,diesel,,weekly-mon,2.809
2010-02-22,GASDESECW,PADD 1,diesel,,weekly-mon,2.877
2010-03-01,GASDESECW,PADD 1,diesel,,weekly-mon,2.902
2010-03-08,GASDESECW,PADD 1,diesel,,weekly-mon,2.932
2010-03-15,GASDESECW,PADD 1,diesel,,weekly-mon,2.948
2010-03-22,GASDESECW,PADD 1,diesel,,weekly-mon,2.973
2010-03-29,GASDESECW,PADD 1,diesel,,weekly-mon,2.965
2010-04-05,GASDESECW,PADD 1,diesel,,weekly-mon,3.032
2010-04-12,GASDESECW,PADD 1,diesel,,weekly-mon,3.082
2010-04-19,GASDESECW,PADD 1,diesel,,weekly-mon,3.081
2010-04-26,GASDESECW,PADD 1,diesel,,weekly-mon,3.075
2010-05-03,GASDESECW,PADD 1,diesel,,weekly-mon,3.127
2010-05-10,GASDESECW,PADD 1,diesel,,weekly-mon,3.136
2010-05-17,GASDESECW,PADD 1,diesel,,weekly-mon,3.109
2010-05-24,GASDESECW,PADD 1,diesel,,weekly-mon,3.039
2010-05-31,GASDESECW,PADD 1,diesel,,weekly-mon,3.005
2010-06-07,GASDESECW,PADD 1,diesel,,weekly-mon,2.973
2010-06-14,GASDESECW,PADD 1,diesel,,weekly-mon,2.949
2010-06-21,GASDESECW,PADD 1,diesel,,weekly-mon,2.974
2010-06-28,GASDESECW,PADD 1,diesel,,weekly-mon,2.975
2010-07-05,GASDESECW,PADD 1,diesel,,weekly-mon,2.944
2010-07-12,GASDESECW,PADD 1,diesel,,weekly-mon,2.921
2010-07-19,GASDESECW,PADD 1,diesel,,weekly-mon,2.913
2010-07-26,GASDESECW,PADD 1,diesel,,weekly-mon,2.928
2010-08-02,GASDESECW,PADD 1,diesel,,weekly-mon,2.934
2010-08-09,GASDESECW,PADD 1,diesel,,weekly-mon,3.0
2010-08-16,GASDESECW,PADD 1,diesel,,weekly-mon,2.977
2010-08-23,GASDESECW,PADD 1,diesel,,weekly-mon,2.952
2010-08-30,GASDESECW,PADD 1,diesel,,weekly-mon,2.93
2010-09-06,GASDESECW,PADD 1,diesel,,weekly-mon,2.923
2010-09-13,GASDESECW,PADD 1,diesel,,weekly-mon,2.932
2010-09-20,GASDESECW,PADD 1,diesel,,weekly-mon,2.949
2010-09-27,GASDESECW,PADD 1,diesel,,weekly-mon,2.946
2010-10-04,GASDESECW,PADD 1,diesel,,weekly-mon,2.997
2010-10-11,GASDESECW,PADD 1,diesel,,weekly-mon,3.065
2010-10-18,GASDESECW,PADD 1,diesel,,weekly-mon,3.072
2010-10-25,GASDESECW,PADD 1,diesel,,weekly-mon,3.064
2010-11-01,GASDESECW,PADD 1,diesel,,weekly-mon,3.063
2010-11-08,GASDESECW,PADD 1,diesel,,weekly-mon,3.114
2010-11-15,GASDESECW,PADD 1,diesel,,weekly-mon,3.187
2010-11-22,GASDESECW,PADD 1,diesel,,weekly-mon,3.172
2010-11-29,GASDESECW,PADD 1,diesel,,weekly-mon,3.166
2010-12-06,GASDESECW,PADD 1,diesel,,weekly-mon,3.206
2010-12-13,GASDESECW,PADD 1,diesel,,weekly-mon,3.248
2010-12-20,GASDESECW,PADD 1,diesel,,weekly-mon,3.26
2010-12-27,GASDESECW,PADD 1,diesel,,weekly-mon,3.313
2011-01-03,GASDESECW,PADD 1,diesel,,weekly-mon,3.357
2011-01-10,GASDESECW,PADD 1,diesel,,weekly-mon,3.364
2011-01-17,GASDESECW,PADD 1,diesel,,weekly-mon,3.448
2011-01-24,GASDESECW,PADD 1,diesel,,weekly-mon,3.48
2011-01-31,GASDESECW,PADD 1,diesel,,weekly-mon,3.494
2011-02-07,GASDESECW,PADD 1,diesel,,weekly-mon,3.565
2011-02-14,GASDESECW,PADD 1,diesel,,weekly-mon,3.587
2011-02-21,GASDESECW,PADD 1,diesel,,weekly-mon,3.62
2011-02-28,GASDESECW,PADD 1,diesel,,weekly-mon,3.764
2011-03-07,GASDESECW,PADD 1,diesel,,weekly-mon,3.908
2011-03-14,GASDESECW,PADD 1,diesel,,weekly-mon,3.946
2011-03-21,GASDESECW,PADD 1,diesel,,weekly-mon,3.938
2011-03-28,GASDESECW,PADD 1,diesel,,weekly-mon,3.952
2011-04-04,GASDESECW,PADD 1,diesel,,weekly-mon,3.982
2011-04-11,GASDESECW,PADD 1,diesel,,weekly-mon,4.082
2011-04-18,GASDESECW,PADD 1,diesel,,weekly-mon,4.111
2011-04-25,GASDESECW,PADD 1,diesel,,weekly-mon,4.105
2011-05-02,GASDESECW,PADD 1,diesel,,weekly-mon,4.128
2011-05-09,GASDESECW,PADD 1,diesel,,weekly-mon,4.117
2011-05-16,GASDESECW,PADD 1,diesel,,weekly-mon,4.075
2011-05-23,GASDESECW,PADD 1,diesel,,weekly-mon,4.011
2011-05-30,GASDESECW,PADD 1,diesel,,weekly-mon,3.962
2011-06-06,GASDESECW,PADD 1,diesel,,weekly-mon,3.955
2011-06-13,GASDESECW,PADD 1,diesel,,weekly-mon,3.968
2011-06-20,GASDESECW,PADD 1,diesel,,weekly-mon,3.962
2011-06-27,GASDESECW,PADD 1,diesel,,weekly-mon,3.914
2011-07-04,GASDESECW,PADD 1,diesel,,weekly-mon,3.87
2011-07-11,GASDESECW,PADD 1,diesel,,weekly-mon,3.926
2011-07-18,GASDESECW,PADD 1,diesel,,weekly-mon,3.963
2011-07-25,GASDESECW,PADD 1,diesel,,weekly-mon,3.988
2011-08-01,GASDESECW,PADD 1,diesel,,weekly-mon,3.974
2011-08-08,GASDESECW,PADD 1,diesel,,weekly-mon,3.936
2011-08-15,GASDESECW,PADD 1,diesel,,weekly-mon,3.871
2011-08-22,GASDESECW,PADD 1,diesel,,weekly-mon,3.844
2011-08-29,GASDESECW,PADD 1,diesel,,weekly-mon,3.843
2011-09-05,GASDESECW,PADD 1,diesel,,weekly-mon,3.886
2011-09-12,GASDESECW,PADD 1,diesel,,weekly-mon,3.879
2011-09-19,GASDESECW,PADD 1,diesel,,weekly-mon,3.853
2011-09-26,GASDESECW,PADD 1,diesel,,weekly-mon,3.804
2011-10-03,GASDESECW,PADD 1,diesel,,weekly-mon,3.765
2011-10-10,GASDESECW,PADD 1,diesel,,weekly-mon,3.741
2011-10-17,GASDESECW,PADD 1,diesel,,weekly-mon,3.815
2011-10-24,GASDESECW,PADD 1,diesel,,weekly-mon,3.832
2011-10-31,GASDESECW,PADD 1,diesel,,weekly-mon,3.886
2011-11-07,GASDESECW,PADD 1,diesel,,weekly-mon,3.875
2011-11-14,GASDESECW,PADD 1,diesel,,weekly-mon,3.964
2011-11-21,GASDESECW,PADD 1,diesel,,weekly-mon,3.984
2011-11-28,GASDESECW,PADD 1,diesel,,weekly-mon,3.953
2011-12-05,GASDESECW,PADD 1,diesel,,weekly-mon,3.934
2011-12-12,GASDESECW,PADD 1,diesel,,weekly-mon,3.917
2011-12-19,GASDESECW,PADD 1,diesel,,weekly-mon,3.873
2011-12-26,GASDESECW,PADD 1,diesel,,weekly-mon,3.84
2012-01-02,GASDESECW,PADD 1,diesel,,weekly-mon,3.844
2012-01-09,GASDESECW,PADD 1,diesel,,weekly-mon,3.908
2012-01-16,GASDESECW,PADD 1,diesel,,weekly-mon,3.943
2012-01-23,GASDESECW,PADD 1,diesel,,weekly-mon,3.938
2012-01-30,GASDESECW,PADD 1,diesel,,weekly-mon,3.945
2012-02-06,GASDESECW,PADD 1,diesel,,weekly-mon,3.948
2012-02-13,GASDESECW,PADD 1,diesel,,weekly-mon,4.028
2012-02-20,GASDESECW,PADD 1,diesel,,weekly-mon,4.053
2012-02-27,GASDESECW,PADD 1,diesel,,weekly-mon,4.134
2012-03-05,GASDESECW,PADD 1,diesel,,weekly-mon,4.167
2012-03-12,GASDESECW,PADD 1,diesel,,weekly-mon,4.169
2012-03-19,GASDESECW,PADD 1,diesel,,weekly-mon,4.184
2012-03-26,GASDESECW,PADD 1,diesel,,weekly-mon,4.19
2012-04-02,GASDESECW,PADD 1,diesel,,weekly-mon,4.19
2012-04-09,GASDESECW,PADD 1,diesel,,weekly-mon,4.19
2012-04-16,GASDESECW,PADD 1,diesel,,weekly-mon,4.181
2012-04-23,GASDESECW,PADD 1,diesel,,weekly-mon,4.146
2012-04-30,GASDESECW,PADD 1,diesel,,weekly-mon,4.13
2012-05-07,GASDESECW,PADD 1,diesel,,weekly-mon,4.108
2012-05-14,GASDESECW,PADD 1,diesel,,weekly-mon,4.054
2012-05-21,GASDESECW,PADD 1,diesel,,weekly-mon,3.999
2012-05-28,GASDESECW,PADD 1,diesel,,weekly-mon,3.94
2012-06-04,GASDESECW,PADD 1,diesel,,weekly-mon,3.886
2012-06-11,GASDESECW,PADD 1,diesel,,weekly-mon,3.818
2012-06-18,GASDESECW,PADD 1,diesel,,weekly-mon,3.766
2012-06-25,GASDESECW,PADD 1,diesel,,weekly-mon,3.718
2012-07-02,GASDESECW,PADD 1,diesel,,weekly-mon,3.702
2012-07-09,GASDESECW,PADD 1,diesel,,weekly-mon,3.731
2012-07-16,GASDESECW,PADD 1,diesel,,weekly-mon,3.741
2012-07-23,GASDESECW,PADD 1,diesel,,weekly-mon,3.826
2012-07-30,GASDESECW,PADD 1,diesel,,weekly-mon,3.842
2012-08-06,GASDESECW,PADD 1,diesel,,weekly-mon,3.869
2012-08-13,GASDESECW,PADD 1,diesel,,weekly-mon,3.952
2012-08-20,GASDESECW,PADD 1,diesel,,weekly-mon,4.006
2012-08-27,GASDESECW,PADD 1,diesel,,weekly-mon,4.072
2012-09-03,GASDESECW,PADD 1,diesel,,weekly-mon,4.104
2012-09-10,GASDESECW,PADD 1,diesel,,weekly-mon,4.113
2012-09-17,GASDESECW,PADD 1,diesel,,weekly-mon,4.125
2012-09-24,GASDESECW,PADD 1,diesel,,weekly-mon,4.092
2012-10-01,GASDESECW,PADD 1,diesel,,weekly-mon,4.081
2012-10-08,GASDESECW,PADD 1,diesel,,weekly-mon,4.097
2012-10-15,GASDESECW,PADD 1,diesel,,weekly-mon,4.128
2012-10-22,GASDESECW,PADD 1,diesel,,weekly-mon,4.108
2012-10-29,GASDESECW,PADD 1,diesel,,weekly-mon,4.036
2012-11-05,GASDESECW,PADD 1,diesel,,weekly-mon,4.034
2012-11-12,GASDESECW,PADD 1,diesel,,weekly-mon,4.037
2012-11-19,GASDESECW,PADD 1,diesel,,weekly-mon,4.052
2012-11-26,GASDESECW,PADD 1,diesel,,weekly-mon,4.092
2012-12-03,GASDESECW,PADD 1,diesel,,weekly-mon,4.096
2012-12-10,GASDESECW,PADD 1,diesel,,weekly-mon,4.069
2012-12-17,GASDESECW,PADD 1,diesel,,weekly-mon,4.027
2012-12-24,GASDESECW,PADD 1,diesel,,weekly-mon,4.006
2012-12-31,GASDESECW,PADD 1,diesel,,weekly-mon,4.006
2013-01-07,GASDESECW,PADD 1,diesel,,weekly-mon,4.006
2013-01-14,GASDESECW,PADD 1,diesel,,weekly-mon,4.002
2013-01-21,GASDESECW,PADD 1,diesel,,weekly-mon,4.0
2013-01-28,GASDESECW,PADD 1,diesel,,weekly-mon,4.023
2013-02-04,GASDESECW,PADD 1,diesel,,weekly-mon,4.088
2013-02-11,GASDESECW,PADD 1,diesel,,weekly-mon,4.152
2013-02-18,GASDESECW,PADD 1,diesel,,weekly-mon,4.199
2013-02-25,GASDESECW,PADD 1,diesel,,weekly-mon,4.201
2013-03-04,GASDESECW,PADD 1,diesel,,weekly-mon,4.167
2013-03-11,GASDESECW,PADD 1,diesel,,weekly-mon,4.12
2013-03-18,GASDESECW,PADD 1,diesel,,weekly-mon,4.082
2013-03-25,GASDESECW,PADD 1,diesel,,weekly-mon,4.05
2013-04-01,GASDESECW,PADD 1,diesel,,weekly-mon,4.025
2013-04-08,GASDESECW,PADD 1,diesel,,weekly-mon,4.009
2013-04-15,GASDESECW,PADD 1,diesel,,weekly-mon,3.977
2013-04-22,GASDESECW,PADD 1,diesel,,weekly-mon,3.924
2013-04-29,GASDESECW,PADD 1,diesel,,weekly-mon,3.886
2013-05-06,GASDESECW,PADD 1,diesel,,weekly-mon,3.863
2013-05-13,GASDESECW,PADD 1,diesel,,weekly-mon,3.865
2013-05-20,GASDESECW,PADD 1,diesel,,weekly-mon,3.871
2013-05-27,GASDESECW,PADD 1,diesel,,weekly-mon,3.864
2013-06-03,GASDESECW,PADD 1,diesel,,weekly-mon,3.855
2013-06-10,GASDESECW,PADD 1,diesel,,weekly-mon,3.839
2013-06-17,GASDESECW,PADD 1,diesel,,weekly-mon,3.835
2013-06-24,GASDESECW,PADD 1,diesel,,weekly-mon,3.836
2013-07-01,GASDESECW,PADD 1,diesel,,weekly-mon,3.817
2013-07-08,GASDESECW,PADD 1,diesel,,weekly-mon,3.831
2013-07-15,GASDESECW,PADD 1,diesel,,weekly-mon,3.876
2013-07-22,GASDESECW,PADD 1,diesel,,weekly-mon,3.919
2013-07-29,GASDESECW,PADD 1,diesel,,weekly-mon,3.931
2013-08-05,GASDESECW,PADD 1,diesel,,weekly-mon,3.919
2013-08-12,GASDESECW,PADD 1,diesel,,weekly-mon,3.908
2013-08-19,GASDESECW,PADD 1,diesel,,weekly-mon,3.912
2013-08-26,GASDESECW,PADD 1,diesel,,weekly-mon,3.925
2013-09-02,GASDESECW,PADD 1,diesel,,weekly-mon,3.993
2013-09-09,GASDESECW,PADD 1,diesel,,weekly-mon,3.988
2013-09-16,GASDESECW,PADD 1,diesel,,weekly-mon,3.979
2013-09-23,GASDESECW,PADD 1,diesel,,weekly-mon,3.956
2013-09-30,GASDESECW,PADD 1,diesel,,weekly-mon,3.931
2013-10-07,GASDESECW,PADD 1,diesel,,weekly-mon,3.908
2013-10-14,GASDESECW,PADD 1,diesel,,weekly-mon,3.904
2013-10-21,GASDESECW,PADD 1,diesel,,weekly-mon,3.905
2013-10-28,GASDESECW,PADD 1,diesel,,weekly-mon,3.889
2013-11-04,GASDESECW,PADD 1,diesel,,weekly-mon,3.878
2013-11-11,GASDESECW,PADD 1,diesel,,weekly-mon,3.855
2013-11-18,GASDESECW,PADD 1,diesel,,weekly-mon,3.841
2013-11-25,GASDESECW,PADD 1,diesel,,weekly-mon,3.87
2013-12-02,GASDESECW,PADD 1,diesel,,weekly-mon,3.906
2013-12-09,GASDESECW,PADD 1,diesel,,weekly-mon,3.912
2013-12-16,GASDESECW,PADD 1,diesel,,weekly-mon,3.915
2013-12-23,GASDESECW,PADD 1,diesel,,weekly-mon,3.919
2013-12-30,GASDESECW,PADD 1,diesel,,weekly-mon,3.943
2014-01-06,GASDESECW,PADD 1,diesel,,weekly-mon,3.95
2014-01-13,GASDESECW,PADD 1,diesel,,weekly-mon,3.94
2014-01-20,GASDESECW,PADD 1,diesel,,weekly-mon,3.946
2014-01-27,GASDESECW,PADD 1,diesel,,weekly-mon,3.996
2014-02-03,GASDESECW,PADD 1,diesel,,weekly-mon,4.07
2014-02-10,GASDESECW,PADD 1,diesel,,weekly-mon,4.116
2014-02-17,GASDESECW,PADD 1,diesel,,weekly-mon,4.129
2014-02-24,GASDESECW,PADD 1,diesel,,weekly-mon,4.148
2014-03-03,GASDESECW,PADD 1,diesel,,weekly-mon,4.155
2014-03-10,GASDESECW,PADD 1,diesel,,weekly-mon,4.158
2014-03-17,GASDESECW,PADD 1,diesel,,weekly-mon,4.138
2014-03-24,GASDESECW,PADD 1,diesel,,weekly-mon,4.115
2014-03-31,GASDESECW,PADD 1,diesel,,weekly-mon,4.094
2014-04-07,GASDESECW,PADD 1,diesel,,weekly-mon,4.075
2014-04-14,GASDESECW,PADD 1,diesel,,weekly-mon,4.068
2014-04-21,GASDESECW,PADD 1,diesel,,weekly-mon,4.07
2014-04-28,GASDESECW,PADD 1,diesel,,weekly-mon,4.065
2014-05-05,GASDESECW,PADD 1,diesel,,weekly-mon,4.055
2014-05-12,GASDESECW,PADD 1,diesel,,weekly-mon,4.041
2014-05-19,GASDESECW,PADD 1,diesel,,weekly-mon,4.027
2014-05-26,GASDESECW,PADD 1,diesel,,weekly-mon,4.022
2014-06-02,GASDESECW,PADD 1,diesel,,weekly-mon,4.013
2014-06-09,GASDESECW,PADD 1,diesel,,weekly-mon,3.983
2014-06-16,GASDESECW,PADD 1,diesel,,weekly-mon,3.961
2014-06-23,GASDESECW,PADD 1,diesel,,weekly-mon,3.985
2014-06-30,GASDESECW,PADD 1,diesel,,weekly-mon,3.983
2014-07-07,GASDESECW,PADD 1,diesel,,weekly-mon,3.978
2014-07-14,GASDESECW,PADD 1,diesel,,weekly-mon,3.961
2014-07-21,GASDESECW,PADD 1,diesel,,weekly-mon,3.928
2014-07-28,GASDESECW,PADD 1,diesel,,weekly-mon,3.91
2014-08-04,GASDESECW,PADD 1,diesel,,weekly-mon,3.906
2014-08-11,GASDESECW,PADD 1,diesel,,weekly-mon,3.887
2014-08-18,GASDESECW,PADD 1,diesel,,weekly-mon,3.875
2014-08-25,GASDESECW,PADD 1,diesel,,weekly-mon,3.855
2014-09-01,GASDESECW,PADD 1,diesel,,weekly-mon,3.842
2014-09-08,GASDESECW,PADD 1,diesel,,weekly-mon,3.844
2014-09-15,GASDESECW,PADD 1,diesel,,weekly-mon,3.825
2014-09-22,GASDESECW,PADD 1,diesel,,weekly-mon,3.804
2014-09-29,GASDESECW,PADD 1,diesel,,weekly-mon,3.778
2014-10-06,GASDESECW,PADD 1,diesel,,weekly-mon,3.755
2014-10-13,GASDESECW,PADD 1,diesel,,weekly-mon,3.714
2014-10-20,GASDESECW,PADD 1,diesel,,weekly-mon,3.665
2014-10-27,GASDESECW,PADD 1,diesel,,weekly-mon,3.627
2014-11-03,GASDESECW,PADD 1,diesel,,weekly-mon,3.597
2014-11-10,GASDESECW,PADD 1,diesel,,weekly-mon,3.568
2014-11-17,GASDESECW,PADD 1,diesel,,weekly-mon,3.542
2014-11-24,GASDESECW,PADD 1,diesel,,weekly-mon,3.52
2014-12-01,GASDESECW,PADD 1,diesel,,weekly-mon,3.509
2014-12-08,GASDESECW,PADD 1,diesel,,weekly-mon,3.46
2014-12-15,GASDESECW,PADD 1,diesel,,weekly-mon,3.385
2014-12-22,GASDESECW,PADD 1,diesel,,weekly-mon,3.31
2014-12-29,GASDESECW,PADD 1,diesel,,weekly-mon,3.257
2015-01-05,GASDESECW,PADD 1,diesel,,weekly-mon,3.204
2015-01-12,GASDESECW,PADD 1,diesel,,weekly-mon,3.134
2015-01-19,GASDESECW,PADD 1,diesel,,weekly-mon,3.018
2015-01-26,GASDESECW,PADD 1,diesel,,weekly-mon,2.967
2015-02-02,GASDESECW,PADD 1,diesel,,weekly-mon,2.932
2015-02-09,GASDESECW,PADD 1,diesel,,weekly-mon,2.93
2015-02-16,GASDESECW,PADD 1,diesel,,weekly-mon,2.96
2015-02-23,GASDESECW,PADD 1,diesel,,weekly-mon,3.005
2015-03-02,GASDESECW,PADD 1,diesel,,weekly-mon,3.083
2015-03-09,GASDESECW,PADD 1,diesel,,weekly-mon,3.105
2015-03-16,GASDESECW,PADD 1,diesel,,weekly-mon,3.082
2015-03-23,GASDESECW,PADD 1,diesel,,weekly-mon,3.027
2015-03-30,GASDESECW,PADD 1,diesel,,weekly-mon,2.992
2015-04-06,GASDESECW,PADD 1,diesel,,weekly-mon,2.95
2015-04-13,GASDESECW,PADD 1,diesel,,weekly-mon,2.916
2015-04-20,GASDESECW,PADD 1,diesel,,weekly-mon,2.926
2015-04-27,GASDESECW,PADD 1,diesel,,weekly-mon,2.949
2015-05-04,GASDESECW,PADD 1,diesel,,weekly-mon,2.978
2015-05-11,GASDESECW,PADD 1,diesel,,weekly-mon,2.997
2015-05-18,GASDESECW,PADD 1,diesel,,weekly-mon,3.007
2015-05-25,GASDESECW,PADD 1,diesel,,weekly-mon,3.014
2015-06-01,GASDESECW,PADD 1,diesel,,weekly-mon,3.001
2015-06-08,GASDESECW,PADD 1,diesel,,weekly-mon,2.98
2015-06-15,GASDESECW,PADD 1,diesel,,weekly-mon,2.968
2015-06-22,GASDESECW,PADD 1,diesel,,weekly-mon,2.959
2015-06-29,GASDESECW,PADD 1,diesel,,weekly-mon,2.954
2015-07-06,GASDESECW,PADD 1,diesel,,weekly-mon,2.938
2015-07-13,GASDESECW,PADD 1,diesel,,weekly-mon,2.915
2015-07-20,GASDESECW,PADD 1,diesel,,weekly-mon,2.873
2015-07-27,GASDESECW,PADD 1,diesel,,weekly-mon,2.809
2015-08-03,GASDESECW,PADD 1,diesel,,weekly-mon,2.769
2015-08-10,GASDESECW,PADD 1,diesel,,weekly-mon,2.713
2015-08-17,GASDESECW,PADD 1,diesel,,weekly-mon,2.696
2015-08-24,GASDESECW,PADD 1,diesel,,weekly-mon,2.647
2015-08-31,GASDESECW,PADD 1,diesel,,weekly-mon,2.59
2015-09-07,GASDESECW,PADD 1,diesel,,weekly-mon,2.594
2015-09-14,GASDESECW,PADD 1,diesel,,weekly-mon,2.575
2015-09-21,GASDESECW,PADD 1,diesel,,weekly-mon,2.548
2015-09-28,GASDESECW,PADD 1,diesel,,weekly-mon,2.534
2015-10-05,GASDESECW,PADD 1,diesel,,weekly-mon,2.524
2015-10-12,GASDESECW,PADD 1,diesel,,weekly-mon,2.554
2015-10-19,GASDESECW,PADD 1,diesel,,weekly-mon,2.524
2015-10-26,GASDESECW,PADD 1,diesel,,weekly-mon,2.499
2015-11-02,GASDESECW,PADD 1,diesel,,weekly-mon,2.492
2015-11-09,GASDESECW,PADD 1,diesel,,weekly-mon,2.513
2015-11-16,GASDESECW,PADD 1,diesel,,weekly-mon,2.499
2015-11-23,GASDESECW,PADD 1,diesel,,weekly-mon,2.469
2015-11-30,GASDESECW,PADD 1,diesel,,weekly-mon,2.455
2015-12-07,GASDESECW,PADD 1,diesel,,weekly-mon,2.413
2015-12-14,GASDESECW,PADD 1,diesel,,weekly-mon,2.372
2015-12-21,GASDESECW,PADD 1,diesel,,weekly-mon,2.318
2015-12-28,GASDESECW,PADD 1,diesel,,weekly-mon,2.279
2016-01-04,GASDESECW,PADD 1,diesel,,weekly-mon,2.26
2016-01-11,GASDESECW,PADD 1,diesel,,weekly-mon,2.229
2016-01-18,GASDESECW,PADD 1,diesel,,weekly-mon,2.174
2016-01-25,GASDESECW,PADD 1,diesel,,weekly-mon,2.14
2016-02-01,GASDESECW,PADD 1,diesel,,weekly-mon,2.111
2016-02-08,GASDESECW,PADD 1,diesel,,weekly-mon,2.087
2016-02-15,GASDESECW,PADD 1,diesel,,weekly-mon,2.069
2016-02-22,GASDESECW,PADD 1,diesel,,weekly-mon,2.059
2016-02-29,GASDESECW,PADD 1,diesel,,weekly-mon,2.054
2016-03-07,GASDESECW,PADD 1,diesel,,weekly-mon,2.077
2016-03-14,GASDESECW,PADD 1,diesel,,weekly-mon,2.153
2016-03-21,GASDESECW,PADD 1,diesel,,weekly-mon,2.172
2016-03-28,GASDESECW,PADD 1,diesel,,weekly-mon,2.179
2016-04-04,GASDESECW,PADD 1,diesel,,weekly-mon,2.179
2016-04-11,GASDESECW,PADD 1,diesel,,weekly-mon,2.187
2016-04-18,GASDESECW,PADD 1,diesel,,weekly-mon,2.22
2016-04-25,GASDESECW,PADD 1,diesel,,weekly-mon,2.244
2016-05-02,GASDESECW,PADD 1,diesel,,weekly-mon,2.306
2016-05-09,GASDESECW,PADD 1,diesel,,weekly-mon,2.309
2016-05-16,GASDESECW,PADD 1,diesel,,weekly-mon,2.321
2016-05-23,GASDESECW,PADD 1,diesel,,weekly-mon,2.379
2016-05-30,GASDESECW,PADD 1,diesel,,weekly-mon,2.405
2016-06-06,GASDESECW,PADD 1,diesel,,weekly-mon,2.436
2016-06-13,GASDESECW,PADD 1,diesel,,weekly-mon,2.449
2016-06-20,GASDESECW,PADD 1,diesel,,weekly-mon,2.443
2016-06-27,GASDESECW,PADD 1,diesel,,weekly-mon,2.442
2016-07-04,GASDESECW,PADD 1,diesel,,weekly-mon,2.438
2016-07-11,GASDESECW,PADD 1,diesel,,weekly-mon,2.424
2016-07-18,GASDESECW,PADD 1,diesel,,weekly-mon,2.411
2016-07-25,GASDESECW,PADD 1,diesel,,weekly-mon,2.387
2016-08-01,GASDESECW,PADD 1,diesel,,weekly-mon,2.354
2016-08-08,GASDESECW,PADD 1,diesel,,weekly-mon,2.321
2016-08-15,GASDESECW,PADD 1,diesel,,weekly-mon,2.314
2016-08-22,GASDESECW,PADD 1,diesel,,weekly-mon,2.367
2016-08-29,GASDESECW,PADD 1,diesel,,weekly-mon,2.41
2016-09-05,GASDESECW,PADD 1,diesel,,weekly-mon,2.408
2016-09-12,GASDESECW,PADD 1,diesel,,weekly-mon,2.399
2016-09-19,GASDESECW,PADD 1,diesel,,weekly-mon,2.391
2016-09-26,GASDESECW,PADD 1,diesel,,weekly-mon,2.393
2016-10-03,GASDESECW,PADD 1,diesel,,weekly-mon,2.398
2016-10-10,GASDESECW,PADD 1,diesel,,weekly-mon,2.441
2016-10-17,GASDESECW,PADD 1,diesel,,weekly-mon,2.472
2016-10-24,GASDESECW,PADD 1,diesel,,weekly-mon,2.468
2016-10-31,GASDESECW,PADD 1,diesel,,weekly-mon,2.475
2016-11-07,GASDESECW,PADD 1,diesel,,weekly-mon,2.474
2016-11-14,GASDESECW,PADD 1,diesel,,weekly-mon,2.453
2016-11-21,GASDESECW,PADD 1,diesel,,weekly-mon,2.442
2016-11-28,GASDESECW,PADD 1,diesel,,weekly-mon,2.446
2016-12-05,GASDESECW,PADD 1,diesel,,weekly-mon,2.499
2016-12-12,GASDESECW,PADD 1,diesel,,weekly-mon,2.52
2016-12-19,GASDESECW,PADD 1,diesel,,weekly-mon,2.559
2016-12-26,GASDESECW,PADD 1,diesel,,weekly-mon,2.573
2017-01-02,GASDESECW,PADD 1,diesel,,weekly-mon,2.627
2017-01-09,GASDESECW,PADD 1,diesel,,weekly-mon,2.648
2017-01-16,GASDESECW,PADD 1,diesel,,weekly-mon,2.636
2017-01-23,GASDESECW,PADD 1,diesel,,weekly-mon,2.627
2017-01-30,GASDESECW,PADD 1,diesel,,weekly-mon,2.622
2017-02-06,GASDESECW,PADD 1,diesel,,weekly-mon,2.618
2017-02-13,GASDESECW,PADD 1,diesel,,weekly-mon,2.626
2017-02-20,GASDESECW,PADD 1,diesel,,weekly-mon,2.628
2017-02-27,GASDESECW,PADD 1,diesel,,weekly-mon,2.635
2017-03-06,GASDESECW,PADD 1,diesel,,weekly-mon,2.633
2017-03-13,GASDESECW,PADD 1,diesel,,weekly-mon,2.617
2017-03-20,GASDESECW,PADD 1,diesel,,weekly-mon,2.6
2017-03-27,GASDESECW,PADD 1,diesel,,weekly-mon,2.586
2017-04-03,GASDESECW,PADD 1,diesel,,weekly-mon,2.605
2017-04-10,GASDESECW,PADD 1,diesel,,weekly-mon,2.62
2017-04-17,GASDESECW,PADD 1,diesel,,weekly-mon,2.631
2017-04-24,GASDESECW,PADD 1,diesel,,weekly-mon,2.632
2017-05-01,GASDESECW,PADD 1,diesel,,weekly-mon,2.624
2017-05-08,GASDESECW,PADD 1,diesel,,weekly-mon,2.612
2017-05-15,GASDESECW,PADD 1,diesel,,weekly-mon,2.595
2017-05-22,GASDESECW,PADD 1,diesel,,weekly-mon,2.588
2017-05-29,GASDESECW,PADD 1,diesel,,weekly-mon,2.608
2017-06-05,GASDESECW,PADD 1,diesel,,weekly-mon,2.599
2017-06-12,GASDESECW,PADD 1,diesel,,weekly-mon,2.569
2017-06-19,GASDESECW,PADD 1,diesel,,weekly-mon,2.539
2017-06-26,GASDESECW,PADD 1,diesel,,weekly-mon,2.516
2017-07-03,GASDESECW,PADD 1,diesel,,weekly-mon,2.522
2017-07-10,GASDESECW,PADD 1,diesel,,weekly-mon,2.523
2017-07-17,GASDESECW,PADD 1,diesel,,weekly-mon,2.532
2017-07-24,GASDESECW,PADD 1,diesel,,weekly-mon,2.546
2017-07-31,GASDESECW,PADD 1,diesel,,weekly-mon,2.566
2017-08-07,GASDESECW,PADD 1,diesel,,weekly-mon,2.613
2017-08-14,GASDESECW,PADD 1,diesel,,weekly-mon,2.624
2017-08-21,GASDESECW,PADD 1,diesel,,weekly-mon,2.617
2017-08-28,GASDESECW,PADD 1,diesel,,weekly-mon,2.623
2017-09-04,GASDESECW,PADD 1,diesel,,weekly-mon,2.785
2017-09-11,GASDESECW,PADD 1,diesel,,weekly-mon,2.829
2017-09-18,GASDESECW,PADD 1,diesel,,weekly-mon,2.814
2017-09-25,GASDESECW,PADD 1,diesel,,weekly-mon,2.811
2017-10-02,GASDESECW,PADD 1,diesel,,weekly-mon,2.819
2017-10-09,GASDESECW,PADD 1,diesel,,weekly-mon,2.793
2017-10-16,GASDESECW,PADD 1,diesel,,weekly-mon,2.797
2017-10-23,GASDESECW,PADD 1,diesel,,weekly-mon,2.797
2017-10-30,GASDESECW,PADD 1,diesel,,weekly-mon,2.811
2017-11-06,GASDESECW,PADD 1,diesel,,weekly-mon,2.848
2017-11-13,GASDESECW,PADD 1,diesel,,weekly-mon,2.884
2017-11-20,GASDESECW,PADD 1,diesel,,weekly-mon,2.896
2017-11-27,GASDESECW,PADD 1,diesel,,weekly-mon,2.907
2017-12-04,GASDESECW,PADD 1,diesel,,weekly-mon,2.904
2017-12-11,GASDESECW,PADD 1,diesel,,weekly-mon,2.901
2017-12-18,GASDESECW,PADD 1,diesel,,weekly-mon,2.897
2017-12-25,GASDESECW,PADD 1,diesel,,weekly-mon,2.904
2018-01-01,GASDESECW,PADD 1,diesel,,weekly-mon,2.98
2018-01-08,GASDESECW,PADD 1,diesel,,weekly-mon,3.025
2018-01-15,GASDESECW,PADD 1,diesel,,weekly-mon,3.063
2018-01-22,GASDESECW,PADD 1,diesel,,weekly-mon,3.078
2018-01-29,GASDESECW,PADD 1,diesel,,weekly-mon,3.112
2018-02-05,GASDESECW,PADD 1,diesel,,weekly-mon,3.133
2018-02-12,GASDESECW,PADD 1,diesel,,weekly-mon,3.111
2018-02-19,GASDESECW,PADD 1,diesel,,weekly-mon,3.082
2018-02-26,GASDESECW,PADD 1,diesel,,weekly-mon,3.057
2018-03-05,GASDESECW,PADD 1,diesel,,weekly-mon,3.046
2018-03-12,GASDESECW,PADD 1,diesel,,weekly-mon,3.024
2018-03-19,GASDESECW,PADD 1,diesel,,weekly-mon,3.009
2018-03-26,GASDESECW,PADD 1,diesel,,weekly-mon,3.038
2018-04-02,GASDESECW,PADD 1,diesel,,weekly-mon,3.066
2018-04-09,GASDESECW,PADD 1,diesel,,weekly-mon,3.066
2018-04-16,GASDESECW,PADD 1,diesel,,weekly-mon,3.116
2018-04-23,GASDESECW,PADD 1,diesel,,weekly-mon,3.142
2018-04-30,GASDESECW,PADD 1,diesel,,weekly-mon,3.162
2018-05-07,GASDESECW,PADD 1,diesel,,weekly-mon,3.178
2018-05-14,GASDESECW,PADD 1,diesel,,weekly-mon,3.236
2018-05-21,GASDESECW,PADD 1,diesel,,weekly-mon,3.271
2018-05-28,GASDESECW,PADD 1,diesel,,weekly-mon,3.287
2018-06-04,GASDESECW,PADD 1,diesel,,weekly-mon,3.282
2018-06-11,GASDESECW,PADD 1,diesel,,weekly-mon,3.264
2018-06-18,GASDESECW,PADD 1,diesel,,weekly-mon,3.24
2018-06-25,GASDESECW,PADD 1,diesel,,weekly-mon,3.215
2018-07-02,GASDESECW,PADD 1,diesel,,weekly-mon,3.226
2018-07-09,GASDESECW,PADD 1,diesel,,weekly-mon,3.238
2018-07-16,GASDESECW,PADD 1,diesel,,weekly-mon,3.236
2018-07-23,GASDESECW,PADD 1,diesel,,weekly-mon,3.217
2018-07-30,GASDESECW,PADD 1,diesel,,weekly-mon,3.223
2018-08-06,GASDESECW,PADD 1,diesel,,weekly-mon,3.222
2018-08-13,GASDESECW,PADD 1,diesel,,weekly-mon,3.219
2018-08-20,GASDESECW,PADD 1,diesel,,weekly-mon,3.207
2018-08-27,GASDESECW,PADD 1,diesel,,weekly-mon,3.219
2018-09-03,GASDESECW,PADD 1,diesel,,weekly-mon,3.235
2018-09-10,GASDESECW,PADD 1,diesel,,weekly-mon,3.246
2018-09-17,GASDESECW,PADD 1,diesel,,weekly-mon,3.252
2018-09-24,GASDESECW,PADD 1,diesel,,weekly-mon,3.254
2018-10-01,GASDESECW,PADD 1,diesel,,weekly-mon,3.292
2018-10-08,GASDESECW,PADD 1,diesel,,weekly-mon,3.36
2018-10-15,GASDESECW,PADD 1,diesel,,weekly-mon,3.382
2018-10-22,GASDESECW,PADD 1,diesel,,weekly-mon,3.369
2018-10-29,GASDESECW,PADD 1,diesel,,weekly-mon,3.346
2018-11-05,GASDESECW,PADD 1,diesel,,weekly-mon,3.329
2018-11-12,GASDESECW,PADD 1,diesel,,weekly-mon,3.314
2018-11-19,GASDESECW,PADD 1,diesel,,weekly-mon,3.295
2018-11-26,GASDESECW,PADD 1,diesel,,weekly-mon,3.277
2018-12-03,GASDESECW,PADD 1,diesel,,weekly-mon,3.229
2018-12-10,GASDESECW,PADD 1,diesel,,weekly-mon,3.194
2018-12-17,GASDESECW,PADD 1,diesel,,weekly-mon,3.165
2018-12-24,GASDESECW,PADD 1,diesel,,weekly-mon,3.132
2018-12-31,GASDESECW,PADD 1,diesel,,weekly-mon,3.11
2019-01-07,GASDESECW,PADD 1,diesel,,weekly-mon,3.069
2019-01-14,GASDESECW,PADD 1,diesel,,weekly-mon,3.049
2019-01-21,GASDESECW,PADD 1,diesel,,weekly-mon,3.037
2019-01-28,GASDESECW,PADD 1,diesel,,weekly-mon,3.05
2019-02-04,GASDESECW,PADD 1,diesel,,weekly-mon,3.038
2019-02-11,GASDESECW,PADD 1,diesel,,weekly-mon,3.031
2019-02-18,GASDESECW,PADD 1,diesel,,weekly-mon,3.073
2019-02-25,GASDESECW,PADD 1,diesel,,weekly-mon,3.094
2019-03-04,GASDESECW,PADD 1,diesel,,weekly-mon,3.119
2019-03-11,GASDESECW,PADD 1,diesel,,weekly-mon,3.123
2019-03-18,GASDESECW,PADD 1,diesel,,weekly-mon,3.124
2019-03-25,GASDESECW,PADD 1,diesel,,weekly-mon,3.132
2019-04-01,GASDESECW,PADD 1,diesel,,weekly-mon,3.127
2019-04-08,GASDESECW,PADD 1,diesel,,weekly-mon,3.137
2019-04-15,GASDESECW,PADD 1,diesel,,weekly-mon,3.153
2019-04-22,GASDESECW,PADD 1,diesel,,weekly-mon,3.174
2019-04-29,GASDESECW,PADD 1,diesel,,weekly-mon,3.194
2019-05-06,GASDESECW,PADD 1,diesel,,weekly-mon,3.19
2019-05-13,GASDESECW,PADD 1,diesel,,weekly-mon,3.176
2019-05-20,GASDESECW,PADD 1,diesel,,weekly-mon,3.176
2019-05-27,GASDESECW,PADD 1,diesel,,weekly-mon,3.164
2019-06-03,GASDESECW,PADD 1,diesel,,weekly-mon,3.153
2019-06-10,GASDESECW,PADD 1,diesel,,weekly-mon,3.125
2019-06-17,GASDESECW,PADD 1,diesel,,weekly-mon,3.099
2019-06-24,GASDESECW,PADD 1,diesel,,weekly-mon,3.079
2019-07-01,GASDESECW,PADD 1,diesel,,weekly-mon,3.08
2019-07-08,GASDESECW,PADD 1,diesel,,weekly-mon,3.081
2019-07-15,GASDESECW,PADD 1,diesel,,weekly-mon,3.08
2019-07-22,GASDESECW,PADD 1,diesel,,weekly-mon,3.072
2019-07-29,GASDESECW,PADD 1,diesel,,weekly-mon,3.059
2019-08-05,GASDESECW,PADD 1,diesel,,weekly-mon,3.055
2019-08-12,GASDESECW,PADD 1,diesel,,weekly-mon,3.034
2019-08-19,GASDESECW,PADD 1,diesel,,weekly-mon,3.019
2019-08-26,GASDESECW,PADD 1,diesel,,weekly-mon,3.003
2019-09-02,GASDESECW,PADD 1,diesel,,weekly-mon,3.0
2019-09-09,GASDESECW,PADD 1,diesel,,weekly-mon,2.992
2019-09-16,GASDESECW,PADD 1,diesel,,weekly-mon,2.998
2019-09-23,GASDESECW,PADD 1,diesel,,weekly-mon,3.083
2019-09-30,GASDESECW,PADD 1,diesel,,weekly-mon,3.065
2019-10-07,GASDESECW,PADD 1,diesel,,weekly-mon,3.041
2019-10-14,GASDESECW,PADD 1,diesel,,weekly-mon,3.044
2019-10-21,GASDESECW,PADD 1,diesel,,weekly-mon,3.045
2019-10-28,GASDESECW,PADD 1,diesel,,weekly-mon,3.056
2019-11-04,GASDESECW,PADD 1,diesel,,weekly-mon,3.041
2019-11-11,GASDESECW,PADD 1,diesel,,weekly-mon,3.05
2019-11-18,GASDESECW,PADD 1,diesel,,weekly-mon,3.053
2019-11-25,GASDESECW,PADD 1,diesel,,weekly-mon,3.054
2019-12-02,GASDESECW,PADD 1,diesel,,weekly-mon,3.059
2019-12-09,GASDESECW,PADD 1,diesel,,weekly-mon,3.05
2019-12-16,GASDESECW,PADD 1,diesel,,weekly-mon,3.053
2019-12-23,GASDESECW,PADD 1,diesel,,weekly-mon,3.052
2019-12-30,GASDESECW,PADD 1,diesel,,weekly-mon,3.096
2020-01-06,GASDESECW,PADD 1,diesel,,weekly-mon,3.12
2020-01-13,GASDESECW,PADD 1,diesel,,weekly-mon,3.111
2020-01-20,GASDESECW,PADD 1,diesel,,weekly-mon,3.075
2020-01-27,GASDESECW,PADD 1,diesel,,weekly-mon,3.047
2020-02-03,GASDESECW,PADD 1,diesel,,weekly-mon,3.003
2020-02-10,GASDESECW,PADD 1,diesel,,weekly-mon,2.962
2020-02-17,GASDESECW,PADD 1,diesel,,weekly-mon,2.94
2020-02-24,GASDESECW,PADD 1,diesel,,weekly-mon,2.931
2020-03-02,GASDESECW,PADD 1,diesel,,weekly-mon,2.898
2020-03-09,GASDESECW,PADD 1,diesel,,weekly-mon,2.86
2020-03-16,GASDESECW,PADD 1,diesel,,weekly-mon,2.789
2020-03-23,GASDESECW,PADD 1,diesel,,weekly-mon,2.724
2020-03-30,GASDESECW,PADD 1,diesel,,weekly-mon,2.671
2020-04-06,GASDESECW,PADD 1,diesel,,weekly-mon,2.634
2020-04-13,GASDESECW,PADD 1,diesel,,weekly-mon,2.599
2020-04-20,GASDESECW,PADD 1,diesel,,weekly-mon,2.576
2020-04-27,GASDESECW,PADD 1,diesel,,weekly-mon,2.545
2020-05-04,GASDESECW,PADD 1,diesel,,weekly-mon,2.51
2020-05-11,GASDESECW,PADD 1,diesel,,weekly-mon,2.498
2020-05-18,GASDESECW,PADD 1,diesel,,weekly-mon,2.491
2020-05-25,GASDESECW,PADD 1,diesel,,weekly-mon,2.498
2020-06-01,GASDESECW,PADD 1,diesel,,weekly-mon,2.492
2020-06-08,GASDESECW,PADD 1,diesel,,weekly-mon,2.501
2020-06-15,GASDESECW,PADD 1,diesel,,weekly-mon,2.501
2020-06-22,GASDESECW,PADD 1,diesel,,weekly-mon,2.515
2020-06-29,GASDESECW,PADD 1,diesel,,weekly-mon,2.524
2020-07-06,GASDESECW,PADD 1,diesel,,weekly-mon,2.527
2020-07-13,GASDESECW,PADD 1,diesel,,weekly-mon,2.531
2020-07-20,GASDESECW,PADD 1,diesel,,weekly-mon,2.52
2020-07-27,GASDESECW,PADD 1,diesel,,weekly-mon,2.519
2020-08-03,GASDESECW,PADD 1,diesel,,weekly-mon,2.517
2020-08-10,GASDESECW,PADD 1,diesel,,weekly-mon,2.514
2020-08-17,GASDESECW,PADD 1,diesel,,weekly-mon,2.508
2020-08-24,GASDESECW,PADD 1,diesel,,weekly-mon,2.506
2020-08-31,GASDESECW,PADD 1,diesel,,weekly-mon,2.519
2020-09-07,GASDESECW,PADD 1,diesel,,weekly-mon,2.511
2020-09-14,GASDESECW,PADD 1,diesel,,weekly-mon,2.499
2020-09-21,GASDESECW,PADD 1,diesel,,weekly-mon,2.486
2020-09-28,GASDESECW,PADD 1,diesel,,weekly-mon,2.473
2020-10-05,GASDESECW,PADD 1,diesel,,weekly-mon,2.473
2020-10-12,GASDESECW,PADD 1,diesel,,weekly-mon,2.473
2020-10-19,GASDESECW,PADD 1,diesel,,weekly-mon,2.465
2020-10-26,GASDESECW,PADD 1,diesel,,weekly-mon,2.461
2020-11-02,GASDESECW,PADD 1,diesel,,weekly-mon,2.444
2020-11-09,GASDESECW,PADD 1,diesel,,weekly-mon,2.45
2020-11-16,GASDESECW,PADD 1,diesel,,weekly-mon,2.487
2020-11-23,GASDESECW,PADD 1,diesel,,weekly-mon,2.506
2020-11-30,GASDESECW,PADD 1,diesel,,weekly-mon,2.54
2020-12-07,GASDESECW,PADD 1,diesel,,weekly-mon,2.573
2020-12-14,GASDESECW,PADD 1,diesel,,weekly-mon,2.603
2020-12-21,GASDESECW,PADD 1,diesel,,weekly-mon,2.652
2020-12-28,GASDESECW,PADD 1,diesel,,weekly-mon,2.659
2021-01-04,GASDESECW,PADD 1,diesel,,weekly-mon,2.667
2021-01-11,GASDESECW,PADD 1,diesel,,weekly-mon,2.719
2021-01-18,GASDESECW,PADD 1,diesel,,weekly-mon,2.747
2021-01-25,GASDESECW,PADD 1,diesel,,weekly-mon,2.763
2021-02-01,GASDESECW,PADD 1,diesel,,weekly-mon,2.791
2021-02-08,GASDESECW,PADD 1,diesel,,weekly-mon,2.845
2021-02-15,GASDESECW,PADD 1,diesel,,weekly-mon,2.898
2021-02-22,GASDESECW,PADD 1,diesel,,weekly-mon,3.001
2021-03-01,GASDESECW,PADD 1,diesel,,weekly-mon,3.083
2021-03-08,GASDESECW,PADD 1,diesel,,weekly-mon,3.116
2021-03-15,GASDESECW,PADD 1,diesel,,weekly-mon,3.148
2021-03-22,GASDESECW,PADD 1,diesel,,weekly-mon,3.152
2021-03-29,GASDESECW,PADD 1,diesel,,weekly-mon,3.13
2021-04-05,GASDESECW,PADD 1,diesel,,weekly-mon,3.114
2021-04-12,GASDESECW,PADD 1,diesel,,weekly-mon,3.1
2021-04-19,GASDESECW,PADD 1,diesel,,weekly-mon,3.096
2021-04-26,GASDESECW,PADD 1,diesel,,weekly-mon,3.093
2021-05-03,GASDESECW,PADD 1,diesel,,weekly-mon,3.113
2021-05-10,GASDESECW,PADD 1,diesel,,weekly-mon,3.16
2021-05-17,GASDESECW,PADD 1,diesel,,weekly-mon,3.228
2021-05-24,GASDESECW,PADD 1,diesel,,weekly-mon,3.235
2021-05-31,GASDESECW,PADD 1,diesel,,weekly-mon,3.239
2021-06-07,GASDESECW,PADD 1,diesel,,weekly-mon,3.259
2021-06-14,GASDESECW,PADD 1,diesel,,weekly-mon,3.275
2021-06-21,GASDESECW,PADD 1,diesel,,weekly-mon,3.275
2021-06-28,GASDESECW,PADD 1,diesel,,weekly-mon,3.29
2021-07-05,GASDESECW,PADD 1,diesel,,weekly-mon,3.306
2021-07-12,GASDESECW,PADD 1,diesel,,weekly-mon,3.312
2021-07-19,GASDESECW,PADD 1,diesel,,weekly-mon,3.312
2021-07-26,GASDESECW,PADD 1,diesel,,weekly-mon,3.311
2021-08-02,GASDESECW,PADD 1,diesel,,weekly-mon,3.332
2021-08-09,GASDESECW,PADD 1,diesel,,weekly-mon,3.328
2021-08-16,GASDESECW,PADD 1,diesel,,weekly-mon,3.316
2021-08-23,GASDESECW,PADD 1,diesel,,weekly-mon,3.297
2021-08-30,GASDESECW,PADD 1,diesel,,weekly-mon,3.306
2021-09-06,GASDESECW,PADD 1,diesel,,weekly-mon,3.332
2021-09-13,GASDESECW,PADD 1,diesel,,weekly-mon,3.337
2021-09-20,GASDESECW,PADD 1,diesel,,weekly-mon,3.352
2021-09-27,GASDESECW,PADD 1,diesel,,weekly-mon,3.371
2021-10-04,GASDESECW,PADD 1,diesel,,weekly-mon,3.436
2021-10-11,GASDESECW,PADD 1,diesel,,weekly-mon,3.562
2021-10-18,GASDESECW,PADD 1,diesel,,weekly-mon,3.655
2021-10-25,GASDESECW,PADD 1,diesel,,weekly-mon,3.704
2021-11-01,GASDESECW,PADD 1,diesel,,weekly-mon,3.717
2021-11-08,GASDESECW,PADD 1,diesel,,weekly-mon,3.712
2021-11-15,GASDESECW,PADD 1,diesel,,weekly-mon,3.707
2021-11-22,GASDESECW,PADD 1,diesel,,weekly-mon,3.69
2021-11-29,GASDESECW,PADD 1,diesel,,weekly-mon,3.684
2021-12-06,GASDESECW,PADD 1,diesel,,weekly-mon,3.658
2021-12-13,GASDESECW,PADD 1,diesel,,weekly-mon,3.633
2021-12-20,GASDESECW,PADD 1,diesel,,weekly-mon,3.611
2021-12-27,GASDESECW,PADD 1,diesel,,weekly-mon,3.602
2022-01-03,GASDESECW,PADD 1,diesel,,weekly-mon,3.604
2022-01-10,GASDESECW,PADD 1,diesel,,weekly-mon,3.645
2022-01-17,GASDESECW,PADD 1,diesel,,weekly-mon,3.719
2022-01-24,GASDESECW,PADD 1,diesel,,weekly-mon,3.781
2022-01-31,GASDESECW,PADD 1,diesel,,weekly-mon,3.852
2022-02-07,GASDESECW,PADD 1,diesel,,weekly-mon,3.971
2022-02-14,GASDESECW,PADD 1,diesel,,weekly-mon,4.063
2022-02-21,GASDESECW,PADD 1,diesel,,weekly-mon,4.112
2022-02-28,GASDESECW,PADD 1,diesel,,weekly-mon,4.161
2022-03-07,GASDESECW,PADD 1,diesel,,weekly-mon,4.97
2022-03-14,GASDESECW,PADD 1,diesel,,weekly-mon,5.334
2022-03-21,GASDESECW,PADD 1,diesel,,weekly-mon,5.179
2022-03-28,GASDESECW,PADD 1,diesel,,weekly-mon,5.249
2022-04-04,GASDESECW,PADD 1,diesel,,weekly-mon,5.206
2022-04-11,GASDESECW,PADD 1,diesel,,weekly-mon,5.128
2022-04-18,GASDESECW,PADD 1,diesel,,weekly-mon,5.151
2022-04-25,GASDESECW,PADD 1,diesel,,weekly-mon,5.209
2022-05-02,GASDESECW,PADD 1,diesel,,weekly-mon,5.701
2022-05-09,GASDESECW,PADD 1,diesel,,weekly-mon,5.907
2022-05-16,GASDESECW,PADD 1,diesel,,weekly-mon,5.944
2022-05-23,GASDESECW,PADD 1,diesel,,weekly-mon,5.905
2022-05-30,GASDESECW,PADD 1,diesel,,weekly-mon,5.848
2022-06-06,GASDESECW,PADD 1,diesel,,weekly-mon,5.922
2022-06-13,GASDESECW,PADD 1,diesel,,weekly-mon,5.852
2022-06-20,GASDESECW,PADD 1,diesel,,weekly-mon,5.883
2022-06-27,GASDESECW,PADD 1,diesel,,weekly-mon,5.814
2022-07-04,GASDESECW,PADD 1,diesel,,weekly-mon,5.713
2022-07-11,GASDESECW,PADD 1,diesel,,weekly-mon,5.6
2022-07-18,GASDESECW,PADD 1,diesel,,weekly-mon,5.467
2022-07-25,GASDESECW,PADD 1,diesel,,weekly-mon,5.299
2022-08-01,GASDESECW,PADD 1,diesel,,weekly-mon,5.181
2022-08-08,GASDESECW,PADD 1,diesel,,weekly-mon,5.037
2022-08-15,GASDESECW,PADD 1,diesel,,weekly-mon,4.95
2022-08-22,GASDESECW,PADD 1,diesel,,weekly-mon,4.922
2022-08-29,GASDESECW,PADD 1,diesel,,weekly-mon,5.066
2022-09-05,GASDESECW,PADD 1,diesel,,weekly-mon,5.033
2022-09-12,GASDESECW,PADD 1,diesel,,weekly-mon,4.949
2022-09-19,GASDESECW,PADD 1,diesel,,weekly-mon,4.889
2022-09-26,GASDESECW,PADD 1,diesel,,weekly-mon,4.836
2022-10-03,GASDESECW,PADD 1,diesel,,weekly-mon,4.797
2022-10-10,GASDESECW,PADD 1,diesel,,weekly-mon,5.13
2022-10-17,GASDESECW,PADD 1,diesel,,weekly-mon,5.35
2022-10-24,GASDESECW,PADD 1,diesel,,weekly-mon,5.379
2022-10-31,GASDESECW,PADD 1,diesel,,weekly-mon,5.4
2022-11-07,GASDESECW,PADD 1,diesel,,weekly-mon,5.473
2022-11-14,GASDESECW,PADD 1,diesel,,weekly-mon,5.474
2022-11-21,GASDESECW,PADD 1,diesel,,weekly-mon,5.411
2022-11-28,GASDESECW,PADD 1,diesel,,weekly-mon,5.336
2022-12-05,GASDESECW,PADD 1,diesel,,weekly-mon,5.191
2022-12-12,GASDESECW,PADD 1,diesel,,weekly-mon,5.007
2022-12-19,GASDESECW,PADD 1,diesel,,weekly-mon,4.847
2022-12-26,GASDESECW,PADD 1,diesel,,weekly-mon,4.808
2023-01-02,GASDESECW,PADD 1,diesel,,weekly-mon,4.852
2023-01-09,GASDESECW,PADD 1,diesel,,weekly-mon,4.812
2023-01-16,GASDESECW,PADD 1,diesel,,weekly-mon,4.752
2023-01-23,GASDESECW,PADD 1,diesel,,weekly-mon,4.81
2023-01-30,GASDESECW,PADD 1,diesel,,weekly-mon,4.835
2023-02-06,GASDESECW,PADD 1,diesel,,weekly-mon,4.752
2023-02-13,GASDESECW,PADD 1,diesel,,weekly-mon,4.653
2023-02-20,GASDESECW,PADD 1,diesel,,weekly-mon,4.572
2023-02-27,GASDESECW,PADD 1,diesel,,weekly-mon,4.446
2023-03-06,GASDESECW,PADD 1,diesel,,weekly-mon,4.409
2023-03-13,GASDESECW,PADD 1,diesel,,weekly-mon,4.36
2023-03-20,GASDESECW,PADD 1,diesel,,weekly-mon,4.309
2023-03-27,GASDESECW,PADD 1,diesel,,weekly-mon,4.241
2023-04-03,GASDESECW,PADD 1,diesel,,weekly-mon,4.226
2023-04-10,GASDESECW,PADD 1,diesel,,weekly-mon,4.199
2023-04-17,GASDESECW,PADD 1,diesel,,weekly-mon,4.198
2023-04-24,GASDESECW,PADD 1,diesel,,weekly-mon,4.151
2023-05-01,GASDESECW,PADD 1,diesel,,weekly-mon,4.073
2023-05-08,GASDESECW,PADD 1,diesel,,weekly-mon,3.986
2023-05-15,GASDESECW,PADD 1,diesel,,weekly-mon,3.932
2023-05-22,GASDESECW,PADD 1,diesel,,weekly-mon,3.912
2023-05-29,GASDESECW,PADD 1,diesel,,weekly-mon,3.886
2023-06-05,GASDESECW,PADD 1,diesel,,weekly-mon,3.847
2023-06-12,GASDESECW,PADD 1,diesel,,weekly-mon,3.86
2023-06-19,GASDESECW,PADD 1,diesel,,weekly-mon,3.866
2023-06-26,GASDESECW,PADD 1,diesel,,weekly-mon,3.853
2023-07-03,GASDESECW,PADD 1,diesel,,weekly-mon,3.811
2023-07-10,GASDESECW,PADD 1,diesel,,weekly-mon,3.858
2023-07-17,GASDESECW,PADD 1,diesel,,weekly-mon,3.879
2023-07-24,GASDESECW,PADD 1,diesel,,weekly-mon,3.971
2023-07-31,GASDESECW,PADD 1,diesel,,weekly-mon,4.153
2023-08-07,GASDESECW,PADD 1,diesel,,weekly-mon,4.248
2023-08-14,GASDESECW,PADD 1,diesel,,weekly-mon,4.402
2023-08-21,GASDESECW,PADD 1,diesel,,weekly-mon,4.422
2023-08-28,GASDESECW,PADD 1,diesel,,weekly-mon,4.475
2023-09-04,GASDESECW,PADD 1,diesel,,weekly-mon,4.474
2023-09-11,GASDESECW,PADD 1,diesel,,weekly-mon,4.479
2023-09-18,GASDESECW,PADD 1,diesel,,weekly-mon,4.537
2023-09-25,GASDESECW,PADD 1,diesel,,weekly-mon,4.525
2023-10-02,GASDESECW,PADD 1,diesel,,weekly-mon,4.542
2023-10-09,GASDESECW,PADD 1,diesel,,weekly-mon,4.458
2023-10-16,GASDESECW,PADD 1,diesel,,weekly-mon,4.404
2023-10-23,GASDESECW,PADD 1,diesel,,weekly-mon,4.408
2023-10-30,GASDESECW,PADD 1,diesel,,weekly-mon,4.342
2023-11-06,GASDESECW,PADD 1,diesel,,weekly-mon,4.294
2023-11-13,GASDESECW,PADD 1,diesel,,weekly-mon,4.22
2023-11-20,GASDESECW,PADD 1,diesel,,weekly-mon,4.155
2023-11-27,GASDESECW,PADD 1,diesel,,weekly-mon,4.121
2023-12-04,GASDESECW,PADD 1,diesel,,weekly-mon,4.139
2023-12-11,GASDESECW,PADD 1,diesel,,weekly-mon,4.05
2023-12-18,GASDESECW,PADD 1,diesel,,weekly-mon,3.969
2023-12-25,GASDESECW,PADD 1,diesel,,weekly-mon,4.022
2024-01-01,GASDESECW,PADD 1,diesel,,weekly-mon,4.002
2024-01-08,GASDESECW,PADD 1,diesel,,weekly-mon,3.959
2024-01-15,GASDESECW,PADD 1,diesel,,weekly-mon,3.992
2024-01-22,GASDESECW,PADD 1,diesel,,weekly-mon,3.979
2024-01-29,GASDESECW,PADD 1,diesel,,weekly-mon,4.043
2024-02-05,GASDESECW,PADD 1,diesel,,weekly-mon,4.043
2024-02-12,GASDESECW,PADD 1,diesel,,weekly-mon,4.201
2024-02-19,GASDESECW,PADD 1,diesel,,weekly-mon,4.24
2024-02-26,GASDESECW,PADD 1,diesel,,weekly-mon,4.185
2024-03-04,GASDESECW,PADD 1,diesel,,weekly-mon,4.151
2024-03-11,GASDESECW,PADD 1,diesel,,weekly-mon,4.12
2024-03-18,GASDESECW,PADD 1,diesel,,weekly-mon,4.127
2024-03-25,GASDESECW,PADD 1,diesel,,weekly-mon,4.125
2024-04-01,GASDESECW,PADD 1,diesel,,weekly-mon,4.083
2024-04-08,GASDESECW,PADD 1,diesel,,weekly-mon,4.118
2024-04-15,GASDESECW,PADD 1,diesel,,weekly-mon,4.068
2024-04-22,GASDESECW,PADD 1,diesel,,weekly-mon,4.047
2024-04-29,GASDESECW,PADD 1,diesel,,weekly-mon,4.025
2024-05-06,GASDESECW,PADD 1,diesel,,weekly-mon,3.966
2024-05-13,GASDESECW,PADD 1,diesel,,weekly-mon,3.916
2024-05-20,GASDESECW,PADD 1,diesel,,weekly-mon,3.895
2024-05-27,GASDESECW,PADD 1,diesel,,weekly-mon,3.885
2024-06-03,GASDESECW,PADD 1,diesel,,weekly-mon,3.853
2024-06-10,GASDESECW,PADD 1,diesel,,weekly-mon,3.789
2024-06-17,GASDESECW,PADD 1,diesel,,weekly-mon,3.834
2024-06-24,GASDESECW,PADD 1,diesel,,weekly-mon,3.876
2024-07-01,GASDESECW,PADD 1,diesel,,weekly-mon,3.898
2024-07-08,GASDESECW,PADD 1,diesel,,weekly-mon,3.934
2024-07-15,GASDESECW,PADD 1,diesel,,weekly-mon,3.908
2024-07-22,GASDESECW,PADD 1,diesel,,weekly-mon,3.872
2024-07-29,GASDESECW,PADD 1,diesel,,weekly-mon,3.844
2024-08-05,GASDESECW,PADD 1,diesel,,weekly-mon,3.83
2024-08-12,GASDESECW,PADD 1,diesel,,weekly-mon,3.778
2024-08-19,GASDESECW,PADD 1,diesel,,weekly-mon,3.757
2024-08-26,GASDESECW,PADD 1,diesel,,weekly-mon,3.725
2024-09-02,GASDESECW,PADD 1,diesel,,weekly-mon,3.686
2024-09-09,GASDESECW,PADD 1,diesel,,weekly-mon,3.619
2024-09-16,GASDESECW,PADD 1,diesel,,weekly-mon,3.585
2024-09-23,GASDESECW,PADD 1,diesel,,weekly-mon,3.577
2024-09-30,GASDESECW,PADD 1,diesel,,weekly-mon,3.571
2024-10-07,GASDESECW,PADD 1,diesel,,weekly-mon,3.563
2024-10-14,GASDESECW,PADD 1,diesel,,weekly-mon,3.586
2024-10-21,GASDESECW,PADD 1,diesel,,weekly-mon,3.59
2024-10-28,GASDESECW,PADD 1,diesel,,weekly-mon,3.605
2024-11-04,GASDESECW,PADD 1,diesel,,weekly-mon,3.59
2024-11-11,GASDESECW,PADD 1,diesel,,weekly-mon,3.579
2024-11-18,GASDESECW,PADD 1,diesel,,weekly-mon,3.552
2024-11-25,GASDESECW,PADD 1,diesel,,weekly-mon,3.593
2024-12-02,GASDESECW,PADD 1,diesel,,weekly-mon,3.597
2024-12-09,GASDESECW,PADD 1,diesel,,weekly-mon,3.535
2024-12-16,GASDESECW,PADD 1,diesel,,weekly-mon,3.575
2024-12-23,GASDESECW,PADD 1,diesel,,weekly-mon,3.568
2024-12-30,GASDESECW,PADD 1,diesel,,weekly-mon,3.587
2025-01-06,GASDESECW,PADD 1,diesel,,weekly-mon,3.634
2025-01-13,GASDESECW,PADD 1,diesel,,weekly-mon,3.718
2025-01-20,GASDESECW,PADD 1,diesel,,weekly-mon,3.82
2025-01-27,GASDESECW,PADD 1,diesel,,weekly-mon,3.805
2025-02-03,GASDESECW,PADD 1,diesel,,weekly-mon,3.778
2025-02-10,GASDESECW,PADD 1,diesel,,weekly-mon,3.761
2025-02-17,GASDESECW,PADD 1,diesel,,weekly-mon,3.791
2025-02-24,GASDESECW,PADD 1,diesel,,weekly-mon,3.795
2025-03-03,GASDESECW,PADD 1,diesel,,weekly-mon,3.742
2025-03-10,GASDESECW,PADD 1,diesel,,weekly-mon,3.699
2025-03-17,GASDESECW,PADD 1,diesel,,weekly-mon,3.679
2025-03-24,GASDESECW,PADD 1,diesel,,weekly-mon,3.675
2025-03-31,GASDESECW,PADD 1,diesel,,weekly-mon,3.695
2025-04-07,GASDESECW,PADD 1,diesel,,weekly-mon,3.713
2025-04-14,GASDESECW,PADD 1,diesel,,weekly-mon,3.66
2025-04-21,GASDESECW,PADD 1,diesel,,weekly-mon,3.614
2025-04-28,GASDESECW,PADD 1,diesel,,weekly-mon,3.585
2025-05-05,GASDESECW,PADD 1,diesel,,weekly-mon,3.567
2025-05-12,GASDESECW,PADD 1,diesel,,weekly-mon,3.534
2025-05-19,GASDESECW,PADD 1,diesel,,weekly-mon,3.58
2025-05-26,GASDESECW,PADD 1,diesel,,weekly-mon,3.555
2025-06-02,GASDESECW,PADD 1,diesel,,weekly-mon,3.517
2025-06-09,GASDESECW,PADD 1,diesel,,weekly-mon,3.525
2025-06-16,GASDESECW,PADD 1,diesel,,weekly-mon,3.621
2025-06-23,GASDESECW,PADD 1,diesel,,weekly-mon,3.79
2025-06-30,GASDESECW,PADD 1,diesel,,weekly-mon,3.775
2025-07-07,GASDESECW,PADD 1,diesel,,weekly-mon,3.765
2025-07-14,GASDESECW,PADD 1,diesel,,weekly-mon,3.793
2025-07-21,GASDESECW,PADD 1,diesel,,weekly-mon,3.821
2025-07-28,GASDESECW,PADD 1,diesel,,weekly-mon,3.812
2025-08-04,GASDESECW,PADD 1,diesel,,weekly-mon,3.807
2025-08-11,GASDESECW,PADD 1,diesel,,weekly-mon,3.757
2025-08-18,GASDESECW,PADD 1,diesel,,weekly-mon,3.733
2025-08-25,GASDESECW,PADD 1,diesel,,weekly-mon,3.726
2025-09-01,GASDESECW,PADD 1,diesel,,weekly-mon,3.75
2025-09-08,GASDESECW,PADD 1,diesel,,weekly-mon,3.772
2025-09-15,GASDESECW,PADD 1,diesel,,weekly-mon,3.748
2025-09-22,GASDESECW,PADD 1,diesel,,weekly-mon,3.745
2025-09-29,GASDESECW,PADD 1,diesel,,weekly-mon,3.75
2025-10-06,GASDESECW,PADD 1,diesel,,weekly-mon,3.735
2025-10-13,GASDESECW,PADD 1,diesel,,weekly-mon,3.721
2025-10-20,GASDESECW,PADD 1,diesel,,weekly-mon,3.675
2025-10-27,GASDESECW,PADD 1,diesel,,weekly-mon,3.723
2025-11-03,GASDESECW,PADD 1,diesel,,weekly-mon,3.754
2025-11-10,GASDESECW,PADD 1,diesel,,weekly-mon,3.823
2025-11-17,GASDESECW,PADD 1,diesel,,weekly-mon,3.856
2025-11-24,GASDESECW,PADD 1,diesel,,weekly-mon,3.862
2025-12-01,GASDESECW,PADD 1,diesel,,weekly-mon,3.785
2025-12-08,GASDESECW,PADD 1,diesel,,weekly-mon,3.729
2025-12-15,GASDESECW,PADD 1,diesel,,weekly-mon,3.703
2025-12-22,GASDESECW,PADD 1,diesel,,weekly-mon,3.674
2025-12-29,GASDESECW,PADD 1,diesel,,weekly-mon,3.645
2026-01-05,GASDESECW,PADD 1,diesel,,weekly-mon,3.63
2026-01-12,GASDESECW,PADD 1,diesel,,weekly-mon,3.613
2026-01-19,GASDESECW,PADD 1,diesel,,weekly-mon,3.653
2026-01-26,GASDESECW,PADD 1,diesel,,weekly-mon,3.694
2026-02-02,GASDESECW,PADD 1,diesel,,weekly-mon,3.763
2026-02-09,GASDESECW,PADD 1,diesel,,weekly-mon,3.756
2026-02-16,GASDESECW,PADD 1,diesel,,weekly-mon,3.763
2026-02-23,GASDESECW,PADD 1,diesel,,weekly-mon,3.843
2026-03-02,GASDESECW,PADD 1,diesel,,weekly-mon,3.924
2026-03-09,GASDESECW,PADD 1,diesel,,weekly-mon,4.901
2026-03-16,GASDESECW,PADD 1,diesel,,weekly-mon,5.105
2026-03-23,GASDESECW,PADD 1,diesel,,weekly-mon,5.48
2026-03-30,GASDESECW,PADD 1,diesel,,weekly-mon,5.535
2026-04-06,GASDESECW,PADD 1,diesel,,weekly-mon,5.74
2026-04-13,GASDESECW,PADD 1,diesel,,weekly-mon,5.674
2026-04-20,GASDESECW,PADD 1,diesel,,weekly-mon,5.494
2026-04-27,GASDESECW,PADD 1,diesel,,weekly-mon,5.425
2026-05-04,GASDESECW,PADD 1,diesel,,weekly-mon,5.504
2026-05-11,GASDESECW,PADD 1,diesel,,weekly-mon,5.465
2026-05-18,GASDESECW,PADD 1,diesel,,weekly-mon,5.42
2026-05-25,GASDESECW,PADD 1,diesel,,weekly-mon,5.394
2026-06-01,GASDESECW,PADD 1,diesel,,weekly-mon,5.237
2026-06-08,GASDESECW,PADD 1,diesel,,weekly-mon,5.149
2026-06-15,GASDESECW,PADD 1,diesel,,weekly-mon,5.048
2026-06-22,GASDESECW,PADD 1,diesel,,weekly-mon,4.886
2026-06-29,GASDESECW,PADD 1,diesel,,weekly-mon,4.758
2026-07-06,GASDESECW,PADD 1,diesel,,weekly-mon,4.694
2026-07-13,GASDESECW,PADD 1,diesel,,weekly-mon,4.894
2026-07-20,GASDESECW,PADD 1,diesel,,weekly-mon,5.194
2026-07-27,GASDESECW,PADD 1,diesel,,weekly-mon,5.354
2026-08-03,GASDESECW,PADD 1,diesel,,weekly-mon,5.299
2010-01-04,GASDESGCW,PADD 3,diesel,,weekly-mon,2.75
2010-01-11,GASDESGCW,PADD 3,diesel,,weekly-mon,2.846
2010-01-18,GASDESGCW,PADD 3,diesel,,weekly-mon,2.831
2010-01-25,GASDESGCW,PADD 3,diesel,,weekly-mon,2.8
2010-02-01,GASDESGCW,PADD 3,diesel,,weekly-mon,2.744
2010-02-08,GASDESGCW,PADD 3,diesel,,weekly-mon,2.729
2010-02-15,GASDESGCW,PADD 3,diesel,,weekly-mon,2.718
2010-02-22,GASDESGCW,PADD 3,diesel,,weekly-mon,2.793
2010-03-01,GASDESGCW,PADD 3,diesel,,weekly-mon,2.819
2010-03-08,GASDESGCW,PADD 3,diesel,,weekly-mon,2.873
2010-03-15,GASDESGCW,PADD 3,diesel,,weekly-mon,2.897
2010-03-22,GASDESGCW,PADD 3,diesel,,weekly-mon,2.904
2010-03-29,GASDESGCW,PADD 3,diesel,,weekly-mon,2.899
2010-04-05,GASDESGCW,PADD 3,diesel,,weekly-mon,2.978
2010-04-12,GASDESGCW,PADD 3,diesel,,weekly-mon,3.023
2010-04-19,GASDESGCW,PADD 3,diesel,,weekly-mon,3.034
2010-04-26,GASDESGCW,PADD 3,diesel,,weekly-mon,3.038
2010-05-03,GASDESGCW,PADD 3,diesel,,weekly-mon,3.083
2010-05-10,GASDESGCW,PADD 3,diesel,,weekly-mon,3.087
2010-05-17,GASDESGCW,PADD 3,diesel,,weekly-mon,3.042
2010-05-24,GASDESGCW,PADD 3,diesel,,weekly-mon,2.977
2010-05-31,GASDESGCW,PADD 3,diesel,,weekly-mon,2.936
2010-06-07,GASDESGCW,PADD 3,diesel,,weekly-mon,2.899
2010-06-14,GASDESGCW,PADD 3,diesel,,weekly-mon,2.874
2010-06-21,GASDESGCW,PADD 3,diesel,,weekly-mon,2.908
2010-06-28,GASDESGCW,PADD 3,diesel,,weekly-mon,2.893
2010-07-05,GASDESGCW,PADD 3,diesel,,weekly-mon,2.866
2010-07-12,GASDESGCW,PADD 3,diesel,,weekly-mon,2.857
2010-07-19,GASDESGCW,PADD 3,diesel,,weekly-mon,2.859
2010-07-26,GASDESGCW,PADD 3,diesel,,weekly-mon,2.875
2010-08-02,GASDESGCW,PADD 3,diesel,,weekly-mon,2.887
2010-08-09,GASDESGCW,PADD 3,diesel,,weekly-mon,2.947
2010-08-16,GASDESGCW,PADD 3,diesel,,weekly-mon,2.933
2010-08-23,GASDESGCW,PADD 3,diesel,,weekly-mon,2.916
2010-08-30,GASDESGCW,PADD 3,diesel,,weekly-mon,2.888
2010-09-06,GASDESGCW,PADD 3,diesel,,weekly-mon,2.876
2010-09-13,GASDESGCW,PADD 3,diesel,,weekly-mon,2.887
2010-09-20,GASDESGCW,PADD 3,diesel,,weekly-mon,2.89
2010-09-27,GASDESGCW,PADD 3,diesel,,weekly-mon,2.883
2010-10-04,GASDESGCW,PADD 3,diesel,,weekly-mon,2.92
2010-10-11,GASDESGCW,PADD 3,diesel,,weekly-mon,2.982
2010-10-18,GASDESGCW,PADD 3,diesel,,weekly-mon,2.979
2010-10-25,GASDESGCW,PADD 3,diesel,,weekly-mon,2.985
2010-11-01,GASDESGCW,PADD 3,diesel,,weekly-mon,2.982
2010-11-08,GASDESGCW,PADD 3,diesel,,weekly-mon,3.03
2010-11-15,GASDESGCW,PADD 3,diesel,,weekly-mon,3.1
2010-11-22,GASDESGCW,PADD 3,diesel,,weekly-mon,3.087
2010-11-29,GASDESGCW,PADD 3,diesel,,weekly-mon,3.078
2010-12-06,GASDESGCW,PADD 3,diesel,,weekly-mon,3.132
2010-12-13,GASDESGCW,PADD 3,diesel,,weekly-mon,3.163
2010-12-20,GASDESGCW,PADD 3,diesel,,weekly-mon,3.183
2010-12-27,GASDESGCW,PADD 3,diesel,,weekly-mon,3.226
2011-01-03,GASDESGCW,PADD 3,diesel,,weekly-mon,3.279
2011-01-10,GASDESGCW,PADD 3,diesel,,weekly-mon,3.284
2011-01-17,GASDESGCW,PADD 3,diesel,,weekly-mon,3.366
2011-01-24,GASDESGCW,PADD 3,diesel,,weekly-mon,3.382
2011-01-31,GASDESGCW,PADD 3,diesel,,weekly-mon,3.384
2011-02-07,GASDESGCW,PADD 3,diesel,,weekly-mon,3.455
2011-02-14,GASDESGCW,PADD 3,diesel,,weekly-mon,3.489
2011-02-21,GASDESGCW,PADD 3,diesel,,weekly-mon,3.522
2011-02-28,GASDESGCW,PADD 3,diesel,,weekly-mon,3.656
2011-03-07,GASDESGCW,PADD 3,diesel,,weekly-mon,3.812
2011-03-14,GASDESGCW,PADD 3,diesel,,weekly-mon,3.842
2011-03-21,GASDESGCW,PADD 3,diesel,,weekly-mon,3.841
2011-03-28,GASDESGCW,PADD 3,diesel,,weekly-mon,3.857
2011-04-04,GASDESGCW,PADD 3,diesel,,weekly-mon,3.905
2011-04-11,GASDESGCW,PADD 3,diesel,,weekly-mon,4.001
2011-04-18,GASDESGCW,PADD 3,diesel,,weekly-mon,4.033
2011-04-25,GASDESGCW,PADD 3,diesel,,weekly-mon,4.024
2011-05-02,GASDESGCW,PADD 3,diesel,,weekly-mon,4.06
2011-05-09,GASDESGCW,PADD 3,diesel,,weekly-mon,4.022
2011-05-16,GASDESGCW,PADD 3,diesel,,weekly-mon,3.996
2011-05-23,GASDESGCW,PADD 3,diesel,,weekly-mon,3.935
2011-05-30,GASDESGCW,PADD 3,diesel,,weekly-mon,3.884
2011-06-06,GASDESGCW,PADD 3,diesel,,weekly-mon,3.877
2011-06-13,GASDESGCW,PADD 3,diesel,,weekly-mon,3.896
2011-06-20,GASDESGCW,PADD 3,diesel,,weekly-mon,3.896
2011-06-27,GASDESGCW,PADD 3,diesel,,weekly-mon,3.834
2011-07-04,GASDESGCW,PADD 3,diesel,,weekly-mon,3.798
2011-07-11,GASDESGCW,PADD 3,diesel,,weekly-mon,3.856
2011-07-18,GASDESGCW,PADD 3,diesel,,weekly-mon,3.882
2011-07-25,GASDESGCW,PADD 3,diesel,,weekly-mon,3.913
2011-08-01,GASDESGCW,PADD 3,diesel,,weekly-mon,3.904
2011-08-08,GASDESGCW,PADD 3,diesel,,weekly-mon,3.868
2011-08-15,GASDESGCW,PADD 3,diesel,,weekly-mon,3.806
2011-08-22,GASDESGCW,PADD 3,diesel,,weekly-mon,3.772
2011-08-29,GASDESGCW,PADD 3,diesel,,weekly-mon,3.763
2011-09-05,GASDESGCW,PADD 3,diesel,,weekly-mon,3.8
2011-09-12,GASDESGCW,PADD 3,diesel,,weekly-mon,3.79
2011-09-19,GASDESGCW,PADD 3,diesel,,weekly-mon,3.765
2011-09-26,GASDESGCW,PADD 3,diesel,,weekly-mon,3.73
2011-10-03,GASDESGCW,PADD 3,diesel,,weekly-mon,3.693
2011-10-10,GASDESGCW,PADD 3,diesel,,weekly-mon,3.651
2011-10-17,GASDESGCW,PADD 3,diesel,,weekly-mon,3.726
2011-10-24,GASDESGCW,PADD 3,diesel,,weekly-mon,3.745
2011-10-31,GASDESGCW,PADD 3,diesel,,weekly-mon,3.808
2011-11-07,GASDESGCW,PADD 3,diesel,,weekly-mon,3.796
2011-11-14,GASDESGCW,PADD 3,diesel,,weekly-mon,3.882
2011-11-21,GASDESGCW,PADD 3,diesel,,weekly-mon,3.903
2011-11-28,GASDESGCW,PADD 3,diesel,,weekly-mon,3.859
2011-12-05,GASDESGCW,PADD 3,diesel,,weekly-mon,3.828
2011-12-12,GASDESGCW,PADD 3,diesel,,weekly-mon,3.794
2011-12-19,GASDESGCW,PADD 3,diesel,,weekly-mon,3.727
2011-12-26,GASDESGCW,PADD 3,diesel,,weekly-mon,3.708
2012-01-02,GASDESGCW,PADD 3,diesel,,weekly-mon,3.709
2012-01-09,GASDESGCW,PADD 3,diesel,,weekly-mon,3.75
2012-01-16,GASDESGCW,PADD 3,diesel,,weekly-mon,3.777
2012-01-23,GASDESGCW,PADD 3,diesel,,weekly-mon,3.774
2012-01-30,GASDESGCW,PADD 3,diesel,,weekly-mon,3.776
2012-02-06,GASDESGCW,PADD 3,diesel,,weekly-mon,3.775
2012-02-13,GASDESGCW,PADD 3,diesel,,weekly-mon,3.86
2012-02-20,GASDESGCW,PADD 3,diesel,,weekly-mon,3.886
2012-02-27,GASDESGCW,PADD 3,diesel,,weekly-mon,3.992
2012-03-05,GASDESGCW,PADD 3,diesel,,weekly-mon,4.02
2012-03-12,GASDESGCW,PADD 3,diesel,,weekly-mon,4.036
2012-03-19,GASDESGCW,PADD 3,diesel,,weekly-mon,4.053
2012-03-26,GASDESGCW,PADD 3,diesel,,weekly-mon,4.055
2012-04-02,GASDESGCW,PADD 3,diesel,,weekly-mon,4.049
2012-04-09,GASDESGCW,PADD 3,diesel,,weekly-mon,4.063
2012-04-16,GASDESGCW,PADD 3,diesel,,weekly-mon,4.038
2012-04-23,GASDESGCW,PADD 3,diesel,,weekly-mon,3.993
2012-04-30,GASDESGCW,PADD 3,diesel,,weekly-mon,3.98
2012-05-07,GASDESGCW,PADD 3,diesel,,weekly-mon,3.962
2012-05-14,GASDESGCW,PADD 3,diesel,,weekly-mon,3.915
2012-05-21,GASDESGCW,PADD 3,diesel,,weekly-mon,3.861
2012-05-28,GASDESGCW,PADD 3,diesel,,weekly-mon,3.802
2012-06-04,GASDESGCW,PADD 3,diesel,,weekly-mon,3.757
2012-06-11,GASDESGCW,PADD 3,diesel,,weekly-mon,3.698
2012-06-18,GASDESGCW,PADD 3,diesel,,weekly-mon,3.654
2012-06-25,GASDESGCW,PADD 3,diesel,,weekly-mon,3.601
2012-07-02,GASDESGCW,PADD 3,diesel,,weekly-mon,3.568
2012-07-09,GASDESGCW,PADD 3,diesel,,weekly-mon,3.605
2012-07-16,GASDESGCW,PADD 3,diesel,,weekly-mon,3.617
2012-07-23,GASDESGCW,PADD 3,diesel,,weekly-mon,3.711
2012-07-30,GASDESGCW,PADD 3,diesel,,weekly-mon,3.696
2012-08-06,GASDESGCW,PADD 3,diesel,,weekly-mon,3.752
2012-08-13,GASDESGCW,PADD 3,diesel,,weekly-mon,3.856
2012-08-20,GASDESGCW,PADD 3,diesel,,weekly-mon,3.911
2012-08-27,GASDESGCW,PADD 3,diesel,,weekly-mon,3.981
2012-09-03,GASDESGCW,PADD 3,diesel,,weekly-mon,4.026
2012-09-10,GASDESGCW,PADD 3,diesel,,weekly-mon,4.021
2012-09-17,GASDESGCW,PADD 3,diesel,,weekly-mon,4.028
2012-09-24,GASDESGCW,PADD 3,diesel,,weekly-mon,3.995
2012-10-01,GASDESGCW,PADD 3,diesel,,weekly-mon,3.999
2012-10-08,GASDESGCW,PADD 3,diesel,,weekly-mon,3.999
2012-10-15,GASDESGCW,PADD 3,diesel,,weekly-mon,4.022
2012-10-22,GASDESGCW,PADD 3,diesel,,weekly-mon,3.999
2012-10-29,GASDESGCW,PADD 3,diesel,,weekly-mon,3.945
2012-11-05,GASDESGCW,PADD 3,diesel,,weekly-mon,3.92
2012-11-12,GASDESGCW,PADD 3,diesel,,weekly-mon,3.875
2012-11-19,GASDESGCW,PADD 3,diesel,,weekly-mon,3.865
2012-11-26,GASDESGCW,PADD 3,diesel,,weekly-mon,3.902
2012-12-03,GASDESGCW,PADD 3,diesel,,weekly-mon,3.901
2012-12-10,GASDESGCW,PADD 3,diesel,,weekly-mon,3.874
2012-12-17,GASDESGCW,PADD 3,diesel,,weekly-mon,3.847
2012-12-24,GASDESGCW,PADD 3,diesel,,weekly-mon,3.833
2012-12-31,GASDESGCW,PADD 3,diesel,,weekly-mon,3.83
2013-01-07,GASDESGCW,PADD 3,diesel,,weekly-mon,3.837
2013-01-14,GASDESGCW,PADD 3,diesel,,weekly-mon,3.824
2013-01-21,GASDESGCW,PADD 3,diesel,,weekly-mon,3.831
2013-01-28,GASDESGCW,PADD 3,diesel,,weekly-mon,3.845
2013-02-04,GASDESGCW,PADD 3,diesel,,weekly-mon,3.941
2013-02-11,GASDESGCW,PADD 3,diesel,,weekly-mon,3.997
2013-02-18,GASDESGCW,PADD 3,diesel,,weekly-mon,4.068
2013-02-25,GASDESGCW,PADD 3,diesel,,weekly-mon,4.089
2013-03-04,GASDESGCW,PADD 3,diesel,,weekly-mon,4.065
2013-03-11,GASDESGCW,PADD 3,diesel,,weekly-mon,4.036
2013-03-18,GASDESGCW,PADD 3,diesel,,weekly-mon,3.989
2013-03-25,GASDESGCW,PADD 3,diesel,,weekly-mon,3.935
2013-04-01,GASDESGCW,PADD 3,diesel,,weekly-mon,3.915
2013-04-08,GASDESGCW,PADD 3,diesel,,weekly-mon,3.888
2013-04-15,GASDESGCW,PADD 3,diesel,,weekly-mon,3.852
2013-04-22,GASDESGCW,PADD 3,diesel,,weekly-mon,3.802
2013-04-29,GASDESGCW,PADD 3,diesel,,weekly-mon,3.757
2013-05-06,GASDESGCW,PADD 3,diesel,,weekly-mon,3.735
2013-05-13,GASDESGCW,PADD 3,diesel,,weekly-mon,3.739
2013-05-20,GASDESGCW,PADD 3,diesel,,weekly-mon,3.775
2013-05-27,GASDESGCW,PADD 3,diesel,,weekly-mon,3.775
2013-06-03,GASDESGCW,PADD 3,diesel,,weekly-mon,3.77
2013-06-10,GASDESGCW,PADD 3,diesel,,weekly-mon,3.748
2013-06-17,GASDESGCW,PADD 3,diesel,,weekly-mon,3.741
2013-06-24,GASDESGCW,PADD 3,diesel,,weekly-mon,3.74
2013-07-01,GASDESGCW,PADD 3,diesel,,weekly-mon,3.734
2013-07-08,GASDESGCW,PADD 3,diesel,,weekly-mon,3.753
2013-07-15,GASDESGCW,PADD 3,diesel,,weekly-mon,3.798
2013-07-22,GASDESGCW,PADD 3,diesel,,weekly-mon,3.841
2013-07-29,GASDESGCW,PADD 3,diesel,,weekly-mon,3.845
2013-08-05,GASDESGCW,PADD 3,diesel,,weekly-mon,3.841
2013-08-12,GASDESGCW,PADD 3,diesel,,weekly-mon,3.824
2013-08-19,GASDESGCW,PADD 3,diesel,,weekly-mon,3.822
2013-08-26,GASDESGCW,PADD 3,diesel,,weekly-mon,3.829
2013-09-02,GASDESGCW,PADD 3,diesel,,weekly-mon,3.897
2013-09-09,GASDESGCW,PADD 3,diesel,,weekly-mon,3.898
2013-09-16,GASDESGCW,PADD 3,diesel,,weekly-mon,3.889
2013-09-23,GASDESGCW,PADD 3,diesel,,weekly-mon,3.862
2013-09-30,GASDESGCW,PADD 3,diesel,,weekly-mon,3.831
2013-10-07,GASDESGCW,PADD 3,diesel,,weekly-mon,3.805
2013-10-14,GASDESGCW,PADD 3,diesel,,weekly-mon,3.797
2013-10-21,GASDESGCW,PADD 3,diesel,,weekly-mon,3.8
2013-10-28,GASDESGCW,PADD 3,diesel,,weekly-mon,3.783
2013-11-04,GASDESGCW,PADD 3,diesel,,weekly-mon,3.769
2013-11-11,GASDESGCW,PADD 3,diesel,,weekly-mon,3.752
2013-11-18,GASDESGCW,PADD 3,diesel,,weekly-mon,3.745
2013-11-25,GASDESGCW,PADD 3,diesel,,weekly-mon,3.753
2013-12-02,GASDESGCW,PADD 3,diesel,,weekly-mon,3.78
2013-12-09,GASDESGCW,PADD 3,diesel,,weekly-mon,3.773
2013-12-16,GASDESGCW,PADD 3,diesel,,weekly-mon,3.766
2013-12-23,GASDESGCW,PADD 3,diesel,,weekly-mon,3.772
2013-12-30,GASDESGCW,PADD 3,diesel,,weekly-mon,3.789
2014-01-06,GASDESGCW,PADD 3,diesel,,weekly-mon,3.802
2014-01-13,GASDESGCW,PADD 3,diesel,,weekly-mon,3.78
2014-01-20,GASDESGCW,PADD 3,diesel,,weekly-mon,3.771
2014-01-27,GASDESGCW,PADD 3,diesel,,weekly-mon,3.772
2014-02-03,GASDESGCW,PADD 3,diesel,,weekly-mon,3.775
2014-02-10,GASDESGCW,PADD 3,diesel,,weekly-mon,3.788
2014-02-17,GASDESGCW,PADD 3,diesel,,weekly-mon,3.783
2014-02-24,GASDESGCW,PADD 3,diesel,,weekly-mon,3.806
2014-03-03,GASDESGCW,PADD 3,diesel,,weekly-mon,3.793
2014-03-10,GASDESGCW,PADD 3,diesel,,weekly-mon,3.814
2014-03-17,GASDESGCW,PADD 3,diesel,,weekly-mon,3.803
2014-03-24,GASDESGCW,PADD 3,diesel,,weekly-mon,3.8
2014-03-31,GASDESGCW,PADD 3,diesel,,weekly-mon,3.804
2014-04-07,GASDESGCW,PADD 3,diesel,,weekly-mon,3.793
2014-04-14,GASDESGCW,PADD 3,diesel,,weekly-mon,3.79
2014-04-21,GASDESGCW,PADD 3,diesel,,weekly-mon,3.82
2014-04-28,GASDESGCW,PADD 3,diesel,,weekly-mon,3.824
2014-05-05,GASDESGCW,PADD 3,diesel,,weekly-mon,3.813
2014-05-12,GASDESGCW,PADD 3,diesel,,weekly-mon,3.797
2014-05-19,GASDESGCW,PADD 3,diesel,,weekly-mon,3.791
2014-05-26,GASDESGCW,PADD 3,diesel,,weekly-mon,3.783
2014-06-02,GASDESGCW,PADD 3,diesel,,weekly-mon,3.783
2014-06-09,GASDESGCW,PADD 3,diesel,,weekly-mon,3.769
2014-06-16,GASDESGCW,PADD 3,diesel,,weekly-mon,3.77
2014-06-23,GASDESGCW,PADD 3,diesel,,weekly-mon,3.813
2014-06-30,GASDESGCW,PADD 3,diesel,,weekly-mon,3.816
2014-07-07,GASDESGCW,PADD 3,diesel,,weekly-mon,3.802
2014-07-14,GASDESGCW,PADD 3,diesel,,weekly-mon,3.787
2014-07-21,GASDESGCW,PADD 3,diesel,,weekly-mon,3.773
2014-07-28,GASDESGCW,PADD 3,diesel,,weekly-mon,3.767
2014-08-04,GASDESGCW,PADD 3,diesel,,weekly-mon,3.754
2014-08-11,GASDESGCW,PADD 3,diesel,,weekly-mon,3.75
2014-08-18,GASDESGCW,PADD 3,diesel,,weekly-mon,3.739
2014-08-25,GASDESGCW,PADD 3,diesel,,weekly-mon,3.732
2014-09-01,GASDESGCW,PADD 3,diesel,,weekly-mon,3.72
2014-09-08,GASDESGCW,PADD 3,diesel,,weekly-mon,3.715
2014-09-15,GASDESGCW,PADD 3,diesel,,weekly-mon,3.706
2014-09-22,GASDESGCW,PADD 3,diesel,,weekly-mon,3.696
2014-09-29,GASDESGCW,PADD 3,diesel,,weekly-mon,3.685
2014-10-06,GASDESGCW,PADD 3,diesel,,weekly-mon,3.662
2014-10-13,GASDESGCW,PADD 3,diesel,,weekly-mon,3.637
2014-10-20,GASDESGCW,PADD 3,diesel,,weekly-mon,3.589
2014-10-27,GASDESGCW,PADD 3,diesel,,weekly-mon,3.563
2014-11-03,GASDESGCW,PADD 3,diesel,,weekly-mon,3.532
2014-11-10,GASDESGCW,PADD 3,diesel,,weekly-mon,3.562
2014-11-17,GASDESGCW,PADD 3,diesel,,weekly-mon,3.542
2014-11-24,GASDESGCW,PADD 3,diesel,,weekly-mon,3.511
2014-12-01,GASDESGCW,PADD 3,diesel,,weekly-mon,3.501
2014-12-08,GASDESGCW,PADD 3,diesel,,weekly-mon,3.434
2014-12-15,GASDESGCW,PADD 3,diesel,,weekly-mon,3.328
2014-12-22,GASDESGCW,PADD 3,diesel,,weekly-mon,3.175
2014-12-29,GASDESGCW,PADD 3,diesel,,weekly-mon,3.121
2015-01-05,GASDESGCW,PADD 3,diesel,,weekly-mon,3.045
2015-01-12,GASDESGCW,PADD 3,diesel,,weekly-mon,2.964
2015-01-19,GASDESGCW,PADD 3,diesel,,weekly-mon,2.843
2015-01-26,GASDESGCW,PADD 3,diesel,,weekly-mon,2.786
2015-02-02,GASDESGCW,PADD 3,diesel,,weekly-mon,2.769
2015-02-09,GASDESGCW,PADD 3,diesel,,weekly-mon,2.761
2015-02-16,GASDESGCW,PADD 3,diesel,,weekly-mon,2.783
2015-02-23,GASDESGCW,PADD 3,diesel,,weekly-mon,2.795
2015-03-02,GASDESGCW,PADD 3,diesel,,weekly-mon,2.796
2015-03-09,GASDESGCW,PADD 3,diesel,,weekly-mon,2.795
2015-03-16,GASDESGCW,PADD 3,diesel,,weekly-mon,2.763
2015-03-23,GASDESGCW,PADD 3,diesel,,weekly-mon,2.715
2015-03-30,GASDESGCW,PADD 3,diesel,,weekly-mon,2.675
2015-04-06,GASDESGCW,PADD 3,diesel,,weekly-mon,2.643
2015-04-13,GASDESGCW,PADD 3,diesel,,weekly-mon,2.62
2015-04-20,GASDESGCW,PADD 3,diesel,,weekly-mon,2.659
2015-04-27,GASDESGCW,PADD 3,diesel,,weekly-mon,2.683
2015-05-04,GASDESGCW,PADD 3,diesel,,weekly-mon,2.751
2015-05-11,GASDESGCW,PADD 3,diesel,,weekly-mon,2.771
2015-05-18,GASDESGCW,PADD 3,diesel,,weekly-mon,2.793
2015-05-25,GASDESGCW,PADD 3,diesel,,weekly-mon,2.803
2015-06-01,GASDESGCW,PADD 3,diesel,,weekly-mon,2.799
2015-06-08,GASDESGCW,PADD 3,diesel,,weekly-mon,2.783
2015-06-15,GASDESGCW,PADD 3,diesel,,weekly-mon,2.777
2015-06-22,GASDESGCW,PADD 3,diesel,,weekly-mon,2.755
2015-06-29,GASDESGCW,PADD 3,diesel,,weekly-mon,2.73
2015-07-06,GASDESGCW,PADD 3,diesel,,weekly-mon,2.712
2015-07-13,GASDESGCW,PADD 3,diesel,,weekly-mon,2.708
2015-07-20,GASDESGCW,PADD 3,diesel,,weekly-mon,2.674
2015-07-27,GASDESGCW,PADD 3,diesel,,weekly-mon,2.611
2015-08-03,GASDESGCW,PADD 3,diesel,,weekly-mon,2.536
2015-08-10,GASDESGCW,PADD 3,diesel,,weekly-mon,2.487
2015-08-17,GASDESGCW,PADD 3,diesel,,weekly-mon,2.478
2015-08-24,GASDESGCW,PADD 3,diesel,,weekly-mon,2.414
2015-08-31,GASDESGCW,PADD 3,diesel,,weekly-mon,2.376
2015-09-07,GASDESGCW,PADD 3,diesel,,weekly-mon,2.385
2015-09-14,GASDESGCW,PADD 3,diesel,,weekly-mon,2.362
2015-09-21,GASDESGCW,PADD 3,diesel,,weekly-mon,2.34
2015-09-28,GASDESGCW,PADD 3,diesel,,weekly-mon,2.323
2015-10-05,GASDESGCW,PADD 3,diesel,,weekly-mon,2.323
2015-10-12,GASDESGCW,PADD 3,diesel,,weekly-mon,2.339
2015-10-19,GASDESGCW,PADD 3,diesel,,weekly-mon,2.325
2015-10-26,GASDESGCW,PADD 3,diesel,,weekly-mon,2.299
2015-11-02,GASDESGCW,PADD 3,diesel,,weekly-mon,2.29
2015-11-09,GASDESGCW,PADD 3,diesel,,weekly-mon,2.317
2015-11-16,GASDESGCW,PADD 3,diesel,,weekly-mon,2.304
2015-11-23,GASDESGCW,PADD 3,diesel,,weekly-mon,2.28
2015-11-30,GASDESGCW,PADD 3,diesel,,weekly-mon,2.254
2015-12-07,GASDESGCW,PADD 3,diesel,,weekly-mon,2.232
2015-12-14,GASDESGCW,PADD 3,diesel,,weekly-mon,2.212
2015-12-21,GASDESGCW,PADD 3,diesel,,weekly-mon,2.181
2015-12-28,GASDESGCW,PADD 3,diesel,,weekly-mon,2.14
2016-01-04,GASDESGCW,PADD 3,diesel,,weekly-mon,2.114
2016-01-11,GASDESGCW,PADD 3,diesel,,weekly-mon,2.08
2016-01-18,GASDESGCW,PADD 3,diesel,,weekly-mon,2.014
2016-01-25,GASDESGCW,PADD 3,diesel,,weekly-mon,1.957
2016-02-01,GASDESGCW,PADD 3,diesel,,weekly-mon,1.917
2016-02-08,GASDESGCW,PADD 3,diesel,,weekly-mon,1.896
2016-02-15,GASDESGCW,PADD 3,diesel,,weekly-mon,1.858
2016-02-22,GASDESGCW,PADD 3,diesel,,weekly-mon,1.873
2016-02-29,GASDESGCW,PADD 3,diesel,,weekly-mon,1.874
2016-03-07,GASDESGCW,PADD 3,diesel,,weekly-mon,1.907
2016-03-14,GASDESGCW,PADD 3,diesel,,weekly-mon,1.99
2016-03-21,GASDESGCW,PADD 3,diesel,,weekly-mon,1.991
2016-03-28,GASDESGCW,PADD 3,diesel,,weekly-mon,2.001
2016-04-04,GASDESGCW,PADD 3,diesel,,weekly-mon,1.983
2016-04-11,GASDESGCW,PADD 3,diesel,,weekly-mon,1.992
2016-04-18,GASDESGCW,PADD 3,diesel,,weekly-mon,2.046
2016-04-25,GASDESGCW,PADD 3,diesel,,weekly-mon,2.074
2016-05-02,GASDESGCW,PADD 3,diesel,,weekly-mon,2.137
2016-05-09,GASDESGCW,PADD 3,diesel,,weekly-mon,2.131
2016-05-16,GASDESGCW,PADD 3,diesel,,weekly-mon,2.157
2016-05-23,GASDESGCW,PADD 3,diesel,,weekly-mon,2.233
2016-05-30,GASDESGCW,PADD 3,diesel,,weekly-mon,2.254
2016-06-06,GASDESGCW,PADD 3,diesel,,weekly-mon,2.278
2016-06-13,GASDESGCW,PADD 3,diesel,,weekly-mon,2.307
2016-06-20,GASDESGCW,PADD 3,diesel,,weekly-mon,2.296
2016-06-27,GASDESGCW,PADD 3,diesel,,weekly-mon,2.285
2016-07-04,GASDESGCW,PADD 3,diesel,,weekly-mon,2.282
2016-07-11,GASDESGCW,PADD 3,diesel,,weekly-mon,2.261
2016-07-18,GASDESGCW,PADD 3,diesel,,weekly-mon,2.262
2016-07-25,GASDESGCW,PADD 3,diesel,,weekly-mon,2.242
2016-08-01,GASDESGCW,PADD 3,diesel,,weekly-mon,2.224
2016-08-08,GASDESGCW,PADD 3,diesel,,weekly-mon,2.184
2016-08-15,GASDESGCW,PADD 3,diesel,,weekly-mon,2.179
2016-08-22,GASDESGCW,PADD 3,diesel,,weekly-mon,2.249
2016-08-29,GASDESGCW,PADD 3,diesel,,weekly-mon,2.269
2016-09-05,GASDESGCW,PADD 3,diesel,,weekly-mon,2.264
2016-09-12,GASDESGCW,PADD 3,diesel,,weekly-mon,2.256
2016-09-19,GASDESGCW,PADD 3,diesel,,weekly-mon,2.242
2016-09-26,GASDESGCW,PADD 3,diesel,,weekly-mon,2.23
2016-10-03,GASDESGCW,PADD 3,diesel,,weekly-mon,2.25
2016-10-10,GASDESGCW,PADD 3,diesel,,weekly-mon,2.317
2016-10-17,GASDESGCW,PADD 3,diesel,,weekly-mon,2.357
2016-10-24,GASDESGCW,PADD 3,diesel,,weekly-mon,2.353
2016-10-31,GASDESGCW,PADD 3,diesel,,weekly-mon,2.353
2016-11-07,GASDESGCW,PADD 3,diesel,,weekly-mon,2.34
2016-11-14,GASDESGCW,PADD 3,diesel,,weekly-mon,2.316
2016-11-21,GASDESGCW,PADD 3,diesel,,weekly-mon,2.296
2016-11-28,GASDESGCW,PADD 3,diesel,,weekly-mon,2.29
2016-12-05,GASDESGCW,PADD 3,diesel,,weekly-mon,2.361
2016-12-12,GASDESGCW,PADD 3,diesel,,weekly-mon,2.371
2016-12-19,GASDESGCW,PADD 3,diesel,,weekly-mon,2.41
2016-12-26,GASDESGCW,PADD 3,diesel,,weekly-mon,2.421
2017-01-02,GASDESGCW,PADD 3,diesel,,weekly-mon,2.451
2017-01-09,GASDESGCW,PADD 3,diesel,,weekly-mon,2.448
2017-01-16,GASDESGCW,PADD 3,diesel,,weekly-mon,2.429
2017-01-23,GASDESGCW,PADD 3,diesel,,weekly-mon,2.414
2017-01-30,GASDESGCW,PADD 3,diesel,,weekly-mon,2.408
2017-02-06,GASDESGCW,PADD 3,diesel,,weekly-mon,2.403
2017-02-13,GASDESGCW,PADD 3,diesel,,weekly-mon,2.424
2017-02-20,GASDESGCW,PADD 3,diesel,,weekly-mon,2.433
2017-02-27,GASDESGCW,PADD 3,diesel,,weekly-mon,2.433
2017-03-06,GASDESGCW,PADD 3,diesel,,weekly-mon,2.429
2017-03-13,GASDESGCW,PADD 3,diesel,,weekly-mon,2.419
2017-03-20,GASDESGCW,PADD 3,diesel,,weekly-mon,2.38
2017-03-27,GASDESGCW,PADD 3,diesel,,weekly-mon,2.378
2017-04-03,GASDESGCW,PADD 3,diesel,,weekly-mon,2.414
2017-04-10,GASDESGCW,PADD 3,diesel,,weekly-mon,2.446
2017-04-17,GASDESGCW,PADD 3,diesel,,weekly-mon,2.458
2017-04-24,GASDESGCW,PADD 3,diesel,,weekly-mon,2.458
2017-05-01,GASDESGCW,PADD 3,diesel,,weekly-mon,2.435
2017-05-08,GASDESGCW,PADD 3,diesel,,weekly-mon,2.41
2017-05-15,GASDESGCW,PADD 3,diesel,,weekly-mon,2.382
2017-05-22,GASDESGCW,PADD 3,diesel,,weekly-mon,2.384
2017-05-29,GASDESGCW,PADD 3,diesel,,weekly-mon,2.423
2017-06-05,GASDESGCW,PADD 3,diesel,,weekly-mon,2.417
2017-06-12,GASDESGCW,PADD 3,diesel,,weekly-mon,2.368
2017-06-19,GASDESGCW,PADD 3,diesel,,weekly-mon,2.329
2017-06-26,GASDESGCW,PADD 3,diesel,,weekly-mon,2.305
2017-07-03,GASDESGCW,PADD 3,diesel,,weekly-mon,2.307
2017-07-10,GASDESGCW,PADD 3,diesel,,weekly-mon,2.311
2017-07-17,GASDESGCW,PADD 3,diesel,,weekly-mon,2.324
2017-07-24,GASDESGCW,PADD 3,diesel,,weekly-mon,2.342
2017-07-31,GASDESGCW,PADD 3,diesel,,weekly-mon,2.359
2017-08-07,GASDESGCW,PADD 3,diesel,,weekly-mon,2.41
2017-08-14,GASDESGCW,PADD 3,diesel,,weekly-mon,2.41
2017-08-21,GASDESGCW,PADD 3,diesel,,weekly-mon,2.408
2017-08-28,GASDESGCW,PADD 3,diesel,,weekly-mon,2.428
2017-09-04,GASDESGCW,PADD 3,diesel,,weekly-mon,2.615
2017-09-11,GASDESGCW,PADD 3,diesel,,weekly-mon,2.647
2017-09-18,GASDESGCW,PADD 3,diesel,,weekly-mon,2.639
2017-09-25,GASDESGCW,PADD 3,diesel,,weekly-mon,2.624
2017-10-02,GASDESGCW,PADD 3,diesel,,weekly-mon,2.615
2017-10-09,GASDESGCW,PADD 3,diesel,,weekly-mon,2.599
2017-10-16,GASDESGCW,PADD 3,diesel,,weekly-mon,2.612
2017-10-23,GASDESGCW,PADD 3,diesel,,weekly-mon,2.614
2017-10-30,GASDESGCW,PADD 3,diesel,,weekly-mon,2.639
2017-11-06,GASDESGCW,PADD 3,diesel,,weekly-mon,2.668
2017-11-13,GASDESGCW,PADD 3,diesel,,weekly-mon,2.697
2017-11-20,GASDESGCW,PADD 3,diesel,,weekly-mon,2.689
2017-11-27,GASDESGCW,PADD 3,diesel,,weekly-mon,2.712
2017-12-04,GASDESGCW,PADD 3,diesel,,weekly-mon,2.713
2017-12-11,GASDESGCW,PADD 3,diesel,,weekly-mon,2.705
2017-12-18,GASDESGCW,PADD 3,diesel,,weekly-mon,2.697
2017-12-25,GASDESGCW,PADD 3,diesel,,weekly-mon,2.708
2018-01-01,GASDESGCW,PADD 3,diesel,,weekly-mon,2.774
2018-01-08,GASDESGCW,PADD 3,diesel,,weekly-mon,2.785
2018-01-15,GASDESGCW,PADD 3,diesel,,weekly-mon,2.825
2018-01-22,GASDESGCW,PADD 3,diesel,,weekly-mon,2.815
2018-01-29,GASDESGCW,PADD 3,diesel,,weekly-mon,2.868
2018-02-05,GASDESGCW,PADD 3,diesel,,weekly-mon,2.874
2018-02-12,GASDESGCW,PADD 3,diesel,,weekly-mon,2.851
2018-02-19,GASDESGCW,PADD 3,diesel,,weekly-mon,2.818
2018-02-26,GASDESGCW,PADD 3,diesel,,weekly-mon,2.797
2018-03-05,GASDESGCW,PADD 3,diesel,,weekly-mon,2.793
2018-03-12,GASDESGCW,PADD 3,diesel,,weekly-mon,2.782
2018-03-19,GASDESGCW,PADD 3,diesel,,weekly-mon,2.786
2018-03-26,GASDESGCW,PADD 3,diesel,,weekly-mon,2.823
2018-04-02,GASDESGCW,PADD 3,diesel,,weekly-mon,2.851
2018-04-09,GASDESGCW,PADD 3,diesel,,weekly-mon,2.844
2018-04-16,GASDESGCW,PADD 3,diesel,,weekly-mon,2.91
2018-04-23,GASDESGCW,PADD 3,diesel,,weekly-mon,2.936
2018-04-30,GASDESGCW,PADD 3,diesel,,weekly-mon,2.946
2018-05-07,GASDESGCW,PADD 3,diesel,,weekly-mon,2.955
2018-05-14,GASDESGCW,PADD 3,diesel,,weekly-mon,3.012
2018-05-21,GASDESGCW,PADD 3,diesel,,weekly-mon,3.055
2018-05-28,GASDESGCW,PADD 3,diesel,,weekly-mon,3.054
2018-06-04,GASDESGCW,PADD 3,diesel,,weekly-mon,3.055
2018-06-11,GASDESGCW,PADD 3,diesel,,weekly-mon,3.037
2018-06-18,GASDESGCW,PADD 3,diesel,,weekly-mon,3.016
2018-06-25,GASDESGCW,PADD 3,diesel,,weekly-mon,2.978
2018-07-02,GASDESGCW,PADD 3,diesel,,weekly-mon,3.002
2018-07-09,GASDESGCW,PADD 3,diesel,,weekly-mon,3.004
2018-07-16,GASDESGCW,PADD 3,diesel,,weekly-mon,3.004
2018-07-23,GASDESGCW,PADD 3,diesel,,weekly-mon,2.993
2018-07-30,GASDESGCW,PADD 3,diesel,,weekly-mon,2.997
2018-08-06,GASDESGCW,PADD 3,diesel,,weekly-mon,2.995
2018-08-13,GASDESGCW,PADD 3,diesel,,weekly-mon,2.99
2018-08-20,GASDESGCW,PADD 3,diesel,,weekly-mon,2.981
2018-08-27,GASDESGCW,PADD 3,diesel,,weekly-mon,3.004
2018-09-03,GASDESGCW,PADD 3,diesel,,weekly-mon,3.035
2018-09-10,GASDESGCW,PADD 3,diesel,,weekly-mon,3.039
2018-09-17,GASDESGCW,PADD 3,diesel,,weekly-mon,3.056
2018-09-24,GASDESGCW,PADD 3,diesel,,weekly-mon,3.052
2018-10-01,GASDESGCW,PADD 3,diesel,,weekly-mon,3.079
2018-10-08,GASDESGCW,PADD 3,diesel,,weekly-mon,3.169
2018-10-15,GASDESGCW,PADD 3,diesel,,weekly-mon,3.172
2018-10-22,GASDESGCW,PADD 3,diesel,,weekly-mon,3.152
2018-10-29,GASDESGCW,PADD 3,diesel,,weekly-mon,3.117
2018-11-05,GASDESGCW,PADD 3,diesel,,weekly-mon,3.106
2018-11-12,GASDESGCW,PADD 3,diesel,,weekly-mon,3.085
2018-11-19,GASDESGCW,PADD 3,diesel,,weekly-mon,3.045
2018-11-26,GASDESGCW,PADD 3,diesel,,weekly-mon,3.035
2018-12-03,GASDESGCW,PADD 3,diesel,,weekly-mon,2.989
2018-12-10,GASDESGCW,PADD 3,diesel,,weekly-mon,2.934
2018-12-17,GASDESGCW,PADD 3,diesel,,weekly-mon,2.9
2018-12-24,GASDESGCW,PADD 3,diesel,,weekly-mon,2.869
2018-12-31,GASDESGCW,PADD 3,diesel,,weekly-mon,2.841
2019-01-07,GASDESGCW,PADD 3,diesel,,weekly-mon,2.821
2019-01-14,GASDESGCW,PADD 3,diesel,,weekly-mon,2.788
2019-01-21,GASDESGCW,PADD 3,diesel,,weekly-mon,2.79
2019-01-28,GASDESGCW,PADD 3,diesel,,weekly-mon,2.789
2019-02-04,GASDESGCW,PADD 3,diesel,,weekly-mon,2.779
2019-02-11,GASDESGCW,PADD 3,diesel,,weekly-mon,2.776
2019-02-18,GASDESGCW,PADD 3,diesel,,weekly-mon,2.809
2019-02-25,GASDESGCW,PADD 3,diesel,,weekly-mon,2.849
2019-03-04,GASDESGCW,PADD 3,diesel,,weekly-mon,2.87
2019-03-11,GASDESGCW,PADD 3,diesel,,weekly-mon,2.881
2019-03-18,GASDESGCW,PADD 3,diesel,,weekly-mon,2.869
2019-03-25,GASDESGCW,PADD 3,diesel,,weekly-mon,2.876
2019-04-01,GASDESGCW,PADD 3,diesel,,weekly-mon,2.872
2019-04-08,GASDESGCW,PADD 3,diesel,,weekly-mon,2.879
2019-04-15,GASDESGCW,PADD 3,diesel,,weekly-mon,2.899
2019-04-22,GASDESGCW,PADD 3,diesel,,weekly-mon,2.917
2019-04-29,GASDESGCW,PADD 3,diesel,,weekly-mon,2.939
2019-05-06,GASDESGCW,PADD 3,diesel,,weekly-mon,2.927
2019-05-13,GASDESGCW,PADD 3,diesel,,weekly-mon,2.905
2019-05-20,GASDESGCW,PADD 3,diesel,,weekly-mon,2.907
2019-05-27,GASDESGCW,PADD 3,diesel,,weekly-mon,2.893
2019-06-03,GASDESGCW,PADD 3,diesel,,weekly-mon,2.875
2019-06-10,GASDESGCW,PADD 3,diesel,,weekly-mon,2.843
2019-06-17,GASDESGCW,PADD 3,diesel,,weekly-mon,2.82
2019-06-24,GASDESGCW,PADD 3,diesel,,weekly-mon,2.797
2019-07-01,GASDESGCW,PADD 3,diesel,,weekly-mon,2.803
2019-07-08,GASDESGCW,PADD 3,diesel,,weekly-mon,2.804
2019-07-15,GASDESGCW,PADD 3,diesel,,weekly-mon,2.805
2019-07-22,GASDESGCW,PADD 3,diesel,,weekly-mon,2.804
2019-07-29,GASDESGCW,PADD 3,diesel,,weekly-mon,2.793
2019-08-05,GASDESGCW,PADD 3,diesel,,weekly-mon,2.787
2019-08-12,GASDESGCW,PADD 3,diesel,,weekly-mon,2.763
2019-08-19,GASDESGCW,PADD 3,diesel,,weekly-mon,2.751
2019-08-26,GASDESGCW,PADD 3,diesel,,weekly-mon,2.744
2019-09-02,GASDESGCW,PADD 3,diesel,,weekly-mon,2.74
2019-09-09,GASDESGCW,PADD 3,diesel,,weekly-mon,2.745
2019-09-16,GASDESGCW,PADD 3,diesel,,weekly-mon,2.761
2019-09-23,GASDESGCW,PADD 3,diesel,,weekly-mon,2.858
2019-09-30,GASDESGCW,PADD 3,diesel,,weekly-mon,2.827
2019-10-07,GASDESGCW,PADD 3,diesel,,weekly-mon,2.804
2019-10-14,GASDESGCW,PADD 3,diesel,,weekly-mon,2.805
2019-10-21,GASDESGCW,PADD 3,diesel,,weekly-mon,2.802
2019-10-28,GASDESGCW,PADD 3,diesel,,weekly-mon,2.806
2019-11-04,GASDESGCW,PADD 3,diesel,,weekly-mon,2.795
2019-11-11,GASDESGCW,PADD 3,diesel,,weekly-mon,2.795
2019-11-18,GASDESGCW,PADD 3,diesel,,weekly-mon,2.792
2019-11-25,GASDESGCW,PADD 3,diesel,,weekly-mon,2.776
2019-12-02,GASDESGCW,PADD 3,diesel,,weekly-mon,2.779
2019-12-09,GASDESGCW,PADD 3,diesel,,weekly-mon,2.759
2019-12-16,GASDESGCW,PADD 3,diesel,,weekly-mon,2.763
2019-12-23,GASDESGCW,PADD 3,diesel,,weekly-mon,2.763
2019-12-30,GASDESGCW,PADD 3,diesel,,weekly-mon,2.808
2020-01-06,GASDESGCW,PADD 3,diesel,,weekly-mon,2.828
2020-01-13,GASDESGCW,PADD 3,diesel,,weekly-mon,2.81
2020-01-20,GASDESGCW,PADD 3,diesel,,weekly-mon,2.797
2020-01-27,GASDESGCW,PADD 3,diesel,,weekly-mon,2.773
2020-02-03,GASDESGCW,PADD 3,diesel,,weekly-mon,2.71
2020-02-10,GASDESGCW,PADD 3,diesel,,weekly-mon,2.675
2020-02-17,GASDESGCW,PADD 3,diesel,,weekly-mon,2.658
2020-02-24,GASDESGCW,PADD 3,diesel,,weekly-mon,2.654
2020-03-02,GASDESGCW,PADD 3,diesel,,weekly-mon,2.627
2020-03-09,GASDESGCW,PADD 3,diesel,,weekly-mon,2.577
2020-03-16,GASDESGCW,PADD 3,diesel,,weekly-mon,2.504
2020-03-23,GASDESGCW,PADD 3,diesel,,weekly-mon,2.438
2020-03-30,GASDESGCW,PADD 3,diesel,,weekly-mon,2.363
2020-04-06,GASDESGCW,PADD 3,diesel,,weekly-mon,2.325
2020-04-13,GASDESGCW,PADD 3,diesel,,weekly-mon,2.289
2020-04-20,GASDESGCW,PADD 3,diesel,,weekly-mon,2.272
2020-04-27,GASDESGCW,PADD 3,diesel,,weekly-mon,2.208
2020-05-04,GASDESGCW,PADD 3,diesel,,weekly-mon,2.169
2020-05-11,GASDESGCW,PADD 3,diesel,,weekly-mon,2.178
2020-05-18,GASDESGCW,PADD 3,diesel,,weekly-mon,2.175
2020-05-25,GASDESGCW,PADD 3,diesel,,weekly-mon,2.175
2020-06-01,GASDESGCW,PADD 3,diesel,,weekly-mon,2.171
2020-06-08,GASDESGCW,PADD 3,diesel,,weekly-mon,2.172
2020-06-15,GASDESGCW,PADD 3,diesel,,weekly-mon,2.174
2020-06-22,GASDESGCW,PADD 3,diesel,,weekly-mon,2.197
2020-06-29,GASDESGCW,PADD 3,diesel,,weekly-mon,2.194
2020-07-06,GASDESGCW,PADD 3,diesel,,weekly-mon,2.204
2020-07-13,GASDESGCW,PADD 3,diesel,,weekly-mon,2.198
2020-07-20,GASDESGCW,PADD 3,diesel,,weekly-mon,2.198
2020-07-27,GASDESGCW,PADD 3,diesel,,weekly-mon,2.183
2020-08-03,GASDESGCW,PADD 3,diesel,,weekly-mon,2.175
2020-08-10,GASDESGCW,PADD 3,diesel,,weekly-mon,2.183
2020-08-17,GASDESGCW,PADD 3,diesel,,weekly-mon,2.177
2020-08-24,GASDESGCW,PADD 3,diesel,,weekly-mon,2.174
2020-08-31,GASDESGCW,PADD 3,diesel,,weekly-mon,2.188
2020-09-07,GASDESGCW,PADD 3,diesel,,weekly-mon,2.184
2020-09-14,GASDESGCW,PADD 3,diesel,,weekly-mon,2.172
2020-09-21,GASDESGCW,PADD 3,diesel,,weekly-mon,2.157
2020-09-28,GASDESGCW,PADD 3,diesel,,weekly-mon,2.154
2020-10-05,GASDESGCW,PADD 3,diesel,,weekly-mon,2.141
2020-10-12,GASDESGCW,PADD 3,diesel,,weekly-mon,2.148
2020-10-19,GASDESGCW,PADD 3,diesel,,weekly-mon,2.143
2020-10-26,GASDESGCW,PADD 3,diesel,,weekly-mon,2.146
2020-11-02,GASDESGCW,PADD 3,diesel,,weekly-mon,2.131
2020-11-09,GASDESGCW,PADD 3,diesel,,weekly-mon,2.132
2020-11-16,GASDESGCW,PADD 3,diesel,,weekly-mon,2.18
2020-11-23,GASDESGCW,PADD 3,diesel,,weekly-mon,2.21
2020-11-30,GASDESGCW,PADD 3,diesel,,weekly-mon,2.254
2020-12-07,GASDESGCW,PADD 3,diesel,,weekly-mon,2.276
2020-12-14,GASDESGCW,PADD 3,diesel,,weekly-mon,2.307
2020-12-21,GASDESGCW,PADD 3,diesel,,weekly-mon,2.379
2020-12-28,GASDESGCW,PADD 3,diesel,,weekly-mon,2.393
2021-01-04,GASDESGCW,PADD 3,diesel,,weekly-mon,2.398
2021-01-11,GASDESGCW,PADD 3,diesel,,weekly-mon,2.429
2021-01-18,GASDESGCW,PADD 3,diesel,,weekly-mon,2.461
2021-01-25,GASDESGCW,PADD 3,diesel,,weekly-mon,2.483
2021-02-01,GASDESGCW,PADD 3,diesel,,weekly-mon,2.5
2021-02-08,GASDESGCW,PADD 3,diesel,,weekly-mon,2.566
2021-02-15,GASDESGCW,PADD 3,diesel,,weekly-mon,2.627
2021-02-22,GASDESGCW,PADD 3,diesel,,weekly-mon,2.722
2021-03-01,GASDESGCW,PADD 3,diesel,,weekly-mon,2.837
2021-03-08,GASDESGCW,PADD 3,diesel,,weekly-mon,2.929
2021-03-15,GASDESGCW,PADD 3,diesel,,weekly-mon,2.988
2021-03-22,GASDESGCW,PADD 3,diesel,,weekly-mon,2.991
2021-03-29,GASDESGCW,PADD 3,diesel,,weekly-mon,2.955
2021-04-05,GASDESGCW,PADD 3,diesel,,weekly-mon,2.934
2021-04-12,GASDESGCW,PADD 3,diesel,,weekly-mon,2.924
2021-04-19,GASDESGCW,PADD 3,diesel,,weekly-mon,2.923
2021-04-26,GASDESGCW,PADD 3,diesel,,weekly-mon,2.917
2021-05-03,GASDESGCW,PADD 3,diesel,,weekly-mon,2.924
2021-05-10,GASDESGCW,PADD 3,diesel,,weekly-mon,2.968
2021-05-17,GASDESGCW,PADD 3,diesel,,weekly-mon,3.029
2021-05-24,GASDESGCW,PADD 3,diesel,,weekly-mon,3.029
2021-05-31,GASDESGCW,PADD 3,diesel,,weekly-mon,3.027
2021-06-07,GASDESGCW,PADD 3,diesel,,weekly-mon,3.034
2021-06-14,GASDESGCW,PADD 3,diesel,,weekly-mon,3.04
2021-06-21,GASDESGCW,PADD 3,diesel,,weekly-mon,3.042
2021-06-28,GASDESGCW,PADD 3,diesel,,weekly-mon,3.044
2021-07-05,GASDESGCW,PADD 3,diesel,,weekly-mon,3.076
2021-07-12,GASDESGCW,PADD 3,diesel,,weekly-mon,3.083
2021-07-19,GASDESGCW,PADD 3,diesel,,weekly-mon,3.083
2021-07-26,GASDESGCW,PADD 3,diesel,,weekly-mon,3.079
2021-08-02,GASDESGCW,PADD 3,diesel,,weekly-mon,3.097
2021-08-09,GASDESGCW,PADD 3,diesel,,weekly-mon,3.083
2021-08-16,GASDESGCW,PADD 3,diesel,,weekly-mon,3.073
2021-08-23,GASDESGCW,PADD 3,diesel,,weekly-mon,3.038
2021-08-30,GASDESGCW,PADD 3,diesel,,weekly-mon,3.06
2021-09-06,GASDESGCW,PADD 3,diesel,,weekly-mon,3.104
2021-09-13,GASDESGCW,PADD 3,diesel,,weekly-mon,3.099
2021-09-20,GASDESGCW,PADD 3,diesel,,weekly-mon,3.119
2021-09-27,GASDESGCW,PADD 3,diesel,,weekly-mon,3.142
2021-10-04,GASDESGCW,PADD 3,diesel,,weekly-mon,3.203
2021-10-11,GASDESGCW,PADD 3,diesel,,weekly-mon,3.335
2021-10-18,GASDESGCW,PADD 3,diesel,,weekly-mon,3.422
2021-10-25,GASDESGCW,PADD 3,diesel,,weekly-mon,3.483
2021-11-01,GASDESGCW,PADD 3,diesel,,weekly-mon,3.486
2021-11-08,GASDESGCW,PADD 3,diesel,,weekly-mon,3.482
2021-11-15,GASDESGCW,PADD 3,diesel,,weekly-mon,3.474
2021-11-22,GASDESGCW,PADD 3,diesel,,weekly-mon,3.457
2021-11-29,GASDESGCW,PADD 3,diesel,,weekly-mon,3.454
2021-12-06,GASDESGCW,PADD 3,diesel,,weekly-mon,3.402
2021-12-13,GASDESGCW,PADD 3,diesel,,weekly-mon,3.372
2021-12-20,GASDESGCW,PADD 3,diesel,,weekly-mon,3.339
2021-12-27,GASDESGCW,PADD 3,diesel,,weekly-mon,3.33
2022-01-03,GASDESGCW,PADD 3,diesel,,weekly-mon,3.328
2022-01-10,GASDESGCW,PADD 3,diesel,,weekly-mon,3.384
2022-01-17,GASDESGCW,PADD 3,diesel,,weekly-mon,3.463
2022-01-24,GASDESGCW,PADD 3,diesel,,weekly-mon,3.531
2022-01-31,GASDESGCW,PADD 3,diesel,,weekly-mon,3.608
2022-02-07,GASDESGCW,PADD 3,diesel,,weekly-mon,3.73
2022-02-14,GASDESGCW,PADD 3,diesel,,weekly-mon,3.785
2022-02-21,GASDESGCW,PADD 3,diesel,,weekly-mon,3.83
2022-02-28,GASDESGCW,PADD 3,diesel,,weekly-mon,3.872
2022-03-07,GASDESGCW,PADD 3,diesel,,weekly-mon,4.703
2022-03-14,GASDESGCW,PADD 3,diesel,,weekly-mon,5.11
2022-03-21,GASDESGCW,PADD 3,diesel,,weekly-mon,4.964
2022-03-28,GASDESGCW,PADD 3,diesel,,weekly-mon,4.972
2022-04-04,GASDESGCW,PADD 3,diesel,,weekly-mon,4.929
2022-04-11,GASDESGCW,PADD 3,diesel,,weekly-mon,4.84
2022-04-18,GASDESGCW,PADD 3,diesel,,weekly-mon,4.855
2022-04-25,GASDESGCW,PADD 3,diesel,,weekly-mon,4.916
2022-05-02,GASDESGCW,PADD 3,diesel,,weekly-mon,5.21
2022-05-09,GASDESGCW,PADD 3,diesel,,weekly-mon,5.339
2022-05-16,GASDESGCW,PADD 3,diesel,,weekly-mon,5.295
2022-05-23,GASDESGCW,PADD 3,diesel,,weekly-mon,5.216
2022-05-30,GASDESGCW,PADD 3,diesel,,weekly-mon,5.18
2022-06-06,GASDESGCW,PADD 3,diesel,,weekly-mon,5.309
2022-06-13,GASDESGCW,PADD 3,diesel,,weekly-mon,5.37
2022-06-20,GASDESGCW,PADD 3,diesel,,weekly-mon,5.453
2022-06-27,GASDESGCW,PADD 3,diesel,,weekly-mon,5.441
2022-07-04,GASDESGCW,PADD 3,diesel,,weekly-mon,5.33
2022-07-11,GASDESGCW,PADD 3,diesel,,weekly-mon,5.217
2022-07-18,GASDESGCW,PADD 3,diesel,,weekly-mon,5.083
2022-07-25,GASDESGCW,PADD 3,diesel,,weekly-mon,4.911
2022-08-01,GASDESGCW,PADD 3,diesel,,weekly-mon,4.801
2022-08-08,GASDESGCW,PADD 3,diesel,,weekly-mon,4.677
2022-08-15,GASDESGCW,PADD 3,diesel,,weekly-mon,4.614
2022-08-22,GASDESGCW,PADD 3,diesel,,weekly-mon,4.619
2022-08-29,GASDESGCW,PADD 3,diesel,,weekly-mon,4.821
2022-09-05,GASDESGCW,PADD 3,diesel,,weekly-mon,4.796
2022-09-12,GASDESGCW,PADD 3,diesel,,weekly-mon,4.76
2022-09-19,GASDESGCW,PADD 3,diesel,,weekly-mon,4.69
2022-09-26,GASDESGCW,PADD 3,diesel,,weekly-mon,4.623
2022-10-03,GASDESGCW,PADD 3,diesel,,weekly-mon,4.557
2022-10-10,GASDESGCW,PADD 3,diesel,,weekly-mon,4.897
2022-10-17,GASDESGCW,PADD 3,diesel,,weekly-mon,5.018
2022-10-24,GASDESGCW,PADD 3,diesel,,weekly-mon,4.987
2022-10-31,GASDESGCW,PADD 3,diesel,,weekly-mon,4.965
2022-11-07,GASDESGCW,PADD 3,diesel,,weekly-mon,4.937
2022-11-14,GASDESGCW,PADD 3,diesel,,weekly-mon,4.886
2022-11-21,GASDESGCW,PADD 3,diesel,,weekly-mon,4.782
2022-11-28,GASDESGCW,PADD 3,diesel,,weekly-mon,4.699
2022-12-05,GASDESGCW,PADD 3,diesel,,weekly-mon,4.524
2022-12-12,GASDESGCW,PADD 3,diesel,,weekly-mon,4.344
2022-12-19,GASDESGCW,PADD 3,diesel,,weekly-mon,4.205
2022-12-26,GASDESGCW,PADD 3,diesel,,weekly-mon,4.164
2023-01-02,GASDESGCW,PADD 3,diesel,,weekly-mon,4.267
2023-01-09,GASDESGCW,PADD 3,diesel,,weekly-mon,4.223
2023-01-16,GASDESGCW,PADD 3,diesel,,weekly-mon,4.224
2023-01-23,GASDESGCW,PADD 3,diesel,,weekly-mon,4.32
2023-01-30,GASDESGCW,PADD 3,diesel,,weekly-mon,4.351
2023-02-06,GASDESGCW,PADD 3,diesel,,weekly-mon,4.249
2023-02-13,GASDESGCW,PADD 3,diesel,,weekly-mon,4.15
2023-02-20,GASDESGCW,PADD 3,diesel,,weekly-mon,4.1
2023-02-27,GASDESGCW,PADD 3,diesel,,weekly-mon,4.027
2023-03-06,GASDESGCW,PADD 3,diesel,,weekly-mon,4.027
2023-03-13,GASDESGCW,PADD 3,diesel,,weekly-mon,3.998
2023-03-20,GASDESGCW,PADD 3,diesel,,weekly-mon,3.93
2023-03-27,GASDESGCW,PADD 3,diesel,,weekly-mon,3.882
2023-04-03,GASDESGCW,PADD 3,diesel,,weekly-mon,3.887
2023-04-10,GASDESGCW,PADD 3,diesel,,weekly-mon,3.883
2023-04-17,GASDESGCW,PADD 3,diesel,,weekly-mon,3.876
2023-04-24,GASDESGCW,PADD 3,diesel,,weekly-mon,3.823
2023-05-01,GASDESGCW,PADD 3,diesel,,weekly-mon,3.754
2023-05-08,GASDESGCW,PADD 3,diesel,,weekly-mon,3.613
2023-05-15,GASDESGCW,PADD 3,diesel,,weekly-mon,3.593
2023-05-22,GASDESGCW,PADD 3,diesel,,weekly-mon,3.579
2023-05-29,GASDESGCW,PADD 3,diesel,,weekly-mon,3.555
2023-06-05,GASDESGCW,PADD 3,diesel,,weekly-mon,3.469
2023-06-12,GASDESGCW,PADD 3,diesel,,weekly-mon,3.489
2023-06-19,GASDESGCW,PADD 3,diesel,,weekly-mon,3.532
2023-06-26,GASDESGCW,PADD 3,diesel,,weekly-mon,3.51
2023-07-03,GASDESGCW,PADD 3,diesel,,weekly-mon,3.468
2023-07-10,GASDESGCW,PADD 3,diesel,,weekly-mon,3.505
2023-07-17,GASDESGCW,PADD 3,diesel,,weekly-mon,3.506
2023-07-24,GASDESGCW,PADD 3,diesel,,weekly-mon,3.64
2023-07-31,GASDESGCW,PADD 3,diesel,,weekly-mon,3.831
2023-08-07,GASDESGCW,PADD 3,diesel,,weekly-mon,3.96
2023-08-14,GASDESGCW,PADD 3,diesel,,weekly-mon,4.095
2023-08-21,GASDESGCW,PADD 3,diesel,,weekly-mon,4.095
2023-08-28,GASDESGCW,PADD 3,diesel,,weekly-mon,4.169
2023-09-04,GASDESGCW,PADD 3,diesel,,weekly-mon,4.171
2023-09-11,GASDESGCW,PADD 3,diesel,,weekly-mon,4.212
2023-09-18,GASDESGCW,PADD 3,diesel,,weekly-mon,4.352
2023-09-25,GASDESGCW,PADD 3,diesel,,weekly-mon,4.281
2023-10-02,GASDESGCW,PADD 3,diesel,,weekly-mon,4.279
2023-10-09,GASDESGCW,PADD 3,diesel,,weekly-mon,4.139
2023-10-16,GASDESGCW,PADD 3,diesel,,weekly-mon,4.114
2023-10-23,GASDESGCW,PADD 3,diesel,,weekly-mon,4.186
2023-10-30,GASDESGCW,PADD 3,diesel,,weekly-mon,4.115
2023-11-06,GASDESGCW,PADD 3,diesel,,weekly-mon,4.032
2023-11-13,GASDESGCW,PADD 3,diesel,,weekly-mon,3.927
2023-11-20,GASDESGCW,PADD 3,diesel,,weekly-mon,3.841
2023-11-27,GASDESGCW,PADD 3,diesel,,weekly-mon,3.793
2023-12-04,GASDESGCW,PADD 3,diesel,,weekly-mon,3.737
2023-12-11,GASDESGCW,PADD 3,diesel,,weekly-mon,3.64
2023-12-18,GASDESGCW,PADD 3,diesel,,weekly-mon,3.569
2023-12-25,GASDESGCW,PADD 3,diesel,,weekly-mon,3.608
2024-01-01,GASDESGCW,PADD 3,diesel,,weekly-mon,3.565
2024-01-08,GASDESGCW,PADD 3,diesel,,weekly-mon,3.531
2024-01-15,GASDESGCW,PADD 3,diesel,,weekly-mon,3.592
2024-01-22,GASDESGCW,PADD 3,diesel,,weekly-mon,3.584
2024-01-29,GASDESGCW,PADD 3,diesel,,weekly-mon,3.644
2024-02-05,GASDESGCW,PADD 3,diesel,,weekly-mon,3.702
2024-02-12,GASDESGCW,PADD 3,diesel,,weekly-mon,3.865
2024-02-19,GASDESGCW,PADD 3,diesel,,weekly-mon,3.844
2024-02-26,GASDESGCW,PADD 3,diesel,,weekly-mon,3.768
2024-03-04,GASDESGCW,PADD 3,diesel,,weekly-mon,3.731
2024-03-11,GASDESGCW,PADD 3,diesel,,weekly-mon,3.702
2024-03-18,GASDESGCW,PADD 3,diesel,,weekly-mon,3.745
2024-03-25,GASDESGCW,PADD 3,diesel,,weekly-mon,3.717
2024-04-01,GASDESGCW,PADD 3,diesel,,weekly-mon,3.67
2024-04-08,GASDESGCW,PADD 3,diesel,,weekly-mon,3.76
2024-04-15,GASDESGCW,PADD 3,diesel,,weekly-mon,3.71
2024-04-22,GASDESGCW,PADD 3,diesel,,weekly-mon,3.707
2024-04-29,GASDESGCW,PADD 3,diesel,,weekly-mon,3.657
2024-05-06,GASDESGCW,PADD 3,diesel,,weekly-mon,3.617
2024-05-13,GASDESGCW,PADD 3,diesel,,weekly-mon,3.559
2024-05-20,GASDESGCW,PADD 3,diesel,,weekly-mon,3.49
2024-05-27,GASDESGCW,PADD 3,diesel,,weekly-mon,3.478
2024-06-03,GASDESGCW,PADD 3,diesel,,weekly-mon,3.45
2024-06-10,GASDESGCW,PADD 3,diesel,,weekly-mon,3.384
2024-06-17,GASDESGCW,PADD 3,diesel,,weekly-mon,3.472
2024-06-24,GASDESGCW,PADD 3,diesel,,weekly-mon,3.506
2024-07-01,GASDESGCW,PADD 3,diesel,,weekly-mon,3.549
2024-07-08,GASDESGCW,PADD 3,diesel,,weekly-mon,3.598
2024-07-15,GASDESGCW,PADD 3,diesel,,weekly-mon,3.551
2024-07-22,GASDESGCW,PADD 3,diesel,,weekly-mon,3.461
2024-07-29,GASDESGCW,PADD 3,diesel,,weekly-mon,3.468
2024-08-05,GASDESGCW,PADD 3,diesel,,weekly-mon,3.436
2024-08-12,GASDESGCW,PADD 3,diesel,,weekly-mon,3.371
2024-08-19,GASDESGCW,PADD 3,diesel,,weekly-mon,3.355
2024-08-26,GASDESGCW,PADD 3,diesel,,weekly-mon,3.317
2024-09-02,GASDESGCW,PADD 3,diesel,,weekly-mon,3.265
2024-09-09,GASDESGCW,PADD 3,diesel,,weekly-mon,3.19
2024-09-16,GASDESGCW,PADD 3,diesel,,weekly-mon,3.172
2024-09-23,GASDESGCW,PADD 3,diesel,,weekly-mon,3.191
2024-09-30,GASDESGCW,PADD 3,diesel,,weekly-mon,3.212
2024-10-07,GASDESGCW,PADD 3,diesel,,weekly-mon,3.266
2024-10-14,GASDESGCW,PADD 3,diesel,,weekly-mon,3.337
2024-10-21,GASDESGCW,PADD 3,diesel,,weekly-mon,3.199
2024-10-28,GASDESGCW,PADD 3,diesel,,weekly-mon,3.23
2024-11-04,GASDESGCW,PADD 3,diesel,,weekly-mon,3.184
2024-11-11,GASDESGCW,PADD 3,diesel,,weekly-mon,3.17
2024-11-18,GASDESGCW,PADD 3,diesel,,weekly-mon,3.153
2024-11-25,GASDESGCW,PADD 3,diesel,,weekly-mon,3.203
2024-12-02,GASDESGCW,PADD 3,diesel,,weekly-mon,3.227
2024-12-09,GASDESGCW,PADD 3,diesel,,weekly-mon,3.13
2024-12-16,GASDESGCW,PADD 3,diesel,,weekly-mon,3.19
2024-12-23,GASDESGCW,PADD 3,diesel,,weekly-mon,3.154
2024-12-30,GASDESGCW,PADD 3,diesel,,weekly-mon,3.196
2025-01-06,GASDESGCW,PADD 3,diesel,,weekly-mon,3.269
2025-01-13,GASDESGCW,PADD 3,diesel,,weekly-mon,3.321
2025-01-20,GASDESGCW,PADD 3,diesel,,weekly-mon,3.455
2025-01-27,GASDESGCW,PADD 3,diesel,,weekly-mon,3.378
2025-02-03,GASDESGCW,PADD 3,diesel,,weekly-mon,3.395
2025-02-10,GASDESGCW,PADD 3,diesel,,weekly-mon,3.393
2025-02-17,GASDESGCW,PADD 3,diesel,,weekly-mon,3.382
2025-02-24,GASDESGCW,PADD 3,diesel,,weekly-mon,3.42
2025-03-03,GASDESGCW,PADD 3,diesel,,weekly-mon,3.343
2025-03-10,GASDESGCW,PADD 3,diesel,,weekly-mon,3.284
2025-03-17,GASDESGCW,PADD 3,diesel,,weekly-mon,3.245
2025-03-24,GASDESGCW,PADD 3,diesel,,weekly-mon,3.265
2025-03-31,GASDESGCW,PADD 3,diesel,,weekly-mon,3.282
2025-04-07,GASDESGCW,PADD 3,diesel,,weekly-mon,3.338
2025-04-14,GASDESGCW,PADD 3,diesel,,weekly-mon,3.267
2025-04-21,GASDESGCW,PADD 3,diesel,,weekly-mon,3.195
2025-04-28,GASDESGCW,PADD 3,diesel,,weekly-mon,3.183
2025-05-05,GASDESGCW,PADD 3,diesel,,weekly-mon,3.174
2025-05-12,GASDESGCW,PADD 3,diesel,,weekly-mon,3.143
2025-05-19,GASDESGCW,PADD 3,diesel,,weekly-mon,3.201
2025-05-26,GASDESGCW,PADD 3,diesel,,weekly-mon,3.136
2025-06-02,GASDESGCW,PADD 3,diesel,,weekly-mon,3.097
2025-06-09,GASDESGCW,PADD 3,diesel,,weekly-mon,3.109
2025-06-16,GASDESGCW,PADD 3,diesel,,weekly-mon,3.212
2025-06-23,GASDESGCW,PADD 3,diesel,,weekly-mon,3.436
2025-06-30,GASDESGCW,PADD 3,diesel,,weekly-mon,3.369
2025-07-07,GASDESGCW,PADD 3,diesel,,weekly-mon,3.383
2025-07-14,GASDESGCW,PADD 3,diesel,,weekly-mon,3.403
2025-07-21,GASDESGCW,PADD 3,diesel,,weekly-mon,3.476
2025-07-28,GASDESGCW,PADD 3,diesel,,weekly-mon,3.454
2025-08-04,GASDESGCW,PADD 3,diesel,,weekly-mon,3.442
2025-08-11,GASDESGCW,PADD 3,diesel,,weekly-mon,3.397
2025-08-18,GASDESGCW,PADD 3,diesel,,weekly-mon,3.34
2025-08-25,GASDESGCW,PADD 3,diesel,,weekly-mon,3.328
2025-09-01,GASDESGCW,PADD 3,diesel,,weekly-mon,3.367
2025-09-08,GASDESGCW,PADD 3,diesel,,weekly-mon,3.404
2025-09-15,GASDESGCW,PADD 3,diesel,,weekly-mon,3.389
2025-09-22,GASDESGCW,PADD 3,diesel,,weekly-mon,3.4
2025-09-29,GASDESGCW,PADD 3,diesel,,weekly-mon,3.413
2025-10-06,GASDESGCW,PADD 3,diesel,,weekly-mon,3.364
2025-10-13,GASDESGCW,PADD 3,diesel,,weekly-mon,3.299
2025-10-20,GASDESGCW,PADD 3,diesel,,weekly-mon,3.256
2025-10-27,GASDESGCW,PADD 3,diesel,,weekly-mon,3.35
2025-11-03,GASDESGCW,PADD 3,diesel,,weekly-mon,3.374
2025-11-10,GASDESGCW,PADD 3,diesel,,weekly-mon,3.436
2025-11-17,GASDESGCW,PADD 3,diesel,,weekly-mon,3.49
2025-11-24,GASDESGCW,PADD 3,diesel,,weekly-mon,3.459
2025-12-01,GASDESGCW,PADD 3,diesel,,weekly-mon,3.415
2025-12-08,GASDESGCW,PADD 3,diesel,,weekly-mon,3.327
2025-12-15,GASDESGCW,PADD 3,diesel,,weekly-mon,3.267
2025-12-22,GASDESGCW,PADD 3,diesel,,weekly-mon,3.214
2025-12-29,GASDESGCW,PADD 3,diesel,,weekly-mon,3.184
2026-01-05,GASDESGCW,PADD 3,diesel,,weekly-mon,3.172
2026-01-12,GASDESGCW,PADD 3,diesel,,weekly-mon,3.16
2026-01-19,GASDESGCW,PADD 3,diesel,,weekly-mon,3.248
2026-01-26,GASDESGCW,PADD 3,diesel,,weekly-mon,3.325
2026-02-02,GASDESGCW,PADD 3,diesel,,weekly-mon,3.379
2026-02-09,GASDESGCW,PADD 3,diesel,,weekly-mon,3.377
2026-02-16,GASDESGCW,PADD 3,diesel,,weekly-mon,3.412
2026-02-23,GASDESGCW,PADD 3,diesel,,weekly-mon,3.489
2026-03-02,GASDESGCW,PADD 3,diesel,,weekly-mon,3.598
2026-03-09,GASDESGCW,PADD 3,diesel,,weekly-mon,4.627
2026-03-16,GASDESGCW,PADD 3,diesel,,weekly-mon,4.835
2026-03-23,GASDESGCW,PADD 3,diesel,,weekly-mon,5.134
2026-03-30,GASDESGCW,PADD 3,diesel,,weekly-mon,5.105
2026-04-06,GASDESGCW,PADD 3,diesel,,weekly-mon,5.415
2026-04-13,GASDESGCW,PADD 3,diesel,,weekly-mon,5.31
2026-04-20,GASDESGCW,PADD 3,diesel,,weekly-mon,5.069
2026-04-27,GASDESGCW,PADD 3,diesel,,weekly-mon,5.012
2026-05-04,GASDESGCW,PADD 3,diesel,,weekly-mon,5.178
2026-05-11,GASDESGCW,PADD 3,diesel,,weekly-mon,5.152
2026-05-18,GASDESGCW,PADD 3,diesel,,weekly-mon,5.122
2026-05-25,GASDESGCW,PADD 3,diesel,,weekly-mon,5.045
2026-06-01,GASDESGCW,PADD 3,diesel,,weekly-mon,4.9
2026-06-08,GASDESGCW,PADD 3,diesel,,weekly-mon,4.786
2026-06-15,GASDESGCW,PADD 3,diesel,,weekly-mon,4.646
2026-06-22,GASDESGCW,PADD 3,diesel,,weekly-mon,4.415
2026-06-29,GASDESGCW,PADD 3,diesel,,weekly-mon,4.283
2026-07-06,GASDESGCW,PADD 3,diesel,,weekly-mon,4.225
2026-07-13,GASDESGCW,PADD 3,diesel,,weekly-mon,4.546
2026-07-20,GASDESGCW,PADD 3,diesel,,weekly-mon,4.942
2026-07-27,GASDESGCW,PADD 3,diesel,,weekly-mon,5.087
2026-08-03,GASDESGCW,PADD 3,diesel,,weekly-mon,5.141
2010-01-04,GASDESMWW,PADD 2,diesel,,weekly-mon,2.771
2010-01-11,GASDESMWW,PADD 2,diesel,,weekly-mon,2.844
2010-01-18,GASDESMWW,PADD 2,diesel,,weekly-mon,2.834
2010-01-25,GASDESMWW,PADD 2,diesel,,weekly-mon,2.79
2010-02-01,GASDESMWW,PADD 2,diesel,,weekly-mon,2.731
2010-02-08,GASDESMWW,PADD 2,diesel,,weekly-mon,2.724
2010-02-15,GASDESMWW,PADD 2,diesel,,weekly-mon,2.705
2010-02-22,GASDESMWW,PADD 2,diesel,,weekly-mon,2.794
2010-03-01,GASDESMWW,PADD 2,diesel,,weekly-mon,2.825
2010-03-08,GASDESMWW,PADD 2,diesel,,weekly-mon,2.871
2010-03-15,GASDESMWW,PADD 2,diesel,,weekly-mon,2.895
2010-03-22,GASDESMWW,PADD 2,diesel,,weekly-mon,2.922
2010-03-29,GASDESMWW,PADD 2,diesel,,weekly-mon,2.91
2010-04-05,GASDESMWW,PADD 2,diesel,,weekly-mon,2.989
2010-04-12,GASDESMWW,PADD 2,diesel,,weekly-mon,3.045
2010-04-19,GASDESMWW,PADD 2,diesel,,weekly-mon,3.044
2010-04-26,GASDESMWW,PADD 2,diesel,,weekly-mon,3.053
2010-05-03,GASDESMWW,PADD 2,diesel,,weekly-mon,3.096
2010-05-10,GASDESMWW,PADD 2,diesel,,weekly-mon,3.102
2010-05-17,GASDESMWW,PADD 2,diesel,,weekly-mon,3.067
2010-05-24,GASDESMWW,PADD 2,diesel,,weekly-mon,2.985
2010-05-31,GASDESMWW,PADD 2,diesel,,weekly-mon,2.94
2010-06-07,GASDESMWW,PADD 2,diesel,,weekly-mon,2.904
2010-06-14,GASDESMWW,PADD 2,diesel,,weekly-mon,2.892
2010-06-21,GASDESMWW,PADD 2,diesel,,weekly-mon,2.936
2010-06-28,GASDESMWW,PADD 2,diesel,,weekly-mon,2.93
2010-07-05,GASDESMWW,PADD 2,diesel,,weekly-mon,2.89
2010-07-12,GASDESMWW,PADD 2,diesel,,weekly-mon,2.865
2010-07-19,GASDESMWW,PADD 2,diesel,,weekly-mon,2.866
2010-07-26,GASDESMWW,PADD 2,diesel,,weekly-mon,2.891
2010-08-02,GASDESMWW,PADD 2,diesel,,weekly-mon,2.9
2010-08-09,GASDESMWW,PADD 2,diesel,,weekly-mon,2.966
2010-08-16,GASDESMWW,PADD 2,diesel,,weekly-mon,2.953
2010-08-23,GASDESMWW,PADD 2,diesel,,weekly-mon,2.927
2010-08-30,GASDESMWW,PADD 2,diesel,,weekly-mon,2.909
2010-09-06,GASDESMWW,PADD 2,diesel,,weekly-mon,2.9
2010-09-13,GASDESMWW,PADD 2,diesel,,weekly-mon,2.92
2010-09-20,GASDESMWW,PADD 2,diesel,,weekly-mon,2.944
2010-09-27,GASDESMWW,PADD 2,diesel,,weekly-mon,2.928
2010-10-04,GASDESMWW,PADD 2,diesel,,weekly-mon,2.99
2010-10-11,GASDESMWW,PADD 2,diesel,,weekly-mon,3.055
2010-10-18,GASDESMWW,PADD 2,diesel,,weekly-mon,3.063
2010-10-25,GASDESMWW,PADD 2,diesel,,weekly-mon,3.048
2010-11-01,GASDESMWW,PADD 2,diesel,,weekly-mon,3.049
2010-11-08,GASDESMWW,PADD 2,diesel,,weekly-mon,3.102
2010-11-15,GASDESMWW,PADD 2,diesel,,weekly-mon,3.167
2010-11-22,GASDESMWW,PADD 2,diesel,,weekly-mon,3.156
2010-11-29,GASDESMWW,PADD 2,diesel,,weekly-mon,3.144
2010-12-06,GASDESMWW,PADD 2,diesel,,weekly-mon,3.175
2010-12-13,GASDESMWW,PADD 2,diesel,,weekly-mon,3.205
2010-12-20,GASDESMWW,PADD 2,diesel,,weekly-mon,3.229
2010-12-27,GASDESMWW,PADD 2,diesel,,weekly-mon,3.278
2011-01-03,GASDESMWW,PADD 2,diesel,,weekly-mon,3.303
2011-01-10,GASDESMWW,PADD 2,diesel,,weekly-mon,3.302
2011-01-17,GASDESMWW,PADD 2,diesel,,weekly-mon,3.371
2011-01-24,GASDESMWW,PADD 2,diesel,,weekly-mon,3.392
2011-01-31,GASDESMWW,PADD 2,diesel,,weekly-mon,3.399
2011-02-07,GASDESMWW,PADD 2,diesel,,weekly-mon,3.475
2011-02-14,GASDESMWW,PADD 2,diesel,,weekly-mon,3.479
2011-02-21,GASDESMWW,PADD 2,diesel,,weekly-mon,3.517
2011-02-28,GASDESMWW,PADD 2,diesel,,weekly-mon,3.661
2011-03-07,GASDESMWW,PADD 2,diesel,,weekly-mon,3.823
2011-03-14,GASDESMWW,PADD 2,diesel,,weekly-mon,3.859
2011-03-21,GASDESMWW,PADD 2,diesel,,weekly-mon,3.855
2011-03-28,GASDESMWW,PADD 2,diesel,,weekly-mon,3.883
2011-04-04,GASDESMWW,PADD 2,diesel,,weekly-mon,3.932
2011-04-11,GASDESMWW,PADD 2,diesel,,weekly-mon,4.04
2011-04-18,GASDESMWW,PADD 2,diesel,,weekly-mon,4.068
2011-04-25,GASDESMWW,PADD 2,diesel,,weekly-mon,4.061
2011-05-02,GASDESMWW,PADD 2,diesel,,weekly-mon,4.086
2011-05-09,GASDESMWW,PADD 2,diesel,,weekly-mon,4.066
2011-05-16,GASDESMWW,PADD 2,diesel,,weekly-mon,4.015
2011-05-23,GASDESMWW,PADD 2,diesel,,weekly-mon,3.942
2011-05-30,GASDESMWW,PADD 2,diesel,,weekly-mon,3.896
2011-06-06,GASDESMWW,PADD 2,diesel,,weekly-mon,3.889
2011-06-13,GASDESMWW,PADD 2,diesel,,weekly-mon,3.905
2011-06-20,GASDESMWW,PADD 2,diesel,,weekly-mon,3.904
2011-06-27,GASDESMWW,PADD 2,diesel,,weekly-mon,3.842
2011-07-04,GASDESMWW,PADD 2,diesel,,weekly-mon,3.818
2011-07-11,GASDESMWW,PADD 2,diesel,,weekly-mon,3.875
2011-07-18,GASDESMWW,PADD 2,diesel,,weekly-mon,3.903
2011-07-25,GASDESMWW,PADD 2,diesel,,weekly-mon,3.925
2011-08-01,GASDESMWW,PADD 2,diesel,,weekly-mon,3.918
2011-08-08,GASDESMWW,PADD 2,diesel,,weekly-mon,3.875
2011-08-15,GASDESMWW,PADD 2,diesel,,weekly-mon,3.815
2011-08-22,GASDESMWW,PADD 2,diesel,,weekly-mon,3.789
2011-08-29,GASDESMWW,PADD 2,diesel,,weekly-mon,3.803
2011-09-05,GASDESMWW,PADD 2,diesel,,weekly-mon,3.852
2011-09-12,GASDESMWW,PADD 2,diesel,,weekly-mon,3.841
2011-09-19,GASDESMWW,PADD 2,diesel,,weekly-mon,3.799
2011-09-26,GASDESMWW,PADD 2,diesel,,weekly-mon,3.738
2011-10-03,GASDESMWW,PADD 2,diesel,,weekly-mon,3.699
2011-10-10,GASDESMWW,PADD 2,diesel,,weekly-mon,3.671
2011-10-17,GASDESMWW,PADD 2,diesel,,weekly-mon,3.754
2011-10-24,GASDESMWW,PADD 2,diesel,,weekly-mon,3.782
2011-10-31,GASDESMWW,PADD 2,diesel,,weekly-mon,3.866
2011-11-07,GASDESMWW,PADD 2,diesel,,weekly-mon,3.863
2011-11-14,GASDESMWW,PADD 2,diesel,,weekly-mon,3.987
2011-11-21,GASDESMWW,PADD 2,diesel,,weekly-mon,4.01
2011-11-28,GASDESMWW,PADD 2,diesel,,weekly-mon,3.949
2011-12-05,GASDESMWW,PADD 2,diesel,,weekly-mon,3.907
2011-12-12,GASDESMWW,PADD 2,diesel,,weekly-mon,3.848
2011-12-19,GASDESMWW,PADD 2,diesel,,weekly-mon,3.765
2011-12-26,GASDESMWW,PADD 2,diesel,,weekly-mon,3.706
2012-01-02,GASDESMWW,PADD 2,diesel,,weekly-mon,3.683
2012-01-09,GASDESMWW,PADD 2,diesel,,weekly-mon,3.717
2012-01-16,GASDESMWW,PADD 2,diesel,,weekly-mon,3.746
2012-01-23,GASDESMWW,PADD 2,diesel,,weekly-mon,3.736
2012-01-30,GASDESMWW,PADD 2,diesel,,weekly-mon,3.734
2012-02-06,GASDESMWW,PADD 2,diesel,,weekly-mon,3.751
2012-02-13,GASDESMWW,PADD 2,diesel,,weekly-mon,3.857
2012-02-20,GASDESMWW,PADD 2,diesel,,weekly-mon,3.848
2012-02-27,GASDESMWW,PADD 2,diesel,,weekly-mon,3.914
2012-03-05,GASDESMWW,PADD 2,diesel,,weekly-mon,3.974
2012-03-12,GASDESMWW,PADD 2,diesel,,weekly-mon,4.016
2012-03-19,GASDESMWW,PADD 2,diesel,,weekly-mon,4.04
2012-03-26,GASDESMWW,PADD 2,diesel,,weekly-mon,4.046
2012-04-02,GASDESMWW,PADD 2,diesel,,weekly-mon,4.042
2012-04-09,GASDESMWW,PADD 2,diesel,,weekly-mon,4.055
2012-04-16,GASDESMWW,PADD 2,diesel,,weekly-mon,4.021
2012-04-23,GASDESMWW,PADD 2,diesel,,weekly-mon,3.974
2012-04-30,GASDESMWW,PADD 2,diesel,,weekly-mon,3.971
2012-05-07,GASDESMWW,PADD 2,diesel,,weekly-mon,3.962
2012-05-14,GASDESMWW,PADD 2,diesel,,weekly-mon,3.897
2012-05-21,GASDESMWW,PADD 2,diesel,,weekly-mon,3.854
2012-05-28,GASDESMWW,PADD 2,diesel,,weekly-mon,3.795
2012-06-04,GASDESMWW,PADD 2,diesel,,weekly-mon,3.746
2012-06-11,GASDESMWW,PADD 2,diesel,,weekly-mon,3.696
2012-06-18,GASDESMWW,PADD 2,diesel,,weekly-mon,3.655
2012-06-25,GASDESMWW,PADD 2,diesel,,weekly-mon,3.606
2012-07-02,GASDESMWW,PADD 2,diesel,,weekly-mon,3.58
2012-07-09,GASDESMWW,PADD 2,diesel,,weekly-mon,3.638
2012-07-16,GASDESMWW,PADD 2,diesel,,weekly-mon,3.659
2012-07-23,GASDESMWW,PADD 2,diesel,,weekly-mon,3.749
2012-07-30,GASDESMWW,PADD 2,diesel,,weekly-mon,3.782
2012-08-06,GASDESMWW,PADD 2,diesel,,weekly-mon,3.851
2012-08-13,GASDESMWW,PADD 2,diesel,,weekly-mon,3.968
2012-08-20,GASDESMWW,PADD 2,diesel,,weekly-mon,4.015
2012-08-27,GASDESMWW,PADD 2,diesel,,weekly-mon,4.05
2012-09-03,GASDESMWW,PADD 2,diesel,,weekly-mon,4.072
2012-09-10,GASDESMWW,PADD 2,diesel,,weekly-mon,4.079
2012-09-17,GASDESMWW,PADD 2,diesel,,weekly-mon,4.08
2012-09-24,GASDESMWW,PADD 2,diesel,,weekly-mon,4.017
2012-10-01,GASDESMWW,PADD 2,diesel,,weekly-mon,4.013
2012-10-08,GASDESMWW,PADD 2,diesel,,weekly-mon,4.04
2012-10-15,GASDESMWW,PADD 2,diesel,,weekly-mon,4.15
2012-10-22,GASDESMWW,PADD 2,diesel,,weekly-mon,4.101
2012-10-29,GASDESMWW,PADD 2,diesel,,weekly-mon,3.984
2012-11-05,GASDESMWW,PADD 2,diesel,,weekly-mon,3.959
2012-11-12,GASDESMWW,PADD 2,diesel,,weekly-mon,3.908
2012-11-19,GASDESMWW,PADD 2,diesel,,weekly-mon,3.909
2012-11-26,GASDESMWW,PADD 2,diesel,,weekly-mon,4.023
2012-12-03,GASDESMWW,PADD 2,diesel,,weekly-mon,4.014
2012-12-10,GASDESMWW,PADD 2,diesel,,weekly-mon,3.977
2012-12-17,GASDESMWW,PADD 2,diesel,,weekly-mon,3.918
2012-12-24,GASDESMWW,PADD 2,diesel,,weekly-mon,3.893
2012-12-31,GASDESMWW,PADD 2,diesel,,weekly-mon,3.885
2013-01-07,GASDESMWW,PADD 2,diesel,,weekly-mon,3.87
2013-01-14,GASDESMWW,PADD 2,diesel,,weekly-mon,3.834
2013-01-21,GASDESMWW,PADD 2,diesel,,weekly-mon,3.845
2013-01-28,GASDESMWW,PADD 2,diesel,,weekly-mon,3.866
2013-02-04,GASDESMWW,PADD 2,diesel,,weekly-mon,3.978
2013-02-11,GASDESMWW,PADD 2,diesel,,weekly-mon,4.08
2013-02-18,GASDESMWW,PADD 2,diesel,,weekly-mon,4.132
2013-02-25,GASDESMWW,PADD 2,diesel,,weekly-mon,4.121
2013-03-04,GASDESMWW,PADD 2,diesel,,weekly-mon,4.085
2013-03-11,GASDESMWW,PADD 2,diesel,,weekly-mon,4.043
2013-03-18,GASDESMWW,PADD 2,diesel,,weekly-mon,4.015
2013-03-25,GASDESMWW,PADD 2,diesel,,weekly-mon,3.979
2013-04-01,GASDESMWW,PADD 2,diesel,,weekly-mon,3.97
2013-04-08,GASDESMWW,PADD 2,diesel,,weekly-mon,3.956
2013-04-15,GASDESMWW,PADD 2,diesel,,weekly-mon,3.923
2013-04-22,GASDESMWW,PADD 2,diesel,,weekly-mon,3.868
2013-04-29,GASDESMWW,PADD 2,diesel,,weekly-mon,3.839
2013-05-06,GASDESMWW,PADD 2,diesel,,weekly-mon,3.868
2013-05-13,GASDESMWW,PADD 2,diesel,,weekly-mon,3.909
2013-05-20,GASDESMWW,PADD 2,diesel,,weekly-mon,3.934
2013-05-27,GASDESMWW,PADD 2,diesel,,weekly-mon,3.916
2013-06-03,GASDESMWW,PADD 2,diesel,,weekly-mon,3.9
2013-06-10,GASDESMWW,PADD 2,diesel,,weekly-mon,3.877
2013-06-17,GASDESMWW,PADD 2,diesel,,weekly-mon,3.859
2013-06-24,GASDESMWW,PADD 2,diesel,,weekly-mon,3.847
2013-07-01,GASDESMWW,PADD 2,diesel,,weekly-mon,3.815
2013-07-08,GASDESMWW,PADD 2,diesel,,weekly-mon,3.821
2013-07-15,GASDESMWW,PADD 2,diesel,,weekly-mon,3.852
2013-07-22,GASDESMWW,PADD 2,diesel,,weekly-mon,3.875
2013-07-29,GASDESMWW,PADD 2,diesel,,weekly-mon,3.886
2013-08-05,GASDESMWW,PADD 2,diesel,,weekly-mon,3.878
2013-08-12,GASDESMWW,PADD 2,diesel,,weekly-mon,3.862
2013-08-19,GASDESMWW,PADD 2,diesel,,weekly-mon,3.868
2013-08-26,GASDESMWW,PADD 2,diesel,,weekly-mon,3.884
2013-09-02,GASDESMWW,PADD 2,diesel,,weekly-mon,3.967
2013-09-09,GASDESMWW,PADD 2,diesel,,weekly-mon,3.964
2013-09-16,GASDESMWW,PADD 2,diesel,,weekly-mon,3.957
2013-09-23,GASDESMWW,PADD 2,diesel,,weekly-mon,3.929
2013-09-30,GASDESMWW,PADD 2,diesel,,weekly-mon,3.894
2013-10-07,GASDESMWW,PADD 2,diesel,,weekly-mon,3.876
2013-10-14,GASDESMWW,PADD 2,diesel,,weekly-mon,3.854
2013-10-21,GASDESMWW,PADD 2,diesel,,weekly-mon,3.853
2013-10-28,GASDESMWW,PADD 2,diesel,,weekly-mon,3.837
2013-11-04,GASDESMWW,PADD 2,diesel,,weekly-mon,3.826
2013-11-11,GASDESMWW,PADD 2,diesel,,weekly-mon,3.798
2013-11-18,GASDESMWW,PADD 2,diesel,,weekly-mon,3.794
2013-11-25,GASDESMWW,PADD 2,diesel,,weekly-mon,3.829
2013-12-02,GASDESMWW,PADD 2,diesel,,weekly-mon,3.879
2013-12-09,GASDESMWW,PADD 2,diesel,,weekly-mon,3.87
2013-12-16,GASDESMWW,PADD 2,diesel,,weekly-mon,3.852
2013-12-23,GASDESMWW,PADD 2,diesel,,weekly-mon,3.847
2013-12-30,GASDESMWW,PADD 2,diesel,,weekly-mon,3.887
2014-01-06,GASDESMWW,PADD 2,diesel,,weekly-mon,3.888
2014-01-13,GASDESMWW,PADD 2,diesel,,weekly-mon,3.854
2014-01-20,GASDESMWW,PADD 2,diesel,,weekly-mon,3.83
2014-01-27,GASDESMWW,PADD 2,diesel,,weekly-mon,3.874
2014-02-03,GASDESMWW,PADD 2,diesel,,weekly-mon,3.942
2014-02-10,GASDESMWW,PADD 2,diesel,,weekly-mon,3.969
2014-02-17,GASDESMWW,PADD 2,diesel,,weekly-mon,3.993
2014-02-24,GASDESMWW,PADD 2,diesel,,weekly-mon,4.025
2014-03-03,GASDESMWW,PADD 2,diesel,,weekly-mon,4.019
2014-03-10,GASDESMWW,PADD 2,diesel,,weekly-mon,4.013
2014-03-17,GASDESMWW,PADD 2,diesel,,weekly-mon,3.994
2014-03-24,GASDESMWW,PADD 2,diesel,,weekly-mon,3.975
2014-03-31,GASDESMWW,PADD 2,diesel,,weekly-mon,3.959
2014-04-07,GASDESMWW,PADD 2,diesel,,weekly-mon,3.942
2014-04-14,GASDESMWW,PADD 2,diesel,,weekly-mon,3.932
2014-04-21,GASDESMWW,PADD 2,diesel,,weekly-mon,3.946
2014-04-28,GASDESMWW,PADD 2,diesel,,weekly-mon,3.947
2014-05-05,GASDESMWW,PADD 2,diesel,,weekly-mon,3.935
2014-05-12,GASDESMWW,PADD 2,diesel,,weekly-mon,3.921
2014-05-19,GASDESMWW,PADD 2,diesel,,weekly-mon,3.901
2014-05-26,GASDESMWW,PADD 2,diesel,,weekly-mon,3.884
2014-06-02,GASDESMWW,PADD 2,diesel,,weekly-mon,3.874
2014-06-09,GASDESMWW,PADD 2,diesel,,weekly-mon,3.845
2014-06-16,GASDESMWW,PADD 2,diesel,,weekly-mon,3.835
2014-06-23,GASDESMWW,PADD 2,diesel,,weekly-mon,3.875
2014-06-30,GASDESMWW,PADD 2,diesel,,weekly-mon,3.869
2014-07-07,GASDESMWW,PADD 2,diesel,,weekly-mon,3.862
2014-07-14,GASDESMWW,PADD 2,diesel,,weekly-mon,3.837
2014-07-21,GASDESMWW,PADD 2,diesel,,weekly-mon,3.81
2014-07-28,GASDESMWW,PADD 2,diesel,,weekly-mon,3.801
2014-08-04,GASDESMWW,PADD 2,diesel,,weekly-mon,3.798
2014-08-11,GASDESMWW,PADD 2,diesel,,weekly-mon,3.787
2014-08-18,GASDESMWW,PADD 2,diesel,,weekly-mon,3.78
2014-08-25,GASDESMWW,PADD 2,diesel,,weekly-mon,3.763
2014-09-01,GASDESMWW,PADD 2,diesel,,weekly-mon,3.752
2014-09-08,GASDESMWW,PADD 2,diesel,,weekly-mon,3.751
2014-09-15,GASDESMWW,PADD 2,diesel,,weekly-mon,3.743
2014-09-22,GASDESMWW,PADD 2,diesel,,weekly-mon,3.713
2014-09-29,GASDESMWW,PADD 2,diesel,,weekly-mon,3.694
2014-10-06,GASDESMWW,PADD 2,diesel,,weekly-mon,3.67
2014-10-13,GASDESMWW,PADD 2,diesel,,weekly-mon,3.636
2014-10-20,GASDESMWW,PADD 2,diesel,,weekly-mon,3.606
2014-10-27,GASDESMWW,PADD 2,diesel,,weekly-mon,3.611
2014-11-03,GASDESMWW,PADD 2,diesel,,weekly-mon,3.624
2014-11-10,GASDESMWW,PADD 2,diesel,,weekly-mon,3.788
2014-11-17,GASDESMWW,PADD 2,diesel,,weekly-mon,3.786
2014-11-24,GASDESMWW,PADD 2,diesel,,weekly-mon,3.743
2014-12-01,GASDESMWW,PADD 2,diesel,,weekly-mon,3.702
2014-12-08,GASDESMWW,PADD 2,diesel,,weekly-mon,3.623
2014-12-15,GASDESMWW,PADD 2,diesel,,weekly-mon,3.473
2014-12-22,GASDESMWW,PADD 2,diesel,,weekly-mon,3.294
2014-12-29,GASDESMWW,PADD 2,diesel,,weekly-mon,3.206
2015-01-05,GASDESMWW,PADD 2,diesel,,weekly-mon,3.102
2015-01-12,GASDESMWW,PADD 2,diesel,,weekly-mon,3.01
2015-01-19,GASDESMWW,PADD 2,diesel,,weekly-mon,2.889
2015-01-26,GASDESMWW,PADD 2,diesel,,weekly-mon,2.804
2015-02-02,GASDESMWW,PADD 2,diesel,,weekly-mon,2.765
2015-02-09,GASDESMWW,PADD 2,diesel,,weekly-mon,2.769
2015-02-16,GASDESMWW,PADD 2,diesel,,weekly-mon,2.792
2015-02-23,GASDESMWW,PADD 2,diesel,,weekly-mon,2.826
2015-03-02,GASDESMWW,PADD 2,diesel,,weekly-mon,2.85
2015-03-09,GASDESMWW,PADD 2,diesel,,weekly-mon,2.852
2015-03-16,GASDESMWW,PADD 2,diesel,,weekly-mon,2.82
2015-03-23,GASDESMWW,PADD 2,diesel,,weekly-mon,2.768
2015-03-30,GASDESMWW,PADD 2,diesel,,weekly-mon,2.727
2015-04-06,GASDESMWW,PADD 2,diesel,,weekly-mon,2.675
2015-04-13,GASDESMWW,PADD 2,diesel,,weekly-mon,2.633
2015-04-20,GASDESMWW,PADD 2,diesel,,weekly-mon,2.659
2015-04-27,GASDESMWW,PADD 2,diesel,,weekly-mon,2.691
2015-05-04,GASDESMWW,PADD 2,diesel,,weekly-mon,2.715
2015-05-11,GASDESMWW,PADD 2,diesel,,weekly-mon,2.748
2015-05-18,GASDESMWW,PADD 2,diesel,,weekly-mon,2.791
2015-05-25,GASDESMWW,PADD 2,diesel,,weekly-mon,2.8
2015-06-01,GASDESMWW,PADD 2,diesel,,weekly-mon,2.804
2015-06-08,GASDESMWW,PADD 2,diesel,,weekly-mon,2.774
2015-06-15,GASDESMWW,PADD 2,diesel,,weekly-mon,2.754
2015-06-22,GASDESMWW,PADD 2,diesel,,weekly-mon,2.746
2015-06-29,GASDESMWW,PADD 2,diesel,,weekly-mon,2.731
2015-07-06,GASDESMWW,PADD 2,diesel,,weekly-mon,2.724
2015-07-13,GASDESMWW,PADD 2,diesel,,weekly-mon,2.704
2015-07-20,GASDESMWW,PADD 2,diesel,,weekly-mon,2.679
2015-07-27,GASDESMWW,PADD 2,diesel,,weekly-mon,2.619
2015-08-03,GASDESMWW,PADD 2,diesel,,weekly-mon,2.561
2015-08-10,GASDESMWW,PADD 2,diesel,,weekly-mon,2.515
2015-08-17,GASDESMWW,PADD 2,diesel,,weekly-mon,2.539
2015-08-24,GASDESMWW,PADD 2,diesel,,weekly-mon,2.487
2015-08-31,GASDESMWW,PADD 2,diesel,,weekly-mon,2.443
2015-09-07,GASDESMWW,PADD 2,diesel,,weekly-mon,2.483
2015-09-14,GASDESMWW,PADD 2,diesel,,weekly-mon,2.471
2015-09-21,GASDESMWW,PADD 2,diesel,,weekly-mon,2.447
2015-09-28,GASDESMWW,PADD 2,diesel,,weekly-mon,2.434
2015-10-05,GASDESMWW,PADD 2,diesel,,weekly-mon,2.489
2015-10-12,GASDESMWW,PADD 2,diesel,,weekly-mon,2.634
2015-10-19,GASDESMWW,PADD 2,diesel,,weekly-mon,2.6
2015-10-26,GASDESMWW,PADD 2,diesel,,weekly-mon,2.54
2015-11-02,GASDESMWW,PADD 2,diesel,,weekly-mon,2.516
2015-11-09,GASDESMWW,PADD 2,diesel,,weekly-mon,2.526
2015-11-16,GASDESMWW,PADD 2,diesel,,weekly-mon,2.494
2015-11-23,GASDESMWW,PADD 2,diesel,,weekly-mon,2.441
2015-11-30,GASDESMWW,PADD 2,diesel,,weekly-mon,2.411
2015-12-07,GASDESMWW,PADD 2,diesel,,weekly-mon,2.348
2015-12-14,GASDESMWW,PADD 2,diesel,,weekly-mon,2.294
2015-12-21,GASDESMWW,PADD 2,diesel,,weekly-mon,2.227
2015-12-28,GASDESMWW,PADD 2,diesel,,weekly-mon,2.163
2016-01-04,GASDESMWW,PADD 2,diesel,,weekly-mon,2.13
2016-01-11,GASDESMWW,PADD 2,diesel,,weekly-mon,2.096
2016-01-18,GASDESMWW,PADD 2,diesel,,weekly-mon,2.023
2016-01-25,GASDESMWW,PADD 2,diesel,,weekly-mon,1.987
2016-02-01,GASDESMWW,PADD 2,diesel,,weekly-mon,1.941
2016-02-08,GASDESMWW,PADD 2,diesel,,weekly-mon,1.929
2016-02-15,GASDESMWW,PADD 2,diesel,,weekly-mon,1.908
2016-02-22,GASDESMWW,PADD 2,diesel,,weekly-mon,1.921
2016-02-29,GASDESMWW,PADD 2,diesel,,weekly-mon,1.937
2016-03-07,GASDESMWW,PADD 2,diesel,,weekly-mon,1.983
2016-03-14,GASDESMWW,PADD 2,diesel,,weekly-mon,2.065
2016-03-21,GASDESMWW,PADD 2,diesel,,weekly-mon,2.09
2016-03-28,GASDESMWW,PADD 2,diesel,,weekly-mon,2.077
2016-04-04,GASDESMWW,PADD 2,diesel,,weekly-mon,2.065
2016-04-11,GASDESMWW,PADD 2,diesel,,weekly-mon,2.082
2016-04-18,GASDESMWW,PADD 2,diesel,,weekly-mon,2.112
2016-04-25,GASDESMWW,PADD 2,diesel,,weekly-mon,2.156
2016-05-02,GASDESMWW,PADD 2,diesel,,weekly-mon,2.232
2016-05-09,GASDESMWW,PADD 2,diesel,,weekly-mon,2.241
2016-05-16,GASDESMWW,PADD 2,diesel,,weekly-mon,2.271
2016-05-23,GASDESMWW,PADD 2,diesel,,weekly-mon,2.325
2016-05-30,GASDESMWW,PADD 2,diesel,,weekly-mon,2.342
2016-06-06,GASDESMWW,PADD 2,diesel,,weekly-mon,2.361
2016-06-13,GASDESMWW,PADD 2,diesel,,weekly-mon,2.39
2016-06-20,GASDESMWW,PADD 2,diesel,,weekly-mon,2.386
2016-06-27,GASDESMWW,PADD 2,diesel,,weekly-mon,2.389
2016-07-04,GASDESMWW,PADD 2,diesel,,weekly-mon,2.389
2016-07-11,GASDESMWW,PADD 2,diesel,,weekly-mon,2.385
2016-07-18,GASDESMWW,PADD 2,diesel,,weekly-mon,2.369
2016-07-25,GASDESMWW,PADD 2,diesel,,weekly-mon,2.341
2016-08-01,GASDESMWW,PADD 2,diesel,,weekly-mon,2.304
2016-08-08,GASDESMWW,PADD 2,diesel,,weekly-mon,2.275
2016-08-15,GASDESMWW,PADD 2,diesel,,weekly-mon,2.273
2016-08-22,GASDESMWW,PADD 2,diesel,,weekly-mon,2.342
2016-08-29,GASDESMWW,PADD 2,diesel,,weekly-mon,2.391
2016-09-05,GASDESMWW,PADD 2,diesel,,weekly-mon,2.387
2016-09-12,GASDESMWW,PADD 2,diesel,,weekly-mon,2.376
2016-09-19,GASDESMWW,PADD 2,diesel,,weekly-mon,2.366
2016-09-26,GASDESMWW,PADD 2,diesel,,weekly-mon,2.359
2016-10-03,GASDESMWW,PADD 2,diesel,,weekly-mon,2.356
2016-10-10,GASDESMWW,PADD 2,diesel,,weekly-mon,2.417
2016-10-17,GASDESMWW,PADD 2,diesel,,weekly-mon,2.458
2016-10-24,GASDESMWW,PADD 2,diesel,,weekly-mon,2.451
2016-10-31,GASDESMWW,PADD 2,diesel,,weekly-mon,2.443
2016-11-07,GASDESMWW,PADD 2,diesel,,weekly-mon,2.425
2016-11-14,GASDESMWW,PADD 2,diesel,,weekly-mon,2.387
2016-11-21,GASDESMWW,PADD 2,diesel,,weekly-mon,2.356
2016-11-28,GASDESMWW,PADD 2,diesel,,weekly-mon,2.356
2016-12-05,GASDESMWW,PADD 2,diesel,,weekly-mon,2.431
2016-12-12,GASDESMWW,PADD 2,diesel,,weekly-mon,2.446
2016-12-19,GASDESMWW,PADD 2,diesel,,weekly-mon,2.479
2016-12-26,GASDESMWW,PADD 2,diesel,,weekly-mon,2.489
2017-01-02,GASDESMWW,PADD 2,diesel,,weekly-mon,2.54
2017-01-09,GASDESMWW,PADD 2,diesel,,weekly-mon,2.547
2017-01-16,GASDESMWW,PADD 2,diesel,,weekly-mon,2.541
2017-01-23,GASDESMWW,PADD 2,diesel,,weekly-mon,2.512
2017-01-30,GASDESMWW,PADD 2,diesel,,weekly-mon,2.5
2017-02-06,GASDESMWW,PADD 2,diesel,,weekly-mon,2.492
2017-02-13,GASDESMWW,PADD 2,diesel,,weekly-mon,2.487
2017-02-20,GASDESMWW,PADD 2,diesel,,weekly-mon,2.495
2017-02-27,GASDESMWW,PADD 2,diesel,,weekly-mon,2.499
2017-03-06,GASDESMWW,PADD 2,diesel,,weekly-mon,2.502
2017-03-13,GASDESMWW,PADD 2,diesel,,weekly-mon,2.491
2017-03-20,GASDESMWW,PADD 2,diesel,,weekly-mon,2.464
2017-03-27,GASDESMWW,PADD 2,diesel,,weekly-mon,2.458
2017-04-03,GASDESMWW,PADD 2,diesel,,weekly-mon,2.481
2017-04-10,GASDESMWW,PADD 2,diesel,,weekly-mon,2.515
2017-04-17,GASDESMWW,PADD 2,diesel,,weekly-mon,2.536
2017-04-24,GASDESMWW,PADD 2,diesel,,weekly-mon,2.53
2017-05-01,GASDESMWW,PADD 2,diesel,,weekly-mon,2.516
2017-05-08,GASDESMWW,PADD 2,diesel,,weekly-mon,2.497
2017-05-15,GASDESMWW,PADD 2,diesel,,weekly-mon,2.479
2017-05-22,GASDESMWW,PADD 2,diesel,,weekly-mon,2.468
2017-05-29,GASDESMWW,PADD 2,diesel,,weekly-mon,2.512
2017-06-05,GASDESMWW,PADD 2,diesel,,weekly-mon,2.505
2017-06-12,GASDESMWW,PADD 2,diesel,,weekly-mon,2.454
2017-06-19,GASDESMWW,PADD 2,diesel,,weekly-mon,2.411
2017-06-26,GASDESMWW,PADD 2,diesel,,weekly-mon,2.386
2017-07-03,GASDESMWW,PADD 2,diesel,,weekly-mon,2.403
2017-07-10,GASDESMWW,PADD 2,diesel,,weekly-mon,2.421
2017-07-17,GASDESMWW,PADD 2,diesel,,weekly-mon,2.438
2017-07-24,GASDESMWW,PADD 2,diesel,,weekly-mon,2.452
2017-07-31,GASDESMWW,PADD 2,diesel,,weekly-mon,2.486
2017-08-07,GASDESMWW,PADD 2,diesel,,weekly-mon,2.543
2017-08-14,GASDESMWW,PADD 2,diesel,,weekly-mon,2.57
2017-08-21,GASDESMWW,PADD 2,diesel,,weekly-mon,2.567
2017-08-28,GASDESMWW,PADD 2,diesel,,weekly-mon,2.566
2017-09-04,GASDESMWW,PADD 2,diesel,,weekly-mon,2.707
2017-09-11,GASDESMWW,PADD 2,diesel,,weekly-mon,2.753
2017-09-18,GASDESMWW,PADD 2,diesel,,weekly-mon,2.743
2017-09-25,GASDESMWW,PADD 2,diesel,,weekly-mon,2.741
2017-10-02,GASDESMWW,PADD 2,diesel,,weekly-mon,2.747
2017-10-09,GASDESMWW,PADD 2,diesel,,weekly-mon,2.738
2017-10-16,GASDESMWW,PADD 2,diesel,,weekly-mon,2.757
2017-10-23,GASDESMWW,PADD 2,diesel,,weekly-mon,2.779
2017-10-30,GASDESMWW,PADD 2,diesel,,weekly-mon,2.81
2017-11-06,GASDESMWW,PADD 2,diesel,,weekly-mon,2.861
2017-11-13,GASDESMWW,PADD 2,diesel,,weekly-mon,2.884
2017-11-20,GASDESMWW,PADD 2,diesel,,weekly-mon,2.873
2017-11-27,GASDESMWW,PADD 2,diesel,,weekly-mon,2.884
2017-12-04,GASDESMWW,PADD 2,diesel,,weekly-mon,2.877
2017-12-11,GASDESMWW,PADD 2,diesel,,weekly-mon,2.863
2017-12-18,GASDESMWW,PADD 2,diesel,,weekly-mon,2.853
2017-12-25,GASDESMWW,PADD 2,diesel,,weekly-mon,2.854
2018-01-01,GASDESMWW,PADD 2,diesel,,weekly-mon,2.935
2018-01-08,GASDESMWW,PADD 2,diesel,,weekly-mon,2.947
2018-01-15,GASDESMWW,PADD 2,diesel,,weekly-mon,2.981
2018-01-22,GASDESMWW,PADD 2,diesel,,weekly-mon,2.971
2018-01-29,GASDESMWW,PADD 2,diesel,,weekly-mon,3.03
2018-02-05,GASDESMWW,PADD 2,diesel,,weekly-mon,3.044
2018-02-12,GASDESMWW,PADD 2,diesel,,weekly-mon,3.02
2018-02-19,GASDESMWW,PADD 2,diesel,,weekly-mon,2.97
2018-02-26,GASDESMWW,PADD 2,diesel,,weekly-mon,2.947
2018-03-05,GASDESMWW,PADD 2,diesel,,weekly-mon,2.92
2018-03-12,GASDESMWW,PADD 2,diesel,,weekly-mon,2.899
2018-03-19,GASDESMWW,PADD 2,diesel,,weekly-mon,2.898
2018-03-26,GASDESMWW,PADD 2,diesel,,weekly-mon,2.934
2018-04-02,GASDESMWW,PADD 2,diesel,,weekly-mon,2.962
2018-04-09,GASDESMWW,PADD 2,diesel,,weekly-mon,2.957
2018-04-16,GASDESMWW,PADD 2,diesel,,weekly-mon,3.016
2018-04-23,GASDESMWW,PADD 2,diesel,,weekly-mon,3.047
2018-04-30,GASDESMWW,PADD 2,diesel,,weekly-mon,3.083
2018-05-07,GASDESMWW,PADD 2,diesel,,weekly-mon,3.092
2018-05-14,GASDESMWW,PADD 2,diesel,,weekly-mon,3.175
2018-05-21,GASDESMWW,PADD 2,diesel,,weekly-mon,3.218
2018-05-28,GASDESMWW,PADD 2,diesel,,weekly-mon,3.23
2018-06-04,GASDESMWW,PADD 2,diesel,,weekly-mon,3.224
2018-06-11,GASDESMWW,PADD 2,diesel,,weekly-mon,3.199
2018-06-18,GASDESMWW,PADD 2,diesel,,weekly-mon,3.173
2018-06-25,GASDESMWW,PADD 2,diesel,,weekly-mon,3.143
2018-07-02,GASDESMWW,PADD 2,diesel,,weekly-mon,3.171
2018-07-09,GASDESMWW,PADD 2,diesel,,weekly-mon,3.176
2018-07-16,GASDESMWW,PADD 2,diesel,,weekly-mon,3.171
2018-07-23,GASDESMWW,PADD 2,diesel,,weekly-mon,3.142
2018-07-30,GASDESMWW,PADD 2,diesel,,weekly-mon,3.156
2018-08-06,GASDESMWW,PADD 2,diesel,,weekly-mon,3.151
2018-08-13,GASDESMWW,PADD 2,diesel,,weekly-mon,3.139
2018-08-20,GASDESMWW,PADD 2,diesel,,weekly-mon,3.129
2018-08-27,GASDESMWW,PADD 2,diesel,,weekly-mon,3.153
2018-09-03,GASDESMWW,PADD 2,diesel,,weekly-mon,3.191
2018-09-10,GASDESMWW,PADD 2,diesel,,weekly-mon,3.194
2018-09-17,GASDESMWW,PADD 2,diesel,,weekly-mon,3.208
2018-09-24,GASDESMWW,PADD 2,diesel,,weekly-mon,3.218
2018-10-01,GASDESMWW,PADD 2,diesel,,weekly-mon,3.278
2018-10-08,GASDESMWW,PADD 2,diesel,,weekly-mon,3.351
2018-10-15,GASDESMWW,PADD 2,diesel,,weekly-mon,3.351
2018-10-22,GASDESMWW,PADD 2,diesel,,weekly-mon,3.333
2018-10-29,GASDESMWW,PADD 2,diesel,,weekly-mon,3.31
2018-11-05,GASDESMWW,PADD 2,diesel,,weekly-mon,3.286
2018-11-12,GASDESMWW,PADD 2,diesel,,weekly-mon,3.262
2018-11-19,GASDESMWW,PADD 2,diesel,,weekly-mon,3.216
2018-11-26,GASDESMWW,PADD 2,diesel,,weekly-mon,3.185
2018-12-03,GASDESMWW,PADD 2,diesel,,weekly-mon,3.117
2018-12-10,GASDESMWW,PADD 2,diesel,,weekly-mon,3.066
2018-12-17,GASDESMWW,PADD 2,diesel,,weekly-mon,3.018
2018-12-24,GASDESMWW,PADD 2,diesel,,weekly-mon,2.944
2018-12-31,GASDESMWW,PADD 2,diesel,,weekly-mon,2.907
2019-01-07,GASDESMWW,PADD 2,diesel,,weekly-mon,2.869
2019-01-14,GASDESMWW,PADD 2,diesel,,weekly-mon,2.823
2019-01-21,GASDESMWW,PADD 2,diesel,,weekly-mon,2.807
2019-01-28,GASDESMWW,PADD 2,diesel,,weekly-mon,2.806
2019-02-04,GASDESMWW,PADD 2,diesel,,weekly-mon,2.839
2019-02-11,GASDESMWW,PADD 2,diesel,,weekly-mon,2.849
2019-02-18,GASDESMWW,PADD 2,diesel,,weekly-mon,2.904
2019-02-25,GASDESMWW,PADD 2,diesel,,weekly-mon,2.969
2019-03-04,GASDESMWW,PADD 2,diesel,,weekly-mon,3.014
2019-03-11,GASDESMWW,PADD 2,diesel,,weekly-mon,3.011
2019-03-18,GASDESMWW,PADD 2,diesel,,weekly-mon,2.992
2019-03-25,GASDESMWW,PADD 2,diesel,,weekly-mon,2.993
2019-04-01,GASDESMWW,PADD 2,diesel,,weekly-mon,2.984
2019-04-08,GASDESMWW,PADD 2,diesel,,weekly-mon,2.993
2019-04-15,GASDESMWW,PADD 2,diesel,,weekly-mon,3.01
2019-04-22,GASDESMWW,PADD 2,diesel,,weekly-mon,3.042
2019-04-29,GASDESMWW,PADD 2,diesel,,weekly-mon,3.058
2019-05-06,GASDESMWW,PADD 2,diesel,,weekly-mon,3.064
2019-05-13,GASDESMWW,PADD 2,diesel,,weekly-mon,3.046
2019-05-20,GASDESMWW,PADD 2,diesel,,weekly-mon,3.049
2019-05-27,GASDESMWW,PADD 2,diesel,,weekly-mon,3.038
2019-06-03,GASDESMWW,PADD 2,diesel,,weekly-mon,3.026
2019-06-10,GASDESMWW,PADD 2,diesel,,weekly-mon,3.002
2019-06-17,GASDESMWW,PADD 2,diesel,,weekly-mon,2.957
2019-06-24,GASDESMWW,PADD 2,diesel,,weekly-mon,2.926
2019-07-01,GASDESMWW,PADD 2,diesel,,weekly-mon,2.924
2019-07-08,GASDESMWW,PADD 2,diesel,,weekly-mon,2.968
2019-07-15,GASDESMWW,PADD 2,diesel,,weekly-mon,2.956
2019-07-22,GASDESMWW,PADD 2,diesel,,weekly-mon,2.948
2019-07-29,GASDESMWW,PADD 2,diesel,,weekly-mon,2.94
2019-08-05,GASDESMWW,PADD 2,diesel,,weekly-mon,2.942
2019-08-12,GASDESMWW,PADD 2,diesel,,weekly-mon,2.924
2019-08-19,GASDESMWW,PADD 2,diesel,,weekly-mon,2.9
2019-08-26,GASDESMWW,PADD 2,diesel,,weekly-mon,2.89
2019-09-02,GASDESMWW,PADD 2,diesel,,weekly-mon,2.874
2019-09-09,GASDESMWW,PADD 2,diesel,,weekly-mon,2.864
2019-09-16,GASDESMWW,PADD 2,diesel,,weekly-mon,2.882
2019-09-23,GASDESMWW,PADD 2,diesel,,weekly-mon,2.992
2019-09-30,GASDESMWW,PADD 2,diesel,,weekly-mon,2.987
2019-10-07,GASDESMWW,PADD 2,diesel,,weekly-mon,2.967
2019-10-14,GASDESMWW,PADD 2,diesel,,weekly-mon,2.967
2019-10-21,GASDESMWW,PADD 2,diesel,,weekly-mon,2.957
2019-10-28,GASDESMWW,PADD 2,diesel,,weekly-mon,2.963
2019-11-04,GASDESMWW,PADD 2,diesel,,weekly-mon,2.955
2019-11-11,GASDESMWW,PADD 2,diesel,,weekly-mon,2.972
2019-11-18,GASDESMWW,PADD 2,diesel,,weekly-mon,2.971
2019-11-25,GASDESMWW,PADD 2,diesel,,weekly-mon,2.969
2019-12-02,GASDESMWW,PADD 2,diesel,,weekly-mon,2.982
2019-12-09,GASDESMWW,PADD 2,diesel,,weekly-mon,2.966
2019-12-16,GASDESMWW,PADD 2,diesel,,weekly-mon,2.97
2019-12-23,GASDESMWW,PADD 2,diesel,,weekly-mon,2.968
2019-12-30,GASDESMWW,PADD 2,diesel,,weekly-mon,2.978
2020-01-06,GASDESMWW,PADD 2,diesel,,weekly-mon,2.977
2020-01-13,GASDESMWW,PADD 2,diesel,,weekly-mon,2.965
2020-01-20,GASDESMWW,PADD 2,diesel,,weekly-mon,2.937
2020-01-27,GASDESMWW,PADD 2,diesel,,weekly-mon,2.901
2020-02-03,GASDESMWW,PADD 2,diesel,,weekly-mon,2.839
2020-02-10,GASDESMWW,PADD 2,diesel,,weekly-mon,2.776
2020-02-17,GASDESMWW,PADD 2,diesel,,weekly-mon,2.757
2020-02-24,GASDESMWW,PADD 2,diesel,,weekly-mon,2.756
2020-03-02,GASDESMWW,PADD 2,diesel,,weekly-mon,2.725
2020-03-09,GASDESMWW,PADD 2,diesel,,weekly-mon,2.689
2020-03-16,GASDESMWW,PADD 2,diesel,,weekly-mon,2.591
2020-03-23,GASDESMWW,PADD 2,diesel,,weekly-mon,2.499
2020-03-30,GASDESMWW,PADD 2,diesel,,weekly-mon,2.432
2020-04-06,GASDESMWW,PADD 2,diesel,,weekly-mon,2.394
2020-04-13,GASDESMWW,PADD 2,diesel,,weekly-mon,2.353
2020-04-20,GASDESMWW,PADD 2,diesel,,weekly-mon,2.326
2020-04-27,GASDESMWW,PADD 2,diesel,,weekly-mon,2.287
2020-05-04,GASDESMWW,PADD 2,diesel,,weekly-mon,2.248
2020-05-11,GASDESMWW,PADD 2,diesel,,weekly-mon,2.24
2020-05-18,GASDESMWW,PADD 2,diesel,,weekly-mon,2.229
2020-05-25,GASDESMWW,PADD 2,diesel,,weekly-mon,2.23
2020-06-01,GASDESMWW,PADD 2,diesel,,weekly-mon,2.226
2020-06-08,GASDESMWW,PADD 2,diesel,,weekly-mon,2.24
2020-06-15,GASDESMWW,PADD 2,diesel,,weekly-mon,2.256
2020-06-22,GASDESMWW,PADD 2,diesel,,weekly-mon,2.289
2020-06-29,GASDESMWW,PADD 2,diesel,,weekly-mon,2.299
2020-07-06,GASDESMWW,PADD 2,diesel,,weekly-mon,2.306
2020-07-13,GASDESMWW,PADD 2,diesel,,weekly-mon,2.313
2020-07-20,GASDESMWW,PADD 2,diesel,,weekly-mon,2.309
2020-07-27,GASDESMWW,PADD 2,diesel,,weekly-mon,2.301
2020-08-03,GASDESMWW,PADD 2,diesel,,weekly-mon,2.298
2020-08-10,GASDESMWW,PADD 2,diesel,,weekly-mon,2.305
2020-08-17,GASDESMWW,PADD 2,diesel,,weekly-mon,2.308
2020-08-24,GASDESMWW,PADD 2,diesel,,weekly-mon,2.308
2020-08-31,GASDESMWW,PADD 2,diesel,,weekly-mon,2.329
2020-09-07,GASDESMWW,PADD 2,diesel,,weekly-mon,2.321
2020-09-14,GASDESMWW,PADD 2,diesel,,weekly-mon,2.308
2020-09-21,GASDESMWW,PADD 2,diesel,,weekly-mon,2.282
2020-09-28,GASDESMWW,PADD 2,diesel,,weekly-mon,2.269
2020-10-05,GASDESMWW,PADD 2,diesel,,weekly-mon,2.259
2020-10-12,GASDESMWW,PADD 2,diesel,,weekly-mon,2.275
2020-10-19,GASDESMWW,PADD 2,diesel,,weekly-mon,2.269
2020-10-26,GASDESMWW,PADD 2,diesel,,weekly-mon,2.262
2020-11-02,GASDESMWW,PADD 2,diesel,,weekly-mon,2.246
2020-11-09,GASDESMWW,PADD 2,diesel,,weekly-mon,2.261
2020-11-16,GASDESMWW,PADD 2,diesel,,weekly-mon,2.339
2020-11-23,GASDESMWW,PADD 2,diesel,,weekly-mon,2.359
2020-11-30,GASDESMWW,PADD 2,diesel,,weekly-mon,2.404
2020-12-07,GASDESMWW,PADD 2,diesel,,weekly-mon,2.435
2020-12-14,GASDESMWW,PADD 2,diesel,,weekly-mon,2.478
2020-12-21,GASDESMWW,PADD 2,diesel,,weekly-mon,2.559
2020-12-28,GASDESMWW,PADD 2,diesel,,weekly-mon,2.585
2021-01-04,GASDESMWW,PADD 2,diesel,,weekly-mon,2.592
2021-01-11,GASDESMWW,PADD 2,diesel,,weekly-mon,2.606
2021-01-18,GASDESMWW,PADD 2,diesel,,weekly-mon,2.632
2021-01-25,GASDESMWW,PADD 2,diesel,,weekly-mon,2.656
2021-02-01,GASDESMWW,PADD 2,diesel,,weekly-mon,2.676
2021-02-08,GASDESMWW,PADD 2,diesel,,weekly-mon,2.748
2021-02-15,GASDESMWW,PADD 2,diesel,,weekly-mon,2.852
2021-02-22,GASDESMWW,PADD 2,diesel,,weekly-mon,2.945
2021-03-01,GASDESMWW,PADD 2,diesel,,weekly-mon,3.041
2021-03-08,GASDESMWW,PADD 2,diesel,,weekly-mon,3.127
2021-03-15,GASDESMWW,PADD 2,diesel,,weekly-mon,3.169
2021-03-22,GASDESMWW,PADD 2,diesel,,weekly-mon,3.149
2021-03-29,GASDESMWW,PADD 2,diesel,,weekly-mon,3.104
2021-04-05,GASDESMWW,PADD 2,diesel,,weekly-mon,3.083
2021-04-12,GASDESMWW,PADD 2,diesel,,weekly-mon,3.061
2021-04-19,GASDESMWW,PADD 2,diesel,,weekly-mon,3.054
2021-04-26,GASDESMWW,PADD 2,diesel,,weekly-mon,3.058
2021-05-03,GASDESMWW,PADD 2,diesel,,weekly-mon,3.085
2021-05-10,GASDESMWW,PADD 2,diesel,,weekly-mon,3.13
2021-05-17,GASDESMWW,PADD 2,diesel,,weekly-mon,3.197
2021-05-24,GASDESMWW,PADD 2,diesel,,weekly-mon,3.199
2021-05-31,GASDESMWW,PADD 2,diesel,,weekly-mon,3.197
2021-06-07,GASDESMWW,PADD 2,diesel,,weekly-mon,3.222
2021-06-14,GASDESMWW,PADD 2,diesel,,weekly-mon,3.233
2021-06-21,GASDESMWW,PADD 2,diesel,,weekly-mon,3.231
2021-06-28,GASDESMWW,PADD 2,diesel,,weekly-mon,3.239
2021-07-05,GASDESMWW,PADD 2,diesel,,weekly-mon,3.264
2021-07-12,GASDESMWW,PADD 2,diesel,,weekly-mon,3.261
2021-07-19,GASDESMWW,PADD 2,diesel,,weekly-mon,3.264
2021-07-26,GASDESMWW,PADD 2,diesel,,weekly-mon,3.258
2021-08-02,GASDESMWW,PADD 2,diesel,,weekly-mon,3.278
2021-08-09,GASDESMWW,PADD 2,diesel,,weekly-mon,3.271
2021-08-16,GASDESMWW,PADD 2,diesel,,weekly-mon,3.259
2021-08-23,GASDESMWW,PADD 2,diesel,,weekly-mon,3.216
2021-08-30,GASDESMWW,PADD 2,diesel,,weekly-mon,3.241
2021-09-06,GASDESMWW,PADD 2,diesel,,weekly-mon,3.284
2021-09-13,GASDESMWW,PADD 2,diesel,,weekly-mon,3.282
2021-09-20,GASDESMWW,PADD 2,diesel,,weekly-mon,3.29
2021-09-27,GASDESMWW,PADD 2,diesel,,weekly-mon,3.326
2021-10-04,GASDESMWW,PADD 2,diesel,,weekly-mon,3.43
2021-10-11,GASDESMWW,PADD 2,diesel,,weekly-mon,3.538
2021-10-18,GASDESMWW,PADD 2,diesel,,weekly-mon,3.615
2021-10-25,GASDESMWW,PADD 2,diesel,,weekly-mon,3.632
2021-11-01,GASDESMWW,PADD 2,diesel,,weekly-mon,3.639
2021-11-08,GASDESMWW,PADD 2,diesel,,weekly-mon,3.633
2021-11-15,GASDESMWW,PADD 2,diesel,,weekly-mon,3.631
2021-11-22,GASDESMWW,PADD 2,diesel,,weekly-mon,3.617
2021-11-29,GASDESMWW,PADD 2,diesel,,weekly-mon,3.602
2021-12-06,GASDESMWW,PADD 2,diesel,,weekly-mon,3.536
2021-12-13,GASDESMWW,PADD 2,diesel,,weekly-mon,3.512
2021-12-20,GASDESMWW,PADD 2,diesel,,weekly-mon,3.492
2021-12-27,GASDESMWW,PADD 2,diesel,,weekly-mon,3.479
2022-01-03,GASDESMWW,PADD 2,diesel,,weekly-mon,3.477
2022-01-10,GASDESMWW,PADD 2,diesel,,weekly-mon,3.522
2022-01-17,GASDESMWW,PADD 2,diesel,,weekly-mon,3.603
2022-01-24,GASDESMWW,PADD 2,diesel,,weekly-mon,3.656
2022-01-31,GASDESMWW,PADD 2,diesel,,weekly-mon,3.714
2022-02-07,GASDESMWW,PADD 2,diesel,,weekly-mon,3.808
2022-02-14,GASDESMWW,PADD 2,diesel,,weekly-mon,3.884
2022-02-21,GASDESMWW,PADD 2,diesel,,weekly-mon,3.905
2022-02-28,GASDESMWW,PADD 2,diesel,,weekly-mon,3.968
2022-03-07,GASDESMWW,PADD 2,diesel,,weekly-mon,4.649
2022-03-14,GASDESMWW,PADD 2,diesel,,weekly-mon,5.044
2022-03-21,GASDESMWW,PADD 2,diesel,,weekly-mon,4.959
2022-03-28,GASDESMWW,PADD 2,diesel,,weekly-mon,4.994
2022-04-04,GASDESMWW,PADD 2,diesel,,weekly-mon,4.947
2022-04-11,GASDESMWW,PADD 2,diesel,,weekly-mon,4.887
2022-04-18,GASDESMWW,PADD 2,diesel,,weekly-mon,4.921
2022-04-25,GASDESMWW,PADD 2,diesel,,weekly-mon,4.987
2022-05-02,GASDESMWW,PADD 2,diesel,,weekly-mon,5.329
2022-05-09,GASDESMWW,PADD 2,diesel,,weekly-mon,5.386
2022-05-16,GASDESMWW,PADD 2,diesel,,weekly-mon,5.346
2022-05-23,GASDESMWW,PADD 2,diesel,,weekly-mon,5.293
2022-05-30,GASDESMWW,PADD 2,diesel,,weekly-mon,5.247
2022-06-06,GASDESMWW,PADD 2,diesel,,weekly-mon,5.468
2022-06-13,GASDESMWW,PADD 2,diesel,,weekly-mon,5.631
2022-06-20,GASDESMWW,PADD 2,diesel,,weekly-mon,5.78
2022-06-27,GASDESMWW,PADD 2,diesel,,weekly-mon,5.767
2022-07-04,GASDESMWW,PADD 2,diesel,,weekly-mon,5.647
2022-07-11,GASDESMWW,PADD 2,diesel,,weekly-mon,5.542
2022-07-18,GASDESMWW,PADD 2,diesel,,weekly-mon,5.409
2022-07-25,GASDESMWW,PADD 2,diesel,,weekly-mon,5.241
2022-08-01,GASDESMWW,PADD 2,diesel,,weekly-mon,5.108
2022-08-08,GASDESMWW,PADD 2,diesel,,weekly-mon,4.959
2022-08-15,GASDESMWW,PADD 2,diesel,,weekly-mon,4.872
2022-08-22,GASDESMWW,PADD 2,diesel,,weekly-mon,4.89
2022-08-29,GASDESMWW,PADD 2,diesel,,weekly-mon,5.172
2022-09-05,GASDESMWW,PADD 2,diesel,,weekly-mon,5.132
2022-09-12,GASDESMWW,PADD 2,diesel,,weekly-mon,5.085
2022-09-19,GASDESMWW,PADD 2,diesel,,weekly-mon,4.995
2022-09-26,GASDESMWW,PADD 2,diesel,,weekly-mon,4.881
2022-10-03,GASDESMWW,PADD 2,diesel,,weekly-mon,4.819
2022-10-10,GASDESMWW,PADD 2,diesel,,weekly-mon,5.27
2022-10-17,GASDESMWW,PADD 2,diesel,,weekly-mon,5.346
2022-10-24,GASDESMWW,PADD 2,diesel,,weekly-mon,5.369
2022-10-31,GASDESMWW,PADD 2,diesel,,weekly-mon,5.327
2022-11-07,GASDESMWW,PADD 2,diesel,,weekly-mon,5.351
2022-11-14,GASDESMWW,PADD 2,diesel,,weekly-mon,5.321
2022-11-21,GASDESMWW,PADD 2,diesel,,weekly-mon,5.231
2022-11-28,GASDESMWW,PADD 2,diesel,,weekly-mon,5.108
2022-12-05,GASDESMWW,PADD 2,diesel,,weekly-mon,4.907
2022-12-12,GASDESMWW,PADD 2,diesel,,weekly-mon,4.651
2022-12-19,GASDESMWW,PADD 2,diesel,,weekly-mon,4.477
2022-12-26,GASDESMWW,PADD 2,diesel,,weekly-mon,4.402
2023-01-02,GASDESMWW,PADD 2,diesel,,weekly-mon,4.423
2023-01-09,GASDESMWW,PADD 2,diesel,,weekly-mon,4.39
2023-01-16,GASDESMWW,PADD 2,diesel,,weekly-mon,4.374
2023-01-23,GASDESMWW,PADD 2,diesel,,weekly-mon,4.473
2023-01-30,GASDESMWW,PADD 2,diesel,,weekly-mon,4.474
2023-02-06,GASDESMWW,PADD 2,diesel,,weekly-mon,4.378
2023-02-13,GASDESMWW,PADD 2,diesel,,weekly-mon,4.274
2023-02-20,GASDESMWW,PADD 2,diesel,,weekly-mon,4.194
2023-02-27,GASDESMWW,PADD 2,diesel,,weekly-mon,4.12
2023-03-06,GASDESMWW,PADD 2,diesel,,weekly-mon,4.131
2023-03-13,GASDESMWW,PADD 2,diesel,,weekly-mon,4.094
2023-03-20,GASDESMWW,PADD 2,diesel,,weekly-mon,4.021
2023-03-27,GASDESMWW,PADD 2,diesel,,weekly-mon,3.974
2023-04-03,GASDESMWW,PADD 2,diesel,,weekly-mon,3.952
2023-04-10,GASDESMWW,PADD 2,diesel,,weekly-mon,3.968
2023-04-17,GASDESMWW,PADD 2,diesel,,weekly-mon,4.027
2023-04-24,GASDESMWW,PADD 2,diesel,,weekly-mon,3.984
2023-05-01,GASDESMWW,PADD 2,diesel,,weekly-mon,3.917
2023-05-08,GASDESMWW,PADD 2,diesel,,weekly-mon,3.827
2023-05-15,GASDESMWW,PADD 2,diesel,,weekly-mon,3.823
2023-05-22,GASDESMWW,PADD 2,diesel,,weekly-mon,3.81
2023-05-29,GASDESMWW,PADD 2,diesel,,weekly-mon,3.781
2023-06-05,GASDESMWW,PADD 2,diesel,,weekly-mon,3.732
2023-06-12,GASDESMWW,PADD 2,diesel,,weekly-mon,3.717
2023-06-19,GASDESMWW,PADD 2,diesel,,weekly-mon,3.739
2023-06-26,GASDESMWW,PADD 2,diesel,,weekly-mon,3.734
2023-07-03,GASDESMWW,PADD 2,diesel,,weekly-mon,3.704
2023-07-10,GASDESMWW,PADD 2,diesel,,weekly-mon,3.742
2023-07-17,GASDESMWW,PADD 2,diesel,,weekly-mon,3.726
2023-07-24,GASDESMWW,PADD 2,diesel,,weekly-mon,3.814
2023-07-31,GASDESMWW,PADD 2,diesel,,weekly-mon,4.105
2023-08-07,GASDESMWW,PADD 2,diesel,,weekly-mon,4.195
2023-08-14,GASDESMWW,PADD 2,diesel,,weekly-mon,4.317
2023-08-21,GASDESMWW,PADD 2,diesel,,weekly-mon,4.302
2023-08-28,GASDESMWW,PADD 2,diesel,,weekly-mon,4.385
2023-09-04,GASDESMWW,PADD 2,diesel,,weekly-mon,4.383
2023-09-11,GASDESMWW,PADD 2,diesel,,weekly-mon,4.427
2023-09-18,GASDESMWW,PADD 2,diesel,,weekly-mon,4.492
2023-09-25,GASDESMWW,PADD 2,diesel,,weekly-mon,4.439
2023-10-02,GASDESMWW,PADD 2,diesel,,weekly-mon,4.449
2023-10-09,GASDESMWW,PADD 2,diesel,,weekly-mon,4.376
2023-10-16,GASDESMWW,PADD 2,diesel,,weekly-mon,4.304
2023-10-23,GASDESMWW,PADD 2,diesel,,weekly-mon,4.554
2023-10-30,GASDESMWW,PADD 2,diesel,,weekly-mon,4.441
2023-11-06,GASDESMWW,PADD 2,diesel,,weekly-mon,4.334
2023-11-13,GASDESMWW,PADD 2,diesel,,weekly-mon,4.308
2023-11-20,GASDESMWW,PADD 2,diesel,,weekly-mon,4.207
2023-11-27,GASDESMWW,PADD 2,diesel,,weekly-mon,4.115
2023-12-04,GASDESMWW,PADD 2,diesel,,weekly-mon,4.025
2023-12-11,GASDESMWW,PADD 2,diesel,,weekly-mon,3.9
2023-12-18,GASDESMWW,PADD 2,diesel,,weekly-mon,3.806
2023-12-25,GASDESMWW,PADD 2,diesel,,weekly-mon,3.798
2024-01-01,GASDESMWW,PADD 2,diesel,,weekly-mon,3.75
2024-01-08,GASDESMWW,PADD 2,diesel,,weekly-mon,3.692
2024-01-15,GASDESMWW,PADD 2,diesel,,weekly-mon,3.729
2024-01-22,GASDESMWW,PADD 2,diesel,,weekly-mon,3.704
2024-01-29,GASDESMWW,PADD 2,diesel,,weekly-mon,3.704
2024-02-05,GASDESMWW,PADD 2,diesel,,weekly-mon,3.738
2024-02-12,GASDESMWW,PADD 2,diesel,,weekly-mon,4.042
2024-02-19,GASDESMWW,PADD 2,diesel,,weekly-mon,4.01
2024-02-26,GASDESMWW,PADD 2,diesel,,weekly-mon,3.961
2024-03-04,GASDESMWW,PADD 2,diesel,,weekly-mon,3.919
2024-03-11,GASDESMWW,PADD 2,diesel,,weekly-mon,3.913
2024-03-18,GASDESMWW,PADD 2,diesel,,weekly-mon,3.955
2024-03-25,GASDESMWW,PADD 2,diesel,,weekly-mon,3.986
2024-04-01,GASDESMWW,PADD 2,diesel,,weekly-mon,3.949
2024-04-08,GASDESMWW,PADD 2,diesel,,weekly-mon,4.011
2024-04-15,GASDESMWW,PADD 2,diesel,,weekly-mon,3.965
2024-04-22,GASDESMWW,PADD 2,diesel,,weekly-mon,3.935
2024-04-29,GASDESMWW,PADD 2,diesel,,weekly-mon,3.882
2024-05-06,GASDESMWW,PADD 2,diesel,,weekly-mon,3.814
2024-05-13,GASDESMWW,PADD 2,diesel,,weekly-mon,3.768
2024-05-20,GASDESMWW,PADD 2,diesel,,weekly-mon,3.685
2024-05-27,GASDESMWW,PADD 2,diesel,,weekly-mon,3.633
2024-06-03,GASDESMWW,PADD 2,diesel,,weekly-mon,3.592
2024-06-10,GASDESMWW,PADD 2,diesel,,weekly-mon,3.512
2024-06-17,GASDESMWW,PADD 2,diesel,,weekly-mon,3.621
2024-06-24,GASDESMWW,PADD 2,diesel,,weekly-mon,3.662
2024-07-01,GASDESMWW,PADD 2,diesel,,weekly-mon,3.729
2024-07-08,GASDESMWW,PADD 2,diesel,,weekly-mon,3.803
2024-07-15,GASDESMWW,PADD 2,diesel,,weekly-mon,3.745
2024-07-22,GASDESMWW,PADD 2,diesel,,weekly-mon,3.732
2024-07-29,GASDESMWW,PADD 2,diesel,,weekly-mon,3.727
2024-08-05,GASDESMWW,PADD 2,diesel,,weekly-mon,3.729
2024-08-12,GASDESMWW,PADD 2,diesel,,weekly-mon,3.681
2024-08-19,GASDESMWW,PADD 2,diesel,,weekly-mon,3.674
2024-08-26,GASDESMWW,PADD 2,diesel,,weekly-mon,3.627
2024-09-02,GASDESMWW,PADD 2,diesel,,weekly-mon,3.613
2024-09-09,GASDESMWW,PADD 2,diesel,,weekly-mon,3.528
2024-09-16,GASDESMWW,PADD 2,diesel,,weekly-mon,3.481
2024-09-23,GASDESMWW,PADD 2,diesel,,weekly-mon,3.511
2024-09-30,GASDESMWW,PADD 2,diesel,,weekly-mon,3.52
2024-10-07,GASDESMWW,PADD 2,diesel,,weekly-mon,3.587
2024-10-14,GASDESMWW,PADD 2,diesel,,weekly-mon,3.651
2024-10-21,GASDESMWW,PADD 2,diesel,,weekly-mon,3.543
2024-10-28,GASDESMWW,PADD 2,diesel,,weekly-mon,3.569
2024-11-04,GASDESMWW,PADD 2,diesel,,weekly-mon,3.517
2024-11-11,GASDESMWW,PADD 2,diesel,,weekly-mon,3.504
2024-11-18,GASDESMWW,PADD 2,diesel,,weekly-mon,3.466
2024-11-25,GASDESMWW,PADD 2,diesel,,weekly-mon,3.531
2024-12-02,GASDESMWW,PADD 2,diesel,,weekly-mon,3.521
2024-12-09,GASDESMWW,PADD 2,diesel,,weekly-mon,3.425
2024-12-16,GASDESMWW,PADD 2,diesel,,weekly-mon,3.45
2024-12-23,GASDESMWW,PADD 2,diesel,,weekly-mon,3.449
2024-12-30,GASDESMWW,PADD 2,diesel,,weekly-mon,3.469
2025-01-06,GASDESMWW,PADD 2,diesel,,weekly-mon,3.53
2025-01-13,GASDESMWW,PADD 2,diesel,,weekly-mon,3.532
2025-01-20,GASDESMWW,PADD 2,diesel,,weekly-mon,3.648
2025-01-27,GASDESMWW,PADD 2,diesel,,weekly-mon,3.568
2025-02-03,GASDESMWW,PADD 2,diesel,,weekly-mon,3.568
2025-02-10,GASDESMWW,PADD 2,diesel,,weekly-mon,3.582
2025-02-17,GASDESMWW,PADD 2,diesel,,weekly-mon,3.602
2025-02-24,GASDESMWW,PADD 2,diesel,,weekly-mon,3.615
2025-03-03,GASDESMWW,PADD 2,diesel,,weekly-mon,3.551
2025-03-10,GASDESMWW,PADD 2,diesel,,weekly-mon,3.497
2025-03-17,GASDESMWW,PADD 2,diesel,,weekly-mon,3.463
2025-03-24,GASDESMWW,PADD 2,diesel,,weekly-mon,3.491
2025-03-31,GASDESMWW,PADD 2,diesel,,weekly-mon,3.519
2025-04-07,GASDESMWW,PADD 2,diesel,,weekly-mon,3.579
2025-04-14,GASDESMWW,PADD 2,diesel,,weekly-mon,3.51
2025-04-21,GASDESMWW,PADD 2,diesel,,weekly-mon,3.475
2025-04-28,GASDESMWW,PADD 2,diesel,,weekly-mon,3.456
2025-05-05,GASDESMWW,PADD 2,diesel,,weekly-mon,3.432
2025-05-12,GASDESMWW,PADD 2,diesel,,weekly-mon,3.416
2025-05-19,GASDESMWW,PADD 2,diesel,,weekly-mon,3.481
2025-05-26,GASDESMWW,PADD 2,diesel,,weekly-mon,3.428
2025-06-02,GASDESMWW,PADD 2,diesel,,weekly-mon,3.388
2025-06-09,GASDESMWW,PADD 2,diesel,,weekly-mon,3.429
2025-06-16,GASDESMWW,PADD 2,diesel,,weekly-mon,3.537
2025-06-23,GASDESMWW,PADD 2,diesel,,weekly-mon,3.777
2025-06-30,GASDESMWW,PADD 2,diesel,,weekly-mon,3.715
2025-07-07,GASDESMWW,PADD 2,diesel,,weekly-mon,3.733
2025-07-14,GASDESMWW,PADD 2,diesel,,weekly-mon,3.733
2025-07-21,GASDESMWW,PADD 2,diesel,,weekly-mon,3.795
2025-07-28,GASDESMWW,PADD 2,diesel,,weekly-mon,3.794
2025-08-04,GASDESMWW,PADD 2,diesel,,weekly-mon,3.792
2025-08-11,GASDESMWW,PADD 2,diesel,,weekly-mon,3.747
2025-08-18,GASDESMWW,PADD 2,diesel,,weekly-mon,3.702
2025-08-25,GASDESMWW,PADD 2,diesel,,weekly-mon,3.698
2025-09-01,GASDESMWW,PADD 2,diesel,,weekly-mon,3.722
2025-09-08,GASDESMWW,PADD 2,diesel,,weekly-mon,3.754
2025-09-15,GASDESMWW,PADD 2,diesel,,weekly-mon,3.71
2025-09-22,GASDESMWW,PADD 2,diesel,,weekly-mon,3.731
2025-09-29,GASDESMWW,PADD 2,diesel,,weekly-mon,3.731
2025-10-06,GASDESMWW,PADD 2,diesel,,weekly-mon,3.67
2025-10-13,GASDESMWW,PADD 2,diesel,,weekly-mon,3.606
2025-10-20,GASDESMWW,PADD 2,diesel,,weekly-mon,3.564
2025-10-27,GASDESMWW,PADD 2,diesel,,weekly-mon,3.715
2025-11-03,GASDESMWW,PADD 2,diesel,,weekly-mon,3.773
2025-11-10,GASDESMWW,PADD 2,diesel,,weekly-mon,3.891
2025-11-17,GASDESMWW,PADD 2,diesel,,weekly-mon,3.913
2025-11-24,GASDESMWW,PADD 2,diesel,,weekly-mon,3.85
2025-12-01,GASDESMWW,PADD 2,diesel,,weekly-mon,3.755
2025-12-08,GASDESMWW,PADD 2,diesel,,weekly-mon,3.635
2025-12-15,GASDESMWW,PADD 2,diesel,,weekly-mon,3.567
2025-12-22,GASDESMWW,PADD 2,diesel,,weekly-mon,3.483
2025-12-29,GASDESMWW,PADD 2,diesel,,weekly-mon,3.424
2026-01-05,GASDESMWW,PADD 2,diesel,,weekly-mon,3.387
2026-01-12,GASDESMWW,PADD 2,diesel,,weekly-mon,3.365
2026-01-19,GASDESMWW,PADD 2,diesel,,weekly-mon,3.445
2026-01-26,GASDESMWW,PADD 2,diesel,,weekly-mon,3.579
2026-02-02,GASDESMWW,PADD 2,diesel,,weekly-mon,3.625
2026-02-09,GASDESMWW,PADD 2,diesel,,weekly-mon,3.636
2026-02-16,GASDESMWW,PADD 2,diesel,,weekly-mon,3.664
2026-02-23,GASDESMWW,PADD 2,diesel,,weekly-mon,3.798
2026-03-02,GASDESMWW,PADD 2,diesel,,weekly-mon,3.888
2026-03-09,GASDESMWW,PADD 2,diesel,,weekly-mon,4.801
2026-03-16,GASDESMWW,PADD 2,diesel,,weekly-mon,4.97
2026-03-23,GASDESMWW,PADD 2,diesel,,weekly-mon,5.16
2026-03-30,GASDESMWW,PADD 2,diesel,,weekly-mon,5.105
2026-04-06,GASDESMWW,PADD 2,diesel,,weekly-mon,5.304
2026-04-13,GASDESMWW,PADD 2,diesel,,weekly-mon,5.382
2026-04-20,GASDESMWW,PADD 2,diesel,,weekly-mon,5.165
2026-04-27,GASDESMWW,PADD 2,diesel,,weekly-mon,5.131
2026-05-04,GASDESMWW,PADD 2,diesel,,weekly-mon,5.742
2026-05-11,GASDESMWW,PADD 2,diesel,,weekly-mon,5.815
2026-05-18,GASDESMWW,PADD 2,diesel,,weekly-mon,5.749
2026-05-25,GASDESMWW,PADD 2,diesel,,weekly-mon,5.623
2026-06-01,GASDESMWW,PADD 2,diesel,,weekly-mon,5.392
2026-06-08,GASDESMWW,PADD 2,diesel,,weekly-mon,5.182
2026-06-15,GASDESMWW,PADD 2,diesel,,weekly-mon,5.011
2026-06-22,GASDESMWW,PADD 2,diesel,,weekly-mon,4.751
2026-06-29,GASDESMWW,PADD 2,diesel,,weekly-mon,4.583
2026-07-06,GASDESMWW,PADD 2,diesel,,weekly-mon,4.458
2026-07-13,GASDESMWW,PADD 2,diesel,,weekly-mon,4.659
2026-07-20,GASDESMWW,PADD 2,diesel,,weekly-mon,4.988
2026-07-27,GASDESMWW,PADD 2,diesel,,weekly-mon,5.196
2026-08-03,GASDESMWW,PADD 2,diesel,,weekly-mon,5.262
2010-01-04,GASDESRMW,PADD 4,diesel,,weekly-mon,2.746
2010-01-11,GASDESRMW,PADD 4,diesel,,weekly-mon,2.814
2010-01-18,GASDESRMW,PADD 4,diesel,,weekly-mon,2.827
2010-01-25,GASDESRMW,PADD 4,diesel,,weekly-mon,2.817
2010-02-01,GASDESRMW,PADD 4,diesel,,weekly-mon,2.797
2010-02-08,GASDESRMW,PADD 4,diesel,,weekly-mon,2.782
2010-02-15,GASDESRMW,PADD 4,diesel,,weekly-mon,2.777
2010-02-22,GASDESRMW,PADD 4,diesel,,weekly-mon,2.827
2010-03-01,GASDESRMW,PADD 4,diesel,,weekly-mon,2.851
2010-03-08,GASDESRMW,PADD 4,diesel,,weekly-mon,2.89
2010-03-15,GASDESRMW,PADD 4,diesel,,weekly-mon,2.923
2010-03-22,GASDESRMW,PADD 4,diesel,,weekly-mon,2.954
2010-03-29,GASDESRMW,PADD 4,diesel,,weekly-mon,2.968
2010-04-05,GASDESRMW,PADD 4,diesel,,weekly-mon,3.044
2010-04-12,GASDESRMW,PADD 4,diesel,,weekly-mon,3.082
2010-04-19,GASDESRMW,PADD 4,diesel,,weekly-mon,3.109
2010-04-26,GASDESRMW,PADD 4,diesel,,weekly-mon,3.137
2010-05-03,GASDESRMW,PADD 4,diesel,,weekly-mon,3.166
2010-05-10,GASDESRMW,PADD 4,diesel,,weekly-mon,3.169
2010-05-17,GASDESRMW,PADD 4,diesel,,weekly-mon,3.157
2010-05-24,GASDESRMW,PADD 4,diesel,,weekly-mon,3.107
2010-05-31,GASDESRMW,PADD 4,diesel,,weekly-mon,3.061
2010-06-07,GASDESRMW,PADD 4,diesel,,weekly-mon,3.02
2010-06-14,GASDESRMW,PADD 4,diesel,,weekly-mon,2.989
2010-06-21,GASDESRMW,PADD 4,diesel,,weekly-mon,2.98
2010-06-28,GASDESRMW,PADD 4,diesel,,weekly-mon,2.956
2010-07-05,GASDESRMW,PADD 4,diesel,,weekly-mon,2.928
2010-07-12,GASDESRMW,PADD 4,diesel,,weekly-mon,2.912
2010-07-19,GASDESRMW,PADD 4,diesel,,weekly-mon,2.902
2010-07-26,GASDESRMW,PADD 4,diesel,,weekly-mon,2.92
2010-08-02,GASDESRMW,PADD 4,diesel,,weekly-mon,2.937
2010-08-09,GASDESRMW,PADD 4,diesel,,weekly-mon,2.991
2010-08-16,GASDESRMW,PADD 4,diesel,,weekly-mon,3.011
2010-08-23,GASDESRMW,PADD 4,diesel,,weekly-mon,3.016
2010-08-30,GASDESRMW,PADD 4,diesel,,weekly-mon,3.019
2010-09-06,GASDESRMW,PADD 4,diesel,,weekly-mon,3.021
2010-09-13,GASDESRMW,PADD 4,diesel,,weekly-mon,3.031
2010-09-20,GASDESRMW,PADD 4,diesel,,weekly-mon,3.037
2010-09-27,GASDESRMW,PADD 4,diesel,,weekly-mon,3.014
2010-10-04,GASDESRMW,PADD 4,diesel,,weekly-mon,3.024
2010-10-11,GASDESRMW,PADD 4,diesel,,weekly-mon,3.085
2010-10-18,GASDESRMW,PADD 4,diesel,,weekly-mon,3.112
2010-10-25,GASDESRMW,PADD 4,diesel,,weekly-mon,3.128
2010-11-01,GASDESRMW,PADD 4,diesel,,weekly-mon,3.141
2010-11-08,GASDESRMW,PADD 4,diesel,,weekly-mon,3.199
2010-11-15,GASDESRMW,PADD 4,diesel,,weekly-mon,3.278
2010-11-22,GASDESRMW,PADD 4,diesel,,weekly-mon,3.265
2010-11-29,GASDESRMW,PADD 4,diesel,,weekly-mon,3.272
2010-12-06,GASDESRMW,PADD 4,diesel,,weekly-mon,3.276
2010-12-13,GASDESRMW,PADD 4,diesel,,weekly-mon,3.285
2010-12-20,GASDESRMW,PADD 4,diesel,,weekly-mon,3.29
2010-12-27,GASDESRMW,PADD 4,diesel,,weekly-mon,3.311
2011-01-03,GASDESRMW,PADD 4,diesel,,weekly-mon,3.332
2011-01-10,GASDESRMW,PADD 4,diesel,,weekly-mon,3.334
2011-01-17,GASDESRMW,PADD 4,diesel,,weekly-mon,3.374
2011-01-24,GASDESRMW,PADD 4,diesel,,weekly-mon,3.388
2011-01-31,GASDESRMW,PADD 4,diesel,,weekly-mon,3.396
2011-02-07,GASDESRMW,PADD 4,diesel,,weekly-mon,3.459
2011-02-14,GASDESRMW,PADD 4,diesel,,weekly-mon,3.511
2011-02-21,GASDESRMW,PADD 4,diesel,,weekly-mon,3.568
2011-02-28,GASDESRMW,PADD 4,diesel,,weekly-mon,3.698
2011-03-07,GASDESRMW,PADD 4,diesel,,weekly-mon,3.845
2011-03-14,GASDESRMW,PADD 4,diesel,,weekly-mon,3.888
2011-03-21,GASDESRMW,PADD 4,diesel,,weekly-mon,3.925
2011-03-28,GASDESRMW,PADD 4,diesel,,weekly-mon,3.959
2011-04-04,GASDESRMW,PADD 4,diesel,,weekly-mon,4.017
2011-04-11,GASDESRMW,PADD 4,diesel,,weekly-mon,4.097
2011-04-18,GASDESRMW,PADD 4,diesel,,weekly-mon,4.126
2011-04-25,GASDESRMW,PADD 4,diesel,,weekly-mon,4.134
2011-05-02,GASDESRMW,PADD 4,diesel,,weekly-mon,4.156
2011-05-09,GASDESRMW,PADD 4,diesel,,weekly-mon,4.156
2011-05-16,GASDESRMW,PADD 4,diesel,,weekly-mon,4.134
2011-05-23,GASDESRMW,PADD 4,diesel,,weekly-mon,4.101
2011-05-30,GASDESRMW,PADD 4,diesel,,weekly-mon,4.02
2011-06-06,GASDESRMW,PADD 4,diesel,,weekly-mon,4.015
2011-06-13,GASDESRMW,PADD 4,diesel,,weekly-mon,3.988
2011-06-20,GASDESRMW,PADD 4,diesel,,weekly-mon,3.959
2011-06-27,GASDESRMW,PADD 4,diesel,,weekly-mon,3.885
2011-07-04,GASDESRMW,PADD 4,diesel,,weekly-mon,3.851
2011-07-11,GASDESRMW,PADD 4,diesel,,weekly-mon,3.838
2011-07-18,GASDESRMW,PADD 4,diesel,,weekly-mon,3.827
2011-07-25,GASDESRMW,PADD 4,diesel,,weekly-mon,3.848
2011-08-01,GASDESRMW,PADD 4,diesel,,weekly-mon,3.855
2011-08-08,GASDESRMW,PADD 4,diesel,,weekly-mon,3.851
2011-08-15,GASDESRMW,PADD 4,diesel,,weekly-mon,3.826
2011-08-22,GASDESRMW,PADD 4,diesel,,weekly-mon,3.815
2011-08-29,GASDESRMW,PADD 4,diesel,,weekly-mon,3.839
2011-09-05,GASDESRMW,PADD 4,diesel,,weekly-mon,3.89
2011-09-12,GASDESRMW,PADD 4,diesel,,weekly-mon,3.903
2011-09-19,GASDESRMW,PADD 4,diesel,,weekly-mon,3.892
2011-09-26,GASDESRMW,PADD 4,diesel,,weekly-mon,3.867
2011-10-03,GASDESRMW,PADD 4,diesel,,weekly-mon,3.846
2011-10-10,GASDESRMW,PADD 4,diesel,,weekly-mon,3.828
2011-10-17,GASDESRMW,PADD 4,diesel,,weekly-mon,3.885
2011-10-24,GASDESRMW,PADD 4,diesel,,weekly-mon,3.909
2011-10-31,GASDESRMW,PADD 4,diesel,,weekly-mon,3.959
2011-11-07,GASDESRMW,PADD 4,diesel,,weekly-mon,3.978
2011-11-14,GASDESRMW,PADD 4,diesel,,weekly-mon,4.093
2011-11-21,GASDESRMW,PADD 4,diesel,,weekly-mon,4.144
2011-11-28,GASDESRMW,PADD 4,diesel,,weekly-mon,4.094
2011-12-05,GASDESRMW,PADD 4,diesel,,weekly-mon,4.035
2011-12-12,GASDESRMW,PADD 4,diesel,,weekly-mon,3.991
2011-12-19,GASDESRMW,PADD 4,diesel,,weekly-mon,3.913
2011-12-26,GASDESRMW,PADD 4,diesel,,weekly-mon,3.861
2012-01-02,GASDESRMW,PADD 4,diesel,,weekly-mon,3.836
2012-01-09,GASDESRMW,PADD 4,diesel,,weekly-mon,3.843
2012-01-16,GASDESRMW,PADD 4,diesel,,weekly-mon,3.823
2012-01-23,GASDESRMW,PADD 4,diesel,,weekly-mon,3.817
2012-01-30,GASDESRMW,PADD 4,diesel,,weekly-mon,3.816
2012-02-06,GASDESRMW,PADD 4,diesel,,weekly-mon,3.817
2012-02-13,GASDESRMW,PADD 4,diesel,,weekly-mon,3.841
2012-02-20,GASDESRMW,PADD 4,diesel,,weekly-mon,3.857
2012-02-27,GASDESRMW,PADD 4,diesel,,weekly-mon,3.919
2012-03-05,GASDESRMW,PADD 4,diesel,,weekly-mon,3.986
2012-03-12,GASDESRMW,PADD 4,diesel,,weekly-mon,4.069
2012-03-19,GASDESRMW,PADD 4,diesel,,weekly-mon,4.119
2012-03-26,GASDESRMW,PADD 4,diesel,,weekly-mon,4.136
2012-04-02,GASDESRMW,PADD 4,diesel,,weekly-mon,4.125
2012-04-09,GASDESRMW,PADD 4,diesel,,weekly-mon,4.129
2012-04-16,GASDESRMW,PADD 4,diesel,,weekly-mon,4.129
2012-04-23,GASDESRMW,PADD 4,diesel,,weekly-mon,4.09
2012-04-30,GASDESRMW,PADD 4,diesel,,weekly-mon,4.072
2012-05-07,GASDESRMW,PADD 4,diesel,,weekly-mon,4.047
2012-05-14,GASDESRMW,PADD 4,diesel,,weekly-mon,4.004
2012-05-21,GASDESRMW,PADD 4,diesel,,weekly-mon,3.987
2012-05-28,GASDESRMW,PADD 4,diesel,,weekly-mon,3.948
2012-06-04,GASDESRMW,PADD 4,diesel,,weekly-mon,3.919
2012-06-11,GASDESRMW,PADD 4,diesel,,weekly-mon,3.873
2012-06-18,GASDESRMW,PADD 4,diesel,,weekly-mon,3.832
2012-06-25,GASDESRMW,PADD 4,diesel,,weekly-mon,3.779
2012-07-02,GASDESRMW,PADD 4,diesel,,weekly-mon,3.705
2012-07-09,GASDESRMW,PADD 4,diesel,,weekly-mon,3.68
2012-07-16,GASDESRMW,PADD 4,diesel,,weekly-mon,3.672
2012-07-23,GASDESRMW,PADD 4,diesel,,weekly-mon,3.701
2012-07-30,GASDESRMW,PADD 4,diesel,,weekly-mon,3.729
2012-08-06,GASDESRMW,PADD 4,diesel,,weekly-mon,3.813
2012-08-13,GASDESRMW,PADD 4,diesel,,weekly-mon,3.958
2012-08-20,GASDESRMW,PADD 4,diesel,,weekly-mon,4.062
2012-08-27,GASDESRMW,PADD 4,diesel,,weekly-mon,4.149
2012-09-03,GASDESRMW,PADD 4,diesel,,weekly-mon,4.217
2012-09-10,GASDESRMW,PADD 4,diesel,,weekly-mon,4.242
2012-09-17,GASDESRMW,PADD 4,diesel,,weekly-mon,4.256
2012-09-24,GASDESRMW,PADD 4,diesel,,weekly-mon,4.228
2012-10-01,GASDESRMW,PADD 4,diesel,,weekly-mon,4.205
2012-10-08,GASDESRMW,PADD 4,diesel,,weekly-mon,4.194
2012-10-15,GASDESRMW,PADD 4,diesel,,weekly-mon,4.268
2012-10-22,GASDESRMW,PADD 4,diesel,,weekly-mon,4.243
2012-10-29,GASDESRMW,PADD 4,diesel,,weekly-mon,4.195
2012-11-05,GASDESRMW,PADD 4,diesel,,weekly-mon,4.16
2012-11-12,GASDESRMW,PADD 4,diesel,,weekly-mon,4.104
2012-11-19,GASDESRMW,PADD 4,diesel,,weekly-mon,4.059
2012-11-26,GASDESRMW,PADD 4,diesel,,weekly-mon,4.057
2012-12-03,GASDESRMW,PADD 4,diesel,,weekly-mon,3.989
2012-12-10,GASDESRMW,PADD 4,diesel,,weekly-mon,3.938
2012-12-17,GASDESRMW,PADD 4,diesel,,weekly-mon,3.866
2012-12-24,GASDESRMW,PADD 4,diesel,,weekly-mon,3.791
2012-12-31,GASDESRMW,PADD 4,diesel,,weekly-mon,3.746
2013-01-07,GASDESRMW,PADD 4,diesel,,weekly-mon,3.688
2013-01-14,GASDESRMW,PADD 4,diesel,,weekly-mon,3.661
2013-01-21,GASDESRMW,PADD 4,diesel,,weekly-mon,3.678
2013-01-28,GASDESRMW,PADD 4,diesel,,weekly-mon,3.736
2013-02-04,GASDESRMW,PADD 4,diesel,,weekly-mon,3.844
2013-02-11,GASDESRMW,PADD 4,diesel,,weekly-mon,3.964
2013-02-18,GASDESRMW,PADD 4,diesel,,weekly-mon,4.032
2013-02-25,GASDESRMW,PADD 4,diesel,,weekly-mon,4.057
2013-03-04,GASDESRMW,PADD 4,diesel,,weekly-mon,4.047
2013-03-11,GASDESRMW,PADD 4,diesel,,weekly-mon,4.01
2013-03-18,GASDESRMW,PADD 4,diesel,,weekly-mon,3.971
2013-03-25,GASDESRMW,PADD 4,diesel,,weekly-mon,3.935
2013-04-01,GASDESRMW,PADD 4,diesel,,weekly-mon,3.922
2013-04-08,GASDESRMW,PADD 4,diesel,,weekly-mon,3.899
2013-04-15,GASDESRMW,PADD 4,diesel,,weekly-mon,3.882
2013-04-22,GASDESRMW,PADD 4,diesel,,weekly-mon,3.846
2013-04-29,GASDESRMW,PADD 4,diesel,,weekly-mon,3.81
2013-05-06,GASDESRMW,PADD 4,diesel,,weekly-mon,3.804
2013-05-13,GASDESRMW,PADD 4,diesel,,weekly-mon,3.822
2013-05-20,GASDESRMW,PADD 4,diesel,,weekly-mon,3.848
2013-05-27,GASDESRMW,PADD 4,diesel,,weekly-mon,3.863
2013-06-03,GASDESRMW,PADD 4,diesel,,weekly-mon,3.866
2013-06-10,GASDESRMW,PADD 4,diesel,,weekly-mon,3.865
2013-06-17,GASDESRMW,PADD 4,diesel,,weekly-mon,3.848
2013-06-24,GASDESRMW,PADD 4,diesel,,weekly-mon,3.836
2013-07-01,GASDESRMW,PADD 4,diesel,,weekly-mon,3.819
2013-07-08,GASDESRMW,PADD 4,diesel,,weekly-mon,3.811
2013-07-15,GASDESRMW,PADD 4,diesel,,weekly-mon,3.829
2013-07-22,GASDESRMW,PADD 4,diesel,,weekly-mon,3.866
2013-07-29,GASDESRMW,PADD 4,diesel,,weekly-mon,3.913
2013-08-05,GASDESRMW,PADD 4,diesel,,weekly-mon,3.931
2013-08-12,GASDESRMW,PADD 4,diesel,,weekly-mon,3.93
2013-08-19,GASDESRMW,PADD 4,diesel,,weekly-mon,3.92
2013-08-26,GASDESRMW,PADD 4,diesel,,weekly-mon,3.927
2013-09-02,GASDESRMW,PADD 4,diesel,,weekly-mon,3.937
2013-09-09,GASDESRMW,PADD 4,diesel,,weekly-mon,3.934
2013-09-16,GASDESRMW,PADD 4,diesel,,weekly-mon,3.941
2013-09-23,GASDESRMW,PADD 4,diesel,,weekly-mon,3.943
2013-09-30,GASDESRMW,PADD 4,diesel,,weekly-mon,3.927
2013-10-07,GASDESRMW,PADD 4,diesel,,weekly-mon,3.915
2013-10-14,GASDESRMW,PADD 4,diesel,,weekly-mon,3.889
2013-10-21,GASDESRMW,PADD 4,diesel,,weekly-mon,3.875
2013-10-28,GASDESRMW,PADD 4,diesel,,weekly-mon,3.865
2013-11-04,GASDESRMW,PADD 4,diesel,,weekly-mon,3.857
2013-11-11,GASDESRMW,PADD 4,diesel,,weekly-mon,3.836
2013-11-18,GASDESRMW,PADD 4,diesel,,weekly-mon,3.836
2013-11-25,GASDESRMW,PADD 4,diesel,,weekly-mon,3.837
2013-12-02,GASDESRMW,PADD 4,diesel,,weekly-mon,3.858
2013-12-09,GASDESRMW,PADD 4,diesel,,weekly-mon,3.851
2013-12-16,GASDESRMW,PADD 4,diesel,,weekly-mon,3.852
2013-12-23,GASDESRMW,PADD 4,diesel,,weekly-mon,3.853
2013-12-30,GASDESRMW,PADD 4,diesel,,weekly-mon,3.889
2014-01-06,GASDESRMW,PADD 4,diesel,,weekly-mon,3.901
2014-01-13,GASDESRMW,PADD 4,diesel,,weekly-mon,3.886
2014-01-20,GASDESRMW,PADD 4,diesel,,weekly-mon,3.86
2014-01-27,GASDESRMW,PADD 4,diesel,,weekly-mon,3.863
2014-02-03,GASDESRMW,PADD 4,diesel,,weekly-mon,3.86
2014-02-10,GASDESRMW,PADD 4,diesel,,weekly-mon,3.868
2014-02-17,GASDESRMW,PADD 4,diesel,,weekly-mon,3.905
2014-02-24,GASDESRMW,PADD 4,diesel,,weekly-mon,3.95
2014-03-03,GASDESRMW,PADD 4,diesel,,weekly-mon,3.983
2014-03-10,GASDESRMW,PADD 4,diesel,,weekly-mon,4.0
2014-03-17,GASDESRMW,PADD 4,diesel,,weekly-mon,3.991
2014-03-24,GASDESRMW,PADD 4,diesel,,weekly-mon,3.984
2014-03-31,GASDESRMW,PADD 4,diesel,,weekly-mon,3.975
2014-04-07,GASDESRMW,PADD 4,diesel,,weekly-mon,3.955
2014-04-14,GASDESRMW,PADD 4,diesel,,weekly-mon,3.942
2014-04-21,GASDESRMW,PADD 4,diesel,,weekly-mon,3.976
2014-04-28,GASDESRMW,PADD 4,diesel,,weekly-mon,3.982
2014-05-05,GASDESRMW,PADD 4,diesel,,weekly-mon,3.978
2014-05-12,GASDESRMW,PADD 4,diesel,,weekly-mon,3.97
2014-05-19,GASDESRMW,PADD 4,diesel,,weekly-mon,3.954
2014-05-26,GASDESRMW,PADD 4,diesel,,weekly-mon,3.946
2014-06-02,GASDESRMW,PADD 4,diesel,,weekly-mon,3.936
2014-06-09,GASDESRMW,PADD 4,diesel,,weekly-mon,3.909
2014-06-16,GASDESRMW,PADD 4,diesel,,weekly-mon,3.892
2014-06-23,GASDESRMW,PADD 4,diesel,,weekly-mon,3.913
2014-06-30,GASDESRMW,PADD 4,diesel,,weekly-mon,3.917
2014-07-07,GASDESRMW,PADD 4,diesel,,weekly-mon,3.909
2014-07-14,GASDESRMW,PADD 4,diesel,,weekly-mon,3.896
2014-07-21,GASDESRMW,PADD 4,diesel,,weekly-mon,3.889
2014-07-28,GASDESRMW,PADD 4,diesel,,weekly-mon,3.888
2014-08-04,GASDESRMW,PADD 4,diesel,,weekly-mon,3.877
2014-08-11,GASDESRMW,PADD 4,diesel,,weekly-mon,3.876
2014-08-18,GASDESRMW,PADD 4,diesel,,weekly-mon,3.871
2014-08-25,GASDESRMW,PADD 4,diesel,,weekly-mon,3.875
2014-09-01,GASDESRMW,PADD 4,diesel,,weekly-mon,3.868
2014-09-08,GASDESRMW,PADD 4,diesel,,weekly-mon,3.869
2014-09-15,GASDESRMW,PADD 4,diesel,,weekly-mon,3.858
2014-09-22,GASDESRMW,PADD 4,diesel,,weekly-mon,3.841
2014-09-29,GASDESRMW,PADD 4,diesel,,weekly-mon,3.806
2014-10-06,GASDESRMW,PADD 4,diesel,,weekly-mon,3.787
2014-10-13,GASDESRMW,PADD 4,diesel,,weekly-mon,3.75
2014-10-20,GASDESRMW,PADD 4,diesel,,weekly-mon,3.738
2014-10-27,GASDESRMW,PADD 4,diesel,,weekly-mon,3.714
2014-11-03,GASDESRMW,PADD 4,diesel,,weekly-mon,3.713
2014-11-10,GASDESRMW,PADD 4,diesel,,weekly-mon,3.796
2014-11-17,GASDESRMW,PADD 4,diesel,,weekly-mon,3.767
2014-11-24,GASDESRMW,PADD 4,diesel,,weekly-mon,3.74
2014-12-01,GASDESRMW,PADD 4,diesel,,weekly-mon,3.727
2014-12-08,GASDESRMW,PADD 4,diesel,,weekly-mon,3.655
2014-12-15,GASDESRMW,PADD 4,diesel,,weekly-mon,3.504
2014-12-22,GASDESRMW,PADD 4,diesel,,weekly-mon,3.338
2014-12-29,GASDESRMW,PADD 4,diesel,,weekly-mon,3.239
2015-01-05,GASDESRMW,PADD 4,diesel,,weekly-mon,3.139
2015-01-12,GASDESRMW,PADD 4,diesel,,weekly-mon,3.027
2015-01-19,GASDESRMW,PADD 4,diesel,,weekly-mon,2.884
2015-01-26,GASDESRMW,PADD 4,diesel,,weekly-mon,2.812
2015-02-02,GASDESRMW,PADD 4,diesel,,weekly-mon,2.783
2015-02-09,GASDESRMW,PADD 4,diesel,,weekly-mon,2.776
2015-02-16,GASDESRMW,PADD 4,diesel,,weekly-mon,2.77
2015-02-23,GASDESRMW,PADD 4,diesel,,weekly-mon,2.762
2015-03-02,GASDESRMW,PADD 4,diesel,,weekly-mon,2.779
2015-03-09,GASDESRMW,PADD 4,diesel,,weekly-mon,2.801
2015-03-16,GASDESRMW,PADD 4,diesel,,weekly-mon,2.812
2015-03-23,GASDESRMW,PADD 4,diesel,,weekly-mon,2.767
2015-03-30,GASDESRMW,PADD 4,diesel,,weekly-mon,2.743
2015-04-06,GASDESRMW,PADD 4,diesel,,weekly-mon,2.725
2015-04-13,GASDESRMW,PADD 4,diesel,,weekly-mon,2.703
2015-04-20,GASDESRMW,PADD 4,diesel,,weekly-mon,2.713
2015-04-27,GASDESRMW,PADD 4,diesel,,weekly-mon,2.731
2015-05-04,GASDESRMW,PADD 4,diesel,,weekly-mon,2.764
2015-05-11,GASDESRMW,PADD 4,diesel,,weekly-mon,2.772
2015-05-18,GASDESRMW,PADD 4,diesel,,weekly-mon,2.813
2015-05-25,GASDESRMW,PADD 4,diesel,,weekly-mon,2.83
2015-06-01,GASDESRMW,PADD 4,diesel,,weekly-mon,2.835
2015-06-08,GASDESRMW,PADD 4,diesel,,weekly-mon,2.825
2015-06-15,GASDESRMW,PADD 4,diesel,,weekly-mon,2.808
2015-06-22,GASDESRMW,PADD 4,diesel,,weekly-mon,2.799
2015-06-29,GASDESRMW,PADD 4,diesel,,weekly-mon,2.776
2015-07-06,GASDESRMW,PADD 4,diesel,,weekly-mon,2.785
2015-07-13,GASDESRMW,PADD 4,diesel,,weekly-mon,2.787
2015-07-20,GASDESRMW,PADD 4,diesel,,weekly-mon,2.77
2015-07-27,GASDESRMW,PADD 4,diesel,,weekly-mon,2.735
2015-08-03,GASDESRMW,PADD 4,diesel,,weekly-mon,2.685
2015-08-10,GASDESRMW,PADD 4,diesel,,weekly-mon,2.64
2015-08-17,GASDESRMW,PADD 4,diesel,,weekly-mon,2.627
2015-08-24,GASDESRMW,PADD 4,diesel,,weekly-mon,2.592
2015-08-31,GASDESRMW,PADD 4,diesel,,weekly-mon,2.562
2015-09-07,GASDESRMW,PADD 4,diesel,,weekly-mon,2.567
2015-09-14,GASDESRMW,PADD 4,diesel,,weekly-mon,2.554
2015-09-21,GASDESRMW,PADD 4,diesel,,weekly-mon,2.522
2015-09-28,GASDESRMW,PADD 4,diesel,,weekly-mon,2.486
2015-10-05,GASDESRMW,PADD 4,diesel,,weekly-mon,2.501
2015-10-12,GASDESRMW,PADD 4,diesel,,weekly-mon,2.516
2015-10-19,GASDESRMW,PADD 4,diesel,,weekly-mon,2.523
2015-10-26,GASDESRMW,PADD 4,diesel,,weekly-mon,2.508
2015-11-02,GASDESRMW,PADD 4,diesel,,weekly-mon,2.497
2015-11-09,GASDESRMW,PADD 4,diesel,,weekly-mon,2.488
2015-11-16,GASDESRMW,PADD 4,diesel,,weekly-mon,2.488
2015-11-23,GASDESRMW,PADD 4,diesel,,weekly-mon,2.474
2015-11-30,GASDESRMW,PADD 4,diesel,,weekly-mon,2.451
2015-12-07,GASDESRMW,PADD 4,diesel,,weekly-mon,2.41
2015-12-14,GASDESRMW,PADD 4,diesel,,weekly-mon,2.375
2015-12-21,GASDESRMW,PADD 4,diesel,,weekly-mon,2.304
2015-12-28,GASDESRMW,PADD 4,diesel,,weekly-mon,2.227
2016-01-04,GASDESRMW,PADD 4,diesel,,weekly-mon,2.191
2016-01-11,GASDESRMW,PADD 4,diesel,,weekly-mon,2.134
2016-01-18,GASDESRMW,PADD 4,diesel,,weekly-mon,2.078
2016-01-25,GASDESRMW,PADD 4,diesel,,weekly-mon,2.015
2016-02-01,GASDESRMW,PADD 4,diesel,,weekly-mon,1.969
2016-02-08,GASDESRMW,PADD 4,diesel,,weekly-mon,1.914
2016-02-15,GASDESRMW,PADD 4,diesel,,weekly-mon,1.866
2016-02-22,GASDESRMW,PADD 4,diesel,,weekly-mon,1.861
2016-02-29,GASDESRMW,PADD 4,diesel,,weekly-mon,1.881
2016-03-07,GASDESRMW,PADD 4,diesel,,weekly-mon,1.927
2016-03-14,GASDESRMW,PADD 4,diesel,,weekly-mon,1.999
2016-03-21,GASDESRMW,PADD 4,diesel,,weekly-mon,2.056
2016-03-28,GASDESRMW,PADD 4,diesel,,weekly-mon,2.094
2016-04-04,GASDESRMW,PADD 4,diesel,,weekly-mon,2.123
2016-04-11,GASDESRMW,PADD 4,diesel,,weekly-mon,2.142
2016-04-18,GASDESRMW,PADD 4,diesel,,weekly-mon,2.171
2016-04-25,GASDESRMW,PADD 4,diesel,,weekly-mon,2.202
2016-05-02,GASDESRMW,PADD 4,diesel,,weekly-mon,2.255
2016-05-09,GASDESRMW,PADD 4,diesel,,weekly-mon,2.277
2016-05-16,GASDESRMW,PADD 4,diesel,,weekly-mon,2.324
2016-05-23,GASDESRMW,PADD 4,diesel,,weekly-mon,2.358
2016-05-30,GASDESRMW,PADD 4,diesel,,weekly-mon,2.375
2016-06-06,GASDESRMW,PADD 4,diesel,,weekly-mon,2.39
2016-06-13,GASDESRMW,PADD 4,diesel,,weekly-mon,2.413
2016-06-20,GASDESRMW,PADD 4,diesel,,weekly-mon,2.413
2016-06-27,GASDESRMW,PADD 4,diesel,,weekly-mon,2.429
2016-07-04,GASDESRMW,PADD 4,diesel,,weekly-mon,2.436
2016-07-11,GASDESRMW,PADD 4,diesel,,weekly-mon,2.445
2016-07-18,GASDESRMW,PADD 4,diesel,,weekly-mon,2.435
2016-07-25,GASDESRMW,PADD 4,diesel,,weekly-mon,2.434
2016-08-01,GASDESRMW,PADD 4,diesel,,weekly-mon,2.419
2016-08-08,GASDESRMW,PADD 4,diesel,,weekly-mon,2.396
2016-08-15,GASDESRMW,PADD 4,diesel,,weekly-mon,2.394
2016-08-22,GASDESRMW,PADD 4,diesel,,weekly-mon,2.435
2016-08-29,GASDESRMW,PADD 4,diesel,,weekly-mon,2.476
2016-09-05,GASDESRMW,PADD 4,diesel,,weekly-mon,2.493
2016-09-12,GASDESRMW,PADD 4,diesel,,weekly-mon,2.489
2016-09-19,GASDESRMW,PADD 4,diesel,,weekly-mon,2.482
2016-09-26,GASDESRMW,PADD 4,diesel,,weekly-mon,2.465
2016-10-03,GASDESRMW,PADD 4,diesel,,weekly-mon,2.467
2016-10-10,GASDESRMW,PADD 4,diesel,,weekly-mon,2.508
2016-10-17,GASDESRMW,PADD 4,diesel,,weekly-mon,2.546
2016-10-24,GASDESRMW,PADD 4,diesel,,weekly-mon,2.55
2016-10-31,GASDESRMW,PADD 4,diesel,,weekly-mon,2.541
2016-11-07,GASDESRMW,PADD 4,diesel,,weekly-mon,2.532
2016-11-14,GASDESRMW,PADD 4,diesel,,weekly-mon,2.492
2016-11-21,GASDESRMW,PADD 4,diesel,,weekly-mon,2.455
2016-11-28,GASDESRMW,PADD 4,diesel,,weekly-mon,2.45
2016-12-05,GASDESRMW,PADD 4,diesel,,weekly-mon,2.457
2016-12-12,GASDESRMW,PADD 4,diesel,,weekly-mon,2.447
2016-12-19,GASDESRMW,PADD 4,diesel,,weekly-mon,2.495
2016-12-26,GASDESRMW,PADD 4,diesel,,weekly-mon,2.516
2017-01-02,GASDESRMW,PADD 4,diesel,,weekly-mon,2.535
2017-01-09,GASDESRMW,PADD 4,diesel,,weekly-mon,2.541
2017-01-16,GASDESRMW,PADD 4,diesel,,weekly-mon,2.538
2017-01-23,GASDESRMW,PADD 4,diesel,,weekly-mon,2.532
2017-01-30,GASDESRMW,PADD 4,diesel,,weekly-mon,2.516
2017-02-06,GASDESRMW,PADD 4,diesel,,weekly-mon,2.515
2017-02-13,GASDESRMW,PADD 4,diesel,,weekly-mon,2.522
2017-02-20,GASDESRMW,PADD 4,diesel,,weekly-mon,2.548
2017-02-27,GASDESRMW,PADD 4,diesel,,weekly-mon,2.582
2017-03-06,GASDESRMW,PADD 4,diesel,,weekly-mon,2.625
2017-03-13,GASDESRMW,PADD 4,diesel,,weekly-mon,2.617
2017-03-20,GASDESRMW,PADD 4,diesel,,weekly-mon,2.59
2017-03-27,GASDESRMW,PADD 4,diesel,,weekly-mon,2.597
2017-04-03,GASDESRMW,PADD 4,diesel,,weekly-mon,2.623
2017-04-10,GASDESRMW,PADD 4,diesel,,weekly-mon,2.64
2017-04-17,GASDESRMW,PADD 4,diesel,,weekly-mon,2.652
2017-04-24,GASDESRMW,PADD 4,diesel,,weekly-mon,2.662
2017-05-01,GASDESRMW,PADD 4,diesel,,weekly-mon,2.666
2017-05-08,GASDESRMW,PADD 4,diesel,,weekly-mon,2.651
2017-05-15,GASDESRMW,PADD 4,diesel,,weekly-mon,2.626
2017-05-22,GASDESRMW,PADD 4,diesel,,weekly-mon,2.629
2017-05-29,GASDESRMW,PADD 4,diesel,,weekly-mon,2.661
2017-06-05,GASDESRMW,PADD 4,diesel,,weekly-mon,2.664
2017-06-12,GASDESRMW,PADD 4,diesel,,weekly-mon,2.644
2017-06-19,GASDESRMW,PADD 4,diesel,,weekly-mon,2.625
2017-06-26,GASDESRMW,PADD 4,diesel,,weekly-mon,2.592
2017-07-03,GASDESRMW,PADD 4,diesel,,weekly-mon,2.585
2017-07-10,GASDESRMW,PADD 4,diesel,,weekly-mon,2.584
2017-07-17,GASDESRMW,PADD 4,diesel,,weekly-mon,2.587
2017-07-24,GASDESRMW,PADD 4,diesel,,weekly-mon,2.598
2017-07-31,GASDESRMW,PADD 4,diesel,,weekly-mon,2.615
2017-08-07,GASDESRMW,PADD 4,diesel,,weekly-mon,2.673
2017-08-14,GASDESRMW,PADD 4,diesel,,weekly-mon,2.7
2017-08-21,GASDESRMW,PADD 4,diesel,,weekly-mon,2.714
2017-08-28,GASDESRMW,PADD 4,diesel,,weekly-mon,2.717
2017-09-04,GASDESRMW,PADD 4,diesel,,weekly-mon,2.798
2017-09-11,GASDESRMW,PADD 4,diesel,,weekly-mon,2.827
2017-09-18,GASDESRMW,PADD 4,diesel,,weekly-mon,2.813
2017-09-25,GASDESRMW,PADD 4,diesel,,weekly-mon,2.832
2017-10-02,GASDESRMW,PADD 4,diesel,,weekly-mon,2.86
2017-10-09,GASDESRMW,PADD 4,diesel,,weekly-mon,2.856
2017-10-16,GASDESRMW,PADD 4,diesel,,weekly-mon,2.886
2017-10-23,GASDESRMW,PADD 4,diesel,,weekly-mon,2.917
2017-10-30,GASDESRMW,PADD 4,diesel,,weekly-mon,2.943
2017-11-06,GASDESRMW,PADD 4,diesel,,weekly-mon,2.965
2017-11-13,GASDESRMW,PADD 4,diesel,,weekly-mon,2.992
2017-11-20,GASDESRMW,PADD 4,diesel,,weekly-mon,3.003
2017-11-27,GASDESRMW,PADD 4,diesel,,weekly-mon,3.026
2017-12-04,GASDESRMW,PADD 4,diesel,,weekly-mon,3.019
2017-12-11,GASDESRMW,PADD 4,diesel,,weekly-mon,2.991
2017-12-18,GASDESRMW,PADD 4,diesel,,weekly-mon,2.958
2017-12-25,GASDESRMW,PADD 4,diesel,,weekly-mon,2.948
2018-01-01,GASDESRMW,PADD 4,diesel,,weekly-mon,2.981
2018-01-08,GASDESRMW,PADD 4,diesel,,weekly-mon,2.974
2018-01-15,GASDESRMW,PADD 4,diesel,,weekly-mon,2.984
2018-01-22,GASDESRMW,PADD 4,diesel,,weekly-mon,2.955
2018-01-29,GASDESRMW,PADD 4,diesel,,weekly-mon,2.967
2018-02-05,GASDESRMW,PADD 4,diesel,,weekly-mon,2.981
2018-02-12,GASDESRMW,PADD 4,diesel,,weekly-mon,2.972
2018-02-19,GASDESRMW,PADD 4,diesel,,weekly-mon,2.953
2018-02-26,GASDESRMW,PADD 4,diesel,,weekly-mon,2.936
2018-03-05,GASDESRMW,PADD 4,diesel,,weekly-mon,2.91
2018-03-12,GASDESRMW,PADD 4,diesel,,weekly-mon,2.903
2018-03-19,GASDESRMW,PADD 4,diesel,,weekly-mon,2.925
2018-03-26,GASDESRMW,PADD 4,diesel,,weekly-mon,2.991
2018-04-02,GASDESRMW,PADD 4,diesel,,weekly-mon,3.044
2018-04-09,GASDESRMW,PADD 4,diesel,,weekly-mon,3.086
2018-04-16,GASDESRMW,PADD 4,diesel,,weekly-mon,3.137
2018-04-23,GASDESRMW,PADD 4,diesel,,weekly-mon,3.181
2018-04-30,GASDESRMW,PADD 4,diesel,,weekly-mon,3.215
2018-05-07,GASDESRMW,PADD 4,diesel,,weekly-mon,3.249
2018-05-14,GASDESRMW,PADD 4,diesel,,weekly-mon,3.316
2018-05-21,GASDESRMW,PADD 4,diesel,,weekly-mon,3.348
2018-05-28,GASDESRMW,PADD 4,diesel,,weekly-mon,3.353
2018-06-04,GASDESRMW,PADD 4,diesel,,weekly-mon,3.359
2018-06-11,GASDESRMW,PADD 4,diesel,,weekly-mon,3.344
2018-06-18,GASDESRMW,PADD 4,diesel,,weekly-mon,3.339
2018-06-25,GASDESRMW,PADD 4,diesel,,weekly-mon,3.321
2018-07-02,GASDESRMW,PADD 4,diesel,,weekly-mon,3.358
2018-07-09,GASDESRMW,PADD 4,diesel,,weekly-mon,3.37
2018-07-16,GASDESRMW,PADD 4,diesel,,weekly-mon,3.37
2018-07-23,GASDESRMW,PADD 4,diesel,,weekly-mon,3.369
2018-07-30,GASDESRMW,PADD 4,diesel,,weekly-mon,3.361
2018-08-06,GASDESRMW,PADD 4,diesel,,weekly-mon,3.361
2018-08-13,GASDESRMW,PADD 4,diesel,,weekly-mon,3.358
2018-08-20,GASDESRMW,PADD 4,diesel,,weekly-mon,3.349
2018-08-27,GASDESRMW,PADD 4,diesel,,weekly-mon,3.364
2018-09-03,GASDESRMW,PADD 4,diesel,,weekly-mon,3.364
2018-09-10,GASDESRMW,PADD 4,diesel,,weekly-mon,3.367
2018-09-17,GASDESRMW,PADD 4,diesel,,weekly-mon,3.363
2018-09-24,GASDESRMW,PADD 4,diesel,,weekly-mon,3.355
2018-10-01,GASDESRMW,PADD 4,diesel,,weekly-mon,3.367
2018-10-08,GASDESRMW,PADD 4,diesel,,weekly-mon,3.39
2018-10-15,GASDESRMW,PADD 4,diesel,,weekly-mon,3.4
2018-10-22,GASDESRMW,PADD 4,diesel,,weekly-mon,3.408
2018-10-29,GASDESRMW,PADD 4,diesel,,weekly-mon,3.405
2018-11-05,GASDESRMW,PADD 4,diesel,,weekly-mon,3.398
2018-11-12,GASDESRMW,PADD 4,diesel,,weekly-mon,3.378
2018-11-19,GASDESRMW,PADD 4,diesel,,weekly-mon,3.36
2018-11-26,GASDESRMW,PADD 4,diesel,,weekly-mon,3.339
2018-12-03,GASDESRMW,PADD 4,diesel,,weekly-mon,3.291
2018-12-10,GASDESRMW,PADD 4,diesel,,weekly-mon,3.239
2018-12-17,GASDESRMW,PADD 4,diesel,,weekly-mon,3.178
2018-12-24,GASDESRMW,PADD 4,diesel,,weekly-mon,3.11
2018-12-31,GASDESRMW,PADD 4,diesel,,weekly-mon,3.071
2019-01-07,GASDESRMW,PADD 4,diesel,,weekly-mon,3.026
2019-01-14,GASDESRMW,PADD 4,diesel,,weekly-mon,2.987
2019-01-21,GASDESRMW,PADD 4,diesel,,weekly-mon,2.944
2019-01-28,GASDESRMW,PADD 4,diesel,,weekly-mon,2.911
2019-02-04,GASDESRMW,PADD 4,diesel,,weekly-mon,2.883
2019-02-11,GASDESRMW,PADD 4,diesel,,weekly-mon,2.87
2019-02-18,GASDESRMW,PADD 4,diesel,,weekly-mon,2.887
2019-02-25,GASDESRMW,PADD 4,diesel,,weekly-mon,2.913
2019-03-04,GASDESRMW,PADD 4,diesel,,weekly-mon,2.939
2019-03-11,GASDESRMW,PADD 4,diesel,,weekly-mon,2.939
2019-03-18,GASDESRMW,PADD 4,diesel,,weekly-mon,2.944
2019-03-25,GASDESRMW,PADD 4,diesel,,weekly-mon,2.974
2019-04-01,GASDESRMW,PADD 4,diesel,,weekly-mon,3.007
2019-04-08,GASDESRMW,PADD 4,diesel,,weekly-mon,3.028
2019-04-15,GASDESRMW,PADD 4,diesel,,weekly-mon,3.082
2019-04-22,GASDESRMW,PADD 4,diesel,,weekly-mon,3.143
2019-04-29,GASDESRMW,PADD 4,diesel,,weekly-mon,3.183
2019-05-06,GASDESRMW,PADD 4,diesel,,weekly-mon,3.186
2019-05-13,GASDESRMW,PADD 4,diesel,,weekly-mon,3.181
2019-05-20,GASDESRMW,PADD 4,diesel,,weekly-mon,3.192
2019-05-27,GASDESRMW,PADD 4,diesel,,weekly-mon,3.181
2019-06-03,GASDESRMW,PADD 4,diesel,,weekly-mon,3.163
2019-06-10,GASDESRMW,PADD 4,diesel,,weekly-mon,3.114
2019-06-17,GASDESRMW,PADD 4,diesel,,weekly-mon,3.072
2019-06-24,GASDESRMW,PADD 4,diesel,,weekly-mon,3.03
2019-07-01,GASDESRMW,PADD 4,diesel,,weekly-mon,2.998
2019-07-08,GASDESRMW,PADD 4,diesel,,weekly-mon,2.98
2019-07-15,GASDESRMW,PADD 4,diesel,,weekly-mon,2.975
2019-07-22,GASDESRMW,PADD 4,diesel,,weekly-mon,2.978
2019-07-29,GASDESRMW,PADD 4,diesel,,weekly-mon,2.967
2019-08-05,GASDESRMW,PADD 4,diesel,,weekly-mon,2.965
2019-08-12,GASDESRMW,PADD 4,diesel,,weekly-mon,2.94
2019-08-19,GASDESRMW,PADD 4,diesel,,weekly-mon,2.939
2019-08-26,GASDESRMW,PADD 4,diesel,,weekly-mon,2.936
2019-09-02,GASDESRMW,PADD 4,diesel,,weekly-mon,2.924
2019-09-09,GASDESRMW,PADD 4,diesel,,weekly-mon,2.933
2019-09-16,GASDESRMW,PADD 4,diesel,,weekly-mon,2.959
2019-09-23,GASDESRMW,PADD 4,diesel,,weekly-mon,3.034
2019-09-30,GASDESRMW,PADD 4,diesel,,weekly-mon,3.032
2019-10-07,GASDESRMW,PADD 4,diesel,,weekly-mon,3.022
2019-10-14,GASDESRMW,PADD 4,diesel,,weekly-mon,3.041
2019-10-21,GASDESRMW,PADD 4,diesel,,weekly-mon,3.044
2019-10-28,GASDESRMW,PADD 4,diesel,,weekly-mon,3.082
2019-11-04,GASDESRMW,PADD 4,diesel,,weekly-mon,3.166
2019-11-11,GASDESRMW,PADD 4,diesel,,weekly-mon,3.203
2019-11-18,GASDESRMW,PADD 4,diesel,,weekly-mon,3.232
2019-11-25,GASDESRMW,PADD 4,diesel,,weekly-mon,3.246
2019-12-02,GASDESRMW,PADD 4,diesel,,weekly-mon,3.241
2019-12-09,GASDESRMW,PADD 4,diesel,,weekly-mon,3.207
2019-12-16,GASDESRMW,PADD 4,diesel,,weekly-mon,3.161
2019-12-23,GASDESRMW,PADD 4,diesel,,weekly-mon,3.127
2019-12-30,GASDESRMW,PADD 4,diesel,,weekly-mon,3.113
2020-01-06,GASDESRMW,PADD 4,diesel,,weekly-mon,3.1
2020-01-13,GASDESRMW,PADD 4,diesel,,weekly-mon,3.065
2020-01-20,GASDESRMW,PADD 4,diesel,,weekly-mon,3.01
2020-01-27,GASDESRMW,PADD 4,diesel,,weekly-mon,2.984
2020-02-03,GASDESRMW,PADD 4,diesel,,weekly-mon,2.944
2020-02-10,GASDESRMW,PADD 4,diesel,,weekly-mon,2.895
2020-02-17,GASDESRMW,PADD 4,diesel,,weekly-mon,2.858
2020-02-24,GASDESRMW,PADD 4,diesel,,weekly-mon,2.849
2020-03-02,GASDESRMW,PADD 4,diesel,,weekly-mon,2.826
2020-03-09,GASDESRMW,PADD 4,diesel,,weekly-mon,2.803
2020-03-16,GASDESRMW,PADD 4,diesel,,weekly-mon,2.742
2020-03-23,GASDESRMW,PADD 4,diesel,,weekly-mon,2.68
2020-03-30,GASDESRMW,PADD 4,diesel,,weekly-mon,2.592
2020-04-06,GASDESRMW,PADD 4,diesel,,weekly-mon,2.541
2020-04-13,GASDESRMW,PADD 4,diesel,,weekly-mon,2.497
2020-04-20,GASDESRMW,PADD 4,diesel,,weekly-mon,2.471
2020-04-27,GASDESRMW,PADD 4,diesel,,weekly-mon,2.434
2020-05-04,GASDESRMW,PADD 4,diesel,,weekly-mon,2.37
2020-05-11,GASDESRMW,PADD 4,diesel,,weekly-mon,2.346
2020-05-18,GASDESRMW,PADD 4,diesel,,weekly-mon,2.338
2020-05-25,GASDESRMW,PADD 4,diesel,,weekly-mon,2.348
2020-06-01,GASDESRMW,PADD 4,diesel,,weekly-mon,2.34
2020-06-08,GASDESRMW,PADD 4,diesel,,weekly-mon,2.351
2020-06-15,GASDESRMW,PADD 4,diesel,,weekly-mon,2.346
2020-06-22,GASDESRMW,PADD 4,diesel,,weekly-mon,2.353
2020-06-29,GASDESRMW,PADD 4,diesel,,weekly-mon,2.343
2020-07-06,GASDESRMW,PADD 4,diesel,,weekly-mon,2.345
2020-07-13,GASDESRMW,PADD 4,diesel,,weekly-mon,2.345
2020-07-20,GASDESRMW,PADD 4,diesel,,weekly-mon,2.343
2020-07-27,GASDESRMW,PADD 4,diesel,,weekly-mon,2.342
2020-08-03,GASDESRMW,PADD 4,diesel,,weekly-mon,2.343
2020-08-10,GASDESRMW,PADD 4,diesel,,weekly-mon,2.369
2020-08-17,GASDESRMW,PADD 4,diesel,,weekly-mon,2.365
2020-08-24,GASDESRMW,PADD 4,diesel,,weekly-mon,2.369
2020-08-31,GASDESRMW,PADD 4,diesel,,weekly-mon,2.385
2020-09-07,GASDESRMW,PADD 4,diesel,,weekly-mon,2.378
2020-09-14,GASDESRMW,PADD 4,diesel,,weekly-mon,2.368
2020-09-21,GASDESRMW,PADD 4,diesel,,weekly-mon,2.348
2020-09-28,GASDESRMW,PADD 4,diesel,,weekly-mon,2.336
2020-10-05,GASDESRMW,PADD 4,diesel,,weekly-mon,2.319
2020-10-12,GASDESRMW,PADD 4,diesel,,weekly-mon,2.33
2020-10-19,GASDESRMW,PADD 4,diesel,,weekly-mon,2.326
2020-10-26,GASDESRMW,PADD 4,diesel,,weekly-mon,2.324
2020-11-02,GASDESRMW,PADD 4,diesel,,weekly-mon,2.324
2020-11-09,GASDESRMW,PADD 4,diesel,,weekly-mon,2.372
2020-11-16,GASDESRMW,PADD 4,diesel,,weekly-mon,2.49
2020-11-23,GASDESRMW,PADD 4,diesel,,weekly-mon,2.515
2020-11-30,GASDESRMW,PADD 4,diesel,,weekly-mon,2.54
2020-12-07,GASDESRMW,PADD 4,diesel,,weekly-mon,2.541
2020-12-14,GASDESRMW,PADD 4,diesel,,weekly-mon,2.556
2020-12-21,GASDESRMW,PADD 4,diesel,,weekly-mon,2.582
2020-12-28,GASDESRMW,PADD 4,diesel,,weekly-mon,2.588
2021-01-04,GASDESRMW,PADD 4,diesel,,weekly-mon,2.586
2021-01-11,GASDESRMW,PADD 4,diesel,,weekly-mon,2.59
2021-01-18,GASDESRMW,PADD 4,diesel,,weekly-mon,2.603
2021-01-25,GASDESRMW,PADD 4,diesel,,weekly-mon,2.613
2021-02-01,GASDESRMW,PADD 4,diesel,,weekly-mon,2.641
2021-02-08,GASDESRMW,PADD 4,diesel,,weekly-mon,2.699
2021-02-15,GASDESRMW,PADD 4,diesel,,weekly-mon,2.787
2021-02-22,GASDESRMW,PADD 4,diesel,,weekly-mon,2.856
2021-03-01,GASDESRMW,PADD 4,diesel,,weekly-mon,2.983
2021-03-08,GASDESRMW,PADD 4,diesel,,weekly-mon,3.131
2021-03-15,GASDESRMW,PADD 4,diesel,,weekly-mon,3.276
2021-03-22,GASDESRMW,PADD 4,diesel,,weekly-mon,3.317
2021-03-29,GASDESRMW,PADD 4,diesel,,weekly-mon,3.294
2021-04-05,GASDESRMW,PADD 4,diesel,,weekly-mon,3.279
2021-04-12,GASDESRMW,PADD 4,diesel,,weekly-mon,3.256
2021-04-19,GASDESRMW,PADD 4,diesel,,weekly-mon,3.232
2021-04-26,GASDESRMW,PADD 4,diesel,,weekly-mon,3.228
2021-05-03,GASDESRMW,PADD 4,diesel,,weekly-mon,3.25
2021-05-10,GASDESRMW,PADD 4,diesel,,weekly-mon,3.307
2021-05-17,GASDESRMW,PADD 4,diesel,,weekly-mon,3.361
2021-05-24,GASDESRMW,PADD 4,diesel,,weekly-mon,3.362
2021-05-31,GASDESRMW,PADD 4,diesel,,weekly-mon,3.377
2021-06-07,GASDESRMW,PADD 4,diesel,,weekly-mon,3.386
2021-06-14,GASDESRMW,PADD 4,diesel,,weekly-mon,3.382
2021-06-21,GASDESRMW,PADD 4,diesel,,weekly-mon,3.393
2021-06-28,GASDESRMW,PADD 4,diesel,,weekly-mon,3.433
2021-07-05,GASDESRMW,PADD 4,diesel,,weekly-mon,3.516
2021-07-12,GASDESRMW,PADD 4,diesel,,weekly-mon,3.594
2021-07-19,GASDESRMW,PADD 4,diesel,,weekly-mon,3.634
2021-07-26,GASDESRMW,PADD 4,diesel,,weekly-mon,3.647
2021-08-02,GASDESRMW,PADD 4,diesel,,weekly-mon,3.666
2021-08-09,GASDESRMW,PADD 4,diesel,,weekly-mon,3.675
2021-08-16,GASDESRMW,PADD 4,diesel,,weekly-mon,3.657
2021-08-23,GASDESRMW,PADD 4,diesel,,weekly-mon,3.639
2021-08-30,GASDESRMW,PADD 4,diesel,,weekly-mon,3.628
2021-09-06,GASDESRMW,PADD 4,diesel,,weekly-mon,3.645
2021-09-13,GASDESRMW,PADD 4,diesel,,weekly-mon,3.636
2021-09-20,GASDESRMW,PADD 4,diesel,,weekly-mon,3.629
2021-09-27,GASDESRMW,PADD 4,diesel,,weekly-mon,3.605
2021-10-04,GASDESRMW,PADD 4,diesel,,weekly-mon,3.64
2021-10-11,GASDESRMW,PADD 4,diesel,,weekly-mon,3.673
2021-10-18,GASDESRMW,PADD 4,diesel,,weekly-mon,3.732
2021-10-25,GASDESRMW,PADD 4,diesel,,weekly-mon,3.779
2021-11-01,GASDESRMW,PADD 4,diesel,,weekly-mon,3.814
2021-11-08,GASDESRMW,PADD 4,diesel,,weekly-mon,3.833
2021-11-15,GASDESRMW,PADD 4,diesel,,weekly-mon,3.838
2021-11-22,GASDESRMW,PADD 4,diesel,,weekly-mon,3.841
2021-11-29,GASDESRMW,PADD 4,diesel,,weekly-mon,3.824
2021-12-06,GASDESRMW,PADD 4,diesel,,weekly-mon,3.78
2021-12-13,GASDESRMW,PADD 4,diesel,,weekly-mon,3.758
2021-12-20,GASDESRMW,PADD 4,diesel,,weekly-mon,3.731
2021-12-27,GASDESRMW,PADD 4,diesel,,weekly-mon,3.704
2022-01-03,GASDESRMW,PADD 4,diesel,,weekly-mon,3.687
2022-01-10,GASDESRMW,PADD 4,diesel,,weekly-mon,3.666
2022-01-17,GASDESRMW,PADD 4,diesel,,weekly-mon,3.678
2022-01-24,GASDESRMW,PADD 4,diesel,,weekly-mon,3.698
2022-01-31,GASDESRMW,PADD 4,diesel,,weekly-mon,3.757
2022-02-07,GASDESRMW,PADD 4,diesel,,weekly-mon,3.861
2022-02-14,GASDESRMW,PADD 4,diesel,,weekly-mon,3.911
2022-02-21,GASDESRMW,PADD 4,diesel,,weekly-mon,3.931
2022-02-28,GASDESRMW,PADD 4,diesel,,weekly-mon,3.976
2022-03-07,GASDESRMW,PADD 4,diesel,,weekly-mon,4.542
2022-03-14,GASDESRMW,PADD 4,diesel,,weekly-mon,4.966
2022-03-21,GASDESRMW,PADD 4,diesel,,weekly-mon,4.887
2022-03-28,GASDESRMW,PADD 4,diesel,,weekly-mon,5.044
2022-04-04,GASDESRMW,PADD 4,diesel,,weekly-mon,5.055
2022-04-11,GASDESRMW,PADD 4,diesel,,weekly-mon,5.042
2022-04-18,GASDESRMW,PADD 4,diesel,,weekly-mon,5.094
2022-04-25,GASDESRMW,PADD 4,diesel,,weekly-mon,5.154
2022-05-02,GASDESRMW,PADD 4,diesel,,weekly-mon,5.406
2022-05-09,GASDESRMW,PADD 4,diesel,,weekly-mon,5.461
2022-05-16,GASDESRMW,PADD 4,diesel,,weekly-mon,5.468
2022-05-23,GASDESRMW,PADD 4,diesel,,weekly-mon,5.498
2022-05-30,GASDESRMW,PADD 4,diesel,,weekly-mon,5.494
2022-06-06,GASDESRMW,PADD 4,diesel,,weekly-mon,5.591
2022-06-13,GASDESRMW,PADD 4,diesel,,weekly-mon,5.692
2022-06-20,GASDESRMW,PADD 4,diesel,,weekly-mon,5.782
2022-06-27,GASDESRMW,PADD 4,diesel,,weekly-mon,5.77
2022-07-04,GASDESRMW,PADD 4,diesel,,weekly-mon,5.732
2022-07-11,GASDESRMW,PADD 4,diesel,,weekly-mon,5.674
2022-07-18,GASDESRMW,PADD 4,diesel,,weekly-mon,5.546
2022-07-25,GASDESRMW,PADD 4,diesel,,weekly-mon,5.389
2022-08-01,GASDESRMW,PADD 4,diesel,,weekly-mon,5.181
2022-08-08,GASDESRMW,PADD 4,diesel,,weekly-mon,5.04
2022-08-15,GASDESRMW,PADD 4,diesel,,weekly-mon,4.963
2022-08-22,GASDESRMW,PADD 4,diesel,,weekly-mon,4.885
2022-08-29,GASDESRMW,PADD 4,diesel,,weekly-mon,4.972
2022-09-05,GASDESRMW,PADD 4,diesel,,weekly-mon,4.971
2022-09-12,GASDESRMW,PADD 4,diesel,,weekly-mon,4.961
2022-09-19,GASDESRMW,PADD 4,diesel,,weekly-mon,4.932
2022-09-26,GASDESRMW,PADD 4,diesel,,weekly-mon,4.885
2022-10-03,GASDESRMW,PADD 4,diesel,,weekly-mon,4.87
2022-10-10,GASDESRMW,PADD 4,diesel,,weekly-mon,5.199
2022-10-17,GASDESRMW,PADD 4,diesel,,weekly-mon,5.268
2022-10-24,GASDESRMW,PADD 4,diesel,,weekly-mon,5.338
2022-10-31,GASDESRMW,PADD 4,diesel,,weekly-mon,5.302
2022-11-07,GASDESRMW,PADD 4,diesel,,weekly-mon,5.338
2022-11-14,GASDESRMW,PADD 4,diesel,,weekly-mon,5.401
2022-11-21,GASDESRMW,PADD 4,diesel,,weekly-mon,5.438
2022-11-28,GASDESRMW,PADD 4,diesel,,weekly-mon,5.392
2022-12-05,GASDESRMW,PADD 4,diesel,,weekly-mon,5.25
2022-12-12,GASDESRMW,PADD 4,diesel,,weekly-mon,5.027
2022-12-19,GASDESRMW,PADD 4,diesel,,weekly-mon,4.86
2022-12-26,GASDESRMW,PADD 4,diesel,,weekly-mon,4.745
2023-01-02,GASDESRMW,PADD 4,diesel,,weekly-mon,4.73
2023-01-09,GASDESRMW,PADD 4,diesel,,weekly-mon,4.697
2023-01-16,GASDESRMW,PADD 4,diesel,,weekly-mon,4.729
2023-01-23,GASDESRMW,PADD 4,diesel,,weekly-mon,4.736
2023-01-30,GASDESRMW,PADD 4,diesel,,weekly-mon,4.742
2023-02-06,GASDESRMW,PADD 4,diesel,,weekly-mon,4.741
2023-02-13,GASDESRMW,PADD 4,diesel,,weekly-mon,4.66
2023-02-20,GASDESRMW,PADD 4,diesel,,weekly-mon,4.621
2023-02-27,GASDESRMW,PADD 4,diesel,,weekly-mon,4.559
2023-03-06,GASDESRMW,PADD 4,diesel,,weekly-mon,4.498
2023-03-13,GASDESRMW,PADD 4,diesel,,weekly-mon,4.431
2023-03-20,GASDESRMW,PADD 4,diesel,,weekly-mon,4.35
2023-03-27,GASDESRMW,PADD 4,diesel,,weekly-mon,4.231
2023-04-03,GASDESRMW,PADD 4,diesel,,weekly-mon,4.15
2023-04-10,GASDESRMW,PADD 4,diesel,,weekly-mon,4.095
2023-04-17,GASDESRMW,PADD 4,diesel,,weekly-mon,4.104
2023-04-24,GASDESRMW,PADD 4,diesel,,weekly-mon,4.124
2023-05-01,GASDESRMW,PADD 4,diesel,,weekly-mon,4.146
2023-05-08,GASDESRMW,PADD 4,diesel,,weekly-mon,4.105
2023-05-15,GASDESRMW,PADD 4,diesel,,weekly-mon,4.089
2023-05-22,GASDESRMW,PADD 4,diesel,,weekly-mon,4.088
2023-05-29,GASDESRMW,PADD 4,diesel,,weekly-mon,4.077
2023-06-05,GASDESRMW,PADD 4,diesel,,weekly-mon,4.044
2023-06-12,GASDESRMW,PADD 4,diesel,,weekly-mon,4.013
2023-06-19,GASDESRMW,PADD 4,diesel,,weekly-mon,4.032
2023-06-26,GASDESRMW,PADD 4,diesel,,weekly-mon,4.022
2023-07-03,GASDESRMW,PADD 4,diesel,,weekly-mon,3.95
2023-07-10,GASDESRMW,PADD 4,diesel,,weekly-mon,3.939
2023-07-17,GASDESRMW,PADD 4,diesel,,weekly-mon,3.927
2023-07-24,GASDESRMW,PADD 4,diesel,,weekly-mon,3.974
2023-07-31,GASDESRMW,PADD 4,diesel,,weekly-mon,4.127
2023-08-07,GASDESRMW,PADD 4,diesel,,weekly-mon,4.288
2023-08-14,GASDESRMW,PADD 4,diesel,,weekly-mon,4.394
2023-08-21,GASDESRMW,PADD 4,diesel,,weekly-mon,4.5
2023-08-28,GASDESRMW,PADD 4,diesel,,weekly-mon,4.658
2023-09-04,GASDESRMW,PADD 4,diesel,,weekly-mon,4.727
2023-09-11,GASDESRMW,PADD 4,diesel,,weekly-mon,4.81
2023-09-18,GASDESRMW,PADD 4,diesel,,weekly-mon,4.864
2023-09-25,GASDESRMW,PADD 4,diesel,,weekly-mon,4.801
2023-10-02,GASDESRMW,PADD 4,diesel,,weekly-mon,4.778
2023-10-09,GASDESRMW,PADD 4,diesel,,weekly-mon,4.717
2023-10-16,GASDESRMW,PADD 4,diesel,,weekly-mon,4.664
2023-10-23,GASDESRMW,PADD 4,diesel,,weekly-mon,4.754
2023-10-30,GASDESRMW,PADD 4,diesel,,weekly-mon,4.65
2023-11-06,GASDESRMW,PADD 4,diesel,,weekly-mon,4.489
2023-11-13,GASDESRMW,PADD 4,diesel,,weekly-mon,4.356
2023-11-20,GASDESRMW,PADD 4,diesel,,weekly-mon,4.268
2023-11-27,GASDESRMW,PADD 4,diesel,,weekly-mon,4.204
2023-12-04,GASDESRMW,PADD 4,diesel,,weekly-mon,4.128
2023-12-11,GASDESRMW,PADD 4,diesel,,weekly-mon,4.049
2023-12-18,GASDESRMW,PADD 4,diesel,,weekly-mon,3.933
2023-12-25,GASDESRMW,PADD 4,diesel,,weekly-mon,3.916
2024-01-01,GASDESRMW,PADD 4,diesel,,weekly-mon,3.887
2024-01-08,GASDESRMW,PADD 4,diesel,,weekly-mon,3.797
2024-01-15,GASDESRMW,PADD 4,diesel,,weekly-mon,3.755
2024-01-22,GASDESRMW,PADD 4,diesel,,weekly-mon,3.696
2024-01-29,GASDESRMW,PADD 4,diesel,,weekly-mon,3.645
2024-02-05,GASDESRMW,PADD 4,diesel,,weekly-mon,3.65
2024-02-12,GASDESRMW,PADD 4,diesel,,weekly-mon,3.805
2024-02-19,GASDESRMW,PADD 4,diesel,,weekly-mon,3.957
2024-02-26,GASDESRMW,PADD 4,diesel,,weekly-mon,3.999
2024-03-04,GASDESRMW,PADD 4,diesel,,weekly-mon,4.006
2024-03-11,GASDESRMW,PADD 4,diesel,,weekly-mon,3.992
2024-03-18,GASDESRMW,PADD 4,diesel,,weekly-mon,3.968
2024-03-25,GASDESRMW,PADD 4,diesel,,weekly-mon,3.986
2024-04-01,GASDESRMW,PADD 4,diesel,,weekly-mon,3.949
2024-04-08,GASDESRMW,PADD 4,diesel,,weekly-mon,4.008
2024-04-15,GASDESRMW,PADD 4,diesel,,weekly-mon,3.956
2024-04-22,GASDESRMW,PADD 4,diesel,,weekly-mon,3.883
2024-04-29,GASDESRMW,PADD 4,diesel,,weekly-mon,3.787
2024-05-06,GASDESRMW,PADD 4,diesel,,weekly-mon,3.785
2024-05-13,GASDESRMW,PADD 4,diesel,,weekly-mon,3.791
2024-05-20,GASDESRMW,PADD 4,diesel,,weekly-mon,3.746
2024-05-27,GASDESRMW,PADD 4,diesel,,weekly-mon,3.706
2024-06-03,GASDESRMW,PADD 4,diesel,,weekly-mon,3.685
2024-06-10,GASDESRMW,PADD 4,diesel,,weekly-mon,3.643
2024-06-17,GASDESRMW,PADD 4,diesel,,weekly-mon,3.682
2024-06-24,GASDESRMW,PADD 4,diesel,,weekly-mon,3.71
2024-07-01,GASDESRMW,PADD 4,diesel,,weekly-mon,3.745
2024-07-08,GASDESRMW,PADD 4,diesel,,weekly-mon,3.79
2024-07-15,GASDESRMW,PADD 4,diesel,,weekly-mon,3.75
2024-07-22,GASDESRMW,PADD 4,diesel,,weekly-mon,3.731
2024-07-29,GASDESRMW,PADD 4,diesel,,weekly-mon,3.718
2024-08-05,GASDESRMW,PADD 4,diesel,,weekly-mon,3.702
2024-08-12,GASDESRMW,PADD 4,diesel,,weekly-mon,3.697
2024-08-19,GASDESRMW,PADD 4,diesel,,weekly-mon,3.65
2024-08-26,GASDESRMW,PADD 4,diesel,,weekly-mon,3.608
2024-09-02,GASDESRMW,PADD 4,diesel,,weekly-mon,3.59
2024-09-09,GASDESRMW,PADD 4,diesel,,weekly-mon,3.567
2024-09-16,GASDESRMW,PADD 4,diesel,,weekly-mon,3.588
2024-09-23,GASDESRMW,PADD 4,diesel,,weekly-mon,3.608
2024-09-30,GASDESRMW,PADD 4,diesel,,weekly-mon,3.612
2024-10-07,GASDESRMW,PADD 4,diesel,,weekly-mon,3.62
2024-10-14,GASDESRMW,PADD 4,diesel,,weekly-mon,3.635
2024-10-21,GASDESRMW,PADD 4,diesel,,weekly-mon,3.636
2024-10-28,GASDESRMW,PADD 4,diesel,,weekly-mon,3.655
2024-11-04,GASDESRMW,PADD 4,diesel,,weekly-mon,3.583
2024-11-11,GASDESRMW,PADD 4,diesel,,weekly-mon,3.525
2024-11-18,GASDESRMW,PADD 4,diesel,,weekly-mon,3.458
2024-11-25,GASDESRMW,PADD 4,diesel,,weekly-mon,3.45
2024-12-02,GASDESRMW,PADD 4,diesel,,weekly-mon,3.431
2024-12-09,GASDESRMW,PADD 4,diesel,,weekly-mon,3.329
2024-12-16,GASDESRMW,PADD 4,diesel,,weekly-mon,3.357
2024-12-23,GASDESRMW,PADD 4,diesel,,weekly-mon,3.328
2024-12-30,GASDESRMW,PADD 4,diesel,,weekly-mon,3.37
2025-01-06,GASDESRMW,PADD 4,diesel,,weekly-mon,3.43
2025-01-13,GASDESRMW,PADD 4,diesel,,weekly-mon,3.399
2025-01-20,GASDESRMW,PADD 4,diesel,,weekly-mon,3.485
2025-01-27,GASDESRMW,PADD 4,diesel,,weekly-mon,3.431
2025-02-03,GASDESRMW,PADD 4,diesel,,weekly-mon,3.471
2025-02-10,GASDESRMW,PADD 4,diesel,,weekly-mon,3.528
2025-02-17,GASDESRMW,PADD 4,diesel,,weekly-mon,3.51
2025-02-24,GASDESRMW,PADD 4,diesel,,weekly-mon,3.495
2025-03-03,GASDESRMW,PADD 4,diesel,,weekly-mon,3.478
2025-03-10,GASDESRMW,PADD 4,diesel,,weekly-mon,3.414
2025-03-17,GASDESRMW,PADD 4,diesel,,weekly-mon,3.376
2025-03-24,GASDESRMW,PADD 4,diesel,,weekly-mon,3.415
2025-03-31,GASDESRMW,PADD 4,diesel,,weekly-mon,3.472
2025-04-07,GASDESRMW,PADD 4,diesel,,weekly-mon,3.499
2025-04-14,GASDESRMW,PADD 4,diesel,,weekly-mon,3.48
2025-04-21,GASDESRMW,PADD 4,diesel,,weekly-mon,3.477
2025-04-28,GASDESRMW,PADD 4,diesel,,weekly-mon,3.47
2025-05-05,GASDESRMW,PADD 4,diesel,,weekly-mon,3.46
2025-05-12,GASDESRMW,PADD 4,diesel,,weekly-mon,3.463
2025-05-19,GASDESRMW,PADD 4,diesel,,weekly-mon,3.512
2025-05-26,GASDESRMW,PADD 4,diesel,,weekly-mon,3.445
2025-06-02,GASDESRMW,PADD 4,diesel,,weekly-mon,3.453
2025-06-09,GASDESRMW,PADD 4,diesel,,weekly-mon,3.481
2025-06-16,GASDESRMW,PADD 4,diesel,,weekly-mon,3.548
2025-06-23,GASDESRMW,PADD 4,diesel,,weekly-mon,3.689
2025-06-30,GASDESRMW,PADD 4,diesel,,weekly-mon,3.659
2025-07-07,GASDESRMW,PADD 4,diesel,,weekly-mon,3.666
2025-07-14,GASDESRMW,PADD 4,diesel,,weekly-mon,3.713
2025-07-21,GASDESRMW,PADD 4,diesel,,weekly-mon,3.77
2025-07-28,GASDESRMW,PADD 4,diesel,,weekly-mon,3.781
2025-08-04,GASDESRMW,PADD 4,diesel,,weekly-mon,3.793
2025-08-11,GASDESRMW,PADD 4,diesel,,weekly-mon,3.776
2025-08-18,GASDESRMW,PADD 4,diesel,,weekly-mon,3.757
2025-08-25,GASDESRMW,PADD 4,diesel,,weekly-mon,3.748
2025-09-01,GASDESRMW,PADD 4,diesel,,weekly-mon,3.753
2025-09-08,GASDESRMW,PADD 4,diesel,,weekly-mon,3.754
2025-09-15,GASDESRMW,PADD 4,diesel,,weekly-mon,3.722
2025-09-22,GASDESRMW,PADD 4,diesel,,weekly-mon,3.747
2025-09-29,GASDESRMW,PADD 4,diesel,,weekly-mon,3.732
2025-10-06,GASDESRMW,PADD 4,diesel,,weekly-mon,3.671
2025-10-13,GASDESRMW,PADD 4,diesel,,weekly-mon,3.658
2025-10-20,GASDESRMW,PADD 4,diesel,,weekly-mon,3.585
2025-10-27,GASDESRMW,PADD 4,diesel,,weekly-mon,3.686
2025-11-03,GASDESRMW,PADD 4,diesel,,weekly-mon,3.676
2025-11-10,GASDESRMW,PADD 4,diesel,,weekly-mon,3.803
2025-11-17,GASDESRMW,PADD 4,diesel,,weekly-mon,3.813
2025-11-24,GASDESRMW,PADD 4,diesel,,weekly-mon,3.723
2025-12-01,GASDESRMW,PADD 4,diesel,,weekly-mon,3.665
2025-12-08,GASDESRMW,PADD 4,diesel,,weekly-mon,3.498
2025-12-15,GASDESRMW,PADD 4,diesel,,weekly-mon,3.385
2025-12-22,GASDESRMW,PADD 4,diesel,,weekly-mon,3.304
2025-12-29,GASDESRMW,PADD 4,diesel,,weekly-mon,3.233
2026-01-05,GASDESRMW,PADD 4,diesel,,weekly-mon,3.222
2026-01-12,GASDESRMW,PADD 4,diesel,,weekly-mon,3.185
2026-01-19,GASDESRMW,PADD 4,diesel,,weekly-mon,3.246
2026-01-26,GASDESRMW,PADD 4,diesel,,weekly-mon,3.367
2026-02-02,GASDESRMW,PADD 4,diesel,,weekly-mon,3.419
2026-02-09,GASDESRMW,PADD 4,diesel,,weekly-mon,3.539
2026-02-16,GASDESRMW,PADD 4,diesel,,weekly-mon,3.607
2026-02-23,GASDESRMW,PADD 4,diesel,,weekly-mon,3.683
2026-03-02,GASDESRMW,PADD 4,diesel,,weekly-mon,3.737
2026-03-09,GASDESRMW,PADD 4,diesel,,weekly-mon,4.397
2026-03-16,GASDESRMW,PADD 4,diesel,,weekly-mon,4.796
2026-03-23,GASDESRMW,PADD 4,diesel,,weekly-mon,5.174
2026-03-30,GASDESRMW,PADD 4,diesel,,weekly-mon,5.27
2026-04-06,GASDESRMW,PADD 4,diesel,,weekly-mon,5.412
2026-04-13,GASDESRMW,PADD 4,diesel,,weekly-mon,5.256
2026-04-20,GASDESRMW,PADD 4,diesel,,weekly-mon,5.213
2026-04-27,GASDESRMW,PADD 4,diesel,,weekly-mon,5.27
2026-05-04,GASDESRMW,PADD 4,diesel,,weekly-mon,5.517
2026-05-11,GASDESRMW,PADD 4,diesel,,weekly-mon,5.491
2026-05-18,GASDESRMW,PADD 4,diesel,,weekly-mon,5.549
2026-05-25,GASDESRMW,PADD 4,diesel,,weekly-mon,5.493
2026-06-01,GASDESRMW,PADD 4,diesel,,weekly-mon,5.331
2026-06-08,GASDESRMW,PADD 4,diesel,,weekly-mon,5.2
2026-06-15,GASDESRMW,PADD 4,diesel,,weekly-mon,5.019
2026-06-22,GASDESRMW,PADD 4,diesel,,weekly-mon,4.795
2026-06-29,GASDESRMW,PADD 4,diesel,,weekly-mon,4.602
2026-07-06,GASDESRMW,PADD 4,diesel,,weekly-mon,4.484
2026-07-13,GASDESRMW,PADD 4,diesel,,weekly-mon,4.6
2026-07-20,GASDESRMW,PADD 4,diesel,,weekly-mon,4.935
2026-07-27,GASDESRMW,PADD 4,diesel,,weekly-mon,5.141
2026-08-03,GASDESRMW,PADD 4,diesel,,weekly-mon,5.285
2010-01-04,GASDESW,US,diesel,,weekly-mon,2.797
2010-01-11,GASDESW,US,diesel,,weekly-mon,2.879
2010-01-18,GASDESW,US,diesel,,weekly-mon,2.87
2010-01-25,GASDESW,US,diesel,,weekly-mon,2.833
2010-02-01,GASDESW,US,diesel,,weekly-mon,2.781
2010-02-08,GASDESW,US,diesel,,weekly-mon,2.769
2010-02-15,GASDESW,US,diesel,,weekly-mon,2.756
2010-02-22,GASDESW,US,diesel,,weekly-mon,2.832
2010-03-01,GASDESW,US,diesel,,weekly-mon,2.861
2010-03-08,GASDESW,US,diesel,,weekly-mon,2.904
2010-03-15,GASDESW,US,diesel,,weekly-mon,2.924
2010-03-22,GASDESW,US,diesel,,weekly-mon,2.946
2010-03-29,GASDESW,US,diesel,,weekly-mon,2.939
2010-04-05,GASDESW,US,diesel,,weekly-mon,3.015
2010-04-12,GASDESW,US,diesel,,weekly-mon,3.069
2010-04-19,GASDESW,US,diesel,,weekly-mon,3.074
2010-04-26,GASDESW,US,diesel,,weekly-mon,3.078
2010-05-03,GASDESW,US,diesel,,weekly-mon,3.122
2010-05-10,GASDESW,US,diesel,,weekly-mon,3.127
2010-05-17,GASDESW,US,diesel,,weekly-mon,3.094
2010-05-24,GASDESW,US,diesel,,weekly-mon,3.021
2010-05-31,GASDESW,US,diesel,,weekly-mon,2.98
2010-06-07,GASDESW,US,diesel,,weekly-mon,2.946
2010-06-14,GASDESW,US,diesel,,weekly-mon,2.928
2010-06-21,GASDESW,US,diesel,,weekly-mon,2.961
2010-06-28,GASDESW,US,diesel,,weekly-mon,2.956
2010-07-05,GASDESW,US,diesel,,weekly-mon,2.924
2010-07-12,GASDESW,US,diesel,,weekly-mon,2.903
2010-07-19,GASDESW,US,diesel,,weekly-mon,2.899
2010-07-26,GASDESW,US,diesel,,weekly-mon,2.919
2010-08-02,GASDESW,US,diesel,,weekly-mon,2.928
2010-08-09,GASDESW,US,diesel,,weekly-mon,2.991
2010-08-16,GASDESW,US,diesel,,weekly-mon,2.979
2010-08-23,GASDESW,US,diesel,,weekly-mon,2.957
2010-08-30,GASDESW,US,diesel,,weekly-mon,2.938
2010-09-06,GASDESW,US,diesel,,weekly-mon,2.931
2010-09-13,GASDESW,US,diesel,,weekly-mon,2.943
2010-09-20,GASDESW,US,diesel,,weekly-mon,2.96
2010-09-27,GASDESW,US,diesel,,weekly-mon,2.951
2010-10-04,GASDESW,US,diesel,,weekly-mon,3.0
2010-10-11,GASDESW,US,diesel,,weekly-mon,3.066
2010-10-18,GASDESW,US,diesel,,weekly-mon,3.073
2010-10-25,GASDESW,US,diesel,,weekly-mon,3.067
2010-11-01,GASDESW,US,diesel,,weekly-mon,3.067
2010-11-08,GASDESW,US,diesel,,weekly-mon,3.116
2010-11-15,GASDESW,US,diesel,,weekly-mon,3.184
2010-11-22,GASDESW,US,diesel,,weekly-mon,3.171
2010-11-29,GASDESW,US,diesel,,weekly-mon,3.162
2010-12-06,GASDESW,US,diesel,,weekly-mon,3.197
2010-12-13,GASDESW,US,diesel,,weekly-mon,3.231
2010-12-20,GASDESW,US,diesel,,weekly-mon,3.248
2010-12-27,GASDESW,US,diesel,,weekly-mon,3.294
2011-01-03,GASDESW,US,diesel,,weekly-mon,3.331
2011-01-10,GASDESW,US,diesel,,weekly-mon,3.333
2011-01-17,GASDESW,US,diesel,,weekly-mon,3.407
2011-01-24,GASDESW,US,diesel,,weekly-mon,3.43
2011-01-31,GASDESW,US,diesel,,weekly-mon,3.438
2011-02-07,GASDESW,US,diesel,,weekly-mon,3.513
2011-02-14,GASDESW,US,diesel,,weekly-mon,3.534
2011-02-21,GASDESW,US,diesel,,weekly-mon,3.573
2011-02-28,GASDESW,US,diesel,,weekly-mon,3.716
2011-03-07,GASDESW,US,diesel,,weekly-mon,3.871
2011-03-14,GASDESW,US,diesel,,weekly-mon,3.908
2011-03-21,GASDESW,US,diesel,,weekly-mon,3.907
2011-03-28,GASDESW,US,diesel,,weekly-mon,3.932
2011-04-04,GASDESW,US,diesel,,weekly-mon,3.976
2011-04-11,GASDESW,US,diesel,,weekly-mon,4.078
2011-04-18,GASDESW,US,diesel,,weekly-mon,4.105
2011-04-25,GASDESW,US,diesel,,weekly-mon,4.098
2011-05-02,GASDESW,US,diesel,,weekly-mon,4.124
2011-05-09,GASDESW,US,diesel,,weekly-mon,4.104
2011-05-16,GASDESW,US,diesel,,weekly-mon,4.061
2011-05-23,GASDESW,US,diesel,,weekly-mon,3.997
2011-05-30,GASDESW,US,diesel,,weekly-mon,3.948
2011-06-06,GASDESW,US,diesel,,weekly-mon,3.94
2011-06-13,GASDESW,US,diesel,,weekly-mon,3.954
2011-06-20,GASDESW,US,diesel,,weekly-mon,3.95
2011-06-27,GASDESW,US,diesel,,weekly-mon,3.888
2011-07-04,GASDESW,US,diesel,,weekly-mon,3.85
2011-07-11,GASDESW,US,diesel,,weekly-mon,3.899
2011-07-18,GASDESW,US,diesel,,weekly-mon,3.923
2011-07-25,GASDESW,US,diesel,,weekly-mon,3.949
2011-08-01,GASDESW,US,diesel,,weekly-mon,3.937
2011-08-08,GASDESW,US,diesel,,weekly-mon,3.897
2011-08-15,GASDESW,US,diesel,,weekly-mon,3.835
2011-08-22,GASDESW,US,diesel,,weekly-mon,3.81
2011-08-29,GASDESW,US,diesel,,weekly-mon,3.82
2011-09-05,GASDESW,US,diesel,,weekly-mon,3.868
2011-09-12,GASDESW,US,diesel,,weekly-mon,3.862
2011-09-19,GASDESW,US,diesel,,weekly-mon,3.833
2011-09-26,GASDESW,US,diesel,,weekly-mon,3.786
2011-10-03,GASDESW,US,diesel,,weekly-mon,3.749
2011-10-10,GASDESW,US,diesel,,weekly-mon,3.721
2011-10-17,GASDESW,US,diesel,,weekly-mon,3.801
2011-10-24,GASDESW,US,diesel,,weekly-mon,3.825
2011-10-31,GASDESW,US,diesel,,weekly-mon,3.892
2011-11-07,GASDESW,US,diesel,,weekly-mon,3.887
2011-11-14,GASDESW,US,diesel,,weekly-mon,3.987
2011-11-21,GASDESW,US,diesel,,weekly-mon,4.01
2011-11-28,GASDESW,US,diesel,,weekly-mon,3.964
2011-12-05,GASDESW,US,diesel,,weekly-mon,3.931
2011-12-12,GASDESW,US,diesel,,weekly-mon,3.894
2011-12-19,GASDESW,US,diesel,,weekly-mon,3.828
2011-12-26,GASDESW,US,diesel,,weekly-mon,3.791
2012-01-02,GASDESW,US,diesel,,weekly-mon,3.783
2012-01-09,GASDESW,US,diesel,,weekly-mon,3.828
2012-01-16,GASDESW,US,diesel,,weekly-mon,3.854
2012-01-23,GASDESW,US,diesel,,weekly-mon,3.848
2012-01-30,GASDESW,US,diesel,,weekly-mon,3.85
2012-02-06,GASDESW,US,diesel,,weekly-mon,3.856
2012-02-13,GASDESW,US,diesel,,weekly-mon,3.943
2012-02-20,GASDESW,US,diesel,,weekly-mon,3.96
2012-02-27,GASDESW,US,diesel,,weekly-mon,4.051
2012-03-05,GASDESW,US,diesel,,weekly-mon,4.094
2012-03-12,GASDESW,US,diesel,,weekly-mon,4.123
2012-03-19,GASDESW,US,diesel,,weekly-mon,4.142
2012-03-26,GASDESW,US,diesel,,weekly-mon,4.147
2012-04-02,GASDESW,US,diesel,,weekly-mon,4.142
2012-04-09,GASDESW,US,diesel,,weekly-mon,4.148
2012-04-16,GASDESW,US,diesel,,weekly-mon,4.127
2012-04-23,GASDESW,US,diesel,,weekly-mon,4.085
2012-04-30,GASDESW,US,diesel,,weekly-mon,4.073
2012-05-07,GASDESW,US,diesel,,weekly-mon,4.057
2012-05-14,GASDESW,US,diesel,,weekly-mon,4.004
2012-05-21,GASDESW,US,diesel,,weekly-mon,3.956
2012-05-28,GASDESW,US,diesel,,weekly-mon,3.897
2012-06-04,GASDESW,US,diesel,,weekly-mon,3.846
2012-06-11,GASDESW,US,diesel,,weekly-mon,3.781
2012-06-18,GASDESW,US,diesel,,weekly-mon,3.729
2012-06-25,GASDESW,US,diesel,,weekly-mon,3.678
2012-07-02,GASDESW,US,diesel,,weekly-mon,3.648
2012-07-09,GASDESW,US,diesel,,weekly-mon,3.683
2012-07-16,GASDESW,US,diesel,,weekly-mon,3.695
2012-07-23,GASDESW,US,diesel,,weekly-mon,3.783
2012-07-30,GASDESW,US,diesel,,weekly-mon,3.796
2012-08-06,GASDESW,US,diesel,,weekly-mon,3.85
2012-08-13,GASDESW,US,diesel,,weekly-mon,3.965
2012-08-20,GASDESW,US,diesel,,weekly-mon,4.026
2012-08-27,GASDESW,US,diesel,,weekly-mon,4.089
2012-09-03,GASDESW,US,diesel,,weekly-mon,4.127
2012-09-10,GASDESW,US,diesel,,weekly-mon,4.132
2012-09-17,GASDESW,US,diesel,,weekly-mon,4.135
2012-09-24,GASDESW,US,diesel,,weekly-mon,4.086
2012-10-01,GASDESW,US,diesel,,weekly-mon,4.079
2012-10-08,GASDESW,US,diesel,,weekly-mon,4.094
2012-10-15,GASDESW,US,diesel,,weekly-mon,4.15
2012-10-22,GASDESW,US,diesel,,weekly-mon,4.116
2012-10-29,GASDESW,US,diesel,,weekly-mon,4.03
2012-11-05,GASDESW,US,diesel,,weekly-mon,4.01
2012-11-12,GASDESW,US,diesel,,weekly-mon,3.98
2012-11-19,GASDESW,US,diesel,,weekly-mon,3.976
2012-11-26,GASDESW,US,diesel,,weekly-mon,4.034
2012-12-03,GASDESW,US,diesel,,weekly-mon,4.027
2012-12-10,GASDESW,US,diesel,,weekly-mon,3.991
2012-12-17,GASDESW,US,diesel,,weekly-mon,3.945
2012-12-24,GASDESW,US,diesel,,weekly-mon,3.923
2012-12-31,GASDESW,US,diesel,,weekly-mon,3.918
2013-01-07,GASDESW,US,diesel,,weekly-mon,3.911
2013-01-14,GASDESW,US,diesel,,weekly-mon,3.894
2013-01-21,GASDESW,US,diesel,,weekly-mon,3.902
2013-01-28,GASDESW,US,diesel,,weekly-mon,3.927
2013-02-04,GASDESW,US,diesel,,weekly-mon,4.022
2013-02-11,GASDESW,US,diesel,,weekly-mon,4.104
2013-02-18,GASDESW,US,diesel,,weekly-mon,4.157
2013-02-25,GASDESW,US,diesel,,weekly-mon,4.159
2013-03-04,GASDESW,US,diesel,,weekly-mon,4.13
2013-03-11,GASDESW,US,diesel,,weekly-mon,4.088
2013-03-18,GASDESW,US,diesel,,weekly-mon,4.047
2013-03-25,GASDESW,US,diesel,,weekly-mon,4.006
2013-04-01,GASDESW,US,diesel,,weekly-mon,3.993
2013-04-08,GASDESW,US,diesel,,weekly-mon,3.977
2013-04-15,GASDESW,US,diesel,,weekly-mon,3.942
2013-04-22,GASDESW,US,diesel,,weekly-mon,3.887
2013-04-29,GASDESW,US,diesel,,weekly-mon,3.851
2013-05-06,GASDESW,US,diesel,,weekly-mon,3.845
2013-05-13,GASDESW,US,diesel,,weekly-mon,3.866
2013-05-20,GASDESW,US,diesel,,weekly-mon,3.89
2013-05-27,GASDESW,US,diesel,,weekly-mon,3.88
2013-06-03,GASDESW,US,diesel,,weekly-mon,3.869
2013-06-10,GASDESW,US,diesel,,weekly-mon,3.849
2013-06-17,GASDESW,US,diesel,,weekly-mon,3.841
2013-06-24,GASDESW,US,diesel,,weekly-mon,3.838
2013-07-01,GASDESW,US,diesel,,weekly-mon,3.817
2013-07-08,GASDESW,US,diesel,,weekly-mon,3.828
2013-07-15,GASDESW,US,diesel,,weekly-mon,3.867
2013-07-22,GASDESW,US,diesel,,weekly-mon,3.903
2013-07-29,GASDESW,US,diesel,,weekly-mon,3.915
2013-08-05,GASDESW,US,diesel,,weekly-mon,3.909
2013-08-12,GASDESW,US,diesel,,weekly-mon,3.896
2013-08-19,GASDESW,US,diesel,,weekly-mon,3.9
2013-08-26,GASDESW,US,diesel,,weekly-mon,3.913
2013-09-02,GASDESW,US,diesel,,weekly-mon,3.981
2013-09-09,GASDESW,US,diesel,,weekly-mon,3.981
2013-09-16,GASDESW,US,diesel,,weekly-mon,3.974
2013-09-23,GASDESW,US,diesel,,weekly-mon,3.949
2013-09-30,GASDESW,US,diesel,,weekly-mon,3.919
2013-10-07,GASDESW,US,diesel,,weekly-mon,3.897
2013-10-14,GASDESW,US,diesel,,weekly-mon,3.886
2013-10-21,GASDESW,US,diesel,,weekly-mon,3.886
2013-10-28,GASDESW,US,diesel,,weekly-mon,3.87
2013-11-04,GASDESW,US,diesel,,weekly-mon,3.857
2013-11-11,GASDESW,US,diesel,,weekly-mon,3.832
2013-11-18,GASDESW,US,diesel,,weekly-mon,3.822
2013-11-25,GASDESW,US,diesel,,weekly-mon,3.844
2013-12-02,GASDESW,US,diesel,,weekly-mon,3.883
2013-12-09,GASDESW,US,diesel,,weekly-mon,3.879
2013-12-16,GASDESW,US,diesel,,weekly-mon,3.871
2013-12-23,GASDESW,US,diesel,,weekly-mon,3.873
2013-12-30,GASDESW,US,diesel,,weekly-mon,3.903
2014-01-06,GASDESW,US,diesel,,weekly-mon,3.91
2014-01-13,GASDESW,US,diesel,,weekly-mon,3.886
2014-01-20,GASDESW,US,diesel,,weekly-mon,3.873
2014-01-27,GASDESW,US,diesel,,weekly-mon,3.904
2014-02-03,GASDESW,US,diesel,,weekly-mon,3.951
2014-02-10,GASDESW,US,diesel,,weekly-mon,3.977
2014-02-17,GASDESW,US,diesel,,weekly-mon,3.989
2014-02-24,GASDESW,US,diesel,,weekly-mon,4.017
2014-03-03,GASDESW,US,diesel,,weekly-mon,4.016
2014-03-10,GASDESW,US,diesel,,weekly-mon,4.021
2014-03-17,GASDESW,US,diesel,,weekly-mon,4.003
2014-03-24,GASDESW,US,diesel,,weekly-mon,3.988
2014-03-31,GASDESW,US,diesel,,weekly-mon,3.975
2014-04-07,GASDESW,US,diesel,,weekly-mon,3.959
2014-04-14,GASDESW,US,diesel,,weekly-mon,3.952
2014-04-21,GASDESW,US,diesel,,weekly-mon,3.971
2014-04-28,GASDESW,US,diesel,,weekly-mon,3.975
2014-05-05,GASDESW,US,diesel,,weekly-mon,3.964
2014-05-12,GASDESW,US,diesel,,weekly-mon,3.948
2014-05-19,GASDESW,US,diesel,,weekly-mon,3.934
2014-05-26,GASDESW,US,diesel,,weekly-mon,3.925
2014-06-02,GASDESW,US,diesel,,weekly-mon,3.918
2014-06-09,GASDESW,US,diesel,,weekly-mon,3.892
2014-06-16,GASDESW,US,diesel,,weekly-mon,3.882
2014-06-23,GASDESW,US,diesel,,weekly-mon,3.919
2014-06-30,GASDESW,US,diesel,,weekly-mon,3.92
2014-07-07,GASDESW,US,diesel,,weekly-mon,3.913
2014-07-14,GASDESW,US,diesel,,weekly-mon,3.894
2014-07-21,GASDESW,US,diesel,,weekly-mon,3.869
2014-07-28,GASDESW,US,diesel,,weekly-mon,3.858
2014-08-04,GASDESW,US,diesel,,weekly-mon,3.853
2014-08-11,GASDESW,US,diesel,,weekly-mon,3.843
2014-08-18,GASDESW,US,diesel,,weekly-mon,3.835
2014-08-25,GASDESW,US,diesel,,weekly-mon,3.821
2014-09-01,GASDESW,US,diesel,,weekly-mon,3.814
2014-09-08,GASDESW,US,diesel,,weekly-mon,3.814
2014-09-15,GASDESW,US,diesel,,weekly-mon,3.801
2014-09-22,GASDESW,US,diesel,,weekly-mon,3.778
2014-09-29,GASDESW,US,diesel,,weekly-mon,3.755
2014-10-06,GASDESW,US,diesel,,weekly-mon,3.733
2014-10-13,GASDESW,US,diesel,,weekly-mon,3.698
2014-10-20,GASDESW,US,diesel,,weekly-mon,3.656
2014-10-27,GASDESW,US,diesel,,weekly-mon,3.635
2014-11-03,GASDESW,US,diesel,,weekly-mon,3.623
2014-11-10,GASDESW,US,diesel,,weekly-mon,3.677
2014-11-17,GASDESW,US,diesel,,weekly-mon,3.661
2014-11-24,GASDESW,US,diesel,,weekly-mon,3.628
2014-12-01,GASDESW,US,diesel,,weekly-mon,3.605
2014-12-08,GASDESW,US,diesel,,weekly-mon,3.535
2014-12-15,GASDESW,US,diesel,,weekly-mon,3.419
2014-12-22,GASDESW,US,diesel,,weekly-mon,3.281
2014-12-29,GASDESW,US,diesel,,weekly-mon,3.213
2015-01-05,GASDESW,US,diesel,,weekly-mon,3.137
2015-01-12,GASDESW,US,diesel,,weekly-mon,3.053
2015-01-19,GASDESW,US,diesel,,weekly-mon,2.933
2015-01-26,GASDESW,US,diesel,,weekly-mon,2.866
2015-02-02,GASDESW,US,diesel,,weekly-mon,2.831
2015-02-09,GASDESW,US,diesel,,weekly-mon,2.835
2015-02-16,GASDESW,US,diesel,,weekly-mon,2.865
2015-02-23,GASDESW,US,diesel,,weekly-mon,2.9
2015-03-02,GASDESW,US,diesel,,weekly-mon,2.936
2015-03-09,GASDESW,US,diesel,,weekly-mon,2.944
2015-03-16,GASDESW,US,diesel,,weekly-mon,2.917
2015-03-23,GASDESW,US,diesel,,weekly-mon,2.864
2015-03-30,GASDESW,US,diesel,,weekly-mon,2.824
2015-04-06,GASDESW,US,diesel,,weekly-mon,2.784
2015-04-13,GASDESW,US,diesel,,weekly-mon,2.754
2015-04-20,GASDESW,US,diesel,,weekly-mon,2.78
2015-04-27,GASDESW,US,diesel,,weekly-mon,2.811
2015-05-04,GASDESW,US,diesel,,weekly-mon,2.854
2015-05-11,GASDESW,US,diesel,,weekly-mon,2.878
2015-05-18,GASDESW,US,diesel,,weekly-mon,2.904
2015-05-25,GASDESW,US,diesel,,weekly-mon,2.914
2015-06-01,GASDESW,US,diesel,,weekly-mon,2.909
2015-06-08,GASDESW,US,diesel,,weekly-mon,2.884
2015-06-15,GASDESW,US,diesel,,weekly-mon,2.87
2015-06-22,GASDESW,US,diesel,,weekly-mon,2.859
2015-06-29,GASDESW,US,diesel,,weekly-mon,2.843
2015-07-06,GASDESW,US,diesel,,weekly-mon,2.832
2015-07-13,GASDESW,US,diesel,,weekly-mon,2.814
2015-07-20,GASDESW,US,diesel,,weekly-mon,2.782
2015-07-27,GASDESW,US,diesel,,weekly-mon,2.723
2015-08-03,GASDESW,US,diesel,,weekly-mon,2.668
2015-08-10,GASDESW,US,diesel,,weekly-mon,2.617
2015-08-17,GASDESW,US,diesel,,weekly-mon,2.615
2015-08-24,GASDESW,US,diesel,,weekly-mon,2.561
2015-08-31,GASDESW,US,diesel,,weekly-mon,2.514
2015-09-07,GASDESW,US,diesel,,weekly-mon,2.534
2015-09-14,GASDESW,US,diesel,,weekly-mon,2.517
2015-09-21,GASDESW,US,diesel,,weekly-mon,2.493
2015-09-28,GASDESW,US,diesel,,weekly-mon,2.476
2015-10-05,GASDESW,US,diesel,,weekly-mon,2.492
2015-10-12,GASDESW,US,diesel,,weekly-mon,2.556
2015-10-19,GASDESW,US,diesel,,weekly-mon,2.531
2015-10-26,GASDESW,US,diesel,,weekly-mon,2.498
2015-11-02,GASDESW,US,diesel,,weekly-mon,2.485
2015-11-09,GASDESW,US,diesel,,weekly-mon,2.502
2015-11-16,GASDESW,US,diesel,,weekly-mon,2.482
2015-11-23,GASDESW,US,diesel,,weekly-mon,2.445
2015-11-30,GASDESW,US,diesel,,weekly-mon,2.421
2015-12-07,GASDESW,US,diesel,,weekly-mon,2.379
2015-12-14,GASDESW,US,diesel,,weekly-mon,2.338
2015-12-21,GASDESW,US,diesel,,weekly-mon,2.284
2015-12-28,GASDESW,US,diesel,,weekly-mon,2.237
2016-01-04,GASDESW,US,diesel,,weekly-mon,2.211
2016-01-11,GASDESW,US,diesel,,weekly-mon,2.177
2016-01-18,GASDESW,US,diesel,,weekly-mon,2.112
2016-01-25,GASDESW,US,diesel,,weekly-mon,2.071
2016-02-01,GASDESW,US,diesel,,weekly-mon,2.031
2016-02-08,GASDESW,US,diesel,,weekly-mon,2.008
2016-02-15,GASDESW,US,diesel,,weekly-mon,1.98
2016-02-22,GASDESW,US,diesel,,weekly-mon,1.983
2016-02-29,GASDESW,US,diesel,,weekly-mon,1.989
2016-03-07,GASDESW,US,diesel,,weekly-mon,2.021
2016-03-14,GASDESW,US,diesel,,weekly-mon,2.099
2016-03-21,GASDESW,US,diesel,,weekly-mon,2.119
2016-03-28,GASDESW,US,diesel,,weekly-mon,2.121
2016-04-04,GASDESW,US,diesel,,weekly-mon,2.115
2016-04-11,GASDESW,US,diesel,,weekly-mon,2.128
2016-04-18,GASDESW,US,diesel,,weekly-mon,2.165
2016-04-25,GASDESW,US,diesel,,weekly-mon,2.198
2016-05-02,GASDESW,US,diesel,,weekly-mon,2.266
2016-05-09,GASDESW,US,diesel,,weekly-mon,2.271
2016-05-16,GASDESW,US,diesel,,weekly-mon,2.297
2016-05-23,GASDESW,US,diesel,,weekly-mon,2.357
2016-05-30,GASDESW,US,diesel,,weekly-mon,2.382
2016-06-06,GASDESW,US,diesel,,weekly-mon,2.407
2016-06-13,GASDESW,US,diesel,,weekly-mon,2.431
2016-06-20,GASDESW,US,diesel,,weekly-mon,2.426
2016-06-27,GASDESW,US,diesel,,weekly-mon,2.426
2016-07-04,GASDESW,US,diesel,,weekly-mon,2.423
2016-07-11,GASDESW,US,diesel,,weekly-mon,2.414
2016-07-18,GASDESW,US,diesel,,weekly-mon,2.402
2016-07-25,GASDESW,US,diesel,,weekly-mon,2.379
2016-08-01,GASDESW,US,diesel,,weekly-mon,2.348
2016-08-08,GASDESW,US,diesel,,weekly-mon,2.316
2016-08-15,GASDESW,US,diesel,,weekly-mon,2.31
2016-08-22,GASDESW,US,diesel,,weekly-mon,2.37
2016-08-29,GASDESW,US,diesel,,weekly-mon,2.409
2016-09-05,GASDESW,US,diesel,,weekly-mon,2.407
2016-09-12,GASDESW,US,diesel,,weekly-mon,2.399
2016-09-19,GASDESW,US,diesel,,weekly-mon,2.389
2016-09-26,GASDESW,US,diesel,,weekly-mon,2.382
2016-10-03,GASDESW,US,diesel,,weekly-mon,2.389
2016-10-10,GASDESW,US,diesel,,weekly-mon,2.445
2016-10-17,GASDESW,US,diesel,,weekly-mon,2.481
2016-10-24,GASDESW,US,diesel,,weekly-mon,2.478
2016-10-31,GASDESW,US,diesel,,weekly-mon,2.479
2016-11-07,GASDESW,US,diesel,,weekly-mon,2.47
2016-11-14,GASDESW,US,diesel,,weekly-mon,2.443
2016-11-21,GASDESW,US,diesel,,weekly-mon,2.421
2016-11-28,GASDESW,US,diesel,,weekly-mon,2.42
2016-12-05,GASDESW,US,diesel,,weekly-mon,2.48
2016-12-12,GASDESW,US,diesel,,weekly-mon,2.493
2016-12-19,GASDESW,US,diesel,,weekly-mon,2.527
2016-12-26,GASDESW,US,diesel,,weekly-mon,2.54
2017-01-02,GASDESW,US,diesel,,weekly-mon,2.586
2017-01-09,GASDESW,US,diesel,,weekly-mon,2.597
2017-01-16,GASDESW,US,diesel,,weekly-mon,2.585
2017-01-23,GASDESW,US,diesel,,weekly-mon,2.569
2017-01-30,GASDESW,US,diesel,,weekly-mon,2.562
2017-02-06,GASDESW,US,diesel,,weekly-mon,2.558
2017-02-13,GASDESW,US,diesel,,weekly-mon,2.565
2017-02-20,GASDESW,US,diesel,,weekly-mon,2.572
2017-02-27,GASDESW,US,diesel,,weekly-mon,2.577
2017-03-06,GASDESW,US,diesel,,weekly-mon,2.579
2017-03-13,GASDESW,US,diesel,,weekly-mon,2.564
2017-03-20,GASDESW,US,diesel,,weekly-mon,2.539
2017-03-27,GASDESW,US,diesel,,weekly-mon,2.532
2017-04-03,GASDESW,US,diesel,,weekly-mon,2.556
2017-04-10,GASDESW,US,diesel,,weekly-mon,2.582
2017-04-17,GASDESW,US,diesel,,weekly-mon,2.597
2017-04-24,GASDESW,US,diesel,,weekly-mon,2.595
2017-05-01,GASDESW,US,diesel,,weekly-mon,2.583
2017-05-08,GASDESW,US,diesel,,weekly-mon,2.565
2017-05-15,GASDESW,US,diesel,,weekly-mon,2.544
2017-05-22,GASDESW,US,diesel,,weekly-mon,2.539
2017-05-29,GASDESW,US,diesel,,weekly-mon,2.571
2017-06-05,GASDESW,US,diesel,,weekly-mon,2.564
2017-06-12,GASDESW,US,diesel,,weekly-mon,2.524
2017-06-19,GASDESW,US,diesel,,weekly-mon,2.489
2017-06-26,GASDESW,US,diesel,,weekly-mon,2.465
2017-07-03,GASDESW,US,diesel,,weekly-mon,2.472
2017-07-10,GASDESW,US,diesel,,weekly-mon,2.481
2017-07-17,GASDESW,US,diesel,,weekly-mon,2.491
2017-07-24,GASDESW,US,diesel,,weekly-mon,2.507
2017-07-31,GASDESW,US,diesel,,weekly-mon,2.531
2017-08-07,GASDESW,US,diesel,,weekly-mon,2.581
2017-08-14,GASDESW,US,diesel,,weekly-mon,2.598
2017-08-21,GASDESW,US,diesel,,weekly-mon,2.596
2017-08-28,GASDESW,US,diesel,,weekly-mon,2.605
2017-09-04,GASDESW,US,diesel,,weekly-mon,2.758
2017-09-11,GASDESW,US,diesel,,weekly-mon,2.802
2017-09-18,GASDESW,US,diesel,,weekly-mon,2.791
2017-09-25,GASDESW,US,diesel,,weekly-mon,2.788
2017-10-02,GASDESW,US,diesel,,weekly-mon,2.792
2017-10-09,GASDESW,US,diesel,,weekly-mon,2.776
2017-10-16,GASDESW,US,diesel,,weekly-mon,2.787
2017-10-23,GASDESW,US,diesel,,weekly-mon,2.797
2017-10-30,GASDESW,US,diesel,,weekly-mon,2.819
2017-11-06,GASDESW,US,diesel,,weekly-mon,2.882
2017-11-13,GASDESW,US,diesel,,weekly-mon,2.915
2017-11-20,GASDESW,US,diesel,,weekly-mon,2.912
2017-11-27,GASDESW,US,diesel,,weekly-mon,2.926
2017-12-04,GASDESW,US,diesel,,weekly-mon,2.922
2017-12-11,GASDESW,US,diesel,,weekly-mon,2.91
2017-12-18,GASDESW,US,diesel,,weekly-mon,2.901
2017-12-25,GASDESW,US,diesel,,weekly-mon,2.903
2018-01-01,GASDESW,US,diesel,,weekly-mon,2.973
2018-01-08,GASDESW,US,diesel,,weekly-mon,2.996
2018-01-15,GASDESW,US,diesel,,weekly-mon,3.028
2018-01-22,GASDESW,US,diesel,,weekly-mon,3.025
2018-01-29,GASDESW,US,diesel,,weekly-mon,3.07
2018-02-05,GASDESW,US,diesel,,weekly-mon,3.086
2018-02-12,GASDESW,US,diesel,,weekly-mon,3.063
2018-02-19,GASDESW,US,diesel,,weekly-mon,3.027
2018-02-26,GASDESW,US,diesel,,weekly-mon,3.007
2018-03-05,GASDESW,US,diesel,,weekly-mon,2.992
2018-03-12,GASDESW,US,diesel,,weekly-mon,2.976
2018-03-19,GASDESW,US,diesel,,weekly-mon,2.972
2018-03-26,GASDESW,US,diesel,,weekly-mon,3.01
2018-04-02,GASDESW,US,diesel,,weekly-mon,3.042
2018-04-09,GASDESW,US,diesel,,weekly-mon,3.043
2018-04-16,GASDESW,US,diesel,,weekly-mon,3.104
2018-04-23,GASDESW,US,diesel,,weekly-mon,3.133
2018-04-30,GASDESW,US,diesel,,weekly-mon,3.157
2018-05-07,GASDESW,US,diesel,,weekly-mon,3.171
2018-05-14,GASDESW,US,diesel,,weekly-mon,3.239
2018-05-21,GASDESW,US,diesel,,weekly-mon,3.277
2018-05-28,GASDESW,US,diesel,,weekly-mon,3.288
2018-06-04,GASDESW,US,diesel,,weekly-mon,3.285
2018-06-11,GASDESW,US,diesel,,weekly-mon,3.266
2018-06-18,GASDESW,US,diesel,,weekly-mon,3.244
2018-06-25,GASDESW,US,diesel,,weekly-mon,3.216
2018-07-02,GASDESW,US,diesel,,weekly-mon,3.236
2018-07-09,GASDESW,US,diesel,,weekly-mon,3.243
2018-07-16,GASDESW,US,diesel,,weekly-mon,3.239
2018-07-23,GASDESW,US,diesel,,weekly-mon,3.22
2018-07-30,GASDESW,US,diesel,,weekly-mon,3.226
2018-08-06,GASDESW,US,diesel,,weekly-mon,3.223
2018-08-13,GASDESW,US,diesel,,weekly-mon,3.217
2018-08-20,GASDESW,US,diesel,,weekly-mon,3.207
2018-08-27,GASDESW,US,diesel,,weekly-mon,3.226
2018-09-03,GASDESW,US,diesel,,weekly-mon,3.252
2018-09-10,GASDESW,US,diesel,,weekly-mon,3.258
2018-09-17,GASDESW,US,diesel,,weekly-mon,3.268
2018-09-24,GASDESW,US,diesel,,weekly-mon,3.271
2018-10-01,GASDESW,US,diesel,,weekly-mon,3.313
2018-10-08,GASDESW,US,diesel,,weekly-mon,3.385
2018-10-15,GASDESW,US,diesel,,weekly-mon,3.394
2018-10-22,GASDESW,US,diesel,,weekly-mon,3.38
2018-10-29,GASDESW,US,diesel,,weekly-mon,3.355
2018-11-05,GASDESW,US,diesel,,weekly-mon,3.338
2018-11-12,GASDESW,US,diesel,,weekly-mon,3.317
2018-11-19,GASDESW,US,diesel,,weekly-mon,3.282
2018-11-26,GASDESW,US,diesel,,weekly-mon,3.261
2018-12-03,GASDESW,US,diesel,,weekly-mon,3.207
2018-12-10,GASDESW,US,diesel,,weekly-mon,3.161
2018-12-17,GASDESW,US,diesel,,weekly-mon,3.121
2018-12-24,GASDESW,US,diesel,,weekly-mon,3.077
2018-12-31,GASDESW,US,diesel,,weekly-mon,3.048
2019-01-07,GASDESW,US,diesel,,weekly-mon,3.013
2019-01-14,GASDESW,US,diesel,,weekly-mon,2.976
2019-01-21,GASDESW,US,diesel,,weekly-mon,2.965
2019-01-28,GASDESW,US,diesel,,weekly-mon,2.965
2019-02-04,GASDESW,US,diesel,,weekly-mon,2.966
2019-02-11,GASDESW,US,diesel,,weekly-mon,2.966
2019-02-18,GASDESW,US,diesel,,weekly-mon,3.006
2019-02-25,GASDESW,US,diesel,,weekly-mon,3.048
2019-03-04,GASDESW,US,diesel,,weekly-mon,3.076
2019-03-11,GASDESW,US,diesel,,weekly-mon,3.079
2019-03-18,GASDESW,US,diesel,,weekly-mon,3.07
2019-03-25,GASDESW,US,diesel,,weekly-mon,3.08
2019-04-01,GASDESW,US,diesel,,weekly-mon,3.078
2019-04-08,GASDESW,US,diesel,,weekly-mon,3.093
2019-04-15,GASDESW,US,diesel,,weekly-mon,3.118
2019-04-22,GASDESW,US,diesel,,weekly-mon,3.147
2019-04-29,GASDESW,US,diesel,,weekly-mon,3.169
2019-05-06,GASDESW,US,diesel,,weekly-mon,3.171
2019-05-13,GASDESW,US,diesel,,weekly-mon,3.16
2019-05-20,GASDESW,US,diesel,,weekly-mon,3.163
2019-05-27,GASDESW,US,diesel,,weekly-mon,3.151
2019-06-03,GASDESW,US,diesel,,weekly-mon,3.136
2019-06-10,GASDESW,US,diesel,,weekly-mon,3.105
2019-06-17,GASDESW,US,diesel,,weekly-mon,3.07
2019-06-24,GASDESW,US,diesel,,weekly-mon,3.043
2019-07-01,GASDESW,US,diesel,,weekly-mon,3.042
2019-07-08,GASDESW,US,diesel,,weekly-mon,3.055
2019-07-15,GASDESW,US,diesel,,weekly-mon,3.051
2019-07-22,GASDESW,US,diesel,,weekly-mon,3.044
2019-07-29,GASDESW,US,diesel,,weekly-mon,3.034
2019-08-05,GASDESW,US,diesel,,weekly-mon,3.032
2019-08-12,GASDESW,US,diesel,,weekly-mon,3.011
2019-08-19,GASDESW,US,diesel,,weekly-mon,2.994
2019-08-26,GASDESW,US,diesel,,weekly-mon,2.983
2019-09-02,GASDESW,US,diesel,,weekly-mon,2.976
2019-09-09,GASDESW,US,diesel,,weekly-mon,2.971
2019-09-16,GASDESW,US,diesel,,weekly-mon,2.987
2019-09-23,GASDESW,US,diesel,,weekly-mon,3.081
2019-09-30,GASDESW,US,diesel,,weekly-mon,3.066
2019-10-07,GASDESW,US,diesel,,weekly-mon,3.047
2019-10-14,GASDESW,US,diesel,,weekly-mon,3.051
2019-10-21,GASDESW,US,diesel,,weekly-mon,3.05
2019-10-28,GASDESW,US,diesel,,weekly-mon,3.064
2019-11-04,GASDESW,US,diesel,,weekly-mon,3.062
2019-11-11,GASDESW,US,diesel,,weekly-mon,3.073
2019-11-18,GASDESW,US,diesel,,weekly-mon,3.074
2019-11-25,GASDESW,US,diesel,,weekly-mon,3.066
2019-12-02,GASDESW,US,diesel,,weekly-mon,3.07
2019-12-09,GASDESW,US,diesel,,weekly-mon,3.049
2019-12-16,GASDESW,US,diesel,,weekly-mon,3.046
2019-12-23,GASDESW,US,diesel,,weekly-mon,3.041
2019-12-30,GASDESW,US,diesel,,weekly-mon,3.069
2020-01-06,GASDESW,US,diesel,,weekly-mon,3.079
2020-01-13,GASDESW,US,diesel,,weekly-mon,3.064
2020-01-20,GASDESW,US,diesel,,weekly-mon,3.037
2020-01-27,GASDESW,US,diesel,,weekly-mon,3.01
2020-02-03,GASDESW,US,diesel,,weekly-mon,2.956
2020-02-10,GASDESW,US,diesel,,weekly-mon,2.91
2020-02-17,GASDESW,US,diesel,,weekly-mon,2.89
2020-02-24,GASDESW,US,diesel,,weekly-mon,2.882
2020-03-02,GASDESW,US,diesel,,weekly-mon,2.851
2020-03-09,GASDESW,US,diesel,,weekly-mon,2.814
2020-03-16,GASDESW,US,diesel,,weekly-mon,2.733
2020-03-23,GASDESW,US,diesel,,weekly-mon,2.659
2020-03-30,GASDESW,US,diesel,,weekly-mon,2.586
2020-04-06,GASDESW,US,diesel,,weekly-mon,2.548
2020-04-13,GASDESW,US,diesel,,weekly-mon,2.507
2020-04-20,GASDESW,US,diesel,,weekly-mon,2.48
2020-04-27,GASDESW,US,diesel,,weekly-mon,2.437
2020-05-04,GASDESW,US,diesel,,weekly-mon,2.399
2020-05-11,GASDESW,US,diesel,,weekly-mon,2.394
2020-05-18,GASDESW,US,diesel,,weekly-mon,2.386
2020-05-25,GASDESW,US,diesel,,weekly-mon,2.39
2020-06-01,GASDESW,US,diesel,,weekly-mon,2.386
2020-06-08,GASDESW,US,diesel,,weekly-mon,2.396
2020-06-15,GASDESW,US,diesel,,weekly-mon,2.403
2020-06-22,GASDESW,US,diesel,,weekly-mon,2.425
2020-06-29,GASDESW,US,diesel,,weekly-mon,2.43
2020-07-06,GASDESW,US,diesel,,weekly-mon,2.437
2020-07-13,GASDESW,US,diesel,,weekly-mon,2.438
2020-07-20,GASDESW,US,diesel,,weekly-mon,2.433
2020-07-27,GASDESW,US,diesel,,weekly-mon,2.427
2020-08-03,GASDESW,US,diesel,,weekly-mon,2.424
2020-08-10,GASDESW,US,diesel,,weekly-mon,2.428
2020-08-17,GASDESW,US,diesel,,weekly-mon,2.427
2020-08-24,GASDESW,US,diesel,,weekly-mon,2.426
2020-08-31,GASDESW,US,diesel,,weekly-mon,2.441
2020-09-07,GASDESW,US,diesel,,weekly-mon,2.435
2020-09-14,GASDESW,US,diesel,,weekly-mon,2.422
2020-09-21,GASDESW,US,diesel,,weekly-mon,2.404
2020-09-28,GASDESW,US,diesel,,weekly-mon,2.394
2020-10-05,GASDESW,US,diesel,,weekly-mon,2.387
2020-10-12,GASDESW,US,diesel,,weekly-mon,2.395
2020-10-19,GASDESW,US,diesel,,weekly-mon,2.388
2020-10-26,GASDESW,US,diesel,,weekly-mon,2.385
2020-11-02,GASDESW,US,diesel,,weekly-mon,2.372
2020-11-09,GASDESW,US,diesel,,weekly-mon,2.383
2020-11-16,GASDESW,US,diesel,,weekly-mon,2.441
2020-11-23,GASDESW,US,diesel,,weekly-mon,2.462
2020-11-30,GASDESW,US,diesel,,weekly-mon,2.502
2020-12-07,GASDESW,US,diesel,,weekly-mon,2.526
2020-12-14,GASDESW,US,diesel,,weekly-mon,2.559
2020-12-21,GASDESW,US,diesel,,weekly-mon,2.619
2020-12-28,GASDESW,US,diesel,,weekly-mon,2.635
2021-01-04,GASDESW,US,diesel,,weekly-mon,2.64
2021-01-11,GASDESW,US,diesel,,weekly-mon,2.67
2021-01-18,GASDESW,US,diesel,,weekly-mon,2.696
2021-01-25,GASDESW,US,diesel,,weekly-mon,2.716
2021-02-01,GASDESW,US,diesel,,weekly-mon,2.738
2021-02-08,GASDESW,US,diesel,,weekly-mon,2.801
2021-02-15,GASDESW,US,diesel,,weekly-mon,2.876
2021-02-22,GASDESW,US,diesel,,weekly-mon,2.973
2021-03-01,GASDESW,US,diesel,,weekly-mon,3.072
2021-03-08,GASDESW,US,diesel,,weekly-mon,3.143
2021-03-15,GASDESW,US,diesel,,weekly-mon,3.191
2021-03-22,GASDESW,US,diesel,,weekly-mon,3.194
2021-03-29,GASDESW,US,diesel,,weekly-mon,3.161
2021-04-05,GASDESW,US,diesel,,weekly-mon,3.144
2021-04-12,GASDESW,US,diesel,,weekly-mon,3.129
2021-04-19,GASDESW,US,diesel,,weekly-mon,3.124
2021-04-26,GASDESW,US,diesel,,weekly-mon,3.124
2021-05-03,GASDESW,US,diesel,,weekly-mon,3.142
2021-05-10,GASDESW,US,diesel,,weekly-mon,3.186
2021-05-17,GASDESW,US,diesel,,weekly-mon,3.249
2021-05-24,GASDESW,US,diesel,,weekly-mon,3.253
2021-05-31,GASDESW,US,diesel,,weekly-mon,3.255
2021-06-07,GASDESW,US,diesel,,weekly-mon,3.274
2021-06-14,GASDESW,US,diesel,,weekly-mon,3.286
2021-06-21,GASDESW,US,diesel,,weekly-mon,3.287
2021-06-28,GASDESW,US,diesel,,weekly-mon,3.3
2021-07-05,GASDESW,US,diesel,,weekly-mon,3.331
2021-07-12,GASDESW,US,diesel,,weekly-mon,3.338
2021-07-19,GASDESW,US,diesel,,weekly-mon,3.344
2021-07-26,GASDESW,US,diesel,,weekly-mon,3.342
2021-08-02,GASDESW,US,diesel,,weekly-mon,3.367
2021-08-09,GASDESW,US,diesel,,weekly-mon,3.364
2021-08-16,GASDESW,US,diesel,,weekly-mon,3.356
2021-08-23,GASDESW,US,diesel,,weekly-mon,3.324
2021-08-30,GASDESW,US,diesel,,weekly-mon,3.339
2021-09-06,GASDESW,US,diesel,,weekly-mon,3.373
2021-09-13,GASDESW,US,diesel,,weekly-mon,3.372
2021-09-20,GASDESW,US,diesel,,weekly-mon,3.385
2021-09-27,GASDESW,US,diesel,,weekly-mon,3.406
2021-10-04,GASDESW,US,diesel,,weekly-mon,3.477
2021-10-11,GASDESW,US,diesel,,weekly-mon,3.586
2021-10-18,GASDESW,US,diesel,,weekly-mon,3.671
2021-10-25,GASDESW,US,diesel,,weekly-mon,3.713
2021-11-01,GASDESW,US,diesel,,weekly-mon,3.727
2021-11-08,GASDESW,US,diesel,,weekly-mon,3.73
2021-11-15,GASDESW,US,diesel,,weekly-mon,3.734
2021-11-22,GASDESW,US,diesel,,weekly-mon,3.724
2021-11-29,GASDESW,US,diesel,,weekly-mon,3.72
2021-12-06,GASDESW,US,diesel,,weekly-mon,3.674
2021-12-13,GASDESW,US,diesel,,weekly-mon,3.649
2021-12-20,GASDESW,US,diesel,,weekly-mon,3.626
2021-12-27,GASDESW,US,diesel,,weekly-mon,3.615
2022-01-03,GASDESW,US,diesel,,weekly-mon,3.613
2022-01-10,GASDESW,US,diesel,,weekly-mon,3.657
2022-01-17,GASDESW,US,diesel,,weekly-mon,3.725
2022-01-24,GASDESW,US,diesel,,weekly-mon,3.78
2022-01-31,GASDESW,US,diesel,,weekly-mon,3.846
2022-02-07,GASDESW,US,diesel,,weekly-mon,3.951
2022-02-14,GASDESW,US,diesel,,weekly-mon,4.019
2022-02-21,GASDESW,US,diesel,,weekly-mon,4.055
2022-02-28,GASDESW,US,diesel,,weekly-mon,4.104
2022-03-07,GASDESW,US,diesel,,weekly-mon,4.849
2022-03-14,GASDESW,US,diesel,,weekly-mon,5.25
2022-03-21,GASDESW,US,diesel,,weekly-mon,5.134
2022-03-28,GASDESW,US,diesel,,weekly-mon,5.185
2022-04-04,GASDESW,US,diesel,,weekly-mon,5.144
2022-04-11,GASDESW,US,diesel,,weekly-mon,5.073
2022-04-18,GASDESW,US,diesel,,weekly-mon,5.101
2022-04-25,GASDESW,US,diesel,,weekly-mon,5.16
2022-05-02,GASDESW,US,diesel,,weekly-mon,5.509
2022-05-09,GASDESW,US,diesel,,weekly-mon,5.623
2022-05-16,GASDESW,US,diesel,,weekly-mon,5.613
2022-05-23,GASDESW,US,diesel,,weekly-mon,5.571
2022-05-30,GASDESW,US,diesel,,weekly-mon,5.539
2022-06-06,GASDESW,US,diesel,,weekly-mon,5.703
2022-06-13,GASDESW,US,diesel,,weekly-mon,5.718
2022-06-20,GASDESW,US,diesel,,weekly-mon,5.81
2022-06-27,GASDESW,US,diesel,,weekly-mon,5.783
2022-07-04,GASDESW,US,diesel,,weekly-mon,5.675
2022-07-11,GASDESW,US,diesel,,weekly-mon,5.568
2022-07-18,GASDESW,US,diesel,,weekly-mon,5.432
2022-07-25,GASDESW,US,diesel,,weekly-mon,5.268
2022-08-01,GASDESW,US,diesel,,weekly-mon,5.138
2022-08-08,GASDESW,US,diesel,,weekly-mon,4.993
2022-08-15,GASDESW,US,diesel,,weekly-mon,4.911
2022-08-22,GASDESW,US,diesel,,weekly-mon,4.909
2022-08-29,GASDESW,US,diesel,,weekly-mon,5.115
2022-09-05,GASDESW,US,diesel,,weekly-mon,5.084
2022-09-12,GASDESW,US,diesel,,weekly-mon,5.033
2022-09-19,GASDESW,US,diesel,,weekly-mon,4.964
2022-09-26,GASDESW,US,diesel,,weekly-mon,4.889
2022-10-03,GASDESW,US,diesel,,weekly-mon,4.836
2022-10-10,GASDESW,US,diesel,,weekly-mon,5.224
2022-10-17,GASDESW,US,diesel,,weekly-mon,5.339
2022-10-24,GASDESW,US,diesel,,weekly-mon,5.341
2022-10-31,GASDESW,US,diesel,,weekly-mon,5.317
2022-11-07,GASDESW,US,diesel,,weekly-mon,5.333
2022-11-14,GASDESW,US,diesel,,weekly-mon,5.313
2022-11-21,GASDESW,US,diesel,,weekly-mon,5.233
2022-11-28,GASDESW,US,diesel,,weekly-mon,5.141
2022-12-05,GASDESW,US,diesel,,weekly-mon,4.967
2022-12-12,GASDESW,US,diesel,,weekly-mon,4.754
2022-12-19,GASDESW,US,diesel,,weekly-mon,4.596
2022-12-26,GASDESW,US,diesel,,weekly-mon,4.537
2023-01-02,GASDESW,US,diesel,,weekly-mon,4.583
2023-01-09,GASDESW,US,diesel,,weekly-mon,4.549
2023-01-16,GASDESW,US,diesel,,weekly-mon,4.524
2023-01-23,GASDESW,US,diesel,,weekly-mon,4.604
2023-01-30,GASDESW,US,diesel,,weekly-mon,4.622
2023-02-06,GASDESW,US,diesel,,weekly-mon,4.539
2023-02-13,GASDESW,US,diesel,,weekly-mon,4.444
2023-02-20,GASDESW,US,diesel,,weekly-mon,4.376
2023-02-27,GASDESW,US,diesel,,weekly-mon,4.294
2023-03-06,GASDESW,US,diesel,,weekly-mon,4.282
2023-03-13,GASDESW,US,diesel,,weekly-mon,4.247
2023-03-20,GASDESW,US,diesel,,weekly-mon,4.185
2023-03-27,GASDESW,US,diesel,,weekly-mon,4.128
2023-04-03,GASDESW,US,diesel,,weekly-mon,4.105
2023-04-10,GASDESW,US,diesel,,weekly-mon,4.098
2023-04-17,GASDESW,US,diesel,,weekly-mon,4.116
2023-04-24,GASDESW,US,diesel,,weekly-mon,4.077
2023-05-01,GASDESW,US,diesel,,weekly-mon,4.018
2023-05-08,GASDESW,US,diesel,,weekly-mon,3.922
2023-05-15,GASDESW,US,diesel,,weekly-mon,3.897
2023-05-22,GASDESW,US,diesel,,weekly-mon,3.883
2023-05-29,GASDESW,US,diesel,,weekly-mon,3.855
2023-06-05,GASDESW,US,diesel,,weekly-mon,3.797
2023-06-12,GASDESW,US,diesel,,weekly-mon,3.794
2023-06-19,GASDESW,US,diesel,,weekly-mon,3.815
2023-06-26,GASDESW,US,diesel,,weekly-mon,3.801
2023-07-03,GASDESW,US,diesel,,weekly-mon,3.767
2023-07-10,GASDESW,US,diesel,,weekly-mon,3.806
2023-07-17,GASDESW,US,diesel,,weekly-mon,3.806
2023-07-24,GASDESW,US,diesel,,weekly-mon,3.905
2023-07-31,GASDESW,US,diesel,,weekly-mon,4.127
2023-08-07,GASDESW,US,diesel,,weekly-mon,4.239
2023-08-14,GASDESW,US,diesel,,weekly-mon,4.378
2023-08-21,GASDESW,US,diesel,,weekly-mon,4.389
2023-08-28,GASDESW,US,diesel,,weekly-mon,4.475
2023-09-04,GASDESW,US,diesel,,weekly-mon,4.492
2023-09-11,GASDESW,US,diesel,,weekly-mon,4.54
2023-09-18,GASDESW,US,diesel,,weekly-mon,4.633
2023-09-25,GASDESW,US,diesel,,weekly-mon,4.586
2023-10-02,GASDESW,US,diesel,,weekly-mon,4.593
2023-10-09,GASDESW,US,diesel,,weekly-mon,4.498
2023-10-16,GASDESW,US,diesel,,weekly-mon,4.444
2023-10-23,GASDESW,US,diesel,,weekly-mon,4.545
2023-10-30,GASDESW,US,diesel,,weekly-mon,4.454
2023-11-06,GASDESW,US,diesel,,weekly-mon,4.366
2023-11-13,GASDESW,US,diesel,,weekly-mon,4.294
2023-11-20,GASDESW,US,diesel,,weekly-mon,4.209
2023-11-27,GASDESW,US,diesel,,weekly-mon,4.146
2023-12-04,GASDESW,US,diesel,,weekly-mon,4.092
2023-12-11,GASDESW,US,diesel,,weekly-mon,3.987
2023-12-18,GASDESW,US,diesel,,weekly-mon,3.894
2023-12-25,GASDESW,US,diesel,,weekly-mon,3.914
2024-01-01,GASDESW,US,diesel,,weekly-mon,3.876
2024-01-08,GASDESW,US,diesel,,weekly-mon,3.828
2024-01-15,GASDESW,US,diesel,,weekly-mon,3.863
2024-01-22,GASDESW,US,diesel,,weekly-mon,3.838
2024-01-29,GASDESW,US,diesel,,weekly-mon,3.867
2024-02-05,GASDESW,US,diesel,,weekly-mon,3.899
2024-02-12,GASDESW,US,diesel,,weekly-mon,4.109
2024-02-19,GASDESW,US,diesel,,weekly-mon,4.109
2024-02-26,GASDESW,US,diesel,,weekly-mon,4.058
2024-03-04,GASDESW,US,diesel,,weekly-mon,4.022
2024-03-11,GASDESW,US,diesel,,weekly-mon,4.004
2024-03-18,GASDESW,US,diesel,,weekly-mon,4.028
2024-03-25,GASDESW,US,diesel,,weekly-mon,4.034
2024-04-01,GASDESW,US,diesel,,weekly-mon,3.996
2024-04-08,GASDESW,US,diesel,,weekly-mon,4.061
2024-04-15,GASDESW,US,diesel,,weekly-mon,4.015
2024-04-22,GASDESW,US,diesel,,weekly-mon,3.992
2024-04-29,GASDESW,US,diesel,,weekly-mon,3.947
2024-05-06,GASDESW,US,diesel,,weekly-mon,3.894
2024-05-13,GASDESW,US,diesel,,weekly-mon,3.848
2024-05-20,GASDESW,US,diesel,,weekly-mon,3.789
2024-05-27,GASDESW,US,diesel,,weekly-mon,3.758
2024-06-03,GASDESW,US,diesel,,weekly-mon,3.726
2024-06-10,GASDESW,US,diesel,,weekly-mon,3.658
2024-06-17,GASDESW,US,diesel,,weekly-mon,3.735
2024-06-24,GASDESW,US,diesel,,weekly-mon,3.769
2024-07-01,GASDESW,US,diesel,,weekly-mon,3.813
2024-07-08,GASDESW,US,diesel,,weekly-mon,3.865
2024-07-15,GASDESW,US,diesel,,weekly-mon,3.826
2024-07-22,GASDESW,US,diesel,,weekly-mon,3.779
2024-07-29,GASDESW,US,diesel,,weekly-mon,3.768
2024-08-05,GASDESW,US,diesel,,weekly-mon,3.755
2024-08-12,GASDESW,US,diesel,,weekly-mon,3.704
2024-08-19,GASDESW,US,diesel,,weekly-mon,3.688
2024-08-26,GASDESW,US,diesel,,weekly-mon,3.651
2024-09-02,GASDESW,US,diesel,,weekly-mon,3.625
2024-09-09,GASDESW,US,diesel,,weekly-mon,3.555
2024-09-16,GASDESW,US,diesel,,weekly-mon,3.526
2024-09-23,GASDESW,US,diesel,,weekly-mon,3.539
2024-09-30,GASDESW,US,diesel,,weekly-mon,3.544
2024-10-07,GASDESW,US,diesel,,weekly-mon,3.584
2024-10-14,GASDESW,US,diesel,,weekly-mon,3.631
2024-10-21,GASDESW,US,diesel,,weekly-mon,3.553
2024-10-28,GASDESW,US,diesel,,weekly-mon,3.573
2024-11-04,GASDESW,US,diesel,,weekly-mon,3.536
2024-11-11,GASDESW,US,diesel,,weekly-mon,3.521
2024-11-18,GASDESW,US,diesel,,weekly-mon,3.491
2024-11-25,GASDESW,US,diesel,,weekly-mon,3.539
2024-12-02,GASDESW,US,diesel,,weekly-mon,3.54
2024-12-09,GASDESW,US,diesel,,weekly-mon,3.458
2024-12-16,GASDESW,US,diesel,,weekly-mon,3.494
2024-12-23,GASDESW,US,diesel,,weekly-mon,3.476
2024-12-30,GASDESW,US,diesel,,weekly-mon,3.503
2025-01-06,GASDESW,US,diesel,,weekly-mon,3.561
2025-01-13,GASDESW,US,diesel,,weekly-mon,3.602
2025-01-20,GASDESW,US,diesel,,weekly-mon,3.715
2025-01-27,GASDESW,US,diesel,,weekly-mon,3.659
2025-02-03,GASDESW,US,diesel,,weekly-mon,3.66
2025-02-10,GASDESW,US,diesel,,weekly-mon,3.665
2025-02-17,GASDESW,US,diesel,,weekly-mon,3.677
2025-02-24,GASDESW,US,diesel,,weekly-mon,3.697
2025-03-03,GASDESW,US,diesel,,weekly-mon,3.635
2025-03-10,GASDESW,US,diesel,,weekly-mon,3.582
2025-03-17,GASDESW,US,diesel,,weekly-mon,3.549
2025-03-24,GASDESW,US,diesel,,weekly-mon,3.567
2025-03-31,GASDESW,US,diesel,,weekly-mon,3.592
2025-04-07,GASDESW,US,diesel,,weekly-mon,3.639
2025-04-14,GASDESW,US,diesel,,weekly-mon,3.579
2025-04-21,GASDESW,US,diesel,,weekly-mon,3.534
2025-04-28,GASDESW,US,diesel,,weekly-mon,3.514
2025-05-05,GASDESW,US,diesel,,weekly-mon,3.497
2025-05-12,GASDESW,US,diesel,,weekly-mon,3.476
2025-05-19,GASDESW,US,diesel,,weekly-mon,3.536
2025-05-26,GASDESW,US,diesel,,weekly-mon,3.487
2025-06-02,GASDESW,US,diesel,,weekly-mon,3.451
2025-06-09,GASDESW,US,diesel,,weekly-mon,3.471
2025-06-16,GASDESW,US,diesel,,weekly-mon,3.571
2025-06-23,GASDESW,US,diesel,,weekly-mon,3.775
2025-06-30,GASDESW,US,diesel,,weekly-mon,3.727
2025-07-07,GASDESW,US,diesel,,weekly-mon,3.739
2025-07-14,GASDESW,US,diesel,,weekly-mon,3.758
2025-07-21,GASDESW,US,diesel,,weekly-mon,3.812
2025-07-28,GASDESW,US,diesel,,weekly-mon,3.805
2025-08-04,GASDESW,US,diesel,,weekly-mon,3.8
2025-08-11,GASDESW,US,diesel,,weekly-mon,3.754
2025-08-18,GASDESW,US,diesel,,weekly-mon,3.713
2025-08-25,GASDESW,US,diesel,,weekly-mon,3.708
2025-09-01,GASDESW,US,diesel,,weekly-mon,3.734
2025-09-08,GASDESW,US,diesel,,weekly-mon,3.766
2025-09-15,GASDESW,US,diesel,,weekly-mon,3.739
2025-09-22,GASDESW,US,diesel,,weekly-mon,3.749
2025-09-29,GASDESW,US,diesel,,weekly-mon,3.754
2025-10-06,GASDESW,US,diesel,,weekly-mon,3.711
2025-10-13,GASDESW,US,diesel,,weekly-mon,3.665
2025-10-20,GASDESW,US,diesel,,weekly-mon,3.62
2025-10-27,GASDESW,US,diesel,,weekly-mon,3.718
2025-11-03,GASDESW,US,diesel,,weekly-mon,3.753
2025-11-10,GASDESW,US,diesel,,weekly-mon,3.837
2025-11-17,GASDESW,US,diesel,,weekly-mon,3.868
2025-11-24,GASDESW,US,diesel,,weekly-mon,3.831
2025-12-01,GASDESW,US,diesel,,weekly-mon,3.758
2025-12-08,GASDESW,US,diesel,,weekly-mon,3.665
2025-12-15,GASDESW,US,diesel,,weekly-mon,3.607
2025-12-22,GASDESW,US,diesel,,weekly-mon,3.544
2025-12-29,GASDESW,US,diesel,,weekly-mon,3.5
2026-01-05,GASDESW,US,diesel,,weekly-mon,3.477
2026-01-12,GASDESW,US,diesel,,weekly-mon,3.459
2026-01-19,GASDESW,US,diesel,,weekly-mon,3.53
2026-01-26,GASDESW,US,diesel,,weekly-mon,3.624
2026-02-02,GASDESW,US,diesel,,weekly-mon,3.681
2026-02-09,GASDESW,US,diesel,,weekly-mon,3.688
2026-02-16,GASDESW,US,diesel,,weekly-mon,3.711
2026-02-23,GASDESW,US,diesel,,weekly-mon,3.809
2026-03-02,GASDESW,US,diesel,,weekly-mon,3.897
2026-03-09,GASDESW,US,diesel,,weekly-mon,4.859
2026-03-16,GASDESW,US,diesel,,weekly-mon,5.071
2026-03-23,GASDESW,US,diesel,,weekly-mon,5.375
2026-03-30,GASDESW,US,diesel,,weekly-mon,5.401
2026-04-06,GASDESW,US,diesel,,weekly-mon,5.643
2026-04-13,GASDESW,US,diesel,,weekly-mon,5.608
2026-04-20,GASDESW,US,diesel,,weekly-mon,5.403
2026-04-27,GASDESW,US,diesel,,weekly-mon,5.351
2026-05-04,GASDESW,US,diesel,,weekly-mon,5.64
2026-05-11,GASDESW,US,diesel,,weekly-mon,5.639
2026-05-18,GASDESW,US,diesel,,weekly-mon,5.596
2026-05-25,GASDESW,US,diesel,,weekly-mon,5.523
2026-06-01,GASDESW,US,diesel,,weekly-mon,5.35
2026-06-08,GASDESW,US,diesel,,weekly-mon,5.21
2026-06-15,GASDESW,US,diesel,,weekly-mon,5.059
2026-06-22,GASDESW,US,diesel,,weekly-mon,4.832
2026-06-29,GASDESW,US,diesel,,weekly-mon,4.668
2026-07-06,GASDESW,US,diesel,,weekly-mon,4.578
2026-07-13,GASDESW,US,diesel,,weekly-mon,4.796
2026-07-20,GASDESW,US,diesel,,weekly-mon,5.134
2026-07-27,GASDESW,US,diesel,,weekly-mon,5.313
2026-08-03,GASDESW,US,diesel,,weekly-mon,5.348
2010-01-04,GASDESWCW,PADD 5,diesel,,weekly-mon,2.908
2010-01-11,GASDESWCW,PADD 5,diesel,,weekly-mon,2.971
2010-01-18,GASDESWCW,PADD 5,diesel,,weekly-mon,2.947
2010-01-25,GASDESWCW,PADD 5,diesel,,weekly-mon,2.915
2010-02-01,GASDESWCW,PADD 5,diesel,,weekly-mon,2.876
2010-02-08,GASDESWCW,PADD 5,diesel,,weekly-mon,2.86
2010-02-15,GASDESWCW,PADD 5,diesel,,weekly-mon,2.846
2010-02-22,GASDESWCW,PADD 5,diesel,,weekly-mon,2.918
2010-03-01,GASDESWCW,PADD 5,diesel,,weekly-mon,2.956
2010-03-08,GASDESWCW,PADD 5,diesel,,weekly-mon,3.003
2010-03-15,GASDESWCW,PADD 5,diesel,,weekly-mon,3.005
2010-03-22,GASDESWCW,PADD 5,diesel,,weekly-mon,3.027
2010-03-29,GASDESWCW,PADD 5,diesel,,weekly-mon,3.027
2010-04-05,GASDESWCW,PADD 5,diesel,,weekly-mon,3.113
2010-04-12,GASDESWCW,PADD 5,diesel,,weekly-mon,3.187
2010-04-19,GASDESWCW,PADD 5,diesel,,weekly-mon,3.203
2010-04-26,GASDESWCW,PADD 5,diesel,,weekly-mon,3.211
2010-05-03,GASDESWCW,PADD 5,diesel,,weekly-mon,3.243
2010-05-10,GASDESWCW,PADD 5,diesel,,weekly-mon,3.233
2010-05-17,GASDESWCW,PADD 5,diesel,,weekly-mon,3.204
2010-05-24,GASDESWCW,PADD 5,diesel,,weekly-mon,3.132
2010-05-31,GASDESWCW,PADD 5,diesel,,weekly-mon,3.082
2010-06-07,GASDESWCW,PADD 5,diesel,,weekly-mon,3.058
2010-06-14,GASDESWCW,PADD 5,diesel,,weekly-mon,3.054
2010-06-21,GASDESWCW,PADD 5,diesel,,weekly-mon,3.093
2010-06-28,GASDESWCW,PADD 5,diesel,,weekly-mon,3.099
2010-07-05,GASDESWCW,PADD 5,diesel,,weekly-mon,3.077
2010-07-12,GASDESWCW,PADD 5,diesel,,weekly-mon,3.057
2010-07-19,GASDESWCW,PADD 5,diesel,,weekly-mon,3.042
2010-07-26,GASDESWCW,PADD 5,diesel,,weekly-mon,3.06
2010-08-02,GASDESWCW,PADD 5,diesel,,weekly-mon,3.071
2010-08-09,GASDESWCW,PADD 5,diesel,,weekly-mon,3.124
2010-08-16,GASDESWCW,PADD 5,diesel,,weekly-mon,3.129
2010-08-23,GASDESWCW,PADD 5,diesel,,weekly-mon,3.114
2010-08-30,GASDESWCW,PADD 5,diesel,,weekly-mon,3.101
2010-09-06,GASDESWCW,PADD 5,diesel,,weekly-mon,3.104
2010-09-13,GASDESWCW,PADD 5,diesel,,weekly-mon,3.101
2010-09-20,GASDESWCW,PADD 5,diesel,,weekly-mon,3.12
2010-09-27,GASDESWCW,PADD 5,diesel,,weekly-mon,3.121
2010-10-04,GASDESWCW,PADD 5,diesel,,weekly-mon,3.165
2010-10-11,GASDESWCW,PADD 5,diesel,,weekly-mon,3.239
2010-10-18,GASDESWCW,PADD 5,diesel,,weekly-mon,3.249
2010-10-25,GASDESWCW,PADD 5,diesel,,weekly-mon,3.243
2010-11-01,GASDESWCW,PADD 5,diesel,,weekly-mon,3.242
2010-11-08,GASDESWCW,PADD 5,diesel,,weekly-mon,3.273
2010-11-15,GASDESWCW,PADD 5,diesel,,weekly-mon,3.329
2010-11-22,GASDESWCW,PADD 5,diesel,,weekly-mon,3.316
2010-11-29,GASDESWCW,PADD 5,diesel,,weekly-mon,3.3
2010-12-06,GASDESWCW,PADD 5,diesel,,weekly-mon,3.321
2010-12-13,GASDESWCW,PADD 5,diesel,,weekly-mon,3.361
2010-12-20,GASDESWCW,PADD 5,diesel,,weekly-mon,3.366
2010-12-27,GASDESWCW,PADD 5,diesel,,weekly-mon,3.405
2011-01-03,GASDESWCW,PADD 5,diesel,,weekly-mon,3.443
2011-01-10,GASDESWCW,PADD 5,diesel,,weekly-mon,3.445
2011-01-17,GASDESWCW,PADD 5,diesel,,weekly-mon,3.509
2011-01-24,GASDESWCW,PADD 5,diesel,,weekly-mon,3.531
2011-01-31,GASDESWCW,PADD 5,diesel,,weekly-mon,3.533
2011-02-07,GASDESWCW,PADD 5,diesel,,weekly-mon,3.63
2011-02-14,GASDESWCW,PADD 5,diesel,,weekly-mon,3.671
2011-02-21,GASDESWCW,PADD 5,diesel,,weekly-mon,3.729
2011-02-28,GASDESWCW,PADD 5,diesel,,weekly-mon,3.892
2011-03-07,GASDESWCW,PADD 5,diesel,,weekly-mon,4.046
2011-03-14,GASDESWCW,PADD 5,diesel,,weekly-mon,4.091
2011-03-21,GASDESWCW,PADD 5,diesel,,weekly-mon,4.104
2011-03-28,GASDESWCW,PADD 5,diesel,,weekly-mon,4.155
2011-04-04,GASDESWCW,PADD 5,diesel,,weekly-mon,4.209
2011-04-11,GASDESWCW,PADD 5,diesel,,weekly-mon,4.308
2011-04-18,GASDESWCW,PADD 5,diesel,,weekly-mon,4.319
2011-04-25,GASDESWCW,PADD 5,diesel,,weekly-mon,4.305
2011-05-02,GASDESWCW,PADD 5,diesel,,weekly-mon,4.328
2011-05-09,GASDESWCW,PADD 5,diesel,,weekly-mon,4.307
2011-05-16,GASDESWCW,PADD 5,diesel,,weekly-mon,4.248
2011-05-23,GASDESWCW,PADD 5,diesel,,weekly-mon,4.201
2011-05-30,GASDESWCW,PADD 5,diesel,,weekly-mon,4.161
2011-06-06,GASDESWCW,PADD 5,diesel,,weekly-mon,4.146
2011-06-13,GASDESWCW,PADD 5,diesel,,weekly-mon,4.163
2011-06-20,GASDESWCW,PADD 5,diesel,,weekly-mon,4.156
2011-06-27,GASDESWCW,PADD 5,diesel,,weekly-mon,4.069
2011-07-04,GASDESWCW,PADD 5,diesel,,weekly-mon,3.993
2011-07-11,GASDESWCW,PADD 5,diesel,,weekly-mon,4.012
2011-07-18,GASDESWCW,PADD 5,diesel,,weekly-mon,4.005
2011-07-25,GASDESWCW,PADD 5,diesel,,weekly-mon,4.038
2011-08-01,GASDESWCW,PADD 5,diesel,,weekly-mon,4.0
2011-08-08,GASDESWCW,PADD 5,diesel,,weekly-mon,3.949
2011-08-15,GASDESWCW,PADD 5,diesel,,weekly-mon,3.863
2011-08-22,GASDESWCW,PADD 5,diesel,,weekly-mon,3.855
2011-08-29,GASDESWCW,PADD 5,diesel,,weekly-mon,3.908
2011-09-05,GASDESWCW,PADD 5,diesel,,weekly-mon,3.981
2011-09-12,GASDESWCW,PADD 5,diesel,,weekly-mon,3.984
2011-09-19,GASDESWCW,PADD 5,diesel,,weekly-mon,3.977
2011-09-26,GASDESWCW,PADD 5,diesel,,weekly-mon,3.957
2011-10-03,GASDESWCW,PADD 5,diesel,,weekly-mon,3.927
2011-10-10,GASDESWCW,PADD 5,diesel,,weekly-mon,3.91
2011-10-17,GASDESWCW,PADD 5,diesel,,weekly-mon,4.01
2011-10-24,GASDESWCW,PADD 5,diesel,,weekly-mon,4.049
2011-10-31,GASDESWCW,PADD 5,diesel,,weekly-mon,4.107
2011-11-07,GASDESWCW,PADD 5,diesel,,weekly-mon,4.109
2011-11-14,GASDESWCW,PADD 5,diesel,,weekly-mon,4.171
2011-11-21,GASDESWCW,PADD 5,diesel,,weekly-mon,4.191
2011-11-28,GASDESWCW,PADD 5,diesel,,weekly-mon,4.142
2011-12-05,GASDESWCW,PADD 5,diesel,,weekly-mon,4.105
2011-12-12,GASDESWCW,PADD 5,diesel,,weekly-mon,4.061
2011-12-19,GASDESWCW,PADD 5,diesel,,weekly-mon,3.992
2011-12-26,GASDESWCW,PADD 5,diesel,,weekly-mon,3.978
2012-01-02,GASDESWCW,PADD 5,diesel,,weekly-mon,3.979
2012-01-09,GASDESWCW,PADD 5,diesel,,weekly-mon,4.026
2012-01-16,GASDESWCW,PADD 5,diesel,,weekly-mon,4.037
2012-01-23,GASDESWCW,PADD 5,diesel,,weekly-mon,4.037
2012-01-30,GASDESWCW,PADD 5,diesel,,weekly-mon,4.033
2012-02-06,GASDESWCW,PADD 5,diesel,,weekly-mon,4.036
2012-02-13,GASDESWCW,PADD 5,diesel,,weekly-mon,4.121
2012-02-20,GASDESWCW,PADD 5,diesel,,weekly-mon,4.164
2012-02-27,GASDESWCW,PADD 5,diesel,,weekly-mon,4.326
2012-03-05,GASDESWCW,PADD 5,diesel,,weekly-mon,4.372
2012-03-12,GASDESWCW,PADD 5,diesel,,weekly-mon,4.421
2012-03-19,GASDESWCW,PADD 5,diesel,,weekly-mon,4.431
2012-03-26,GASDESWCW,PADD 5,diesel,,weekly-mon,4.433
2012-04-02,GASDESWCW,PADD 5,diesel,,weekly-mon,4.42
2012-04-09,GASDESWCW,PADD 5,diesel,,weekly-mon,4.411
2012-04-16,GASDESWCW,PADD 5,diesel,,weekly-mon,4.389
2012-04-23,GASDESWCW,PADD 5,diesel,,weekly-mon,4.345
2012-04-30,GASDESWCW,PADD 5,diesel,,weekly-mon,4.33
2012-05-07,GASDESWCW,PADD 5,diesel,,weekly-mon,4.312
2012-05-14,GASDESWCW,PADD 5,diesel,,weekly-mon,4.277
2012-05-21,GASDESWCW,PADD 5,diesel,,weekly-mon,4.233
2012-05-28,GASDESWCW,PADD 5,diesel,,weekly-mon,4.164
2012-06-04,GASDESWCW,PADD 5,diesel,,weekly-mon,4.101
2012-06-11,GASDESWCW,PADD 5,diesel,,weekly-mon,3.991
2012-06-18,GASDESWCW,PADD 5,diesel,,weekly-mon,3.899
2012-06-25,GASDESWCW,PADD 5,diesel,,weekly-mon,3.839
2012-07-02,GASDESWCW,PADD 5,diesel,,weekly-mon,3.787
2012-07-09,GASDESWCW,PADD 5,diesel,,weekly-mon,3.798
2012-07-16,GASDESWCW,PADD 5,diesel,,weekly-mon,3.803
2012-07-23,GASDESWCW,PADD 5,diesel,,weekly-mon,3.901
2012-07-30,GASDESWCW,PADD 5,diesel,,weekly-mon,3.898
2012-08-06,GASDESWCW,PADD 5,diesel,,weekly-mon,3.959
2012-08-13,GASDESWCW,PADD 5,diesel,,weekly-mon,4.152
2012-08-20,GASDESWCW,PADD 5,diesel,,weekly-mon,4.254
2012-08-27,GASDESWCW,PADD 5,diesel,,weekly-mon,4.353
2012-09-03,GASDESWCW,PADD 5,diesel,,weekly-mon,4.424
2012-09-10,GASDESWCW,PADD 5,diesel,,weekly-mon,4.423
2012-09-17,GASDESWCW,PADD 5,diesel,,weekly-mon,4.399
2012-09-24,GASDESWCW,PADD 5,diesel,,weekly-mon,4.323
2012-10-01,GASDESWCW,PADD 5,diesel,,weekly-mon,4.301
2012-10-08,GASDESWCW,PADD 5,diesel,,weekly-mon,4.319
2012-10-15,GASDESWCW,PADD 5,diesel,,weekly-mon,4.346
2012-10-22,GASDESWCW,PADD 5,diesel,,weekly-mon,4.298
2012-10-29,GASDESWCW,PADD 5,diesel,,weekly-mon,4.187
2012-11-05,GASDESWCW,PADD 5,diesel,,weekly-mon,4.153
2012-11-12,GASDESWCW,PADD 5,diesel,,weekly-mon,4.131
2012-11-19,GASDESWCW,PADD 5,diesel,,weekly-mon,4.094
2012-11-26,GASDESWCW,PADD 5,diesel,,weekly-mon,4.115
2012-12-03,GASDESWCW,PADD 5,diesel,,weekly-mon,4.097
2012-12-10,GASDESWCW,PADD 5,diesel,,weekly-mon,4.042
2012-12-17,GASDESWCW,PADD 5,diesel,,weekly-mon,3.997
2012-12-24,GASDESWCW,PADD 5,diesel,,weekly-mon,3.989
2012-12-31,GASDESWCW,PADD 5,diesel,,weekly-mon,3.991
2013-01-07,GASDESWCW,PADD 5,diesel,,weekly-mon,3.988
2013-01-14,GASDESWCW,PADD 5,diesel,,weekly-mon,3.988
2013-01-21,GASDESWCW,PADD 5,diesel,,weekly-mon,4.004
2013-01-28,GASDESWCW,PADD 5,diesel,,weekly-mon,4.049
2013-02-04,GASDESWCW,PADD 5,diesel,,weekly-mon,4.166
2013-02-11,GASDESWCW,PADD 5,diesel,,weekly-mon,4.265
2013-02-18,GASDESWCW,PADD 5,diesel,,weekly-mon,4.303
2013-02-25,GASDESWCW,PADD 5,diesel,,weekly-mon,4.299
2013-03-04,GASDESWCW,PADD 5,diesel,,weekly-mon,4.28
2013-03-11,GASDESWCW,PADD 5,diesel,,weekly-mon,4.227
2013-03-18,GASDESWCW,PADD 5,diesel,,weekly-mon,4.162
2013-03-25,GASDESWCW,PADD 5,diesel,,weekly-mon,4.101
2013-04-01,GASDESWCW,PADD 5,diesel,,weekly-mon,4.116
2013-04-08,GASDESWCW,PADD 5,diesel,,weekly-mon,4.117
2013-04-15,GASDESWCW,PADD 5,diesel,,weekly-mon,4.066
2013-04-22,GASDESWCW,PADD 5,diesel,,weekly-mon,3.99
2013-04-29,GASDESWCW,PADD 5,diesel,,weekly-mon,3.949
2013-05-06,GASDESWCW,PADD 5,diesel,,weekly-mon,3.923
2013-05-13,GASDESWCW,PADD 5,diesel,,weekly-mon,3.969
2013-05-20,GASDESWCW,PADD 5,diesel,,weekly-mon,4.008
2013-05-27,GASDESWCW,PADD 5,diesel,,weekly-mon,3.986
2013-06-03,GASDESWCW,PADD 5,diesel,,weekly-mon,3.968
2013-06-10,GASDESWCW,PADD 5,diesel,,weekly-mon,3.945
2013-06-17,GASDESWCW,PADD 5,diesel,,weekly-mon,3.954
2013-06-24,GASDESWCW,PADD 5,diesel,,weekly-mon,3.963
2013-07-01,GASDESWCW,PADD 5,diesel,,weekly-mon,3.942
2013-07-08,GASDESWCW,PADD 5,diesel,,weekly-mon,3.951
2013-07-15,GASDESWCW,PADD 5,diesel,,weekly-mon,3.997
2013-07-22,GASDESWCW,PADD 5,diesel,,weekly-mon,4.041
2013-07-29,GASDESWCW,PADD 5,diesel,,weekly-mon,4.052
2013-08-05,GASDESWCW,PADD 5,diesel,,weekly-mon,4.054
2013-08-12,GASDESWCW,PADD 5,diesel,,weekly-mon,4.045
2013-08-19,GASDESWCW,PADD 5,diesel,,weekly-mon,4.057
2013-08-26,GASDESWCW,PADD 5,diesel,,weekly-mon,4.072
2013-09-02,GASDESWCW,PADD 5,diesel,,weekly-mon,4.128
2013-09-09,GASDESWCW,PADD 5,diesel,,weekly-mon,4.142
2013-09-16,GASDESWCW,PADD 5,diesel,,weekly-mon,4.138
2013-09-23,GASDESWCW,PADD 5,diesel,,weekly-mon,4.111
2013-09-30,GASDESWCW,PADD 5,diesel,,weekly-mon,4.075
2013-10-07,GASDESWCW,PADD 5,diesel,,weekly-mon,4.052
2013-10-14,GASDESWCW,PADD 5,diesel,,weekly-mon,4.047
2013-10-21,GASDESWCW,PADD 5,diesel,,weekly-mon,4.049
2013-10-28,GASDESWCW,PADD 5,diesel,,weekly-mon,4.036
2013-11-04,GASDESWCW,PADD 5,diesel,,weekly-mon,4.015
2013-11-11,GASDESWCW,PADD 5,diesel,,weekly-mon,3.976
2013-11-18,GASDESWCW,PADD 5,diesel,,weekly-mon,3.954
2013-11-25,GASDESWCW,PADD 5,diesel,,weekly-mon,3.954
2013-12-02,GASDESWCW,PADD 5,diesel,,weekly-mon,3.998
2013-12-09,GASDESWCW,PADD 5,diesel,,weekly-mon,3.993
2013-12-16,GASDESWCW,PADD 5,diesel,,weekly-mon,3.982
2013-12-23,GASDESWCW,PADD 5,diesel,,weekly-mon,3.985
2013-12-30,GASDESWCW,PADD 5,diesel,,weekly-mon,4.025
2014-01-06,GASDESWCW,PADD 5,diesel,,weekly-mon,4.034
2014-01-13,GASDESWCW,PADD 5,diesel,,weekly-mon,3.996
2014-01-20,GASDESWCW,PADD 5,diesel,,weekly-mon,3.966
2014-01-27,GASDESWCW,PADD 5,diesel,,weekly-mon,3.979
2014-02-03,GASDESWCW,PADD 5,diesel,,weekly-mon,3.994
2014-02-10,GASDESWCW,PADD 5,diesel,,weekly-mon,3.998
2014-02-17,GASDESWCW,PADD 5,diesel,,weekly-mon,4.0
2014-02-24,GASDESWCW,PADD 5,diesel,,weekly-mon,4.035
2014-03-03,GASDESWCW,PADD 5,diesel,,weekly-mon,4.038
2014-03-10,GASDESWCW,PADD 5,diesel,,weekly-mon,4.042
2014-03-17,GASDESWCW,PADD 5,diesel,,weekly-mon,4.02
2014-03-24,GASDESWCW,PADD 5,diesel,,weekly-mon,4.009
2014-03-31,GASDESWCW,PADD 5,diesel,,weekly-mon,3.99
2014-04-07,GASDESWCW,PADD 5,diesel,,weekly-mon,3.982
2014-04-14,GASDESWCW,PADD 5,diesel,,weekly-mon,3.981
2014-04-21,GASDESWCW,PADD 5,diesel,,weekly-mon,4.03
2014-04-28,GASDESWCW,PADD 5,diesel,,weekly-mon,4.055
2014-05-05,GASDESWCW,PADD 5,diesel,,weekly-mon,4.046
2014-05-12,GASDESWCW,PADD 5,diesel,,weekly-mon,4.036
2014-05-19,GASDESWCW,PADD 5,diesel,,weekly-mon,4.025
2014-05-26,GASDESWCW,PADD 5,diesel,,weekly-mon,4.027
2014-06-02,GASDESWCW,PADD 5,diesel,,weekly-mon,4.021
2014-06-09,GASDESWCW,PADD 5,diesel,,weekly-mon,3.995
2014-06-16,GASDESWCW,PADD 5,diesel,,weekly-mon,3.994
2014-06-23,GASDESWCW,PADD 5,diesel,,weekly-mon,4.053
2014-06-30,GASDESWCW,PADD 5,diesel,,weekly-mon,4.073
2014-07-07,GASDESWCW,PADD 5,diesel,,weekly-mon,4.067
2014-07-14,GASDESWCW,PADD 5,diesel,,weekly-mon,4.052
2014-07-21,GASDESWCW,PADD 5,diesel,,weekly-mon,4.026
2014-07-28,GASDESWCW,PADD 5,diesel,,weekly-mon,4.017
2014-08-04,GASDESWCW,PADD 5,diesel,,weekly-mon,4.016
2014-08-11,GASDESWCW,PADD 5,diesel,,weekly-mon,4.016
2014-08-18,GASDESWCW,PADD 5,diesel,,weekly-mon,4.015
2014-08-25,GASDESWCW,PADD 5,diesel,,weekly-mon,4.01
2014-09-01,GASDESWCW,PADD 5,diesel,,weekly-mon,4.03
2014-09-08,GASDESWCW,PADD 5,diesel,,weekly-mon,4.034
2014-09-15,GASDESWCW,PADD 5,diesel,,weekly-mon,4.019
2014-09-22,GASDESWCW,PADD 5,diesel,,weekly-mon,3.99
2014-09-29,GASDESWCW,PADD 5,diesel,,weekly-mon,3.948
2014-10-06,GASDESWCW,PADD 5,diesel,,weekly-mon,3.933
2014-10-13,GASDESWCW,PADD 5,diesel,,weekly-mon,3.891
2014-10-20,GASDESWCW,PADD 5,diesel,,weekly-mon,3.835
2014-10-27,GASDESWCW,PADD 5,diesel,,weekly-mon,3.799
2014-11-03,GASDESWCW,PADD 5,diesel,,weekly-mon,3.789
2014-11-10,GASDESWCW,PADD 5,diesel,,weekly-mon,3.782
2014-11-17,GASDESWCW,PADD 5,diesel,,weekly-mon,3.762
2014-11-24,GASDESWCW,PADD 5,diesel,,weekly-mon,3.721
2014-12-01,GASDESWCW,PADD 5,diesel,,weekly-mon,3.692
2014-12-08,GASDESWCW,PADD 5,diesel,,weekly-mon,3.593
2014-12-15,GASDESWCW,PADD 5,diesel,,weekly-mon,3.469
2014-12-22,GASDESWCW,PADD 5,diesel,,weekly-mon,3.33
2014-12-29,GASDESWCW,PADD 5,diesel,,weekly-mon,3.269
2015-01-05,GASDESWCW,PADD 5,diesel,,weekly-mon,3.22
2015-01-12,GASDESWCW,PADD 5,diesel,,weekly-mon,3.126
2015-01-19,GASDESWCW,PADD 5,diesel,,weekly-mon,3.011
2015-01-26,GASDESWCW,PADD 5,diesel,,weekly-mon,2.942
2015-02-02,GASDESWCW,PADD 5,diesel,,weekly-mon,2.886
2015-02-09,GASDESWCW,PADD 5,diesel,,weekly-mon,2.924
2015-02-16,GASDESWCW,PADD 5,diesel,,weekly-mon,2.997
2015-02-23,GASDESWCW,PADD 5,diesel,,weekly-mon,3.065
2015-03-02,GASDESWCW,PADD 5,diesel,,weekly-mon,3.097
2015-03-09,GASDESWCW,PADD 5,diesel,,weekly-mon,3.096
2015-03-16,GASDESWCW,PADD 5,diesel,,weekly-mon,3.064
2015-03-23,GASDESWCW,PADD 5,diesel,,weekly-mon,3.001
2015-03-30,GASDESWCW,PADD 5,diesel,,weekly-mon,2.945
2015-04-06,GASDESWCW,PADD 5,diesel,,weekly-mon,2.918
2015-04-13,GASDESWCW,PADD 5,diesel,,weekly-mon,2.914
2015-04-20,GASDESWCW,PADD 5,diesel,,weekly-mon,2.965
2015-04-27,GASDESWCW,PADD 5,diesel,,weekly-mon,3.026
2015-05-04,GASDESWCW,PADD 5,diesel,,weekly-mon,3.112
2015-05-11,GASDESWCW,PADD 5,diesel,,weekly-mon,3.139
2015-05-18,GASDESWCW,PADD 5,diesel,,weekly-mon,3.162
2015-05-25,GASDESWCW,PADD 5,diesel,,weekly-mon,3.174
2015-06-01,GASDESWCW,PADD 5,diesel,,weekly-mon,3.163
2015-06-08,GASDESWCW,PADD 5,diesel,,weekly-mon,3.121
2015-06-15,GASDESWCW,PADD 5,diesel,,weekly-mon,3.101
2015-06-22,GASDESWCW,PADD 5,diesel,,weekly-mon,3.097
2015-06-29,GASDESWCW,PADD 5,diesel,,weekly-mon,3.068
2015-07-06,GASDESWCW,PADD 5,diesel,,weekly-mon,3.069
2015-07-13,GASDESWCW,PADD 5,diesel,,weekly-mon,3.037
2015-07-20,GASDESWCW,PADD 5,diesel,,weekly-mon,3.004
2015-07-27,GASDESWCW,PADD 5,diesel,,weekly-mon,2.957
2015-08-03,GASDESWCW,PADD 5,diesel,,weekly-mon,2.906
2015-08-10,GASDESWCW,PADD 5,diesel,,weekly-mon,2.846
2015-08-17,GASDESWCW,PADD 5,diesel,,weekly-mon,2.831
2015-08-24,GASDESWCW,PADD 5,diesel,,weekly-mon,2.767
2015-08-31,GASDESWCW,PADD 5,diesel,,weekly-mon,2.723
2015-09-07,GASDESWCW,PADD 5,diesel,,weekly-mon,2.746
2015-09-14,GASDESWCW,PADD 5,diesel,,weekly-mon,2.733
2015-09-21,GASDESWCW,PADD 5,diesel,,weekly-mon,2.714
2015-09-28,GASDESWCW,PADD 5,diesel,,weekly-mon,2.692
2015-10-05,GASDESWCW,PADD 5,diesel,,weekly-mon,2.694
2015-10-12,GASDESWCW,PADD 5,diesel,,weekly-mon,2.73
2015-10-19,GASDESWCW,PADD 5,diesel,,weekly-mon,2.704
2015-10-26,GASDESWCW,PADD 5,diesel,,weekly-mon,2.703
2015-11-02,GASDESWCW,PADD 5,diesel,,weekly-mon,2.697
2015-11-09,GASDESWCW,PADD 5,diesel,,weekly-mon,2.716
2015-11-16,GASDESWCW,PADD 5,diesel,,weekly-mon,2.695
2015-11-23,GASDESWCW,PADD 5,diesel,,weekly-mon,2.653
2015-11-30,GASDESWCW,PADD 5,diesel,,weekly-mon,2.624
2015-12-07,GASDESWCW,PADD 5,diesel,,weekly-mon,2.603
2015-12-14,GASDESWCW,PADD 5,diesel,,weekly-mon,2.552
2015-12-21,GASDESWCW,PADD 5,diesel,,weekly-mon,2.505
2015-12-28,GASDESWCW,PADD 5,diesel,,weekly-mon,2.478
2016-01-04,GASDESWCW,PADD 5,diesel,,weekly-mon,2.464
2016-01-11,GASDESWCW,PADD 5,diesel,,weekly-mon,2.426
2016-01-18,GASDESWCW,PADD 5,diesel,,weekly-mon,2.359
2016-01-25,GASDESWCW,PADD 5,diesel,,weekly-mon,2.325
2016-02-01,GASDESWCW,PADD 5,diesel,,weekly-mon,2.273
2016-02-08,GASDESWCW,PADD 5,diesel,,weekly-mon,2.236
2016-02-15,GASDESWCW,PADD 5,diesel,,weekly-mon,2.194
2016-02-22,GASDESWCW,PADD 5,diesel,,weekly-mon,2.181
2016-02-29,GASDESWCW,PADD 5,diesel,,weekly-mon,2.191
2016-03-07,GASDESWCW,PADD 5,diesel,,weekly-mon,2.219
2016-03-14,GASDESWCW,PADD 5,diesel,,weekly-mon,2.285
2016-03-21,GASDESWCW,PADD 5,diesel,,weekly-mon,2.311
2016-03-28,GASDESWCW,PADD 5,diesel,,weekly-mon,2.315
2016-04-04,GASDESWCW,PADD 5,diesel,,weekly-mon,2.317
2016-04-11,GASDESWCW,PADD 5,diesel,,weekly-mon,2.332
2016-04-18,GASDESWCW,PADD 5,diesel,,weekly-mon,2.371
2016-04-25,GASDESWCW,PADD 5,diesel,,weekly-mon,2.406
2016-05-02,GASDESWCW,PADD 5,diesel,,weekly-mon,2.481
2016-05-09,GASDESWCW,PADD 5,diesel,,weekly-mon,2.493
2016-05-16,GASDESWCW,PADD 5,diesel,,weekly-mon,2.53
2016-05-23,GASDESWCW,PADD 5,diesel,,weekly-mon,2.597
2016-05-30,GASDESWCW,PADD 5,diesel,,weekly-mon,2.65
2016-06-06,GASDESWCW,PADD 5,diesel,,weekly-mon,2.681
2016-06-13,GASDESWCW,PADD 5,diesel,,weekly-mon,2.711
2016-06-20,GASDESWCW,PADD 5,diesel,,weekly-mon,2.706
2016-06-27,GASDESWCW,PADD 5,diesel,,weekly-mon,2.713
2016-07-04,GASDESWCW,PADD 5,diesel,,weekly-mon,2.709
2016-07-11,GASDESWCW,PADD 5,diesel,,weekly-mon,2.708
2016-07-18,GASDESWCW,PADD 5,diesel,,weekly-mon,2.686
2016-07-25,GASDESWCW,PADD 5,diesel,,weekly-mon,2.663
2016-08-01,GASDESWCW,PADD 5,diesel,,weekly-mon,2.63
2016-08-08,GASDESWCW,PADD 5,diesel,,weekly-mon,2.595
2016-08-15,GASDESWCW,PADD 5,diesel,,weekly-mon,2.583
2016-08-22,GASDESWCW,PADD 5,diesel,,weekly-mon,2.623
2016-08-29,GASDESWCW,PADD 5,diesel,,weekly-mon,2.658
2016-09-05,GASDESWCW,PADD 5,diesel,,weekly-mon,2.664
2016-09-12,GASDESWCW,PADD 5,diesel,,weekly-mon,2.666
2016-09-19,GASDESWCW,PADD 5,diesel,,weekly-mon,2.652
2016-09-26,GASDESWCW,PADD 5,diesel,,weekly-mon,2.64
2016-10-03,GASDESWCW,PADD 5,diesel,,weekly-mon,2.658
2016-10-10,GASDESWCW,PADD 5,diesel,,weekly-mon,2.712
2016-10-17,GASDESWCW,PADD 5,diesel,,weekly-mon,2.742
2016-10-24,GASDESWCW,PADD 5,diesel,,weekly-mon,2.747
2016-10-31,GASDESWCW,PADD 5,diesel,,weekly-mon,2.766
2016-11-07,GASDESWCW,PADD 5,diesel,,weekly-mon,2.766
2016-11-14,GASDESWCW,PADD 5,diesel,,weekly-mon,2.757
2016-11-21,GASDESWCW,PADD 5,diesel,,weekly-mon,2.73
2016-11-28,GASDESWCW,PADD 5,diesel,,weekly-mon,2.727
2016-12-05,GASDESWCW,PADD 5,diesel,,weekly-mon,2.77
2016-12-12,GASDESWCW,PADD 5,diesel,,weekly-mon,2.772
2016-12-19,GASDESWCW,PADD 5,diesel,,weekly-mon,2.788
2016-12-26,GASDESWCW,PADD 5,diesel,,weekly-mon,2.807
2017-01-02,GASDESWCW,PADD 5,diesel,,weekly-mon,2.847
2017-01-09,GASDESWCW,PADD 5,diesel,,weekly-mon,2.873
2017-01-16,GASDESWCW,PADD 5,diesel,,weekly-mon,2.855
2017-01-23,GASDESWCW,PADD 5,diesel,,weekly-mon,2.846
2017-01-30,GASDESWCW,PADD 5,diesel,,weekly-mon,2.845
2017-02-06,GASDESWCW,PADD 5,diesel,,weekly-mon,2.856
2017-02-13,GASDESWCW,PADD 5,diesel,,weekly-mon,2.869
2017-02-20,GASDESWCW,PADD 5,diesel,,weekly-mon,2.876
2017-02-27,GASDESWCW,PADD 5,diesel,,weekly-mon,2.877
2017-03-06,GASDESWCW,PADD 5,diesel,,weekly-mon,2.877
2017-03-13,GASDESWCW,PADD 5,diesel,,weekly-mon,2.846
2017-03-20,GASDESWCW,PADD 5,diesel,,weekly-mon,2.826
2017-03-27,GASDESWCW,PADD 5,diesel,,weekly-mon,2.822
2017-04-03,GASDESWCW,PADD 5,diesel,,weekly-mon,2.839
2017-04-10,GASDESWCW,PADD 5,diesel,,weekly-mon,2.862
2017-04-17,GASDESWCW,PADD 5,diesel,,weekly-mon,2.877
2017-04-24,GASDESWCW,PADD 5,diesel,,weekly-mon,2.875
2017-05-01,GASDESWCW,PADD 5,diesel,,weekly-mon,2.864
2017-05-08,GASDESWCW,PADD 5,diesel,,weekly-mon,2.846
2017-05-15,GASDESWCW,PADD 5,diesel,,weekly-mon,2.824
2017-05-22,GASDESWCW,PADD 5,diesel,,weekly-mon,2.828
2017-05-29,GASDESWCW,PADD 5,diesel,,weekly-mon,2.843
2017-06-05,GASDESWCW,PADD 5,diesel,,weekly-mon,2.836
2017-06-12,GASDESWCW,PADD 5,diesel,,weekly-mon,2.805
2017-06-19,GASDESWCW,PADD 5,diesel,,weekly-mon,2.782
2017-06-26,GASDESWCW,PADD 5,diesel,,weekly-mon,2.757
2017-07-03,GASDESWCW,PADD 5,diesel,,weekly-mon,2.759
2017-07-10,GASDESWCW,PADD 5,diesel,,weekly-mon,2.771
2017-07-17,GASDESWCW,PADD 5,diesel,,weekly-mon,2.771
2017-07-24,GASDESWCW,PADD 5,diesel,,weekly-mon,2.788
2017-07-31,GASDESWCW,PADD 5,diesel,,weekly-mon,2.816
2017-08-07,GASDESWCW,PADD 5,diesel,,weekly-mon,2.848
2017-08-14,GASDESWCW,PADD 5,diesel,,weekly-mon,2.877
2017-08-21,GASDESWCW,PADD 5,diesel,,weekly-mon,2.883
2017-08-28,GASDESWCW,PADD 5,diesel,,weekly-mon,2.91
2017-09-04,GASDESWCW,PADD 5,diesel,,weekly-mon,3.044
2017-09-11,GASDESWCW,PADD 5,diesel,,weekly-mon,3.102
2017-09-18,GASDESWCW,PADD 5,diesel,,weekly-mon,3.103
2017-09-25,GASDESWCW,PADD 5,diesel,,weekly-mon,3.103
2017-10-02,GASDESWCW,PADD 5,diesel,,weekly-mon,3.109
2017-10-09,GASDESWCW,PADD 5,diesel,,weekly-mon,3.088
2017-10-16,GASDESWCW,PADD 5,diesel,,weekly-mon,3.089
2017-10-23,GASDESWCW,PADD 5,diesel,,weekly-mon,3.098
2017-10-30,GASDESWCW,PADD 5,diesel,,weekly-mon,3.111
2017-11-06,GASDESWCW,PADD 5,diesel,,weekly-mon,3.332
2017-11-13,GASDESWCW,PADD 5,diesel,,weekly-mon,3.39
2017-11-20,GASDESWCW,PADD 5,diesel,,weekly-mon,3.378
2017-11-27,GASDESWCW,PADD 5,diesel,,weekly-mon,3.38
2017-12-04,GASDESWCW,PADD 5,diesel,,weekly-mon,3.373
2017-12-11,GASDESWCW,PADD 5,diesel,,weekly-mon,3.344
2017-12-18,GASDESWCW,PADD 5,diesel,,weekly-mon,3.327
2017-12-25,GASDESWCW,PADD 5,diesel,,weekly-mon,3.312
2018-01-01,GASDESWCW,PADD 5,diesel,,weekly-mon,3.361
2018-01-08,GASDESWCW,PADD 5,diesel,,weekly-mon,3.394
2018-01-15,GASDESWCW,PADD 5,diesel,,weekly-mon,3.401
2018-01-22,GASDESWCW,PADD 5,diesel,,weekly-mon,3.395
2018-01-29,GASDESWCW,PADD 5,diesel,,weekly-mon,3.434
2018-02-05,GASDESWCW,PADD 5,diesel,,weekly-mon,3.46
2018-02-12,GASDESWCW,PADD 5,diesel,,weekly-mon,3.432
2018-02-19,GASDESWCW,PADD 5,diesel,,weekly-mon,3.399
2018-02-26,GASDESWCW,PADD 5,diesel,,weekly-mon,3.397
2018-03-05,GASDESWCW,PADD 5,diesel,,weekly-mon,3.392
2018-03-12,GASDESWCW,PADD 5,diesel,,weekly-mon,3.386
2018-03-19,GASDESWCW,PADD 5,diesel,,weekly-mon,3.384
2018-03-26,GASDESWCW,PADD 5,diesel,,weekly-mon,3.438
2018-04-02,GASDESWCW,PADD 5,diesel,,weekly-mon,3.487
2018-04-09,GASDESWCW,PADD 5,diesel,,weekly-mon,3.5
2018-04-16,GASDESWCW,PADD 5,diesel,,weekly-mon,3.583
2018-04-23,GASDESWCW,PADD 5,diesel,,weekly-mon,3.616
2018-04-30,GASDESWCW,PADD 5,diesel,,weekly-mon,3.64
2018-05-07,GASDESWCW,PADD 5,diesel,,weekly-mon,3.662
2018-05-14,GASDESWCW,PADD 5,diesel,,weekly-mon,3.731
2018-05-21,GASDESWCW,PADD 5,diesel,,weekly-mon,3.765
2018-05-28,GASDESWCW,PADD 5,diesel,,weekly-mon,3.784
2018-06-04,GASDESWCW,PADD 5,diesel,,weekly-mon,3.784
2018-06-11,GASDESWCW,PADD 5,diesel,,weekly-mon,3.769
2018-06-18,GASDESWCW,PADD 5,diesel,,weekly-mon,3.753
2018-06-25,GASDESWCW,PADD 5,diesel,,weekly-mon,3.735
2018-07-02,GASDESWCW,PADD 5,diesel,,weekly-mon,3.746
2018-07-09,GASDESWCW,PADD 5,diesel,,weekly-mon,3.749
2018-07-16,GASDESWCW,PADD 5,diesel,,weekly-mon,3.741
2018-07-23,GASDESWCW,PADD 5,diesel,,weekly-mon,3.718
2018-07-30,GASDESWCW,PADD 5,diesel,,weekly-mon,3.72
2018-08-06,GASDESWCW,PADD 5,diesel,,weekly-mon,3.717
2018-08-13,GASDESWCW,PADD 5,diesel,,weekly-mon,3.714
2018-08-20,GASDESWCW,PADD 5,diesel,,weekly-mon,3.706
2018-08-27,GASDESWCW,PADD 5,diesel,,weekly-mon,3.719
2018-09-03,GASDESWCW,PADD 5,diesel,,weekly-mon,3.742
2018-09-10,GASDESWCW,PADD 5,diesel,,weekly-mon,3.746
2018-09-17,GASDESWCW,PADD 5,diesel,,weekly-mon,3.755
2018-09-24,GASDESWCW,PADD 5,diesel,,weekly-mon,3.759
2018-10-01,GASDESWCW,PADD 5,diesel,,weekly-mon,3.802
2018-10-08,GASDESWCW,PADD 5,diesel,,weekly-mon,3.866
2018-10-15,GASDESWCW,PADD 5,diesel,,weekly-mon,3.88
2018-10-22,GASDESWCW,PADD 5,diesel,,weekly-mon,3.871
2018-10-29,GASDESWCW,PADD 5,diesel,,weekly-mon,3.848
2018-11-05,GASDESWCW,PADD 5,diesel,,weekly-mon,3.833
2018-11-12,GASDESWCW,PADD 5,diesel,,weekly-mon,3.807
2018-11-19,GASDESWCW,PADD 5,diesel,,weekly-mon,3.767
2018-11-26,GASDESWCW,PADD 5,diesel,,weekly-mon,3.739
2018-12-03,GASDESWCW,PADD 5,diesel,,weekly-mon,3.694
2018-12-10,GASDESWCW,PADD 5,diesel,,weekly-mon,3.652
2018-12-17,GASDESWCW,PADD 5,diesel,,weekly-mon,3.604
2018-12-24,GASDESWCW,PADD 5,diesel,,weekly-mon,3.588
2018-12-31,GASDESWCW,PADD 5,diesel,,weekly-mon,3.562
2019-01-07,GASDESWCW,PADD 5,diesel,,weekly-mon,3.528
2019-01-14,GASDESWCW,PADD 5,diesel,,weekly-mon,3.471
2019-01-21,GASDESWCW,PADD 5,diesel,,weekly-mon,3.463
2019-01-28,GASDESWCW,PADD 5,diesel,,weekly-mon,3.448
2019-02-04,GASDESWCW,PADD 5,diesel,,weekly-mon,3.435
2019-02-11,GASDESWCW,PADD 5,diesel,,weekly-mon,3.435
2019-02-18,GASDESWCW,PADD 5,diesel,,weekly-mon,3.458
2019-02-25,GASDESWCW,PADD 5,diesel,,weekly-mon,3.493
2019-03-04,GASDESWCW,PADD 5,diesel,,weekly-mon,3.503
2019-03-11,GASDESWCW,PADD 5,diesel,,weekly-mon,3.505
2019-03-18,GASDESWCW,PADD 5,diesel,,weekly-mon,3.497
2019-03-25,GASDESWCW,PADD 5,diesel,,weekly-mon,3.526
2019-04-01,GASDESWCW,PADD 5,diesel,,weekly-mon,3.541
2019-04-08,GASDESWCW,PADD 5,diesel,,weekly-mon,3.591
2019-04-15,GASDESWCW,PADD 5,diesel,,weekly-mon,3.651
2019-04-22,GASDESWCW,PADD 5,diesel,,weekly-mon,3.696
2019-04-29,GASDESWCW,PADD 5,diesel,,weekly-mon,3.73
2019-05-06,GASDESWCW,PADD 5,diesel,,weekly-mon,3.765
2019-05-13,GASDESWCW,PADD 5,diesel,,weekly-mon,3.79
2019-05-20,GASDESWCW,PADD 5,diesel,,weekly-mon,3.794
2019-05-27,GASDESWCW,PADD 5,diesel,,weekly-mon,3.782
2019-06-03,GASDESWCW,PADD 5,diesel,,weekly-mon,3.76
2019-06-10,GASDESWCW,PADD 5,diesel,,weekly-mon,3.715
2019-06-17,GASDESWCW,PADD 5,diesel,,weekly-mon,3.666
2019-06-24,GASDESWCW,PADD 5,diesel,,weekly-mon,3.631
2019-07-01,GASDESWCW,PADD 5,diesel,,weekly-mon,3.628
2019-07-08,GASDESWCW,PADD 5,diesel,,weekly-mon,3.624
2019-07-15,GASDESWCW,PADD 5,diesel,,weekly-mon,3.624
2019-07-22,GASDESWCW,PADD 5,diesel,,weekly-mon,3.611
2019-07-29,GASDESWCW,PADD 5,diesel,,weekly-mon,3.606
2019-08-05,GASDESWCW,PADD 5,diesel,,weekly-mon,3.605
2019-08-12,GASDESWCW,PADD 5,diesel,,weekly-mon,3.58
2019-08-19,GASDESWCW,PADD 5,diesel,,weekly-mon,3.564
2019-08-26,GASDESWCW,PADD 5,diesel,,weekly-mon,3.556
2019-09-02,GASDESWCW,PADD 5,diesel,,weekly-mon,3.555
2019-09-09,GASDESWCW,PADD 5,diesel,,weekly-mon,3.548
2019-09-16,GASDESWCW,PADD 5,diesel,,weekly-mon,3.574
2019-09-23,GASDESWCW,PADD 5,diesel,,weekly-mon,3.65
2019-09-30,GASDESWCW,PADD 5,diesel,,weekly-mon,3.645
2019-10-07,GASDESWCW,PADD 5,diesel,,weekly-mon,3.642
2019-10-14,GASDESWCW,PADD 5,diesel,,weekly-mon,3.653
2019-10-21,GASDESWCW,PADD 5,diesel,,weekly-mon,3.675
2019-10-28,GASDESWCW,PADD 5,diesel,,weekly-mon,3.724
2019-11-04,GASDESWCW,PADD 5,diesel,,weekly-mon,3.746
2019-11-11,GASDESWCW,PADD 5,diesel,,weekly-mon,3.758
2019-11-18,GASDESWCW,PADD 5,diesel,,weekly-mon,3.756
2019-11-25,GASDESWCW,PADD 5,diesel,,weekly-mon,3.72
2019-12-02,GASDESWCW,PADD 5,diesel,,weekly-mon,3.704
2019-12-09,GASDESWCW,PADD 5,diesel,,weekly-mon,3.647
2019-12-16,GASDESWCW,PADD 5,diesel,,weekly-mon,3.616
2019-12-23,GASDESWCW,PADD 5,diesel,,weekly-mon,3.594
2019-12-30,GASDESWCW,PADD 5,diesel,,weekly-mon,3.623
2020-01-06,GASDESWCW,PADD 5,diesel,,weekly-mon,3.616
2020-01-13,GASDESWCW,PADD 5,diesel,,weekly-mon,3.593
2020-01-20,GASDESWCW,PADD 5,diesel,,weekly-mon,3.574
2020-01-27,GASDESWCW,PADD 5,diesel,,weekly-mon,3.565
2020-02-03,GASDESWCW,PADD 5,diesel,,weekly-mon,3.517
2020-02-10,GASDESWCW,PADD 5,diesel,,weekly-mon,3.481
2020-02-17,GASDESWCW,PADD 5,diesel,,weekly-mon,3.468
2020-02-24,GASDESWCW,PADD 5,diesel,,weekly-mon,3.459
2020-03-02,GASDESWCW,PADD 5,diesel,,weekly-mon,3.424
2020-03-09,GASDESWCW,PADD 5,diesel,,weekly-mon,3.399
2020-03-16,GASDESWCW,PADD 5,diesel,,weekly-mon,3.322
2020-03-23,GASDESWCW,PADD 5,diesel,,weekly-mon,3.248
2020-03-30,GASDESWCW,PADD 5,diesel,,weekly-mon,3.126
2020-04-06,GASDESWCW,PADD 5,diesel,,weekly-mon,3.09
2020-04-13,GASDESWCW,PADD 5,diesel,,weekly-mon,3.028
2020-04-20,GASDESWCW,PADD 5,diesel,,weekly-mon,2.974
2020-04-27,GASDESWCW,PADD 5,diesel,,weekly-mon,2.934
2020-05-04,GASDESWCW,PADD 5,diesel,,weekly-mon,2.899
2020-05-11,GASDESWCW,PADD 5,diesel,,weekly-mon,2.9
2020-05-18,GASDESWCW,PADD 5,diesel,,weekly-mon,2.887
2020-05-25,GASDESWCW,PADD 5,diesel,,weekly-mon,2.902
2020-06-01,GASDESWCW,PADD 5,diesel,,weekly-mon,2.9
2020-06-08,GASDESWCW,PADD 5,diesel,,weekly-mon,2.918
2020-06-15,GASDESWCW,PADD 5,diesel,,weekly-mon,2.93
2020-06-22,GASDESWCW,PADD 5,diesel,,weekly-mon,2.945
2020-06-29,GASDESWCW,PADD 5,diesel,,weekly-mon,2.948
2020-07-06,GASDESWCW,PADD 5,diesel,,weekly-mon,2.96
2020-07-13,GASDESWCW,PADD 5,diesel,,weekly-mon,2.954
2020-07-20,GASDESWCW,PADD 5,diesel,,weekly-mon,2.954
2020-07-27,GASDESWCW,PADD 5,diesel,,weekly-mon,2.954
2020-08-03,GASDESWCW,PADD 5,diesel,,weekly-mon,2.955
2020-08-10,GASDESWCW,PADD 5,diesel,,weekly-mon,2.955
2020-08-17,GASDESWCW,PADD 5,diesel,,weekly-mon,2.958
2020-08-24,GASDESWCW,PADD 5,diesel,,weekly-mon,2.96
2020-08-31,GASDESWCW,PADD 5,diesel,,weekly-mon,2.972
2020-09-07,GASDESWCW,PADD 5,diesel,,weekly-mon,2.964
2020-09-14,GASDESWCW,PADD 5,diesel,,weekly-mon,2.955
2020-09-21,GASDESWCW,PADD 5,diesel,,weekly-mon,2.941
2020-09-28,GASDESWCW,PADD 5,diesel,,weekly-mon,2.928
2020-10-05,GASDESWCW,PADD 5,diesel,,weekly-mon,2.928
2020-10-12,GASDESWCW,PADD 5,diesel,,weekly-mon,2.933
2020-10-19,GASDESWCW,PADD 5,diesel,,weekly-mon,2.924
2020-10-26,GASDESWCW,PADD 5,diesel,,weekly-mon,2.92
2020-11-02,GASDESWCW,PADD 5,diesel,,weekly-mon,2.92
2020-11-09,GASDESWCW,PADD 5,diesel,,weekly-mon,2.937
2020-11-16,GASDESWCW,PADD 5,diesel,,weekly-mon,2.99
2020-11-23,GASDESWCW,PADD 5,diesel,,weekly-mon,3.007
2020-11-30,GASDESWCW,PADD 5,diesel,,weekly-mon,3.04
2020-12-07,GASDESWCW,PADD 5,diesel,,weekly-mon,3.044
2020-12-14,GASDESWCW,PADD 5,diesel,,weekly-mon,3.073
2020-12-21,GASDESWCW,PADD 5,diesel,,weekly-mon,3.097
2020-12-28,GASDESWCW,PADD 5,diesel,,weekly-mon,3.113
2021-01-04,GASDESWCW,PADD 5,diesel,,weekly-mon,3.116
2021-01-11,GASDESWCW,PADD 5,diesel,,weekly-mon,3.139
2021-01-18,GASDESWCW,PADD 5,diesel,,weekly-mon,3.155
2021-01-25,GASDESWCW,PADD 5,diesel,,weekly-mon,3.176
2021-02-01,GASDESWCW,PADD 5,diesel,,weekly-mon,3.199
2021-02-08,GASDESWCW,PADD 5,diesel,,weekly-mon,3.258
2021-02-15,GASDESWCW,PADD 5,diesel,,weekly-mon,3.328
2021-02-22,GASDESWCW,PADD 5,diesel,,weekly-mon,3.432
2021-03-01,GASDESWCW,PADD 5,diesel,,weekly-mon,3.541
2021-03-08,GASDESWCW,PADD 5,diesel,,weekly-mon,3.593
2021-03-15,GASDESWCW,PADD 5,diesel,,weekly-mon,3.641
2021-03-22,GASDESWCW,PADD 5,diesel,,weekly-mon,3.678
2021-03-29,GASDESWCW,PADD 5,diesel,,weekly-mon,3.659
2021-04-05,GASDESWCW,PADD 5,diesel,,weekly-mon,3.653
2021-04-12,GASDESWCW,PADD 5,diesel,,weekly-mon,3.644
2021-04-19,GASDESWCW,PADD 5,diesel,,weekly-mon,3.645
2021-04-26,GASDESWCW,PADD 5,diesel,,weekly-mon,3.651
2021-05-03,GASDESWCW,PADD 5,diesel,,weekly-mon,3.664
2021-05-10,GASDESWCW,PADD 5,diesel,,weekly-mon,3.692
2021-05-17,GASDESWCW,PADD 5,diesel,,weekly-mon,3.735
2021-05-24,GASDESWCW,PADD 5,diesel,,weekly-mon,3.751
2021-05-31,GASDESWCW,PADD 5,diesel,,weekly-mon,3.762
2021-06-07,GASDESWCW,PADD 5,diesel,,weekly-mon,3.786
2021-06-14,GASDESWCW,PADD 5,diesel,,weekly-mon,3.802
2021-06-21,GASDESWCW,PADD 5,diesel,,weekly-mon,3.809
2021-06-28,GASDESWCW,PADD 5,diesel,,weekly-mon,3.839
2021-07-05,GASDESWCW,PADD 5,diesel,,weekly-mon,3.896
2021-07-12,GASDESWCW,PADD 5,diesel,,weekly-mon,3.905
2021-07-19,GASDESWCW,PADD 5,diesel,,weekly-mon,3.929
2021-07-26,GASDESWCW,PADD 5,diesel,,weekly-mon,3.934
2021-08-02,GASDESWCW,PADD 5,diesel,,weekly-mon,3.993
2021-08-09,GASDESWCW,PADD 5,diesel,,weekly-mon,4.009
2021-08-16,GASDESWCW,PADD 5,diesel,,weekly-mon,4.029
2021-08-23,GASDESWCW,PADD 5,diesel,,weekly-mon,3.992
2021-08-30,GASDESWCW,PADD 5,diesel,,weekly-mon,3.997
2021-09-06,GASDESWCW,PADD 5,diesel,,weekly-mon,4.02
2021-09-13,GASDESWCW,PADD 5,diesel,,weekly-mon,4.016
2021-09-20,GASDESWCW,PADD 5,diesel,,weekly-mon,4.026
2021-09-27,GASDESWCW,PADD 5,diesel,,weekly-mon,4.032
2021-10-04,GASDESWCW,PADD 5,diesel,,weekly-mon,4.072
2021-10-11,GASDESWCW,PADD 5,diesel,,weekly-mon,4.133
2021-10-18,GASDESWCW,PADD 5,diesel,,weekly-mon,4.226
2021-10-25,GASDESWCW,PADD 5,diesel,,weekly-mon,4.278
2021-11-01,GASDESWCW,PADD 5,diesel,,weekly-mon,4.324
2021-11-08,GASDESWCW,PADD 5,diesel,,weekly-mon,4.371
2021-11-15,GASDESWCW,PADD 5,diesel,,weekly-mon,4.424
2021-11-22,GASDESWCW,PADD 5,diesel,,weekly-mon,4.421
2021-11-29,GASDESWCW,PADD 5,diesel,,weekly-mon,4.45
2021-12-06,GASDESWCW,PADD 5,diesel,,weekly-mon,4.416
2021-12-13,GASDESWCW,PADD 5,diesel,,weekly-mon,4.398
2021-12-20,GASDESWCW,PADD 5,diesel,,weekly-mon,4.381
2021-12-27,GASDESWCW,PADD 5,diesel,,weekly-mon,4.371
2022-01-03,GASDESWCW,PADD 5,diesel,,weekly-mon,4.369
2022-01-10,GASDESWCW,PADD 5,diesel,,weekly-mon,4.417
2022-01-17,GASDESWCW,PADD 5,diesel,,weekly-mon,4.451
2022-01-24,GASDESWCW,PADD 5,diesel,,weekly-mon,4.49
2022-01-31,GASDESWCW,PADD 5,diesel,,weekly-mon,4.544
2022-02-07,GASDESWCW,PADD 5,diesel,,weekly-mon,4.622
2022-02-14,GASDESWCW,PADD 5,diesel,,weekly-mon,4.651
2022-02-21,GASDESWCW,PADD 5,diesel,,weekly-mon,4.679
2022-02-28,GASDESWCW,PADD 5,diesel,,weekly-mon,4.711
2022-03-07,GASDESWCW,PADD 5,diesel,,weekly-mon,5.393
2022-03-14,GASDESWCW,PADD 5,diesel,,weekly-mon,5.867
2022-03-21,GASDESWCW,PADD 5,diesel,,weekly-mon,5.797
2022-03-28,GASDESWCW,PADD 5,diesel,,weekly-mon,5.874
2022-04-04,GASDESWCW,PADD 5,diesel,,weekly-mon,5.832
2022-04-11,GASDESWCW,PADD 5,diesel,,weekly-mon,5.761
2022-04-18,GASDESWCW,PADD 5,diesel,,weekly-mon,5.795
2022-04-25,GASDESWCW,PADD 5,diesel,,weekly-mon,5.841
2022-05-02,GASDESWCW,PADD 5,diesel,,weekly-mon,6.021
2022-05-09,GASDESWCW,PADD 5,diesel,,weekly-mon,6.071
2022-05-16,GASDESWCW,PADD 5,diesel,,weekly-mon,6.075
2022-05-23,GASDESWCW,PADD 5,diesel,,weekly-mon,6.081
2022-05-30,GASDESWCW,PADD 5,diesel,,weekly-mon,6.134
2022-06-06,GASDESWCW,PADD 5,diesel,,weekly-mon,6.441
2022-06-13,GASDESWCW,PADD 5,diesel,,weekly-mon,6.423
2022-06-20,GASDESWCW,PADD 5,diesel,,weekly-mon,6.516
2022-06-27,GASDESWCW,PADD 5,diesel,,weekly-mon,6.48
2022-07-04,GASDESWCW,PADD 5,diesel,,weekly-mon,6.389
2022-07-11,GASDESWCW,PADD 5,diesel,,weekly-mon,6.285
2022-07-18,GASDESWCW,PADD 5,diesel,,weekly-mon,6.116
2022-07-25,GASDESWCW,PADD 5,diesel,,weekly-mon,5.982
2022-08-01,GASDESWCW,PADD 5,diesel,,weekly-mon,5.803
2022-08-08,GASDESWCW,PADD 5,diesel,,weekly-mon,5.63
2022-08-15,GASDESWCW,PADD 5,diesel,,weekly-mon,5.541
2022-08-22,GASDESWCW,PADD 5,diesel,,weekly-mon,5.548
2022-08-29,GASDESWCW,PADD 5,diesel,,weekly-mon,5.719
2022-09-05,GASDESWCW,PADD 5,diesel,,weekly-mon,5.693
2022-09-12,GASDESWCW,PADD 5,diesel,,weekly-mon,5.658
2022-09-19,GASDESWCW,PADD 5,diesel,,weekly-mon,5.612
2022-09-26,GASDESWCW,PADD 5,diesel,,weekly-mon,5.567
2022-10-03,GASDESWCW,PADD 5,diesel,,weekly-mon,5.535
2022-10-10,GASDESWCW,PADD 5,diesel,,weekly-mon,5.972
2022-10-17,GASDESWCW,PADD 5,diesel,,weekly-mon,5.997
2022-10-24,GASDESWCW,PADD 5,diesel,,weekly-mon,5.876
2022-10-31,GASDESWCW,PADD 5,diesel,,weekly-mon,5.81
2022-11-07,GASDESWCW,PADD 5,diesel,,weekly-mon,5.764
2022-11-14,GASDESWCW,PADD 5,diesel,,weekly-mon,5.769
2022-11-21,GASDESWCW,PADD 5,diesel,,weekly-mon,5.744
2022-11-28,GASDESWCW,PADD 5,diesel,,weekly-mon,5.666
2022-12-05,GASDESWCW,PADD 5,diesel,,weekly-mon,5.502
2022-12-12,GASDESWCW,PADD 5,diesel,,weekly-mon,5.287
2022-12-19,GASDESWCW,PADD 5,diesel,,weekly-mon,5.138
2022-12-26,GASDESWCW,PADD 5,diesel,,weekly-mon,5.068
2023-01-02,GASDESWCW,PADD 5,diesel,,weekly-mon,5.091
2023-01-09,GASDESWCW,PADD 5,diesel,,weekly-mon,5.08
2023-01-16,GASDESWCW,PADD 5,diesel,,weekly-mon,5.034
2023-01-23,GASDESWCW,PADD 5,diesel,,weekly-mon,5.095
2023-01-30,GASDESWCW,PADD 5,diesel,,weekly-mon,5.126
2023-02-06,GASDESWCW,PADD 5,diesel,,weekly-mon,5.086
2023-02-13,GASDESWCW,PADD 5,diesel,,weekly-mon,5.033
2023-02-20,GASDESWCW,PADD 5,diesel,,weekly-mon,4.972
2023-02-27,GASDESWCW,PADD 5,diesel,,weekly-mon,4.933
2023-03-06,GASDESWCW,PADD 5,diesel,,weekly-mon,4.895
2023-03-13,GASDESWCW,PADD 5,diesel,,weekly-mon,4.898
2023-03-20,GASDESWCW,PADD 5,diesel,,weekly-mon,4.862
2023-03-27,GASDESWCW,PADD 5,diesel,,weekly-mon,4.803
2023-04-03,GASDESWCW,PADD 5,diesel,,weekly-mon,4.724
2023-04-10,GASDESWCW,PADD 5,diesel,,weekly-mon,4.699
2023-04-17,GASDESWCW,PADD 5,diesel,,weekly-mon,4.692
2023-04-24,GASDESWCW,PADD 5,diesel,,weekly-mon,4.692
2023-05-01,GASDESWCW,PADD 5,diesel,,weekly-mon,4.681
2023-05-08,GASDESWCW,PADD 5,diesel,,weekly-mon,4.63
2023-05-15,GASDESWCW,PADD 5,diesel,,weekly-mon,4.588
2023-05-22,GASDESWCW,PADD 5,diesel,,weekly-mon,4.586
2023-05-29,GASDESWCW,PADD 5,diesel,,weekly-mon,4.54
2023-06-05,GASDESWCW,PADD 5,diesel,,weekly-mon,4.47
2023-06-12,GASDESWCW,PADD 5,diesel,,weekly-mon,4.424
2023-06-19,GASDESWCW,PADD 5,diesel,,weekly-mon,4.432
2023-06-26,GASDESWCW,PADD 5,diesel,,weekly-mon,4.415
2023-07-03,GASDESWCW,PADD 5,diesel,,weekly-mon,4.412
2023-07-10,GASDESWCW,PADD 5,diesel,,weekly-mon,4.46
2023-07-17,GASDESWCW,PADD 5,diesel,,weekly-mon,4.465
2023-07-24,GASDESWCW,PADD 5,diesel,,weekly-mon,4.555
2023-07-31,GASDESWCW,PADD 5,diesel,,weekly-mon,4.753
2023-08-07,GASDESWCW,PADD 5,diesel,,weekly-mon,4.911
2023-08-14,GASDESWCW,PADD 5,diesel,,weekly-mon,5.086
2023-08-21,GASDESWCW,PADD 5,diesel,,weekly-mon,5.14
2023-08-28,GASDESWCW,PADD 5,diesel,,weekly-mon,5.302
2023-09-04,GASDESWCW,PADD 5,diesel,,weekly-mon,5.39
2023-09-11,GASDESWCW,PADD 5,diesel,,weekly-mon,5.535
2023-09-18,GASDESWCW,PADD 5,diesel,,weekly-mon,5.695
2023-09-25,GASDESWCW,PADD 5,diesel,,weekly-mon,5.687
2023-10-02,GASDESWCW,PADD 5,diesel,,weekly-mon,5.694
2023-10-09,GASDESWCW,PADD 5,diesel,,weekly-mon,5.6
2023-10-16,GASDESWCW,PADD 5,diesel,,weekly-mon,5.528
2023-10-23,GASDESWCW,PADD 5,diesel,,weekly-mon,5.468
2023-10-30,GASDESWCW,PADD 5,diesel,,weekly-mon,5.348
2023-11-06,GASDESWCW,PADD 5,diesel,,weekly-mon,5.258
2023-11-13,GASDESWCW,PADD 5,diesel,,weekly-mon,5.139
2023-11-20,GASDESWCW,PADD 5,diesel,,weekly-mon,5.069
2023-11-27,GASDESWCW,PADD 5,diesel,,weekly-mon,4.997
2023-12-04,GASDESWCW,PADD 5,diesel,,weekly-mon,4.912
2023-12-11,GASDESWCW,PADD 5,diesel,,weekly-mon,4.802
2023-12-18,GASDESWCW,PADD 5,diesel,,weekly-mon,4.655
2023-12-25,GASDESWCW,PADD 5,diesel,,weekly-mon,4.651
2024-01-01,GASDESWCW,PADD 5,diesel,,weekly-mon,4.618
2024-01-08,GASDESWCW,PADD 5,diesel,,weekly-mon,4.57
2024-01-15,GASDESWCW,PADD 5,diesel,,weekly-mon,4.576
2024-01-22,GASDESWCW,PADD 5,diesel,,weekly-mon,4.504
2024-01-29,GASDESWCW,PADD 5,diesel,,weekly-mon,4.508
2024-02-05,GASDESWCW,PADD 5,diesel,,weekly-mon,4.551
2024-02-12,GASDESWCW,PADD 5,diesel,,weekly-mon,4.723
2024-02-19,GASDESWCW,PADD 5,diesel,,weekly-mon,4.721
2024-02-26,GASDESWCW,PADD 5,diesel,,weekly-mon,4.692
2024-03-04,GASDESWCW,PADD 5,diesel,,weekly-mon,4.653
2024-03-11,GASDESWCW,PADD 5,diesel,,weekly-mon,4.651
2024-03-18,GASDESWCW,PADD 5,diesel,,weekly-mon,4.639
2024-03-25,GASDESWCW,PADD 5,diesel,,weekly-mon,4.666
2024-04-01,GASDESWCW,PADD 5,diesel,,weekly-mon,4.651
2024-04-08,GASDESWCW,PADD 5,diesel,,weekly-mon,4.723
2024-04-15,GASDESWCW,PADD 5,diesel,,weekly-mon,4.702
2024-04-22,GASDESWCW,PADD 5,diesel,,weekly-mon,4.661
2024-04-29,GASDESWCW,PADD 5,diesel,,weekly-mon,4.625
2024-05-06,GASDESWCW,PADD 5,diesel,,weekly-mon,4.58
2024-05-13,GASDESWCW,PADD 5,diesel,,weekly-mon,4.551
2024-05-20,GASDESWCW,PADD 5,diesel,,weekly-mon,4.495
2024-05-27,GASDESWCW,PADD 5,diesel,,weekly-mon,4.449
2024-06-03,GASDESWCW,PADD 5,diesel,,weekly-mon,4.429
2024-06-10,GASDESWCW,PADD 5,diesel,,weekly-mon,4.377
2024-06-17,GASDESWCW,PADD 5,diesel,,weekly-mon,4.417
2024-06-24,GASDESWCW,PADD 5,diesel,,weekly-mon,4.42
2024-07-01,GASDESWCW,PADD 5,diesel,,weekly-mon,4.447
2024-07-08,GASDESWCW,PADD 5,diesel,,weekly-mon,4.454
2024-07-15,GASDESWCW,PADD 5,diesel,,weekly-mon,4.45
2024-07-22,GASDESWCW,PADD 5,diesel,,weekly-mon,4.394
2024-07-29,GASDESWCW,PADD 5,diesel,,weekly-mon,4.37
2024-08-05,GASDESWCW,PADD 5,diesel,,weekly-mon,4.356
2024-08-12,GASDESWCW,PADD 5,diesel,,weekly-mon,4.309
2024-08-19,GASDESWCW,PADD 5,diesel,,weekly-mon,4.294
2024-08-26,GASDESWCW,PADD 5,diesel,,weekly-mon,4.272
2024-09-02,GASDESWCW,PADD 5,diesel,,weekly-mon,4.293
2024-09-09,GASDESWCW,PADD 5,diesel,,weekly-mon,4.257
2024-09-16,GASDESWCW,PADD 5,diesel,,weekly-mon,4.244
2024-09-23,GASDESWCW,PADD 5,diesel,,weekly-mon,4.239
2024-09-30,GASDESWCW,PADD 5,diesel,,weekly-mon,4.226
2024-10-07,GASDESWCW,PADD 5,diesel,,weekly-mon,4.261
2024-10-14,GASDESWCW,PADD 5,diesel,,weekly-mon,4.274
2024-10-21,GASDESWCW,PADD 5,diesel,,weekly-mon,4.21
2024-10-28,GASDESWCW,PADD 5,diesel,,weekly-mon,4.206
2024-11-04,GASDESWCW,PADD 5,diesel,,weekly-mon,4.19
2024-11-11,GASDESWCW,PADD 5,diesel,,weekly-mon,4.18
2024-11-18,GASDESWCW,PADD 5,diesel,,weekly-mon,4.149
2024-11-25,GASDESWCW,PADD 5,diesel,,weekly-mon,4.177
2024-12-02,GASDESWCW,PADD 5,diesel,,weekly-mon,4.164
2024-12-09,GASDESWCW,PADD 5,diesel,,weekly-mon,4.119
2024-12-16,GASDESWCW,PADD 5,diesel,,weekly-mon,4.13
2024-12-23,GASDESWCW,PADD 5,diesel,,weekly-mon,4.079
2024-12-30,GASDESWCW,PADD 5,diesel,,weekly-mon,4.11
2025-01-06,GASDESWCW,PADD 5,diesel,,weekly-mon,4.147
2025-01-13,GASDESWCW,PADD 5,diesel,,weekly-mon,4.213
2025-01-20,GASDESWCW,PADD 5,diesel,,weekly-mon,4.302
2025-01-27,GASDESWCW,PADD 5,diesel,,weekly-mon,4.274
2025-02-03,GASDESWCW,PADD 5,diesel,,weekly-mon,4.289
2025-02-10,GASDESWCW,PADD 5,diesel,,weekly-mon,4.307
2025-02-17,GASDESWCW,PADD 5,diesel,,weekly-mon,4.316
2025-02-24,GASDESWCW,PADD 5,diesel,,weekly-mon,4.358
2025-03-03,GASDESWCW,PADD 5,diesel,,weekly-mon,4.303
2025-03-10,GASDESWCW,PADD 5,diesel,,weekly-mon,4.25
2025-03-17,GASDESWCW,PADD 5,diesel,,weekly-mon,4.203
2025-03-24,GASDESWCW,PADD 5,diesel,,weekly-mon,4.229
2025-03-31,GASDESWCW,PADD 5,diesel,,weekly-mon,4.259
2025-04-07,GASDESWCW,PADD 5,diesel,,weekly-mon,4.318
2025-04-14,GASDESWCW,PADD 5,diesel,,weekly-mon,4.281
2025-04-21,GASDESWCW,PADD 5,diesel,,weekly-mon,4.25
2025-04-28,GASDESWCW,PADD 5,diesel,,weekly-mon,4.224
2025-05-05,GASDESWCW,PADD 5,diesel,,weekly-mon,4.204
2025-05-12,GASDESWCW,PADD 5,diesel,,weekly-mon,4.211
2025-05-19,GASDESWCW,PADD 5,diesel,,weekly-mon,4.296
2025-05-26,GASDESWCW,PADD 5,diesel,,weekly-mon,4.248
2025-06-02,GASDESWCW,PADD 5,diesel,,weekly-mon,4.221
2025-06-09,GASDESWCW,PADD 5,diesel,,weekly-mon,4.217
2025-06-16,GASDESWCW,PADD 5,diesel,,weekly-mon,4.31
2025-06-23,GASDESWCW,PADD 5,diesel,,weekly-mon,4.458
2025-06-30,GASDESWCW,PADD 5,diesel,,weekly-mon,4.421
2025-07-07,GASDESWCW,PADD 5,diesel,,weekly-mon,4.462
2025-07-14,GASDESWCW,PADD 5,diesel,,weekly-mon,4.498
2025-07-21,GASDESWCW,PADD 5,diesel,,weekly-mon,4.542
2025-07-28,GASDESWCW,PADD 5,diesel,,weekly-mon,4.546
2025-08-04,GASDESWCW,PADD 5,diesel,,weekly-mon,4.54
2025-08-11,GASDESWCW,PADD 5,diesel,,weekly-mon,4.492
2025-08-18,GASDESWCW,PADD 5,diesel,,weekly-mon,4.455
2025-08-25,GASDESWCW,PADD 5,diesel,,weekly-mon,4.461
2025-09-01,GASDESWCW,PADD 5,diesel,,weekly-mon,4.484
2025-09-08,GASDESWCW,PADD 5,diesel,,weekly-mon,4.533
2025-09-15,GASDESWCW,PADD 5,diesel,,weekly-mon,4.523
2025-09-22,GASDESWCW,PADD 5,diesel,,weekly-mon,4.524
2025-09-29,GASDESWCW,PADD 5,diesel,,weekly-mon,4.532
2025-10-06,GASDESWCW,PADD 5,diesel,,weekly-mon,4.499
2025-10-13,GASDESWCW,PADD 5,diesel,,weekly-mon,4.464
2025-10-20,GASDESWCW,PADD 5,diesel,,weekly-mon,4.421
2025-10-27,GASDESWCW,PADD 5,diesel,,weekly-mon,4.485
2025-11-03,GASDESWCW,PADD 5,diesel,,weekly-mon,4.499
2025-11-10,GASDESWCW,PADD 5,diesel,,weekly-mon,4.545
2025-11-17,GASDESWCW,PADD 5,diesel,,weekly-mon,4.559
2025-11-24,GASDESWCW,PADD 5,diesel,,weekly-mon,4.514
2025-12-01,GASDESWCW,PADD 5,diesel,,weekly-mon,4.441
2025-12-08,GASDESWCW,PADD 5,diesel,,weekly-mon,4.37
2025-12-15,GASDESWCW,PADD 5,diesel,,weekly-mon,4.294
2025-12-22,GASDESWCW,PADD 5,diesel,,weekly-mon,4.205
2025-12-29,GASDESWCW,PADD 5,diesel,,weekly-mon,4.156
2026-01-05,GASDESWCW,PADD 5,diesel,,weekly-mon,4.128
2026-01-12,GASDESWCW,PADD 5,diesel,,weekly-mon,4.11
2026-01-19,GASDESWCW,PADD 5,diesel,,weekly-mon,4.189
2026-01-26,GASDESWCW,PADD 5,diesel,,weekly-mon,4.301
2026-02-02,GASDESWCW,PADD 5,diesel,,weekly-mon,4.377
2026-02-09,GASDESWCW,PADD 5,diesel,,weekly-mon,4.376
2026-02-16,GASDESWCW,PADD 5,diesel,,weekly-mon,4.383
2026-02-23,GASDESWCW,PADD 5,diesel,,weekly-mon,4.465
2026-03-02,GASDESWCW,PADD 5,diesel,,weekly-mon,4.534
2026-03-09,GASDESWCW,PADD 5,diesel,,weekly-mon,5.556
2026-03-16,GASDESWCW,PADD 5,diesel,,weekly-mon,5.856
2026-03-23,GASDESWCW,PADD 5,diesel,,weekly-mon,6.31
2026-03-30,GASDESWCW,PADD 5,diesel,,weekly-mon,6.596
2026-04-06,GASDESWCW,PADD 5,diesel,,weekly-mon,6.924
2026-04-13,GASDESWCW,PADD 5,diesel,,weekly-mon,6.822
2026-04-20,GASDESWCW,PADD 5,diesel,,weekly-mon,6.62
2026-04-27,GASDESWCW,PADD 5,diesel,,weekly-mon,6.53
2026-05-04,GASDESWCW,PADD 5,diesel,,weekly-mon,6.631
2026-05-11,GASDESWCW,PADD 5,diesel,,weekly-mon,6.562
2026-05-18,GASDESWCW,PADD 5,diesel,,weekly-mon,6.524
2026-05-25,GASDESWCW,PADD 5,diesel,,weekly-mon,6.5
2026-06-01,GASDESWCW,PADD 5,diesel,,weekly-mon,6.398
2026-06-08,GASDESWCW,PADD 5,diesel,,weekly-mon,6.289
2026-06-15,GASDESWCW,PADD 5,diesel,,weekly-mon,6.074
2026-06-22,GASDESWCW,PADD 5,diesel,,weekly-mon,5.809
2026-06-29,GASDESWCW,PADD 5,diesel,,weekly-mon,5.528
2026-07-06,GASDESWCW,PADD 5,diesel,,weekly-mon,5.425
2026-07-13,GASDESWCW,PADD 5,diesel,,weekly-mon,5.55
2026-07-20,GASDESWCW,PADD 5,diesel,,weekly-mon,5.877
2026-07-27,GASDESWCW,PADD 5,diesel,,weekly-mon,6.067
2026-08-03,GASDESWCW,PADD 5,diesel,,weekly-mon,6.13
2010-01-04,GASREGCOVW,US,gasoline,conventional,weekly-mon,2.627
2010-01-11,GASREGCOVW,US,gasoline,conventional,weekly-mon,2.717
2010-01-18,GASREGCOVW,US,gasoline,conventional,weekly-mon,2.703
2010-01-25,GASREGCOVW,US,gasoline,conventional,weekly-mon,2.666
2010-02-01,GASREGCOVW,US,gasoline,conventional,weekly-mon,2.618
2010-02-08,GASREGCOVW,US,gasoline,conventional,weekly-mon,2.611
2010-02-15,GASREGCOVW,US,gasoline,conventional,weekly-mon,2.563
2010-02-22,GASREGCOVW,US,gasoline,conventional,weekly-mon,2.621
2010-03-01,GASREGCOVW,US,gasoline,conventional,weekly-mon,2.671
2010-03-08,GASREGCOVW,US,gasoline,conventional,weekly-mon,2.721
2010-03-15,GASREGCOVW,US,gasoline,conventional,weekly-mon,2.76
2010-03-22,GASREGCOVW,US,gasoline,conventional,weekly-mon,2.792
2010-03-29,GASREGCOVW,US,gasoline,conventional,weekly-mon,2.765
2010-04-05,GASREGCOVW,US,gasoline,conventional,weekly-mon,2.795
2010-04-12,GASREGCOVW,US,gasoline,conventional,weekly-mon,2.829
2010-04-19,GASREGCOVW,US,gasoline,conventional,weekly-mon,2.831
2010-04-26,GASREGCOVW,US,gasoline,conventional,weekly-mon,2.815
2010-05-03,GASREGCOVW,US,gasoline,conventional,weekly-mon,2.864
2010-05-10,GASREGCOVW,US,gasoline,conventional,weekly-mon,2.87
2010-05-17,GASREGCOVW,US,gasoline,conventional,weekly-mon,2.823
2010-05-24,GASREGCOVW,US,gasoline,conventional,weekly-mon,2.741
2010-05-31,GASREGCOVW,US,gasoline,conventional,weekly-mon,2.679
2010-06-07,GASREGCOVW,US,gasoline,conventional,weekly-mon,2.674
2010-06-14,GASREGCOVW,US,gasoline,conventional,weekly-mon,2.652
2010-06-21,GASREGCOVW,US,gasoline,conventional,weekly-mon,2.696
2010-06-28,GASREGCOVW,US,gasoline,conventional,weekly-mon,2.712
2010-07-05,GASREGCOVW,US,gasoline,conventional,weekly-mon,2.676
2010-07-12,GASREGCOVW,US,gasoline,conventional,weekly-mon,2.666
2010-07-19,GASREGCOVW,US,gasoline,conventional,weekly-mon,2.672
2010-07-26,GASREGCOVW,US,gasoline,conventional,weekly-mon,2.703
2010-08-02,GASREGCOVW,US,gasoline,conventional,weekly-mon,2.687
2010-08-09,GASREGCOVW,US,gasoline,conventional,weekly-mon,2.74
2010-08-16,GASREGCOVW,US,gasoline,conventional,weekly-mon,2.696
2010-08-23,GASREGCOVW,US,gasoline,conventional,weekly-mon,2.653
2010-08-30,GASREGCOVW,US,gasoline,conventional,weekly-mon,2.64
2010-09-06,GASREGCOVW,US,gasoline,conventional,weekly-mon,2.647
2010-09-13,GASREGCOVW,US,gasoline,conventional,weekly-mon,2.695
2010-09-20,GASREGCOVW,US,gasoline,conventional,weekly-mon,2.703
2010-09-27,GASREGCOVW,US,gasoline,conventional,weekly-mon,2.668
2010-10-04,GASREGCOVW,US,gasoline,conventional,weekly-mon,2.705
2010-10-11,GASREGCOVW,US,gasoline,conventional,weekly-mon,2.793
2010-10-18,GASREGCOVW,US,gasoline,conventional,weekly-mon,2.795
2010-10-25,GASREGCOVW,US,gasoline,conventional,weekly-mon,2.772
2010-11-01,GASREGCOVW,US,gasoline,conventional,weekly-mon,2.76
2010-11-08,GASREGCOVW,US,gasoline,conventional,weekly-mon,2.832
2010-11-15,GASREGCOVW,US,gasoline,conventional,weekly-mon,2.849
2010-11-22,GASREGCOVW,US,gasoline,conventional,weekly-mon,2.828
2010-11-29,GASREGCOVW,US,gasoline,conventional,weekly-mon,2.805
2010-12-06,GASREGCOVW,US,gasoline,conventional,weekly-mon,2.917
2010-12-13,GASREGCOVW,US,gasoline,conventional,weekly-mon,2.937
2010-12-20,GASREGCOVW,US,gasoline,conventional,weekly-mon,2.934
2010-12-27,GASREGCOVW,US,gasoline,conventional,weekly-mon,3.015
2011-01-03,GASREGCOVW,US,gasoline,conventional,weekly-mon,3.034
2011-01-10,GASREGCOVW,US,gasoline,conventional,weekly-mon,3.052
2011-01-17,GASREGCOVW,US,gasoline,conventional,weekly-mon,3.068
2011-01-24,GASREGCOVW,US,gasoline,conventional,weekly-mon,3.074
2011-01-31,GASREGCOVW,US,gasoline,conventional,weekly-mon,3.061
2011-02-07,GASREGCOVW,US,gasoline,conventional,weekly-mon,3.094
2011-02-14,GASREGCOVW,US,gasoline,conventional,weekly-mon,3.095
2011-02-21,GASREGCOVW,US,gasoline,conventional,weekly-mon,3.141
2011-02-28,GASREGCOVW,US,gasoline,conventional,weekly-mon,3.341
2011-03-07,GASREGCOVW,US,gasoline,conventional,weekly-mon,3.473
2011-03-14,GASREGCOVW,US,gasoline,conventional,weekly-mon,3.517
2011-03-21,GASREGCOVW,US,gasoline,conventional,weekly-mon,3.507
2011-03-28,GASREGCOVW,US,gasoline,conventional,weekly-mon,3.538
2011-04-04,GASREGCOVW,US,gasoline,conventional,weekly-mon,3.635
2011-04-11,GASREGCOVW,US,gasoline,conventional,weekly-mon,3.743
2011-04-18,GASREGCOVW,US,gasoline,conventional,weekly-mon,3.787
2011-04-25,GASREGCOVW,US,gasoline,conventional,weekly-mon,3.817
2011-05-02,GASREGCOVW,US,gasoline,conventional,weekly-mon,3.906
2011-05-09,GASREGCOVW,US,gasoline,conventional,weekly-mon,3.907
2011-05-16,GASREGCOVW,US,gasoline,conventional,weekly-mon,3.905
2011-05-23,GASREGCOVW,US,gasoline,conventional,weekly-mon,3.788
2011-05-30,GASREGCOVW,US,gasoline,conventional,weekly-mon,3.741
2011-06-06,GASREGCOVW,US,gasoline,conventional,weekly-mon,3.738
2011-06-13,GASREGCOVW,US,gasoline,conventional,weekly-mon,3.664
2011-06-20,GASREGCOVW,US,gasoline,conventional,weekly-mon,3.597
2011-06-27,GASREGCOVW,US,gasoline,conventional,weekly-mon,3.513
2011-07-04,GASREGCOVW,US,gasoline,conventional,weekly-mon,3.534
2011-07-11,GASREGCOVW,US,gasoline,conventional,weekly-mon,3.608
2011-07-18,GASREGCOVW,US,gasoline,conventional,weekly-mon,3.648
2011-07-25,GASREGCOVW,US,gasoline,conventional,weekly-mon,3.667
2011-08-01,GASREGCOVW,US,gasoline,conventional,weekly-mon,3.684
2011-08-08,GASREGCOVW,US,gasoline,conventional,weekly-mon,3.646
2011-08-15,GASREGCOVW,US,gasoline,conventional,weekly-mon,3.576
2011-08-22,GASREGCOVW,US,gasoline,conventional,weekly-mon,3.552
2011-08-29,GASREGCOVW,US,gasoline,conventional,weekly-mon,3.601
2011-09-05,GASREGCOVW,US,gasoline,conventional,weekly-mon,3.643
2011-09-12,GASREGCOVW,US,gasoline,conventional,weekly-mon,3.629
2011-09-19,GASREGCOVW,US,gasoline,conventional,weekly-mon,3.56
2011-09-26,GASREGCOVW,US,gasoline,conventional,weekly-mon,3.461
2011-10-03,GASREGCOVW,US,gasoline,conventional,weekly-mon,3.381
2011-10-10,GASREGCOVW,US,gasoline,conventional,weekly-mon,3.368
2011-10-17,GASREGCOVW,US,gasoline,conventional,weekly-mon,3.431
2011-10-24,GASREGCOVW,US,gasoline,conventional,weekly-mon,3.415
2011-10-31,GASREGCOVW,US,gasoline,conventional,weekly-mon,3.405
2011-11-07,GASREGCOVW,US,gasoline,conventional,weekly-mon,3.37
2011-11-14,GASREGCOVW,US,gasoline,conventional,weekly-mon,3.388
2011-11-21,GASREGCOVW,US,gasoline,conventional,weekly-mon,3.312
2011-11-28,GASREGCOVW,US,gasoline,conventional,weekly-mon,3.248
2011-12-05,GASREGCOVW,US,gasoline,conventional,weekly-mon,3.24
2011-12-12,GASREGCOVW,US,gasoline,conventional,weekly-mon,3.244
2011-12-19,GASREGCOVW,US,gasoline,conventional,weekly-mon,3.183
2011-12-26,GASREGCOVW,US,gasoline,conventional,weekly-mon,3.213
2012-01-02,GASREGCOVW,US,gasoline,conventional,weekly-mon,3.254
2012-01-09,GASREGCOVW,US,gasoline,conventional,weekly-mon,3.333
2012-01-16,GASREGCOVW,US,gasoline,conventional,weekly-mon,3.342
2012-01-23,GASREGCOVW,US,gasoline,conventional,weekly-mon,3.333
2012-01-30,GASREGCOVW,US,gasoline,conventional,weekly-mon,3.386
2012-02-06,GASREGCOVW,US,gasoline,conventional,weekly-mon,3.436
2012-02-13,GASREGCOVW,US,gasoline,conventional,weekly-mon,3.466
2012-02-20,GASREGCOVW,US,gasoline,conventional,weekly-mon,3.523
2012-02-27,GASREGCOVW,US,gasoline,conventional,weekly-mon,3.641
2012-03-05,GASREGCOVW,US,gasoline,conventional,weekly-mon,3.717
2012-03-12,GASREGCOVW,US,gasoline,conventional,weekly-mon,3.747
2012-03-19,GASREGCOVW,US,gasoline,conventional,weekly-mon,3.787
2012-03-26,GASREGCOVW,US,gasoline,conventional,weekly-mon,3.843
2012-04-02,GASREGCOVW,US,gasoline,conventional,weekly-mon,3.874
2012-04-09,GASREGCOVW,US,gasoline,conventional,weekly-mon,3.877
2012-04-16,GASREGCOVW,US,gasoline,conventional,weekly-mon,3.867
2012-04-23,GASREGCOVW,US,gasoline,conventional,weekly-mon,3.805
2012-04-30,GASREGCOVW,US,gasoline,conventional,weekly-mon,3.764
2012-05-07,GASREGCOVW,US,gasoline,conventional,weekly-mon,3.718
2012-05-14,GASREGCOVW,US,gasoline,conventional,weekly-mon,3.658
2012-05-21,GASREGCOVW,US,gasoline,conventional,weekly-mon,3.622
2012-05-28,GASREGCOVW,US,gasoline,conventional,weekly-mon,3.575
2012-06-04,GASREGCOVW,US,gasoline,conventional,weekly-mon,3.518
2012-06-11,GASREGCOVW,US,gasoline,conventional,weekly-mon,3.489
2012-06-18,GASREGCOVW,US,gasoline,conventional,weekly-mon,3.473
2012-06-25,GASREGCOVW,US,gasoline,conventional,weekly-mon,3.378
2012-07-02,GASREGCOVW,US,gasoline,conventional,weekly-mon,3.291
2012-07-09,GASREGCOVW,US,gasoline,conventional,weekly-mon,3.357
2012-07-16,GASREGCOVW,US,gasoline,conventional,weekly-mon,3.364
2012-07-23,GASREGCOVW,US,gasoline,conventional,weekly-mon,3.435
2012-07-30,GASREGCOVW,US,gasoline,conventional,weekly-mon,3.45
2012-08-06,GASREGCOVW,US,gasoline,conventional,weekly-mon,3.606
2012-08-13,GASREGCOVW,US,gasoline,conventional,weekly-mon,3.662
2012-08-20,GASREGCOVW,US,gasoline,conventional,weekly-mon,3.682
2012-08-27,GASREGCOVW,US,gasoline,conventional,weekly-mon,3.722
2012-09-03,GASREGCOVW,US,gasoline,conventional,weekly-mon,3.797
2012-09-10,GASREGCOVW,US,gasoline,conventional,weekly-mon,3.799
2012-09-17,GASREGCOVW,US,gasoline,conventional,weekly-mon,3.832
2012-09-24,GASREGCOVW,US,gasoline,conventional,weekly-mon,3.775
2012-10-01,GASREGCOVW,US,gasoline,conventional,weekly-mon,3.75
2012-10-08,GASREGCOVW,US,gasoline,conventional,weekly-mon,3.742
2012-10-15,GASREGCOVW,US,gasoline,conventional,weekly-mon,3.713
2012-10-22,GASREGCOVW,US,gasoline,conventional,weekly-mon,3.582
2012-10-29,GASREGCOVW,US,gasoline,conventional,weekly-mon,3.48
2012-11-05,GASREGCOVW,US,gasoline,conventional,weekly-mon,3.406
2012-11-12,GASREGCOVW,US,gasoline,conventional,weekly-mon,3.372
2012-11-19,GASREGCOVW,US,gasoline,conventional,weekly-mon,3.36
2012-11-26,GASREGCOVW,US,gasoline,conventional,weekly-mon,3.382
2012-12-03,GASREGCOVW,US,gasoline,conventional,weekly-mon,3.337
2012-12-10,GASREGCOVW,US,gasoline,conventional,weekly-mon,3.297
2012-12-17,GASREGCOVW,US,gasoline,conventional,weekly-mon,3.198
2012-12-24,GASREGCOVW,US,gasoline,conventional,weekly-mon,3.205
2012-12-31,GASREGCOVW,US,gasoline,conventional,weekly-mon,3.245
2013-01-07,GASREGCOVW,US,gasoline,conventional,weekly-mon,3.233
2013-01-14,GASREGCOVW,US,gasoline,conventional,weekly-mon,3.236
2013-01-21,GASREGCOVW,US,gasoline,conventional,weekly-mon,3.254
2013-01-28,GASREGCOVW,US,gasoline,conventional,weekly-mon,3.296
2013-02-04,GASREGCOVW,US,gasoline,conventional,weekly-mon,3.471
2013-02-11,GASREGCOVW,US,gasoline,conventional,weekly-mon,3.537
2013-02-18,GASREGCOVW,US,gasoline,conventional,weekly-mon,3.69
2013-02-25,GASREGCOVW,US,gasoline,conventional,weekly-mon,3.722
2013-03-04,GASREGCOVW,US,gasoline,conventional,weekly-mon,3.698
2013-03-11,GASREGCOVW,US,gasoline,conventional,weekly-mon,3.644
2013-03-18,GASREGCOVW,US,gasoline,conventional,weekly-mon,3.633
2013-03-25,GASREGCOVW,US,gasoline,conventional,weekly-mon,3.616
2013-04-01,GASREGCOVW,US,gasoline,conventional,weekly-mon,3.572
2013-04-08,GASREGCOVW,US,gasoline,conventional,weekly-mon,3.539
2013-04-15,GASREGCOVW,US,gasoline,conventional,weekly-mon,3.469
2013-04-22,GASREGCOVW,US,gasoline,conventional,weekly-mon,3.472
2013-04-29,GASREGCOVW,US,gasoline,conventional,weekly-mon,3.455
2013-05-06,GASREGCOVW,US,gasoline,conventional,weekly-mon,3.478
2013-05-13,GASREGCOVW,US,gasoline,conventional,weekly-mon,3.543
2013-05-20,GASREGCOVW,US,gasoline,conventional,weekly-mon,3.636
2013-05-27,GASREGCOVW,US,gasoline,conventional,weekly-mon,3.601
2013-06-03,GASREGCOVW,US,gasoline,conventional,weekly-mon,3.61
2013-06-10,GASREGCOVW,US,gasoline,conventional,weekly-mon,3.619
2013-06-17,GASREGCOVW,US,gasoline,conventional,weekly-mon,3.577
2013-06-24,GASREGCOVW,US,gasoline,conventional,weekly-mon,3.498
2013-07-01,GASREGCOVW,US,gasoline,conventional,weekly-mon,3.41
2013-07-08,GASREGCOVW,US,gasoline,conventional,weekly-mon,3.413
2013-07-15,GASREGCOVW,US,gasoline,conventional,weekly-mon,3.57
2013-07-22,GASREGCOVW,US,gasoline,conventional,weekly-mon,3.612
2013-07-29,GASREGCOVW,US,gasoline,conventional,weekly-mon,3.57
2013-08-05,GASREGCOVW,US,gasoline,conventional,weekly-mon,3.566
2013-08-12,GASREGCOVW,US,gasoline,conventional,weekly-mon,3.493
2013-08-19,GASREGCOVW,US,gasoline,conventional,weekly-mon,3.496
2013-08-26,GASREGCOVW,US,gasoline,conventional,weekly-mon,3.504
2013-09-02,GASREGCOVW,US,gasoline,conventional,weekly-mon,3.575
2013-09-09,GASREGCOVW,US,gasoline,conventional,weekly-mon,3.54
2013-09-16,GASREGCOVW,US,gasoline,conventional,weekly-mon,3.475
2013-09-23,GASREGCOVW,US,gasoline,conventional,weekly-mon,3.425
2013-09-30,GASREGCOVW,US,gasoline,conventional,weekly-mon,3.354
2013-10-07,GASREGCOVW,US,gasoline,conventional,weekly-mon,3.298
2013-10-14,GASREGCOVW,US,gasoline,conventional,weekly-mon,3.296
2013-10-21,GASREGCOVW,US,gasoline,conventional,weekly-mon,3.31
2013-10-28,GASREGCOVW,US,gasoline,conventional,weekly-mon,3.235
2013-11-04,GASREGCOVW,US,gasoline,conventional,weekly-mon,3.209
2013-11-11,GASREGCOVW,US,gasoline,conventional,weekly-mon,3.133
2013-11-18,GASREGCOVW,US,gasoline,conventional,weekly-mon,3.161
2013-11-25,GASREGCOVW,US,gasoline,conventional,weekly-mon,3.241
2013-12-02,GASREGCOVW,US,gasoline,conventional,weekly-mon,3.209
2013-12-09,GASREGCOVW,US,gasoline,conventional,weekly-mon,3.208
2013-12-16,GASREGCOVW,US,gasoline,conventional,weekly-mon,3.165
2013-12-23,GASREGCOVW,US,gasoline,conventional,weekly-mon,3.198
2013-12-30,GASREGCOVW,US,gasoline,conventional,weekly-mon,3.264
2014-01-06,GASREGCOVW,US,gasoline,conventional,weekly-mon,3.261
2014-01-13,GASREGCOVW,US,gasoline,conventional,weekly-mon,3.267
2014-01-20,GASREGCOVW,US,gasoline,conventional,weekly-mon,3.24
2014-01-27,GASREGCOVW,US,gasoline,conventional,weekly-mon,3.241
2014-02-03,GASREGCOVW,US,gasoline,conventional,weekly-mon,3.243
2014-02-10,GASREGCOVW,US,gasoline,conventional,weekly-mon,3.257
2014-02-17,GASREGCOVW,US,gasoline,conventional,weekly-mon,3.326
2014-02-24,GASREGCOVW,US,gasoline,conventional,weekly-mon,3.394
2014-03-03,GASREGCOVW,US,gasoline,conventional,weekly-mon,3.421
2014-03-10,GASREGCOVW,US,gasoline,conventional,weekly-mon,3.452
2014-03-17,GASREGCOVW,US,gasoline,conventional,weekly-mon,3.489
2014-03-24,GASREGCOVW,US,gasoline,conventional,weekly-mon,3.487
2014-03-31,GASREGCOVW,US,gasoline,conventional,weekly-mon,3.521
2014-04-07,GASREGCOVW,US,gasoline,conventional,weekly-mon,3.533
2014-04-14,GASREGCOVW,US,gasoline,conventional,weekly-mon,3.581
2014-04-21,GASREGCOVW,US,gasoline,conventional,weekly-mon,3.612
2014-04-28,GASREGCOVW,US,gasoline,conventional,weekly-mon,3.635
2014-05-05,GASREGCOVW,US,gasoline,conventional,weekly-mon,3.606
2014-05-12,GASREGCOVW,US,gasoline,conventional,weekly-mon,3.597
2014-05-19,GASREGCOVW,US,gasoline,conventional,weekly-mon,3.593
2014-05-26,GASREGCOVW,US,gasoline,conventional,weekly-mon,3.607
2014-06-02,GASREGCOVW,US,gasoline,conventional,weekly-mon,3.624
2014-06-09,GASREGCOVW,US,gasoline,conventional,weekly-mon,3.61
2014-06-16,GASREGCOVW,US,gasoline,conventional,weekly-mon,3.621
2014-06-23,GASREGCOVW,US,gasoline,conventional,weekly-mon,3.639
2014-06-30,GASREGCOVW,US,gasoline,conventional,weekly-mon,3.635
2014-07-07,GASREGCOVW,US,gasoline,conventional,weekly-mon,3.605
2014-07-14,GASREGCOVW,US,gasoline,conventional,weekly-mon,3.56
2014-07-21,GASREGCOVW,US,gasoline,conventional,weekly-mon,3.523
2014-07-28,GASREGCOVW,US,gasoline,conventional,weekly-mon,3.468
2014-08-04,GASREGCOVW,US,gasoline,conventional,weekly-mon,3.449
2014-08-11,GASREGCOVW,US,gasoline,conventional,weekly-mon,3.447
2014-08-18,GASREGCOVW,US,gasoline,conventional,weekly-mon,3.408
2014-08-25,GASREGCOVW,US,gasoline,conventional,weekly-mon,3.397
2014-09-01,GASREGCOVW,US,gasoline,conventional,weekly-mon,3.41
2014-09-08,GASREGCOVW,US,gasoline,conventional,weekly-mon,3.406
2014-09-15,GASREGCOVW,US,gasoline,conventional,weekly-mon,3.352
2014-09-22,GASREGCOVW,US,gasoline,conventional,weekly-mon,3.296
2014-09-29,GASREGCOVW,US,gasoline,conventional,weekly-mon,3.304
2014-10-06,GASREGCOVW,US,gasoline,conventional,weekly-mon,3.246
2014-10-13,GASREGCOVW,US,gasoline,conventional,weekly-mon,3.147
2014-10-20,GASREGCOVW,US,gasoline,conventional,weekly-mon,3.07
2014-10-27,GASREGCOVW,US,gasoline,conventional,weekly-mon,3.016
2014-11-03,GASREGCOVW,US,gasoline,conventional,weekly-mon,2.956
2014-11-10,GASREGCOVW,US,gasoline,conventional,weekly-mon,2.907
2014-11-17,GASREGCOVW,US,gasoline,conventional,weekly-mon,2.856
2014-11-24,GASREGCOVW,US,gasoline,conventional,weekly-mon,2.781
2014-12-01,GASREGCOVW,US,gasoline,conventional,weekly-mon,2.738
2014-12-08,GASREGCOVW,US,gasoline,conventional,weekly-mon,2.634
2014-12-15,GASREGCOVW,US,gasoline,conventional,weekly-mon,2.499
2014-12-22,GASREGCOVW,US,gasoline,conventional,weekly-mon,2.341
2014-12-29,GASREGCOVW,US,gasoline,conventional,weekly-mon,2.229
2015-01-05,GASREGCOVW,US,gasoline,conventional,weekly-mon,2.136
2015-01-12,GASREGCOVW,US,gasoline,conventional,weekly-mon,2.066
2015-01-19,GASREGCOVW,US,gasoline,conventional,weekly-mon,1.999
2015-01-26,GASREGCOVW,US,gasoline,conventional,weekly-mon,1.982
2015-02-02,GASREGCOVW,US,gasoline,conventional,weekly-mon,2.013
2015-02-09,GASREGCOVW,US,gasoline,conventional,weekly-mon,2.133
2015-02-16,GASREGCOVW,US,gasoline,conventional,weekly-mon,2.206
2015-02-23,GASREGCOVW,US,gasoline,conventional,weekly-mon,2.256
2015-03-02,GASREGCOVW,US,gasoline,conventional,weekly-mon,2.36
2015-03-09,GASREGCOVW,US,gasoline,conventional,weekly-mon,2.367
2015-03-16,GASREGCOVW,US,gasoline,conventional,weekly-mon,2.339
2015-03-23,GASREGCOVW,US,gasoline,conventional,weekly-mon,2.347
2015-03-30,GASREGCOVW,US,gasoline,conventional,weekly-mon,2.348
2015-04-06,GASREGCOVW,US,gasoline,conventional,weekly-mon,2.315
2015-04-13,GASREGCOVW,US,gasoline,conventional,weekly-mon,2.317
2015-04-20,GASREGCOVW,US,gasoline,conventional,weekly-mon,2.393
2015-04-27,GASREGCOVW,US,gasoline,conventional,weekly-mon,2.451
2015-05-04,GASREGCOVW,US,gasoline,conventional,weekly-mon,2.517
2015-05-11,GASREGCOVW,US,gasoline,conventional,weekly-mon,2.547
2015-05-18,GASREGCOVW,US,gasoline,conventional,weekly-mon,2.604
2015-05-25,GASREGCOVW,US,gasoline,conventional,weekly-mon,2.642
2015-06-01,GASREGCOVW,US,gasoline,conventional,weekly-mon,2.656
2015-06-08,GASREGCOVW,US,gasoline,conventional,weekly-mon,2.668
2015-06-15,GASREGCOVW,US,gasoline,conventional,weekly-mon,2.744
2015-06-22,GASREGCOVW,US,gasoline,conventional,weekly-mon,2.72
2015-06-29,GASREGCOVW,US,gasoline,conventional,weekly-mon,2.713
2015-07-06,GASREGCOVW,US,gasoline,conventional,weekly-mon,2.702
2015-07-13,GASREGCOVW,US,gasoline,conventional,weekly-mon,2.694
2015-07-20,GASREGCOVW,US,gasoline,conventional,weekly-mon,2.661
2015-07-27,GASREGCOVW,US,gasoline,conventional,weekly-mon,2.605
2015-08-03,GASREGCOVW,US,gasoline,conventional,weekly-mon,2.555
2015-08-10,GASREGCOVW,US,gasoline,conventional,weekly-mon,2.505
2015-08-17,GASREGCOVW,US,gasoline,conventional,weekly-mon,2.608
2015-08-24,GASREGCOVW,US,gasoline,conventional,weekly-mon,2.534
2015-08-31,GASREGCOVW,US,gasoline,conventional,weekly-mon,2.406
2015-09-07,GASREGCOVW,US,gasoline,conventional,weekly-mon,2.337
2015-09-14,GASREGCOVW,US,gasoline,conventional,weekly-mon,2.28
2015-09-21,GASREGCOVW,US,gasoline,conventional,weekly-mon,2.237
2015-09-28,GASREGCOVW,US,gasoline,conventional,weekly-mon,2.246
2015-10-05,GASREGCOVW,US,gasoline,conventional,weekly-mon,2.252
2015-10-12,GASREGCOVW,US,gasoline,conventional,weekly-mon,2.283
2015-10-19,GASREGCOVW,US,gasoline,conventional,weekly-mon,2.22
2015-10-26,GASREGCOVW,US,gasoline,conventional,weekly-mon,2.166
2015-11-02,GASREGCOVW,US,gasoline,conventional,weekly-mon,2.17
2015-11-09,GASREGCOVW,US,gasoline,conventional,weekly-mon,2.172
2015-11-16,GASREGCOVW,US,gasoline,conventional,weekly-mon,2.11
2015-11-23,GASREGCOVW,US,gasoline,conventional,weekly-mon,2.015
2015-11-30,GASREGCOVW,US,gasoline,conventional,weekly-mon,1.974
2015-12-07,GASREGCOVW,US,gasoline,conventional,weekly-mon,1.969
2015-12-14,GASREGCOVW,US,gasoline,conventional,weekly-mon,1.953
2015-12-21,GASREGCOVW,US,gasoline,conventional,weekly-mon,1.929
2015-12-28,GASREGCOVW,US,gasoline,conventional,weekly-mon,1.933
2016-01-04,GASREGCOVW,US,gasoline,conventional,weekly-mon,1.922
2016-01-11,GASREGCOVW,US,gasoline,conventional,weekly-mon,1.888
2016-01-18,GASREGCOVW,US,gasoline,conventional,weekly-mon,1.81
2016-01-25,GASREGCOVW,US,gasoline,conventional,weekly-mon,1.752
2016-02-01,GASREGCOVW,US,gasoline,conventional,weekly-mon,1.729
2016-02-08,GASREGCOVW,US,gasoline,conventional,weekly-mon,1.663
2016-02-15,GASREGCOVW,US,gasoline,conventional,weekly-mon,1.638
2016-02-22,GASREGCOVW,US,gasoline,conventional,weekly-mon,1.661
2016-02-29,GASREGCOVW,US,gasoline,conventional,weekly-mon,1.715
2016-03-07,GASREGCOVW,US,gasoline,conventional,weekly-mon,1.782
2016-03-14,GASREGCOVW,US,gasoline,conventional,weekly-mon,1.888
2016-03-21,GASREGCOVW,US,gasoline,conventional,weekly-mon,1.935
2016-03-28,GASREGCOVW,US,gasoline,conventional,weekly-mon,1.976
2016-04-04,GASREGCOVW,US,gasoline,conventional,weekly-mon,1.994
2016-04-11,GASREGCOVW,US,gasoline,conventional,weekly-mon,1.981
2016-04-18,GASREGCOVW,US,gasoline,conventional,weekly-mon,2.053
2016-04-25,GASREGCOVW,US,gasoline,conventional,weekly-mon,2.08
2016-05-02,GASREGCOVW,US,gasoline,conventional,weekly-mon,2.168
2016-05-09,GASREGCOVW,US,gasoline,conventional,weekly-mon,2.143
2016-05-16,GASREGCOVW,US,gasoline,conventional,weekly-mon,2.17
2016-05-23,GASREGCOVW,US,gasoline,conventional,weekly-mon,2.235
2016-05-30,GASREGCOVW,US,gasoline,conventional,weekly-mon,2.281
2016-06-06,GASREGCOVW,US,gasoline,conventional,weekly-mon,2.328
2016-06-13,GASREGCOVW,US,gasoline,conventional,weekly-mon,2.343
2016-06-20,GASREGCOVW,US,gasoline,conventional,weekly-mon,2.29
2016-06-27,GASREGCOVW,US,gasoline,conventional,weekly-mon,2.25
2016-07-04,GASREGCOVW,US,gasoline,conventional,weekly-mon,2.205
2016-07-11,GASREGCOVW,US,gasoline,conventional,weekly-mon,2.171
2016-07-18,GASREGCOVW,US,gasoline,conventional,weekly-mon,2.148
2016-07-25,GASREGCOVW,US,gasoline,conventional,weekly-mon,2.105
2016-08-01,GASREGCOVW,US,gasoline,conventional,weekly-mon,2.091
2016-08-08,GASREGCOVW,US,gasoline,conventional,weekly-mon,2.087
2016-08-15,GASREGCOVW,US,gasoline,conventional,weekly-mon,2.096
2016-08-22,GASREGCOVW,US,gasoline,conventional,weekly-mon,2.136
2016-08-29,GASREGCOVW,US,gasoline,conventional,weekly-mon,2.187
2016-09-05,GASREGCOVW,US,gasoline,conventional,weekly-mon,2.17
2016-09-12,GASREGCOVW,US,gasoline,conventional,weekly-mon,2.138
2016-09-19,GASREGCOVW,US,gasoline,conventional,weekly-mon,2.17
2016-09-26,GASREGCOVW,US,gasoline,conventional,weekly-mon,2.166
2016-10-03,GASREGCOVW,US,gasoline,conventional,weekly-mon,2.184
2016-10-10,GASREGCOVW,US,gasoline,conventional,weekly-mon,2.216
2016-10-17,GASREGCOVW,US,gasoline,conventional,weekly-mon,2.198
2016-10-24,GASREGCOVW,US,gasoline,conventional,weekly-mon,2.175
2016-10-31,GASREGCOVW,US,gasoline,conventional,weekly-mon,2.159
2016-11-07,GASREGCOVW,US,gasoline,conventional,weekly-mon,2.157
2016-11-14,GASREGCOVW,US,gasoline,conventional,weekly-mon,2.105
2016-11-21,GASREGCOVW,US,gasoline,conventional,weekly-mon,2.078
2016-11-28,GASREGCOVW,US,gasoline,conventional,weekly-mon,2.079
2016-12-05,GASREGCOVW,US,gasoline,conventional,weekly-mon,2.137
2016-12-12,GASREGCOVW,US,gasoline,conventional,weekly-mon,2.174
2016-12-19,GASREGCOVW,US,gasoline,conventional,weekly-mon,2.203
2016-12-26,GASREGCOVW,US,gasoline,conventional,weekly-mon,2.254
2017-01-02,GASREGCOVW,US,gasoline,conventional,weekly-mon,2.319
2017-01-09,GASREGCOVW,US,gasoline,conventional,weekly-mon,2.328
2017-01-16,GASREGCOVW,US,gasoline,conventional,weekly-mon,2.298
2017-01-23,GASREGCOVW,US,gasoline,conventional,weekly-mon,2.258
2017-01-30,GASREGCOVW,US,gasoline,conventional,weekly-mon,2.224
2017-02-06,GASREGCOVW,US,gasoline,conventional,weekly-mon,2.221
2017-02-13,GASREGCOVW,US,gasoline,conventional,weekly-mon,2.228
2017-02-20,GASREGCOVW,US,gasoline,conventional,weekly-mon,2.224
2017-02-27,GASREGCOVW,US,gasoline,conventional,weekly-mon,2.233
2017-03-06,GASREGCOVW,US,gasoline,conventional,weekly-mon,2.264
2017-03-13,GASREGCOVW,US,gasoline,conventional,weekly-mon,2.242
2017-03-20,GASREGCOVW,US,gasoline,conventional,weekly-mon,2.238
2017-03-27,GASREGCOVW,US,gasoline,conventional,weekly-mon,2.228
2017-04-03,GASREGCOVW,US,gasoline,conventional,weekly-mon,2.281
2017-04-10,GASREGCOVW,US,gasoline,conventional,weekly-mon,2.351
2017-04-17,GASREGCOVW,US,gasoline,conventional,weekly-mon,2.356
2017-04-24,GASREGCOVW,US,gasoline,conventional,weekly-mon,2.372
2017-05-01,GASREGCOVW,US,gasoline,conventional,weekly-mon,2.331
2017-05-08,GASREGCOVW,US,gasoline,conventional,weekly-mon,2.288
2017-05-15,GASREGCOVW,US,gasoline,conventional,weekly-mon,2.283
2017-05-22,GASREGCOVW,US,gasoline,conventional,weekly-mon,2.306
2017-05-29,GASREGCOVW,US,gasoline,conventional,weekly-mon,2.308
2017-06-05,GASREGCOVW,US,gasoline,conventional,weekly-mon,2.325
2017-06-12,GASREGCOVW,US,gasoline,conventional,weekly-mon,2.276
2017-06-19,GASREGCOVW,US,gasoline,conventional,weekly-mon,2.224
2017-06-26,GASREGCOVW,US,gasoline,conventional,weekly-mon,2.201
2017-07-03,GASREGCOVW,US,gasoline,conventional,weekly-mon,2.163
2017-07-10,GASREGCOVW,US,gasoline,conventional,weekly-mon,2.21
2017-07-17,GASREGCOVW,US,gasoline,conventional,weekly-mon,2.188
2017-07-24,GASREGCOVW,US,gasoline,conventional,weekly-mon,2.224
2017-07-31,GASREGCOVW,US,gasoline,conventional,weekly-mon,2.269
2017-08-07,GASREGCOVW,US,gasoline,conventional,weekly-mon,2.29
2017-08-14,GASREGCOVW,US,gasoline,conventional,weekly-mon,2.301
2017-08-21,GASREGCOVW,US,gasoline,conventional,weekly-mon,2.273
2017-08-28,GASREGCOVW,US,gasoline,conventional,weekly-mon,2.322
2017-09-04,GASREGCOVW,US,gasoline,conventional,weekly-mon,2.604
2017-09-11,GASREGCOVW,US,gasoline,conventional,weekly-mon,2.61
2017-09-18,GASREGCOVW,US,gasoline,conventional,weekly-mon,2.559
2017-09-25,GASREGCOVW,US,gasoline,conventional,weekly-mon,2.508
2017-10-02,GASREGCOVW,US,gasoline,conventional,weekly-mon,2.493
2017-10-09,GASREGCOVW,US,gasoline,conventional,weekly-mon,2.426
2017-10-16,GASREGCOVW,US,gasoline,conventional,weekly-mon,2.413
2017-10-23,GASREGCOVW,US,gasoline,conventional,weekly-mon,2.406
2017-10-30,GASREGCOVW,US,gasoline,conventional,weekly-mon,2.41
2017-11-06,GASREGCOVW,US,gasoline,conventional,weekly-mon,2.468
2017-11-13,GASREGCOVW,US,gasoline,conventional,weekly-mon,2.504
2017-11-20,GASREGCOVW,US,gasoline,conventional,weekly-mon,2.48
2017-11-27,GASREGCOVW,US,gasoline,conventional,weekly-mon,2.444
2017-12-04,GASREGCOVW,US,gasoline,conventional,weekly-mon,2.41
2017-12-11,GASREGCOVW,US,gasoline,conventional,weekly-mon,2.401
2017-12-18,GASREGCOVW,US,gasoline,conventional,weekly-mon,2.358
2017-12-25,GASREGCOVW,US,gasoline,conventional,weekly-mon,2.384
2018-01-01,GASREGCOVW,US,gasoline,conventional,weekly-mon,2.436
2018-01-08,GASREGCOVW,US,gasoline,conventional,weekly-mon,2.429
2018-01-15,GASREGCOVW,US,gasoline,conventional,weekly-mon,2.473
2018-01-22,GASREGCOVW,US,gasoline,conventional,weekly-mon,2.482
2018-01-29,GASREGCOVW,US,gasoline,conventional,weekly-mon,2.516
2018-02-05,GASREGCOVW,US,gasoline,conventional,weekly-mon,2.544
2018-02-12,GASREGCOVW,US,gasoline,conventional,weekly-mon,2.511
2018-02-19,GASREGCOVW,US,gasoline,conventional,weekly-mon,2.455
2018-02-26,GASREGCOVW,US,gasoline,conventional,weekly-mon,2.442
2018-03-05,GASREGCOVW,US,gasoline,conventional,weekly-mon,2.462
2018-03-12,GASREGCOVW,US,gasoline,conventional,weekly-mon,2.455
2018-03-19,GASREGCOVW,US,gasoline,conventional,weekly-mon,2.494
2018-03-26,GASREGCOVW,US,gasoline,conventional,weekly-mon,2.541
2018-04-02,GASREGCOVW,US,gasoline,conventional,weekly-mon,2.592
2018-04-09,GASREGCOVW,US,gasoline,conventional,weekly-mon,2.587
2018-04-16,GASREGCOVW,US,gasoline,conventional,weekly-mon,2.644
2018-04-23,GASREGCOVW,US,gasoline,conventional,weekly-mon,2.696
2018-04-30,GASREGCOVW,US,gasoline,conventional,weekly-mon,2.741
2018-05-07,GASREGCOVW,US,gasoline,conventional,weekly-mon,2.733
2018-05-14,GASREGCOVW,US,gasoline,conventional,weekly-mon,2.786
2018-05-21,GASREGCOVW,US,gasoline,conventional,weekly-mon,2.834
2018-05-28,GASREGCOVW,US,gasoline,conventional,weekly-mon,2.877
2018-06-04,GASREGCOVW,US,gasoline,conventional,weekly-mon,2.849
2018-06-11,GASREGCOVW,US,gasoline,conventional,weekly-mon,2.822
2018-06-18,GASREGCOVW,US,gasoline,conventional,weekly-mon,2.79
2018-06-25,GASREGCOVW,US,gasoline,conventional,weekly-mon,2.745
2018-07-02,GASREGCOVW,US,gasoline,conventional,weekly-mon,2.762
2018-07-09,GASREGCOVW,US,gasoline,conventional,weekly-mon,2.774
2018-07-16,GASREGCOVW,US,gasoline,conventional,weekly-mon,2.79
2018-07-23,GASREGCOVW,US,gasoline,conventional,weekly-mon,2.754
2018-07-30,GASREGCOVW,US,gasoline,conventional,weekly-mon,2.772
2018-08-06,GASREGCOVW,US,gasoline,conventional,weekly-mon,2.781
2018-08-13,GASREGCOVW,US,gasoline,conventional,weekly-mon,2.774
2018-08-20,GASREGCOVW,US,gasoline,conventional,weekly-mon,2.755
2018-08-27,GASREGCOVW,US,gasoline,conventional,weekly-mon,2.761
2018-09-03,GASREGCOVW,US,gasoline,conventional,weekly-mon,2.759
2018-09-10,GASREGCOVW,US,gasoline,conventional,weekly-mon,2.765
2018-09-17,GASREGCOVW,US,gasoline,conventional,weekly-mon,2.771
2018-09-24,GASREGCOVW,US,gasoline,conventional,weekly-mon,2.779
2018-10-01,GASREGCOVW,US,gasoline,conventional,weekly-mon,2.796
2018-10-08,GASREGCOVW,US,gasoline,conventional,weekly-mon,2.829
2018-10-15,GASREGCOVW,US,gasoline,conventional,weekly-mon,2.806
2018-10-22,GASREGCOVW,US,gasoline,conventional,weekly-mon,2.763
2018-10-29,GASREGCOVW,US,gasoline,conventional,weekly-mon,2.732
2018-11-05,GASREGCOVW,US,gasoline,conventional,weekly-mon,2.67
2018-11-12,GASREGCOVW,US,gasoline,conventional,weekly-mon,2.604
2018-11-19,GASREGCOVW,US,gasoline,conventional,weekly-mon,2.525
2018-11-26,GASREGCOVW,US,gasoline,conventional,weekly-mon,2.445
2018-12-03,GASREGCOVW,US,gasoline,conventional,weekly-mon,2.35
2018-12-10,GASREGCOVW,US,gasoline,conventional,weekly-mon,2.325
2018-12-17,GASREGCOVW,US,gasoline,conventional,weekly-mon,2.268
2018-12-24,GASREGCOVW,US,gasoline,conventional,weekly-mon,2.216
2018-12-31,GASREGCOVW,US,gasoline,conventional,weekly-mon,2.156
2019-01-07,GASREGCOVW,US,gasoline,conventional,weekly-mon,2.128
2019-01-14,GASREGCOVW,US,gasoline,conventional,weekly-mon,2.143
2019-01-21,GASREGCOVW,US,gasoline,conventional,weekly-mon,2.147
2019-01-28,GASREGCOVW,US,gasoline,conventional,weekly-mon,2.162
2019-02-04,GASREGCOVW,US,gasoline,conventional,weekly-mon,2.162
2019-02-11,GASREGCOVW,US,gasoline,conventional,weekly-mon,2.187
2019-02-18,GASREGCOVW,US,gasoline,conventional,weekly-mon,2.23
2019-02-25,GASREGCOVW,US,gasoline,conventional,weekly-mon,2.311
2019-03-04,GASREGCOVW,US,gasoline,conventional,weekly-mon,2.352
2019-03-11,GASREGCOVW,US,gasoline,conventional,weekly-mon,2.399
2019-03-18,GASREGCOVW,US,gasoline,conventional,weekly-mon,2.477
2019-03-25,GASREGCOVW,US,gasoline,conventional,weekly-mon,2.544
2019-04-01,GASREGCOVW,US,gasoline,conventional,weekly-mon,2.611
2019-04-08,GASREGCOVW,US,gasoline,conventional,weekly-mon,2.65
2019-04-15,GASREGCOVW,US,gasoline,conventional,weekly-mon,2.725
2019-04-22,GASREGCOVW,US,gasoline,conventional,weekly-mon,2.723
2019-04-29,GASREGCOVW,US,gasoline,conventional,weekly-mon,2.761
2019-05-06,GASREGCOVW,US,gasoline,conventional,weekly-mon,2.771
2019-05-13,GASREGCOVW,US,gasoline,conventional,weekly-mon,2.735
2019-05-20,GASREGCOVW,US,gasoline,conventional,weekly-mon,2.723
2019-05-27,GASREGCOVW,US,gasoline,conventional,weekly-mon,2.696
2019-06-03,GASREGCOVW,US,gasoline,conventional,weekly-mon,2.691
2019-06-10,GASREGCOVW,US,gasoline,conventional,weekly-mon,2.62
2019-06-17,GASREGCOVW,US,gasoline,conventional,weekly-mon,2.553
2019-06-24,GASREGCOVW,US,gasoline,conventional,weekly-mon,2.541
2019-07-01,GASREGCOVW,US,gasoline,conventional,weekly-mon,2.608
2019-07-08,GASREGCOVW,US,gasoline,conventional,weekly-mon,2.644
2019-07-15,GASREGCOVW,US,gasoline,conventional,weekly-mon,2.682
2019-07-22,GASREGCOVW,US,gasoline,conventional,weekly-mon,2.653
2019-07-29,GASREGCOVW,US,gasoline,conventional,weekly-mon,2.615
2019-08-05,GASREGCOVW,US,gasoline,conventional,weekly-mon,2.588
2019-08-12,GASREGCOVW,US,gasoline,conventional,weekly-mon,2.524
2019-08-19,GASREGCOVW,US,gasoline,conventional,weekly-mon,2.501
2019-08-26,GASREGCOVW,US,gasoline,conventional,weekly-mon,2.471
2019-09-02,GASREGCOVW,US,gasoline,conventional,weekly-mon,2.461
2019-09-09,GASREGCOVW,US,gasoline,conventional,weekly-mon,2.45
2019-09-16,GASREGCOVW,US,gasoline,conventional,weekly-mon,2.454
2019-09-23,GASREGCOVW,US,gasoline,conventional,weekly-mon,2.561
2019-09-30,GASREGCOVW,US,gasoline,conventional,weekly-mon,2.518
2019-10-07,GASREGCOVW,US,gasoline,conventional,weekly-mon,2.513
2019-10-14,GASREGCOVW,US,gasoline,conventional,weekly-mon,2.495
2019-10-21,GASREGCOVW,US,gasoline,conventional,weekly-mon,2.512
2019-10-28,GASREGCOVW,US,gasoline,conventional,weekly-mon,2.469
2019-11-04,GASREGCOVW,US,gasoline,conventional,weekly-mon,2.485
2019-11-11,GASREGCOVW,US,gasoline,conventional,weekly-mon,2.493
2019-11-18,GASREGCOVW,US,gasoline,conventional,weekly-mon,2.473
2019-11-25,GASREGCOVW,US,gasoline,conventional,weekly-mon,2.469
2019-12-02,GASREGCOVW,US,gasoline,conventional,weekly-mon,2.485
2019-12-09,GASREGCOVW,US,gasoline,conventional,weekly-mon,2.478
2019-12-16,GASREGCOVW,US,gasoline,conventional,weekly-mon,2.448
2019-12-23,GASREGCOVW,US,gasoline,conventional,weekly-mon,2.447
2019-12-30,GASREGCOVW,US,gasoline,conventional,weekly-mon,2.488
2020-01-06,GASREGCOVW,US,gasoline,conventional,weekly-mon,2.494
2020-01-13,GASREGCOVW,US,gasoline,conventional,weekly-mon,2.482
2020-01-20,GASREGCOVW,US,gasoline,conventional,weekly-mon,2.448
2020-01-27,GASREGCOVW,US,gasoline,conventional,weekly-mon,2.412
2020-02-03,GASREGCOVW,US,gasoline,conventional,weekly-mon,2.358
2020-02-10,GASREGCOVW,US,gasoline,conventional,weekly-mon,2.324
2020-02-17,GASREGCOVW,US,gasoline,conventional,weekly-mon,2.337
2020-02-24,GASREGCOVW,US,gasoline,conventional,weekly-mon,2.373
2020-03-02,GASREGCOVW,US,gasoline,conventional,weekly-mon,2.324
2020-03-09,GASREGCOVW,US,gasoline,conventional,weekly-mon,2.272
2020-03-16,GASREGCOVW,US,gasoline,conventional,weekly-mon,2.139
2020-03-23,GASREGCOVW,US,gasoline,conventional,weekly-mon,2.007
2020-03-30,GASREGCOVW,US,gasoline,conventional,weekly-mon,1.886
2020-04-06,GASREGCOVW,US,gasoline,conventional,weekly-mon,1.8
2020-04-13,GASREGCOVW,US,gasoline,conventional,weekly-mon,1.735
2020-04-20,GASREGCOVW,US,gasoline,conventional,weekly-mon,1.694
2020-04-27,GASREGCOVW,US,gasoline,conventional,weekly-mon,1.655
2020-05-04,GASREGCOVW,US,gasoline,conventional,weekly-mon,1.68
2020-05-11,GASREGCOVW,US,gasoline,conventional,weekly-mon,1.75
2020-05-18,GASREGCOVW,US,gasoline,conventional,weekly-mon,1.776
2020-05-25,GASREGCOVW,US,gasoline,conventional,weekly-mon,1.87
2020-06-01,GASREGCOVW,US,gasoline,conventional,weekly-mon,1.883
2020-06-08,GASREGCOVW,US,gasoline,conventional,weekly-mon,1.947
2020-06-15,GASREGCOVW,US,gasoline,conventional,weekly-mon,2.017
2020-06-22,GASREGCOVW,US,gasoline,conventional,weekly-mon,2.048
2020-06-29,GASREGCOVW,US,gasoline,conventional,weekly-mon,2.094
2020-07-06,GASREGCOVW,US,gasoline,conventional,weekly-mon,2.1
2020-07-13,GASREGCOVW,US,gasoline,conventional,weekly-mon,2.113
2020-07-20,GASREGCOVW,US,gasoline,conventional,weekly-mon,2.099
2020-07-27,GASREGCOVW,US,gasoline,conventional,weekly-mon,2.085
2020-08-03,GASREGCOVW,US,gasoline,conventional,weekly-mon,2.085
2020-08-10,GASREGCOVW,US,gasoline,conventional,weekly-mon,2.078
2020-08-17,GASREGCOVW,US,gasoline,conventional,weekly-mon,2.077
2020-08-24,GASREGCOVW,US,gasoline,conventional,weekly-mon,2.09
2020-08-31,GASREGCOVW,US,gasoline,conventional,weekly-mon,2.135
2020-09-07,GASREGCOVW,US,gasoline,conventional,weekly-mon,2.122
2020-09-14,GASREGCOVW,US,gasoline,conventional,weekly-mon,2.091
2020-09-21,GASREGCOVW,US,gasoline,conventional,weekly-mon,2.078
2020-09-28,GASREGCOVW,US,gasoline,conventional,weekly-mon,2.088
2020-10-05,GASREGCOVW,US,gasoline,conventional,weekly-mon,2.091
2020-10-12,GASREGCOVW,US,gasoline,conventional,weekly-mon,2.084
2020-10-19,GASREGCOVW,US,gasoline,conventional,weekly-mon,2.064
2020-10-26,GASREGCOVW,US,gasoline,conventional,weekly-mon,2.053
2020-11-02,GASREGCOVW,US,gasoline,conventional,weekly-mon,2.021
2020-11-09,GASREGCOVW,US,gasoline,conventional,weekly-mon,2.004
2020-11-16,GASREGCOVW,US,gasoline,conventional,weekly-mon,2.018
2020-11-23,GASREGCOVW,US,gasoline,conventional,weekly-mon,2.009
2020-11-30,GASREGCOVW,US,gasoline,conventional,weekly-mon,2.022
2020-12-07,GASREGCOVW,US,gasoline,conventional,weekly-mon,2.063
2020-12-14,GASREGCOVW,US,gasoline,conventional,weekly-mon,2.063
2020-12-21,GASREGCOVW,US,gasoline,conventional,weekly-mon,2.137
2020-12-28,GASREGCOVW,US,gasoline,conventional,weekly-mon,2.158
2021-01-04,GASREGCOVW,US,gasoline,conventional,weekly-mon,2.16
2021-01-11,GASREGCOVW,US,gasoline,conventional,weekly-mon,2.232
2021-01-18,GASREGCOVW,US,gasoline,conventional,weekly-mon,2.285
2021-01-25,GASREGCOVW,US,gasoline,conventional,weekly-mon,2.298
2021-02-01,GASREGCOVW,US,gasoline,conventional,weekly-mon,2.316
2021-02-08,GASREGCOVW,US,gasoline,conventional,weekly-mon,2.372
2021-02-15,GASREGCOVW,US,gasoline,conventional,weekly-mon,2.409
2021-02-22,GASREGCOVW,US,gasoline,conventional,weekly-mon,2.549
2021-03-01,GASREGCOVW,US,gasoline,conventional,weekly-mon,2.625
2021-03-08,GASREGCOVW,US,gasoline,conventional,weekly-mon,2.684
2021-03-15,GASREGCOVW,US,gasoline,conventional,weekly-mon,2.766
2021-03-22,GASREGCOVW,US,gasoline,conventional,weekly-mon,2.78
2021-03-29,GASREGCOVW,US,gasoline,conventional,weekly-mon,2.771
2021-04-05,GASREGCOVW,US,gasoline,conventional,weekly-mon,2.777
2021-04-12,GASREGCOVW,US,gasoline,conventional,weekly-mon,2.763
2021-04-19,GASREGCOVW,US,gasoline,conventional,weekly-mon,2.767
2021-04-26,GASREGCOVW,US,gasoline,conventional,weekly-mon,2.776
2021-05-03,GASREGCOVW,US,gasoline,conventional,weekly-mon,2.79
2021-05-10,GASREGCOVW,US,gasoline,conventional,weekly-mon,2.86
2021-05-17,GASREGCOVW,US,gasoline,conventional,weekly-mon,2.928
2021-05-24,GASREGCOVW,US,gasoline,conventional,weekly-mon,2.92
2021-05-31,GASREGCOVW,US,gasoline,conventional,weekly-mon,2.927
2021-06-07,GASREGCOVW,US,gasoline,conventional,weekly-mon,2.935
2021-06-14,GASREGCOVW,US,gasoline,conventional,weekly-mon,2.97
2021-06-21,GASREGCOVW,US,gasoline,conventional,weekly-mon,2.961
2021-06-28,GASREGCOVW,US,gasoline,conventional,weekly-mon,2.99
2021-07-05,GASREGCOVW,US,gasoline,conventional,weekly-mon,3.032
2021-07-12,GASREGCOVW,US,gasoline,conventional,weekly-mon,3.039
2021-07-19,GASREGCOVW,US,gasoline,conventional,weekly-mon,3.061
2021-07-26,GASREGCOVW,US,gasoline,conventional,weekly-mon,3.044
2021-08-02,GASREGCOVW,US,gasoline,conventional,weekly-mon,3.059
2021-08-09,GASREGCOVW,US,gasoline,conventional,weekly-mon,3.081
2021-08-16,GASREGCOVW,US,gasoline,conventional,weekly-mon,3.079
2021-08-23,GASREGCOVW,US,gasoline,conventional,weekly-mon,3.048
2021-08-30,GASREGCOVW,US,gasoline,conventional,weekly-mon,3.041
2021-09-06,GASREGCOVW,US,gasoline,conventional,weekly-mon,3.08
2021-09-13,GASREGCOVW,US,gasoline,conventional,weekly-mon,3.068
2021-09-20,GASREGCOVW,US,gasoline,conventional,weekly-mon,3.094
2021-09-27,GASREGCOVW,US,gasoline,conventional,weekly-mon,3.08
2021-10-04,GASREGCOVW,US,gasoline,conventional,weekly-mon,3.093
2021-10-11,GASREGCOVW,US,gasoline,conventional,weekly-mon,3.173
2021-10-18,GASREGCOVW,US,gasoline,conventional,weekly-mon,3.225
2021-10-25,GASREGCOVW,US,gasoline,conventional,weekly-mon,3.279
2021-11-01,GASREGCOVW,US,gasoline,conventional,weekly-mon,3.28
2021-11-08,GASREGCOVW,US,gasoline,conventional,weekly-mon,3.294
2021-11-15,GASREGCOVW,US,gasoline,conventional,weekly-mon,3.277
2021-11-22,GASREGCOVW,US,gasoline,conventional,weekly-mon,3.271
2021-11-29,GASREGCOVW,US,gasoline,conventional,weekly-mon,3.253
2021-12-06,GASREGCOVW,US,gasoline,conventional,weekly-mon,3.204
2021-12-13,GASREGCOVW,US,gasoline,conventional,weekly-mon,3.178
2021-12-20,GASREGCOVW,US,gasoline,conventional,weekly-mon,3.154
2021-12-27,GASREGCOVW,US,gasoline,conventional,weekly-mon,3.136
2022-01-03,GASREGCOVW,US,gasoline,conventional,weekly-mon,3.141
2022-01-10,GASREGCOVW,US,gasoline,conventional,weekly-mon,3.164
2022-01-17,GASREGCOVW,US,gasoline,conventional,weekly-mon,3.182
2022-01-24,GASREGCOVW,US,gasoline,conventional,weekly-mon,3.199
2022-01-31,GASREGCOVW,US,gasoline,conventional,weekly-mon,3.249
2022-02-07,GASREGCOVW,US,gasoline,conventional,weekly-mon,3.33
2022-02-14,GASREGCOVW,US,gasoline,conventional,weekly-mon,3.372
2022-02-21,GASREGCOVW,US,gasoline,conventional,weekly-mon,3.41
2022-02-28,GASREGCOVW,US,gasoline,conventional,weekly-mon,3.486
2022-03-07,GASREGCOVW,US,gasoline,conventional,weekly-mon,3.963
2022-03-14,GASREGCOVW,US,gasoline,conventional,weekly-mon,4.18
2022-03-21,GASREGCOVW,US,gasoline,conventional,weekly-mon,4.091
2022-03-28,GASREGCOVW,US,gasoline,conventional,weekly-mon,4.078
2022-04-04,GASREGCOVW,US,gasoline,conventional,weekly-mon,4.021
2022-04-11,GASREGCOVW,US,gasoline,conventional,weekly-mon,3.943
2022-04-18,GASREGCOVW,US,gasoline,conventional,weekly-mon,3.915
2022-04-25,GASREGCOVW,US,gasoline,conventional,weekly-mon,3.959
2022-05-02,GASREGCOVW,US,gasoline,conventional,weekly-mon,4.031
2022-05-09,GASREGCOVW,US,gasoline,conventional,weekly-mon,4.161
2022-05-16,GASREGCOVW,US,gasoline,conventional,weekly-mon,4.32
2022-05-23,GASREGCOVW,US,gasoline,conventional,weekly-mon,4.41
2022-05-30,GASREGCOVW,US,gasoline,conventional,weekly-mon,4.439
2022-06-06,GASREGCOVW,US,gasoline,conventional,weekly-mon,4.702
2022-06-13,GASREGCOVW,US,gasoline,conventional,weekly-mon,4.844
2022-06-20,GASREGCOVW,US,gasoline,conventional,weekly-mon,4.798
2022-06-27,GASREGCOVW,US,gasoline,conventional,weekly-mon,4.71
2022-07-04,GASREGCOVW,US,gasoline,conventional,weekly-mon,4.619
2022-07-11,GASREGCOVW,US,gasoline,conventional,weekly-mon,4.501
2022-07-18,GASREGCOVW,US,gasoline,conventional,weekly-mon,4.35
2022-07-25,GASREGCOVW,US,gasoline,conventional,weekly-mon,4.183
2022-08-01,GASREGCOVW,US,gasoline,conventional,weekly-mon,4.034
2022-08-08,GASREGCOVW,US,gasoline,conventional,weekly-mon,3.879
2022-08-15,GASREGCOVW,US,gasoline,conventional,weekly-mon,3.78
2022-08-22,GASREGCOVW,US,gasoline,conventional,weekly-mon,3.724
2022-08-29,GASREGCOVW,US,gasoline,conventional,weekly-mon,3.691
2022-09-05,GASREGCOVW,US,gasoline,conventional,weekly-mon,3.617
2022-09-12,GASREGCOVW,US,gasoline,conventional,weekly-mon,3.551
2022-09-19,GASREGCOVW,US,gasoline,conventional,weekly-mon,3.513
2022-09-26,GASREGCOVW,US,gasoline,conventional,weekly-mon,3.569
2022-10-03,GASREGCOVW,US,gasoline,conventional,weekly-mon,3.592
2022-10-10,GASREGCOVW,US,gasoline,conventional,weekly-mon,3.723
2022-10-17,GASREGCOVW,US,gasoline,conventional,weekly-mon,3.692
2022-10-24,GASREGCOVW,US,gasoline,conventional,weekly-mon,3.609
2022-10-31,GASREGCOVW,US,gasoline,conventional,weekly-mon,3.57
2022-11-07,GASREGCOVW,US,gasoline,conventional,weekly-mon,3.628
2022-11-14,GASREGCOVW,US,gasoline,conventional,weekly-mon,3.606
2022-11-21,GASREGCOVW,US,gasoline,conventional,weekly-mon,3.498
2022-11-28,GASREGCOVW,US,gasoline,conventional,weekly-mon,3.389
2022-12-05,GASREGCOVW,US,gasoline,conventional,weekly-mon,3.26
2022-12-12,GASREGCOVW,US,gasoline,conventional,weekly-mon,3.109
2022-12-19,GASREGCOVW,US,gasoline,conventional,weekly-mon,2.994
2022-12-26,GASREGCOVW,US,gasoline,conventional,weekly-mon,2.971
2023-01-02,GASREGCOVW,US,gasoline,conventional,weekly-mon,3.123
2023-01-09,GASREGCOVW,US,gasoline,conventional,weekly-mon,3.167
2023-01-16,GASREGCOVW,US,gasoline,conventional,weekly-mon,3.225
2023-01-23,GASREGCOVW,US,gasoline,conventional,weekly-mon,3.34
2023-01-30,GASREGCOVW,US,gasoline,conventional,weekly-mon,3.417
2023-02-06,GASREGCOVW,US,gasoline,conventional,weekly-mon,3.362
2023-02-13,GASREGCOVW,US,gasoline,conventional,weekly-mon,3.311
2023-02-20,GASREGCOVW,US,gasoline,conventional,weekly-mon,3.293
2023-02-27,GASREGCOVW,US,gasoline,conventional,weekly-mon,3.25
2023-03-06,GASREGCOVW,US,gasoline,conventional,weekly-mon,3.288
2023-03-13,GASREGCOVW,US,gasoline,conventional,weekly-mon,3.35
2023-03-20,GASREGCOVW,US,gasoline,conventional,weekly-mon,3.321
2023-03-27,GASREGCOVW,US,gasoline,conventional,weekly-mon,3.304
2023-04-03,GASREGCOVW,US,gasoline,conventional,weekly-mon,3.384
2023-04-10,GASREGCOVW,US,gasoline,conventional,weekly-mon,3.493
2023-04-17,GASREGCOVW,US,gasoline,conventional,weekly-mon,3.553
2023-04-24,GASREGCOVW,US,gasoline,conventional,weekly-mon,3.542
2023-05-01,GASREGCOVW,US,gasoline,conventional,weekly-mon,3.48
2023-05-08,GASREGCOVW,US,gasoline,conventional,weekly-mon,3.407
2023-05-15,GASREGCOVW,US,gasoline,conventional,weekly-mon,3.415
2023-05-22,GASREGCOVW,US,gasoline,conventional,weekly-mon,3.416
2023-05-29,GASREGCOVW,US,gasoline,conventional,weekly-mon,3.443
2023-06-05,GASREGCOVW,US,gasoline,conventional,weekly-mon,3.414
2023-06-12,GASREGCOVW,US,gasoline,conventional,weekly-mon,3.475
2023-06-19,GASREGCOVW,US,gasoline,conventional,weekly-mon,3.449
2023-06-26,GASREGCOVW,US,gasoline,conventional,weekly-mon,3.445
2023-07-03,GASREGCOVW,US,gasoline,conventional,weekly-mon,3.397
2023-07-10,GASREGCOVW,US,gasoline,conventional,weekly-mon,3.42
2023-07-17,GASREGCOVW,US,gasoline,conventional,weekly-mon,3.438
2023-07-24,GASREGCOVW,US,gasoline,conventional,weekly-mon,3.479
2023-07-31,GASREGCOVW,US,gasoline,conventional,weekly-mon,3.65
2023-08-07,GASREGCOVW,US,gasoline,conventional,weekly-mon,3.731
2023-08-14,GASREGCOVW,US,gasoline,conventional,weekly-mon,3.746
2023-08-21,GASREGCOVW,US,gasoline,conventional,weekly-mon,3.746
2023-08-28,GASREGCOVW,US,gasoline,conventional,weekly-mon,3.684
2023-09-04,GASREGCOVW,US,gasoline,conventional,weekly-mon,3.68
2023-09-11,GASREGCOVW,US,gasoline,conventional,weekly-mon,3.692
2023-09-18,GASREGCOVW,US,gasoline,conventional,weekly-mon,3.724
2023-09-25,GASREGCOVW,US,gasoline,conventional,weekly-mon,3.663
2023-10-02,GASREGCOVW,US,gasoline,conventional,weekly-mon,3.598
2023-10-09,GASREGCOVW,US,gasoline,conventional,weekly-mon,3.506
2023-10-16,GASREGCOVW,US,gasoline,conventional,weekly-mon,3.404
2023-10-23,GASREGCOVW,US,gasoline,conventional,weekly-mon,3.369
2023-10-30,GASREGCOVW,US,gasoline,conventional,weekly-mon,3.32
2023-11-06,GASREGCOVW,US,gasoline,conventional,weekly-mon,3.245
2023-11-13,GASREGCOVW,US,gasoline,conventional,weekly-mon,3.212
2023-11-20,GASREGCOVW,US,gasoline,conventional,weekly-mon,3.144
2023-11-27,GASREGCOVW,US,gasoline,conventional,weekly-mon,3.088
2023-12-04,GASREGCOVW,US,gasoline,conventional,weekly-mon,3.104
2023-12-11,GASREGCOVW,US,gasoline,conventional,weekly-mon,3.014
2023-12-18,GASREGCOVW,US,gasoline,conventional,weekly-mon,2.931
2023-12-25,GASREGCOVW,US,gasoline,conventional,weekly-mon,3.005
2024-01-01,GASREGCOVW,US,gasoline,conventional,weekly-mon,2.966
2024-01-08,GASREGCOVW,US,gasoline,conventional,weekly-mon,2.945
2024-01-15,GASREGCOVW,US,gasoline,conventional,weekly-mon,2.944
2024-01-22,GASREGCOVW,US,gasoline,conventional,weekly-mon,2.95
2024-01-29,GASREGCOVW,US,gasoline,conventional,weekly-mon,2.979
2024-02-05,GASREGCOVW,US,gasoline,conventional,weekly-mon,3.021
2024-02-12,GASREGCOVW,US,gasoline,conventional,weekly-mon,3.083
2024-02-19,GASREGCOVW,US,gasoline,conventional,weekly-mon,3.159
2024-02-26,GASREGCOVW,US,gasoline,conventional,weekly-mon,3.145
2024-03-04,GASREGCOVW,US,gasoline,conventional,weekly-mon,3.243
2024-03-11,GASREGCOVW,US,gasoline,conventional,weekly-mon,3.27
2024-03-18,GASREGCOVW,US,gasoline,conventional,weekly-mon,3.348
2024-03-25,GASREGCOVW,US,gasoline,conventional,weekly-mon,3.409
2024-04-01,GASREGCOVW,US,gasoline,conventional,weekly-mon,3.401
2024-04-08,GASREGCOVW,US,gasoline,conventional,weekly-mon,3.448
2024-04-15,GASREGCOVW,US,gasoline,conventional,weekly-mon,3.479
2024-04-22,GASREGCOVW,US,gasoline,conventional,weekly-mon,3.506
2024-04-29,GASREGCOVW,US,gasoline,conventional,weekly-mon,3.498
2024-05-06,GASREGCOVW,US,gasoline,conventional,weekly-mon,3.487
2024-05-13,GASREGCOVW,US,gasoline,conventional,weekly-mon,3.463
2024-05-20,GASREGCOVW,US,gasoline,conventional,weekly-mon,3.451
2024-05-27,GASREGCOVW,US,gasoline,conventional,weekly-mon,3.434
2024-06-03,GASREGCOVW,US,gasoline,conventional,weekly-mon,3.376
2024-06-10,GASREGCOVW,US,gasoline,conventional,weekly-mon,3.297
2024-06-17,GASREGCOVW,US,gasoline,conventional,weekly-mon,3.31
2024-06-24,GASREGCOVW,US,gasoline,conventional,weekly-mon,3.322
2024-07-01,GASREGCOVW,US,gasoline,conventional,weekly-mon,3.371
2024-07-08,GASREGCOVW,US,gasoline,conventional,weekly-mon,3.384
2024-07-15,GASREGCOVW,US,gasoline,conventional,weekly-mon,3.388
2024-07-22,GASREGCOVW,US,gasoline,conventional,weekly-mon,3.364
2024-07-29,GASREGCOVW,US,gasoline,conventional,weekly-mon,3.381
2024-08-05,GASREGCOVW,US,gasoline,conventional,weekly-mon,3.357
2024-08-12,GASREGCOVW,US,gasoline,conventional,weekly-mon,3.326
2024-08-19,GASREGCOVW,US,gasoline,conventional,weekly-mon,3.286
2024-08-26,GASREGCOVW,US,gasoline,conventional,weekly-mon,3.212
2024-09-02,GASREGCOVW,US,gasoline,conventional,weekly-mon,3.191
2024-09-09,GASREGCOVW,US,gasoline,conventional,weekly-mon,3.12
2024-09-16,GASREGCOVW,US,gasoline,conventional,weekly-mon,3.057
2024-09-23,GASREGCOVW,US,gasoline,conventional,weekly-mon,3.074
2024-09-30,GASREGCOVW,US,gasoline,conventional,weekly-mon,3.087
2024-10-07,GASREGCOVW,US,gasoline,conventional,weekly-mon,3.026
2024-10-14,GASREGCOVW,US,gasoline,conventional,weekly-mon,3.069
2024-10-21,GASREGCOVW,US,gasoline,conventional,weekly-mon,3.044
2024-10-28,GASREGCOVW,US,gasoline,conventional,weekly-mon,3.005
2024-11-04,GASREGCOVW,US,gasoline,conventional,weekly-mon,2.975
2024-11-11,GASREGCOVW,US,gasoline,conventional,weekly-mon,2.962
2024-11-18,GASREGCOVW,US,gasoline,conventional,weekly-mon,2.95
2024-11-25,GASREGCOVW,US,gasoline,conventional,weekly-mon,2.946
2024-12-02,GASREGCOVW,US,gasoline,conventional,weekly-mon,2.936
2024-12-09,GASREGCOVW,US,gasoline,conventional,weekly-mon,2.912
2024-12-16,GASREGCOVW,US,gasoline,conventional,weekly-mon,2.933
2024-12-23,GASREGCOVW,US,gasoline,conventional,weekly-mon,2.935
2024-12-30,GASREGCOVW,US,gasoline,conventional,weekly-mon,2.914
2025-01-06,GASREGCOVW,US,gasoline,conventional,weekly-mon,2.958
2025-01-13,GASREGCOVW,US,gasoline,conventional,weekly-mon,2.95
2025-01-20,GASREGCOVW,US,gasoline,conventional,weekly-mon,3.011
2025-01-27,GASREGCOVW,US,gasoline,conventional,weekly-mon,3.006
2025-02-03,GASREGCOVW,US,gasoline,conventional,weekly-mon,2.972
2025-02-10,GASREGCOVW,US,gasoline,conventional,weekly-mon,3.022
2025-02-17,GASREGCOVW,US,gasoline,conventional,weekly-mon,3.021
2025-02-24,GASREGCOVW,US,gasoline,conventional,weekly-mon,2.997
2025-03-03,GASREGCOVW,US,gasoline,conventional,weekly-mon,2.951
2025-03-10,GASREGCOVW,US,gasoline,conventional,weekly-mon,2.947
2025-03-17,GASREGCOVW,US,gasoline,conventional,weekly-mon,2.943
2025-03-24,GASREGCOVW,US,gasoline,conventional,weekly-mon,2.999
2025-03-31,GASREGCOVW,US,gasoline,conventional,weekly-mon,3.04
2025-04-07,GASREGCOVW,US,gasoline,conventional,weekly-mon,3.118
2025-04-14,GASREGCOVW,US,gasoline,conventional,weekly-mon,3.043
2025-04-21,GASREGCOVW,US,gasoline,conventional,weekly-mon,3.02
2025-04-28,GASREGCOVW,US,gasoline,conventional,weekly-mon,3.013
2025-05-05,GASREGCOVW,US,gasoline,conventional,weekly-mon,3.031
2025-05-12,GASREGCOVW,US,gasoline,conventional,weekly-mon,2.986
2025-05-19,GASREGCOVW,US,gasoline,conventional,weekly-mon,3.041
2025-05-26,GASREGCOVW,US,gasoline,conventional,weekly-mon,3.03
2025-06-02,GASREGCOVW,US,gasoline,conventional,weekly-mon,3.008
2025-06-09,GASREGCOVW,US,gasoline,conventional,weekly-mon,2.99
2025-06-16,GASREGCOVW,US,gasoline,conventional,weekly-mon,3.023
2025-06-23,GASREGCOVW,US,gasoline,conventional,weekly-mon,3.102
2025-06-30,GASREGCOVW,US,gasoline,conventional,weekly-mon,3.047
2025-07-07,GASREGCOVW,US,gasoline,conventional,weekly-mon,3.013
2025-07-14,GASREGCOVW,US,gasoline,conventional,weekly-mon,3.018
2025-07-21,GASREGCOVW,US,gasoline,conventional,weekly-mon,3.018
2025-07-28,GASREGCOVW,US,gasoline,conventional,weekly-mon,3.023
2025-08-04,GASREGCOVW,US,gasoline,conventional,weekly-mon,3.036
2025-08-11,GASREGCOVW,US,gasoline,conventional,weekly-mon,3.016
2025-08-18,GASREGCOVW,US,gasoline,conventional,weekly-mon,3.018
2025-08-25,GASREGCOVW,US,gasoline,conventional,weekly-mon,3.038
2025-09-01,GASREGCOVW,US,gasoline,conventional,weekly-mon,3.058
2025-09-08,GASREGCOVW,US,gasoline,conventional,weekly-mon,3.069
2025-09-15,GASREGCOVW,US,gasoline,conventional,weekly-mon,3.036
2025-09-22,GASREGCOVW,US,gasoline,conventional,weekly-mon,3.05
2025-09-29,GASREGCOVW,US,gasoline,conventional,weekly-mon,2.994
2025-10-06,GASREGCOVW,US,gasoline,conventional,weekly-mon,3.0
2025-10-13,GASREGCOVW,US,gasoline,conventional,weekly-mon,2.932
2025-10-20,GASREGCOVW,US,gasoline,conventional,weekly-mon,2.898
2025-10-27,GASREGCOVW,US,gasoline,conventional,weekly-mon,2.92
2025-11-03,GASREGCOVW,US,gasoline,conventional,weekly-mon,2.898
2025-11-10,GASREGCOVW,US,gasoline,conventional,weekly-mon,2.927
2025-11-17,GASREGCOVW,US,gasoline,conventional,weekly-mon,2.939
2025-11-24,GASREGCOVW,US,gasoline,conventional,weekly-mon,2.936
2025-12-01,GASREGCOVW,US,gasoline,conventional,weekly-mon,2.854
2025-12-08,GASREGCOVW,US,gasoline,conventional,weekly-mon,2.819
2025-12-15,GASREGCOVW,US,gasoline,conventional,weekly-mon,2.773
2025-12-22,GASREGCOVW,US,gasoline,conventional,weekly-mon,2.72
2025-12-29,GASREGCOVW,US,gasoline,conventional,weekly-mon,2.69
2026-01-05,GASREGCOVW,US,gasoline,conventional,weekly-mon,2.681
2026-01-12,GASREGCOVW,US,gasoline,conventional,weekly-mon,2.665
2026-01-19,GASREGCOVW,US,gasoline,conventional,weekly-mon,2.7
2026-01-26,GASREGCOVW,US,gasoline,conventional,weekly-mon,2.747
2026-02-02,GASREGCOVW,US,gasoline,conventional,weekly-mon,2.747
2026-02-09,GASREGCOVW,US,gasoline,conventional,weekly-mon,2.77
2026-02-16,GASREGCOVW,US,gasoline,conventional,weekly-mon,2.79
2026-02-23,GASREGCOVW,US,gasoline,conventional,weekly-mon,2.796
2026-03-02,GASREGCOVW,US,gasoline,conventional,weekly-mon,2.884
2026-03-09,GASREGCOVW,US,gasoline,conventional,weekly-mon,3.364
2026-03-16,GASREGCOVW,US,gasoline,conventional,weekly-mon,3.566
2026-03-23,GASREGCOVW,US,gasoline,conventional,weekly-mon,3.788
2026-03-30,GASREGCOVW,US,gasoline,conventional,weekly-mon,3.814
2026-04-06,GASREGCOVW,US,gasoline,conventional,weekly-mon,3.947
2026-04-13,GASREGCOVW,US,gasoline,conventional,weekly-mon,3.962
2026-04-20,GASREGCOVW,US,gasoline,conventional,weekly-mon,3.885
2026-04-27,GASREGCOVW,US,gasoline,conventional,weekly-mon,3.948
2026-05-04,GASREGCOVW,US,gasoline,conventional,weekly-mon,4.305
2026-05-11,GASREGCOVW,US,gasoline,conventional,weekly-mon,4.353
2026-05-18,GASREGCOVW,US,gasoline,conventional,weekly-mon,4.334
2026-05-25,GASREGCOVW,US,gasoline,conventional,weekly-mon,4.327
2026-06-01,GASREGCOVW,US,gasoline,conventional,weekly-mon,4.138
2026-06-08,GASREGCOVW,US,gasoline,conventional,weekly-mon,3.986
2026-06-15,GASREGCOVW,US,gasoline,conventional,weekly-mon,3.908
2026-06-22,GASREGCOVW,US,gasoline,conventional,weekly-mon,3.771
2026-06-29,GASREGCOVW,US,gasoline,conventional,weekly-mon,3.7
2026-07-06,GASREGCOVW,US,gasoline,conventional,weekly-mon,3.645
2026-07-13,GASREGCOVW,US,gasoline,conventional,weekly-mon,3.728
2026-07-20,GASREGCOVW,US,gasoline,conventional,weekly-mon,3.863
2026-07-27,GASREGCOVW,US,gasoline,conventional,weekly-mon,3.952
2026-08-03,GASREGCOVW,US,gasoline,conventional,weekly-mon,3.935
2010-01-04,GASREGECW,PADD 1,gasoline,all formulations,weekly-mon,2.653
2010-01-11,GASREGECW,PADD 1,gasoline,all formulations,weekly-mon,2.745
2010-01-18,GASREGECW,PADD 1,gasoline,all formulations,weekly-mon,2.751
2010-01-25,GASREGECW,PADD 1,gasoline,all formulations,weekly-mon,2.723
2010-02-01,GASREGECW,PADD 1,gasoline,all formulations,weekly-mon,2.685
2010-02-08,GASREGECW,PADD 1,gasoline,all formulations,weekly-mon,2.666
2010-02-15,GASREGECW,PADD 1,gasoline,all formulations,weekly-mon,2.634
2010-02-22,GASREGECW,PADD 1,gasoline,all formulations,weekly-mon,2.655
2010-03-01,GASREGECW,PADD 1,gasoline,all formulations,weekly-mon,2.697
2010-03-08,GASREGECW,PADD 1,gasoline,all formulations,weekly-mon,2.74
2010-03-15,GASREGECW,PADD 1,gasoline,all formulations,weekly-mon,2.777
2010-03-22,GASREGECW,PADD 1,gasoline,all formulations,weekly-mon,2.787
2010-03-29,GASREGECW,PADD 1,gasoline,all formulations,weekly-mon,2.773
2010-04-05,GASREGECW,PADD 1,gasoline,all formulations,weekly-mon,2.79
2010-04-12,GASREGECW,PADD 1,gasoline,all formulations,weekly-mon,2.826
2010-04-19,GASREGECW,PADD 1,gasoline,all formulations,weekly-mon,2.824
2010-04-26,GASREGECW,PADD 1,gasoline,all formulations,weekly-mon,2.834
2010-05-03,GASREGECW,PADD 1,gasoline,all formulations,weekly-mon,2.878
2010-05-10,GASREGECW,PADD 1,gasoline,all formulations,weekly-mon,2.895
2010-05-17,GASREGECW,PADD 1,gasoline,all formulations,weekly-mon,2.86
2010-05-24,GASREGECW,PADD 1,gasoline,all formulations,weekly-mon,2.792
2010-05-31,GASREGECW,PADD 1,gasoline,all formulations,weekly-mon,2.724
2010-06-07,GASREGECW,PADD 1,gasoline,all formulations,weekly-mon,2.687
2010-06-14,GASREGECW,PADD 1,gasoline,all formulations,weekly-mon,2.659
2010-06-21,GASREGECW,PADD 1,gasoline,all formulations,weekly-mon,2.688
2010-06-28,GASREGECW,PADD 1,gasoline,all formulations,weekly-mon,2.7
2010-07-05,GASREGECW,PADD 1,gasoline,all formulations,weekly-mon,2.674
2010-07-12,GASREGECW,PADD 1,gasoline,all formulations,weekly-mon,2.658
2010-07-19,GASREGECW,PADD 1,gasoline,all formulations,weekly-mon,2.648
2010-07-26,GASREGECW,PADD 1,gasoline,all formulations,weekly-mon,2.668
2010-08-02,GASREGECW,PADD 1,gasoline,all formulations,weekly-mon,2.673
2010-08-09,GASREGECW,PADD 1,gasoline,all formulations,weekly-mon,2.711
2010-08-16,GASREGECW,PADD 1,gasoline,all formulations,weekly-mon,2.681
2010-08-23,GASREGECW,PADD 1,gasoline,all formulations,weekly-mon,2.644
2010-08-30,GASREGECW,PADD 1,gasoline,all formulations,weekly-mon,2.607
2010-09-06,GASREGECW,PADD 1,gasoline,all formulations,weekly-mon,2.598
2010-09-13,GASREGECW,PADD 1,gasoline,all formulations,weekly-mon,2.617
2010-09-20,GASREGECW,PADD 1,gasoline,all formulations,weekly-mon,2.64
2010-09-27,GASREGECW,PADD 1,gasoline,all formulations,weekly-mon,2.631
2010-10-04,GASREGECW,PADD 1,gasoline,all formulations,weekly-mon,2.673
2010-10-11,GASREGECW,PADD 1,gasoline,all formulations,weekly-mon,2.772
2010-10-18,GASREGECW,PADD 1,gasoline,all formulations,weekly-mon,2.811
2010-10-25,GASREGECW,PADD 1,gasoline,all formulations,weekly-mon,2.805
2010-11-01,GASREGECW,PADD 1,gasoline,all formulations,weekly-mon,2.792
2010-11-08,GASREGECW,PADD 1,gasoline,all formulations,weekly-mon,2.824
2010-11-15,GASREGECW,PADD 1,gasoline,all formulations,weekly-mon,2.881
2010-11-22,GASREGECW,PADD 1,gasoline,all formulations,weekly-mon,2.898
2010-11-29,GASREGECW,PADD 1,gasoline,all formulations,weekly-mon,2.893
2010-12-06,GASREGECW,PADD 1,gasoline,all formulations,weekly-mon,2.981
2010-12-13,GASREGECW,PADD 1,gasoline,all formulations,weekly-mon,3.009
2010-12-20,GASREGECW,PADD 1,gasoline,all formulations,weekly-mon,3.01
2010-12-27,GASREGECW,PADD 1,gasoline,all formulations,weekly-mon,3.066
2011-01-03,GASREGECW,PADD 1,gasoline,all formulations,weekly-mon,3.082
2011-01-10,GASREGECW,PADD 1,gasoline,all formulations,weekly-mon,3.099
2011-01-17,GASREGECW,PADD 1,gasoline,all formulations,weekly-mon,3.114
2011-01-24,GASREGECW,PADD 1,gasoline,all formulations,weekly-mon,3.124
2011-01-31,GASREGECW,PADD 1,gasoline,all formulations,weekly-mon,3.108
2011-02-07,GASREGECW,PADD 1,gasoline,all formulations,weekly-mon,3.126
2011-02-14,GASREGECW,PADD 1,gasoline,all formulations,weekly-mon,3.14
2011-02-21,GASREGECW,PADD 1,gasoline,all formulations,weekly-mon,3.174
2011-02-28,GASREGECW,PADD 1,gasoline,all formulations,weekly-mon,3.358
2011-03-07,GASREGECW,PADD 1,gasoline,all formulations,weekly-mon,3.502
2011-03-14,GASREGECW,PADD 1,gasoline,all formulations,weekly-mon,3.549
2011-03-21,GASREGECW,PADD 1,gasoline,all formulations,weekly-mon,3.539
2011-03-28,GASREGECW,PADD 1,gasoline,all formulations,weekly-mon,3.556
2011-04-04,GASREGECW,PADD 1,gasoline,all formulations,weekly-mon,3.635
2011-04-11,GASREGECW,PADD 1,gasoline,all formulations,weekly-mon,3.737
2011-04-18,GASREGECW,PADD 1,gasoline,all formulations,weekly-mon,3.801
2011-04-25,GASREGECW,PADD 1,gasoline,all formulations,weekly-mon,3.845
2011-05-02,GASREGECW,PADD 1,gasoline,all formulations,weekly-mon,3.928
2011-05-09,GASREGECW,PADD 1,gasoline,all formulations,weekly-mon,3.95
2011-05-16,GASREGECW,PADD 1,gasoline,all formulations,weekly-mon,3.952
2011-05-23,GASREGECW,PADD 1,gasoline,all formulations,weekly-mon,3.859
2011-05-30,GASREGECW,PADD 1,gasoline,all formulations,weekly-mon,3.781
2011-06-06,GASREGECW,PADD 1,gasoline,all formulations,weekly-mon,3.736
2011-06-13,GASREGECW,PADD 1,gasoline,all formulations,weekly-mon,3.693
2011-06-20,GASREGECW,PADD 1,gasoline,all formulations,weekly-mon,3.655
2011-06-27,GASREGECW,PADD 1,gasoline,all formulations,weekly-mon,3.598
2011-07-04,GASREGECW,PADD 1,gasoline,all formulations,weekly-mon,3.567
2011-07-11,GASREGECW,PADD 1,gasoline,all formulations,weekly-mon,3.647
2011-07-18,GASREGECW,PADD 1,gasoline,all formulations,weekly-mon,3.706
2011-07-25,GASREGECW,PADD 1,gasoline,all formulations,weekly-mon,3.735
2011-08-01,GASREGECW,PADD 1,gasoline,all formulations,weekly-mon,3.748
2011-08-08,GASREGECW,PADD 1,gasoline,all formulations,weekly-mon,3.71
2011-08-15,GASREGECW,PADD 1,gasoline,all formulations,weekly-mon,3.638
2011-08-22,GASREGECW,PADD 1,gasoline,all formulations,weekly-mon,3.597
2011-08-29,GASREGECW,PADD 1,gasoline,all formulations,weekly-mon,3.605
2011-09-05,GASREGECW,PADD 1,gasoline,all formulations,weekly-mon,3.639
2011-09-12,GASREGECW,PADD 1,gasoline,all formulations,weekly-mon,3.632
2011-09-19,GASREGECW,PADD 1,gasoline,all formulations,weekly-mon,3.586
2011-09-26,GASREGECW,PADD 1,gasoline,all formulations,weekly-mon,3.507
2011-10-03,GASREGECW,PADD 1,gasoline,all formulations,weekly-mon,3.44
2011-10-10,GASREGECW,PADD 1,gasoline,all formulations,weekly-mon,3.403
2011-10-17,GASREGECW,PADD 1,gasoline,all formulations,weekly-mon,3.452
2011-10-24,GASREGECW,PADD 1,gasoline,all formulations,weekly-mon,3.459
2011-10-31,GASREGECW,PADD 1,gasoline,all formulations,weekly-mon,3.438
2011-11-07,GASREGECW,PADD 1,gasoline,all formulations,weekly-mon,3.414
2011-11-14,GASREGECW,PADD 1,gasoline,all formulations,weekly-mon,3.424
2011-11-21,GASREGECW,PADD 1,gasoline,all formulations,weekly-mon,3.378
2011-11-28,GASREGECW,PADD 1,gasoline,all formulations,weekly-mon,3.328
2011-12-05,GASREGECW,PADD 1,gasoline,all formulations,weekly-mon,3.301
2011-12-12,GASREGECW,PADD 1,gasoline,all formulations,weekly-mon,3.303
2011-12-19,GASREGECW,PADD 1,gasoline,all formulations,weekly-mon,3.268
2011-12-26,GASREGECW,PADD 1,gasoline,all formulations,weekly-mon,3.269
2012-01-02,GASREGECW,PADD 1,gasoline,all formulations,weekly-mon,3.32
2012-01-09,GASREGECW,PADD 1,gasoline,all formulations,weekly-mon,3.414
2012-01-16,GASREGECW,PADD 1,gasoline,all formulations,weekly-mon,3.431
2012-01-23,GASREGECW,PADD 1,gasoline,all formulations,weekly-mon,3.456
2012-01-30,GASREGECW,PADD 1,gasoline,all formulations,weekly-mon,3.522
2012-02-06,GASREGECW,PADD 1,gasoline,all formulations,weekly-mon,3.553
2012-02-13,GASREGECW,PADD 1,gasoline,all formulations,weekly-mon,3.612
2012-02-20,GASREGECW,PADD 1,gasoline,all formulations,weekly-mon,3.654
2012-02-27,GASREGECW,PADD 1,gasoline,all formulations,weekly-mon,3.735
2012-03-05,GASREGECW,PADD 1,gasoline,all formulations,weekly-mon,3.768
2012-03-12,GASREGECW,PADD 1,gasoline,all formulations,weekly-mon,3.772
2012-03-19,GASREGECW,PADD 1,gasoline,all formulations,weekly-mon,3.811
2012-03-26,GASREGECW,PADD 1,gasoline,all formulations,weekly-mon,3.87
2012-04-02,GASREGECW,PADD 1,gasoline,all formulations,weekly-mon,3.911
2012-04-09,GASREGECW,PADD 1,gasoline,all formulations,weekly-mon,3.949
2012-04-16,GASREGECW,PADD 1,gasoline,all formulations,weekly-mon,3.928
2012-04-23,GASREGECW,PADD 1,gasoline,all formulations,weekly-mon,3.885
2012-04-30,GASREGECW,PADD 1,gasoline,all formulations,weekly-mon,3.829
2012-05-07,GASREGECW,PADD 1,gasoline,all formulations,weekly-mon,3.762
2012-05-14,GASREGECW,PADD 1,gasoline,all formulations,weekly-mon,3.698
2012-05-21,GASREGECW,PADD 1,gasoline,all formulations,weekly-mon,3.634
2012-05-28,GASREGECW,PADD 1,gasoline,all formulations,weekly-mon,3.572
2012-06-04,GASREGECW,PADD 1,gasoline,all formulations,weekly-mon,3.515
2012-06-11,GASREGECW,PADD 1,gasoline,all formulations,weekly-mon,3.45
2012-06-18,GASREGECW,PADD 1,gasoline,all formulations,weekly-mon,3.402
2012-06-25,GASREGECW,PADD 1,gasoline,all formulations,weekly-mon,3.344
2012-07-02,GASREGECW,PADD 1,gasoline,all formulations,weekly-mon,3.293
2012-07-09,GASREGECW,PADD 1,gasoline,all formulations,weekly-mon,3.354
2012-07-16,GASREGECW,PADD 1,gasoline,all formulations,weekly-mon,3.407
2012-07-23,GASREGECW,PADD 1,gasoline,all formulations,weekly-mon,3.488
2012-07-30,GASREGECW,PADD 1,gasoline,all formulations,weekly-mon,3.497
2012-08-06,GASREGECW,PADD 1,gasoline,all formulations,weekly-mon,3.597
2012-08-13,GASREGECW,PADD 1,gasoline,all formulations,weekly-mon,3.677
2012-08-20,GASREGECW,PADD 1,gasoline,all formulations,weekly-mon,3.711
2012-08-27,GASREGECW,PADD 1,gasoline,all formulations,weekly-mon,3.75
2012-09-03,GASREGECW,PADD 1,gasoline,all formulations,weekly-mon,3.811
2012-09-10,GASREGECW,PADD 1,gasoline,all formulations,weekly-mon,3.827
2012-09-17,GASREGECW,PADD 1,gasoline,all formulations,weekly-mon,3.879
2012-09-24,GASREGECW,PADD 1,gasoline,all formulations,weekly-mon,3.828
2012-10-01,GASREGECW,PADD 1,gasoline,all formulations,weekly-mon,3.801
2012-10-08,GASREGECW,PADD 1,gasoline,all formulations,weekly-mon,3.798
2012-10-15,GASREGECW,PADD 1,gasoline,all formulations,weekly-mon,3.792
2012-10-22,GASREGECW,PADD 1,gasoline,all formulations,weekly-mon,3.7
2012-10-29,GASREGECW,PADD 1,gasoline,all formulations,weekly-mon,3.589
2012-11-05,GASREGECW,PADD 1,gasoline,all formulations,weekly-mon,3.533
2012-11-12,GASREGECW,PADD 1,gasoline,all formulations,weekly-mon,3.491
2012-11-19,GASREGECW,PADD 1,gasoline,all formulations,weekly-mon,3.479
2012-11-26,GASREGECW,PADD 1,gasoline,all formulations,weekly-mon,3.485
2012-12-03,GASREGECW,PADD 1,gasoline,all formulations,weekly-mon,3.457
2012-12-10,GASREGECW,PADD 1,gasoline,all formulations,weekly-mon,3.417
2012-12-17,GASREGECW,PADD 1,gasoline,all formulations,weekly-mon,3.35
2012-12-24,GASREGECW,PADD 1,gasoline,all formulations,weekly-mon,3.355
2012-12-31,GASREGECW,PADD 1,gasoline,all formulations,weekly-mon,3.403
2013-01-07,GASREGECW,PADD 1,gasoline,all formulations,weekly-mon,3.44
2013-01-14,GASREGECW,PADD 1,gasoline,all formulations,weekly-mon,3.447
2013-01-21,GASREGECW,PADD 1,gasoline,all formulations,weekly-mon,3.42
2013-01-28,GASREGECW,PADD 1,gasoline,all formulations,weekly-mon,3.448
2013-02-04,GASREGECW,PADD 1,gasoline,all formulations,weekly-mon,3.591
2013-02-11,GASREGECW,PADD 1,gasoline,all formulations,weekly-mon,3.648
2013-02-18,GASREGECW,PADD 1,gasoline,all formulations,weekly-mon,3.75
2013-02-25,GASREGECW,PADD 1,gasoline,all formulations,weekly-mon,3.799
2013-03-04,GASREGECW,PADD 1,gasoline,all formulations,weekly-mon,3.762
2013-03-11,GASREGECW,PADD 1,gasoline,all formulations,weekly-mon,3.726
2013-03-18,GASREGECW,PADD 1,gasoline,all formulations,weekly-mon,3.69
2013-03-25,GASREGECW,PADD 1,gasoline,all formulations,weekly-mon,3.66
2013-04-01,GASREGECW,PADD 1,gasoline,all formulations,weekly-mon,3.63
2013-04-08,GASREGECW,PADD 1,gasoline,all formulations,weekly-mon,3.586
2013-04-15,GASREGECW,PADD 1,gasoline,all formulations,weekly-mon,3.533
2013-04-22,GASREGECW,PADD 1,gasoline,all formulations,weekly-mon,3.48
2013-04-29,GASREGECW,PADD 1,gasoline,all formulations,weekly-mon,3.458
2013-05-06,GASREGECW,PADD 1,gasoline,all formulations,weekly-mon,3.452
2013-05-13,GASREGECW,PADD 1,gasoline,all formulations,weekly-mon,3.484
2013-05-20,GASREGECW,PADD 1,gasoline,all formulations,weekly-mon,3.489
2013-05-27,GASREGECW,PADD 1,gasoline,all formulations,weekly-mon,3.501
2013-06-03,GASREGECW,PADD 1,gasoline,all formulations,weekly-mon,3.484
2013-06-10,GASREGECW,PADD 1,gasoline,all formulations,weekly-mon,3.491
2013-06-17,GASREGECW,PADD 1,gasoline,all formulations,weekly-mon,3.504
2013-06-24,GASREGECW,PADD 1,gasoline,all formulations,weekly-mon,3.503
2013-07-01,GASREGECW,PADD 1,gasoline,all formulations,weekly-mon,3.463
2013-07-08,GASREGECW,PADD 1,gasoline,all formulations,weekly-mon,3.456
2013-07-15,GASREGECW,PADD 1,gasoline,all formulations,weekly-mon,3.59
2013-07-22,GASREGECW,PADD 1,gasoline,all formulations,weekly-mon,3.655
2013-07-29,GASREGECW,PADD 1,gasoline,all formulations,weekly-mon,3.648
2013-08-05,GASREGECW,PADD 1,gasoline,all formulations,weekly-mon,3.628
2013-08-12,GASREGECW,PADD 1,gasoline,all formulations,weekly-mon,3.569
2013-08-19,GASREGECW,PADD 1,gasoline,all formulations,weekly-mon,3.554
2013-08-26,GASREGECW,PADD 1,gasoline,all formulations,weekly-mon,3.553
2013-09-02,GASREGECW,PADD 1,gasoline,all formulations,weekly-mon,3.606
2013-09-09,GASREGECW,PADD 1,gasoline,all formulations,weekly-mon,3.587
2013-09-16,GASREGECW,PADD 1,gasoline,all formulations,weekly-mon,3.531
2013-09-23,GASREGECW,PADD 1,gasoline,all formulations,weekly-mon,3.457
2013-09-30,GASREGECW,PADD 1,gasoline,all formulations,weekly-mon,3.409
2013-10-07,GASREGECW,PADD 1,gasoline,all formulations,weekly-mon,3.363
2013-10-14,GASREGECW,PADD 1,gasoline,all formulations,weekly-mon,3.348
2013-10-21,GASREGECW,PADD 1,gasoline,all formulations,weekly-mon,3.353
2013-10-28,GASREGECW,PADD 1,gasoline,all formulations,weekly-mon,3.318
2013-11-04,GASREGECW,PADD 1,gasoline,all formulations,weekly-mon,3.289
2013-11-11,GASREGECW,PADD 1,gasoline,all formulations,weekly-mon,3.243
2013-11-18,GASREGECW,PADD 1,gasoline,all formulations,weekly-mon,3.282
2013-11-25,GASREGECW,PADD 1,gasoline,all formulations,weekly-mon,3.386
2013-12-02,GASREGECW,PADD 1,gasoline,all formulations,weekly-mon,3.389
2013-12-09,GASREGECW,PADD 1,gasoline,all formulations,weekly-mon,3.382
2013-12-16,GASREGECW,PADD 1,gasoline,all formulations,weekly-mon,3.373
2013-12-23,GASREGECW,PADD 1,gasoline,all formulations,weekly-mon,3.38
2013-12-30,GASREGECW,PADD 1,gasoline,all formulations,weekly-mon,3.413
2014-01-06,GASREGECW,PADD 1,gasoline,all formulations,weekly-mon,3.438
2014-01-13,GASREGECW,PADD 1,gasoline,all formulations,weekly-mon,3.41
2014-01-20,GASREGECW,PADD 1,gasoline,all formulations,weekly-mon,3.388
2014-01-27,GASREGECW,PADD 1,gasoline,all formulations,weekly-mon,3.376
2014-02-03,GASREGECW,PADD 1,gasoline,all formulations,weekly-mon,3.357
2014-02-10,GASREGECW,PADD 1,gasoline,all formulations,weekly-mon,3.348
2014-02-17,GASREGECW,PADD 1,gasoline,all formulations,weekly-mon,3.41
2014-02-24,GASREGECW,PADD 1,gasoline,all formulations,weekly-mon,3.464
2014-03-03,GASREGECW,PADD 1,gasoline,all formulations,weekly-mon,3.473
2014-03-10,GASREGECW,PADD 1,gasoline,all formulations,weekly-mon,3.493
2014-03-17,GASREGECW,PADD 1,gasoline,all formulations,weekly-mon,3.521
2014-03-24,GASREGECW,PADD 1,gasoline,all formulations,weekly-mon,3.527
2014-03-31,GASREGECW,PADD 1,gasoline,all formulations,weekly-mon,3.555
2014-04-07,GASREGECW,PADD 1,gasoline,all formulations,weekly-mon,3.578
2014-04-14,GASREGECW,PADD 1,gasoline,all formulations,weekly-mon,3.609
2014-04-21,GASREGECW,PADD 1,gasoline,all formulations,weekly-mon,3.662
2014-04-28,GASREGECW,PADD 1,gasoline,all formulations,weekly-mon,3.706
2014-05-05,GASREGECW,PADD 1,gasoline,all formulations,weekly-mon,3.699
2014-05-12,GASREGECW,PADD 1,gasoline,all formulations,weekly-mon,3.677
2014-05-19,GASREGECW,PADD 1,gasoline,all formulations,weekly-mon,3.659
2014-05-26,GASREGECW,PADD 1,gasoline,all formulations,weekly-mon,3.657
2014-06-02,GASREGECW,PADD 1,gasoline,all formulations,weekly-mon,3.646
2014-06-09,GASREGECW,PADD 1,gasoline,all formulations,weekly-mon,3.633
2014-06-16,GASREGECW,PADD 1,gasoline,all formulations,weekly-mon,3.64
2014-06-23,GASREGECW,PADD 1,gasoline,all formulations,weekly-mon,3.667
2014-06-30,GASREGECW,PADD 1,gasoline,all formulations,weekly-mon,3.678
2014-07-07,GASREGECW,PADD 1,gasoline,all formulations,weekly-mon,3.66
2014-07-14,GASREGECW,PADD 1,gasoline,all formulations,weekly-mon,3.629
2014-07-21,GASREGECW,PADD 1,gasoline,all formulations,weekly-mon,3.587
2014-07-28,GASREGECW,PADD 1,gasoline,all formulations,weekly-mon,3.542
2014-08-04,GASREGECW,PADD 1,gasoline,all formulations,weekly-mon,3.504
2014-08-11,GASREGECW,PADD 1,gasoline,all formulations,weekly-mon,3.466
2014-08-18,GASREGECW,PADD 1,gasoline,all formulations,weekly-mon,3.433
2014-08-25,GASREGECW,PADD 1,gasoline,all formulations,weekly-mon,3.402
2014-09-01,GASREGECW,PADD 1,gasoline,all formulations,weekly-mon,3.409
2014-09-08,GASREGECW,PADD 1,gasoline,all formulations,weekly-mon,3.407
2014-09-15,GASREGECW,PADD 1,gasoline,all formulations,weekly-mon,3.378
2014-09-22,GASREGECW,PADD 1,gasoline,all formulations,weekly-mon,3.344
2014-09-29,GASREGECW,PADD 1,gasoline,all formulations,weekly-mon,3.338
2014-10-06,GASREGECW,PADD 1,gasoline,all formulations,weekly-mon,3.313
2014-10-13,GASREGECW,PADD 1,gasoline,all formulations,weekly-mon,3.234
2014-10-20,GASREGECW,PADD 1,gasoline,all formulations,weekly-mon,3.134
2014-10-27,GASREGECW,PADD 1,gasoline,all formulations,weekly-mon,3.049
2014-11-03,GASREGECW,PADD 1,gasoline,all formulations,weekly-mon,2.991
2014-11-10,GASREGECW,PADD 1,gasoline,all formulations,weekly-mon,2.947
2014-11-17,GASREGECW,PADD 1,gasoline,all formulations,weekly-mon,2.908
2014-11-24,GASREGECW,PADD 1,gasoline,all formulations,weekly-mon,2.854
2014-12-01,GASREGECW,PADD 1,gasoline,all formulations,weekly-mon,2.82
2014-12-08,GASREGECW,PADD 1,gasoline,all formulations,weekly-mon,2.738
2014-12-15,GASREGECW,PADD 1,gasoline,all formulations,weekly-mon,2.638
2014-12-22,GASREGECW,PADD 1,gasoline,all formulations,weekly-mon,2.524
2014-12-29,GASREGECW,PADD 1,gasoline,all formulations,weekly-mon,2.439
2015-01-05,GASREGECW,PADD 1,gasoline,all formulations,weekly-mon,2.357
2015-01-12,GASREGECW,PADD 1,gasoline,all formulations,weekly-mon,2.253
2015-01-19,GASREGECW,PADD 1,gasoline,all formulations,weekly-mon,2.158
2015-01-26,GASREGECW,PADD 1,gasoline,all formulations,weekly-mon,2.104
2015-02-02,GASREGECW,PADD 1,gasoline,all formulations,weekly-mon,2.088
2015-02-09,GASREGECW,PADD 1,gasoline,all formulations,weekly-mon,2.192
2015-02-16,GASREGECW,PADD 1,gasoline,all formulations,weekly-mon,2.253
2015-02-23,GASREGECW,PADD 1,gasoline,all formulations,weekly-mon,2.303
2015-03-02,GASREGECW,PADD 1,gasoline,all formulations,weekly-mon,2.386
2015-03-09,GASREGECW,PADD 1,gasoline,all formulations,weekly-mon,2.421
2015-03-16,GASREGECW,PADD 1,gasoline,all formulations,weekly-mon,2.401
2015-03-23,GASREGECW,PADD 1,gasoline,all formulations,weekly-mon,2.361
2015-03-30,GASREGECW,PADD 1,gasoline,all formulations,weekly-mon,2.371
2015-04-06,GASREGECW,PADD 1,gasoline,all formulations,weekly-mon,2.352
2015-04-13,GASREGECW,PADD 1,gasoline,all formulations,weekly-mon,2.355
2015-04-20,GASREGECW,PADD 1,gasoline,all formulations,weekly-mon,2.443
2015-04-27,GASREGECW,PADD 1,gasoline,all formulations,weekly-mon,2.517
2015-05-04,GASREGECW,PADD 1,gasoline,all formulations,weekly-mon,2.578
2015-05-11,GASREGECW,PADD 1,gasoline,all formulations,weekly-mon,2.608
2015-05-18,GASREGECW,PADD 1,gasoline,all formulations,weekly-mon,2.629
2015-05-25,GASREGECW,PADD 1,gasoline,all formulations,weekly-mon,2.666
2015-06-01,GASREGECW,PADD 1,gasoline,all formulations,weekly-mon,2.671
2015-06-08,GASREGECW,PADD 1,gasoline,all formulations,weekly-mon,2.691
2015-06-15,GASREGECW,PADD 1,gasoline,all formulations,weekly-mon,2.742
2015-06-22,GASREGECW,PADD 1,gasoline,all formulations,weekly-mon,2.729
2015-06-29,GASREGECW,PADD 1,gasoline,all formulations,weekly-mon,2.727
2015-07-06,GASREGECW,PADD 1,gasoline,all formulations,weekly-mon,2.718
2015-07-13,GASREGECW,PADD 1,gasoline,all formulations,weekly-mon,2.705
2015-07-20,GASREGECW,PADD 1,gasoline,all formulations,weekly-mon,2.666
2015-07-27,GASREGECW,PADD 1,gasoline,all formulations,weekly-mon,2.625
2015-08-03,GASREGECW,PADD 1,gasoline,all formulations,weekly-mon,2.576
2015-08-10,GASREGECW,PADD 1,gasoline,all formulations,weekly-mon,2.524
2015-08-17,GASREGECW,PADD 1,gasoline,all formulations,weekly-mon,2.492
2015-08-24,GASREGECW,PADD 1,gasoline,all formulations,weekly-mon,2.432
2015-08-31,GASREGECW,PADD 1,gasoline,all formulations,weekly-mon,2.344
2015-09-07,GASREGECW,PADD 1,gasoline,all formulations,weekly-mon,2.308
2015-09-14,GASREGECW,PADD 1,gasoline,all formulations,weekly-mon,2.256
2015-09-21,GASREGECW,PADD 1,gasoline,all formulations,weekly-mon,2.202
2015-09-28,GASREGECW,PADD 1,gasoline,all formulations,weekly-mon,2.185
2015-10-05,GASREGECW,PADD 1,gasoline,all formulations,weekly-mon,2.172
2015-10-12,GASREGECW,PADD 1,gasoline,all formulations,weekly-mon,2.194
2015-10-19,GASREGECW,PADD 1,gasoline,all formulations,weekly-mon,2.165
2015-10-26,GASREGECW,PADD 1,gasoline,all formulations,weekly-mon,2.128
2015-11-02,GASREGECW,PADD 1,gasoline,all formulations,weekly-mon,2.114
2015-11-09,GASREGECW,PADD 1,gasoline,all formulations,weekly-mon,2.164
2015-11-16,GASREGECW,PADD 1,gasoline,all formulations,weekly-mon,2.155
2015-11-23,GASREGECW,PADD 1,gasoline,all formulations,weekly-mon,2.107
2015-11-30,GASREGECW,PADD 1,gasoline,all formulations,weekly-mon,2.087
2015-12-07,GASREGECW,PADD 1,gasoline,all formulations,weekly-mon,2.074
2015-12-14,GASREGECW,PADD 1,gasoline,all formulations,weekly-mon,2.043
2015-12-21,GASREGECW,PADD 1,gasoline,all formulations,weekly-mon,2.035
2015-12-28,GASREGECW,PADD 1,gasoline,all formulations,weekly-mon,2.015
2016-01-04,GASREGECW,PADD 1,gasoline,all formulations,weekly-mon,1.999
2016-01-11,GASREGECW,PADD 1,gasoline,all formulations,weekly-mon,1.97
2016-01-18,GASREGECW,PADD 1,gasoline,all formulations,weekly-mon,1.905
2016-01-25,GASREGECW,PADD 1,gasoline,all formulations,weekly-mon,1.866
2016-02-01,GASREGECW,PADD 1,gasoline,all formulations,weekly-mon,1.836
2016-02-08,GASREGECW,PADD 1,gasoline,all formulations,weekly-mon,1.794
2016-02-15,GASREGECW,PADD 1,gasoline,all formulations,weekly-mon,1.755
2016-02-22,GASREGECW,PADD 1,gasoline,all formulations,weekly-mon,1.734
2016-02-29,GASREGECW,PADD 1,gasoline,all formulations,weekly-mon,1.738
2016-03-07,GASREGECW,PADD 1,gasoline,all formulations,weekly-mon,1.779
2016-03-14,GASREGECW,PADD 1,gasoline,all formulations,weekly-mon,1.884
2016-03-21,GASREGECW,PADD 1,gasoline,all formulations,weekly-mon,1.938
2016-03-28,GASREGECW,PADD 1,gasoline,all formulations,weekly-mon,2.02
2016-04-04,GASREGECW,PADD 1,gasoline,all formulations,weekly-mon,2.033
2016-04-11,GASREGECW,PADD 1,gasoline,all formulations,weekly-mon,2.033
2016-04-18,GASREGECW,PADD 1,gasoline,all formulations,weekly-mon,2.097
2016-04-25,GASREGECW,PADD 1,gasoline,all formulations,weekly-mon,2.126
2016-05-02,GASREGECW,PADD 1,gasoline,all formulations,weekly-mon,2.215
2016-05-09,GASREGECW,PADD 1,gasoline,all formulations,weekly-mon,2.217
2016-05-16,GASREGECW,PADD 1,gasoline,all formulations,weekly-mon,2.216
2016-05-23,GASREGECW,PADD 1,gasoline,all formulations,weekly-mon,2.248
2016-05-30,GASREGECW,PADD 1,gasoline,all formulations,weekly-mon,2.288
2016-06-06,GASREGECW,PADD 1,gasoline,all formulations,weekly-mon,2.314
2016-06-13,GASREGECW,PADD 1,gasoline,all formulations,weekly-mon,2.308
2016-06-20,GASREGECW,PADD 1,gasoline,all formulations,weekly-mon,2.276
2016-06-27,GASREGECW,PADD 1,gasoline,all formulations,weekly-mon,2.257
2016-07-04,GASREGECW,PADD 1,gasoline,all formulations,weekly-mon,2.233
2016-07-11,GASREGECW,PADD 1,gasoline,all formulations,weekly-mon,2.198
2016-07-18,GASREGECW,PADD 1,gasoline,all formulations,weekly-mon,2.155
2016-07-25,GASREGECW,PADD 1,gasoline,all formulations,weekly-mon,2.12
2016-08-01,GASREGECW,PADD 1,gasoline,all formulations,weekly-mon,2.1
2016-08-08,GASREGECW,PADD 1,gasoline,all formulations,weekly-mon,2.066
2016-08-15,GASREGECW,PADD 1,gasoline,all formulations,weekly-mon,2.075
2016-08-22,GASREGECW,PADD 1,gasoline,all formulations,weekly-mon,2.126
2016-08-29,GASREGECW,PADD 1,gasoline,all formulations,weekly-mon,2.172
2016-09-05,GASREGECW,PADD 1,gasoline,all formulations,weekly-mon,2.173
2016-09-12,GASREGECW,PADD 1,gasoline,all formulations,weekly-mon,2.147
2016-09-19,GASREGECW,PADD 1,gasoline,all formulations,weekly-mon,2.192
2016-09-26,GASREGECW,PADD 1,gasoline,all formulations,weekly-mon,2.203
2016-10-03,GASREGECW,PADD 1,gasoline,all formulations,weekly-mon,2.206
2016-10-10,GASREGECW,PADD 1,gasoline,all formulations,weekly-mon,2.229
2016-10-17,GASREGECW,PADD 1,gasoline,all formulations,weekly-mon,2.237
2016-10-24,GASREGECW,PADD 1,gasoline,all formulations,weekly-mon,2.232
2016-10-31,GASREGECW,PADD 1,gasoline,all formulations,weekly-mon,2.219
2016-11-07,GASREGECW,PADD 1,gasoline,all formulations,weekly-mon,2.24
2016-11-14,GASREGECW,PADD 1,gasoline,all formulations,weekly-mon,2.217
2016-11-21,GASREGECW,PADD 1,gasoline,all formulations,weekly-mon,2.172
2016-11-28,GASREGECW,PADD 1,gasoline,all formulations,weekly-mon,2.164
2016-12-05,GASREGECW,PADD 1,gasoline,all formulations,weekly-mon,2.231
2016-12-12,GASREGECW,PADD 1,gasoline,all formulations,weekly-mon,2.259
2016-12-19,GASREGECW,PADD 1,gasoline,all formulations,weekly-mon,2.29
2016-12-26,GASREGECW,PADD 1,gasoline,all formulations,weekly-mon,2.313
2017-01-02,GASREGECW,PADD 1,gasoline,all formulations,weekly-mon,2.386
2017-01-09,GASREGECW,PADD 1,gasoline,all formulations,weekly-mon,2.395
2017-01-16,GASREGECW,PADD 1,gasoline,all formulations,weekly-mon,2.374
2017-01-23,GASREGECW,PADD 1,gasoline,all formulations,weekly-mon,2.348
2017-01-30,GASREGECW,PADD 1,gasoline,all formulations,weekly-mon,2.32
2017-02-06,GASREGECW,PADD 1,gasoline,all formulations,weekly-mon,2.301
2017-02-13,GASREGECW,PADD 1,gasoline,all formulations,weekly-mon,2.293
2017-02-20,GASREGECW,PADD 1,gasoline,all formulations,weekly-mon,2.294
2017-02-27,GASREGECW,PADD 1,gasoline,all formulations,weekly-mon,2.286
2017-03-06,GASREGECW,PADD 1,gasoline,all formulations,weekly-mon,2.285
2017-03-13,GASREGECW,PADD 1,gasoline,all formulations,weekly-mon,2.273
2017-03-20,GASREGECW,PADD 1,gasoline,all formulations,weekly-mon,2.266
2017-03-27,GASREGECW,PADD 1,gasoline,all formulations,weekly-mon,2.276
2017-04-03,GASREGECW,PADD 1,gasoline,all formulations,weekly-mon,2.303
2017-04-10,GASREGECW,PADD 1,gasoline,all formulations,weekly-mon,2.374
2017-04-17,GASREGECW,PADD 1,gasoline,all formulations,weekly-mon,2.397
2017-04-24,GASREGECW,PADD 1,gasoline,all formulations,weekly-mon,2.416
2017-05-01,GASREGECW,PADD 1,gasoline,all formulations,weekly-mon,2.387
2017-05-08,GASREGECW,PADD 1,gasoline,all formulations,weekly-mon,2.348
2017-05-15,GASREGECW,PADD 1,gasoline,all formulations,weekly-mon,2.32
2017-05-22,GASREGECW,PADD 1,gasoline,all formulations,weekly-mon,2.327
2017-05-29,GASREGECW,PADD 1,gasoline,all formulations,weekly-mon,2.341
2017-06-05,GASREGECW,PADD 1,gasoline,all formulations,weekly-mon,2.346
2017-06-12,GASREGECW,PADD 1,gasoline,all formulations,weekly-mon,2.31
2017-06-19,GASREGECW,PADD 1,gasoline,all formulations,weekly-mon,2.267
2017-06-26,GASREGECW,PADD 1,gasoline,all formulations,weekly-mon,2.227
2017-07-03,GASREGECW,PADD 1,gasoline,all formulations,weekly-mon,2.203
2017-07-10,GASREGECW,PADD 1,gasoline,all formulations,weekly-mon,2.222
2017-07-17,GASREGECW,PADD 1,gasoline,all formulations,weekly-mon,2.214
2017-07-24,GASREGECW,PADD 1,gasoline,all formulations,weekly-mon,2.264
2017-07-31,GASREGECW,PADD 1,gasoline,all formulations,weekly-mon,2.306
2017-08-07,GASREGECW,PADD 1,gasoline,all formulations,weekly-mon,2.336
2017-08-14,GASREGECW,PADD 1,gasoline,all formulations,weekly-mon,2.327
2017-08-21,GASREGECW,PADD 1,gasoline,all formulations,weekly-mon,2.303
2017-08-28,GASREGECW,PADD 1,gasoline,all formulations,weekly-mon,2.337
2017-09-04,GASREGECW,PADD 1,gasoline,all formulations,weekly-mon,2.723
2017-09-11,GASREGECW,PADD 1,gasoline,all formulations,weekly-mon,2.73
2017-09-18,GASREGECW,PADD 1,gasoline,all formulations,weekly-mon,2.691
2017-09-25,GASREGECW,PADD 1,gasoline,all formulations,weekly-mon,2.642
2017-10-02,GASREGECW,PADD 1,gasoline,all formulations,weekly-mon,2.592
2017-10-09,GASREGECW,PADD 1,gasoline,all formulations,weekly-mon,2.522
2017-10-16,GASREGECW,PADD 1,gasoline,all formulations,weekly-mon,2.47
2017-10-23,GASREGECW,PADD 1,gasoline,all formulations,weekly-mon,2.447
2017-10-30,GASREGECW,PADD 1,gasoline,all formulations,weekly-mon,2.448
2017-11-06,GASREGECW,PADD 1,gasoline,all formulations,weekly-mon,2.477
2017-11-13,GASREGECW,PADD 1,gasoline,all formulations,weekly-mon,2.546
2017-11-20,GASREGECW,PADD 1,gasoline,all formulations,weekly-mon,2.526
2017-11-27,GASREGECW,PADD 1,gasoline,all formulations,weekly-mon,2.508
2017-12-04,GASREGECW,PADD 1,gasoline,all formulations,weekly-mon,2.491
2017-12-11,GASREGECW,PADD 1,gasoline,all formulations,weekly-mon,2.465
2017-12-18,GASREGECW,PADD 1,gasoline,all formulations,weekly-mon,2.438
2017-12-25,GASREGECW,PADD 1,gasoline,all formulations,weekly-mon,2.426
2018-01-01,GASREGECW,PADD 1,gasoline,all formulations,weekly-mon,2.492
2018-01-08,GASREGECW,PADD 1,gasoline,all formulations,weekly-mon,2.5
2018-01-15,GASREGECW,PADD 1,gasoline,all formulations,weekly-mon,2.517
2018-01-22,GASREGECW,PADD 1,gasoline,all formulations,weekly-mon,2.556
2018-01-29,GASREGECW,PADD 1,gasoline,all formulations,weekly-mon,2.587
2018-02-05,GASREGECW,PADD 1,gasoline,all formulations,weekly-mon,2.614
2018-02-12,GASREGECW,PADD 1,gasoline,all formulations,weekly-mon,2.606
2018-02-19,GASREGECW,PADD 1,gasoline,all formulations,weekly-mon,2.559
2018-02-26,GASREGECW,PADD 1,gasoline,all formulations,weekly-mon,2.53
2018-03-05,GASREGECW,PADD 1,gasoline,all formulations,weekly-mon,2.534
2018-03-12,GASREGECW,PADD 1,gasoline,all formulations,weekly-mon,2.509
2018-03-19,GASREGECW,PADD 1,gasoline,all formulations,weekly-mon,2.536
2018-03-26,GASREGECW,PADD 1,gasoline,all formulations,weekly-mon,2.592
2018-04-02,GASREGECW,PADD 1,gasoline,all formulations,weekly-mon,2.647
2018-04-09,GASREGECW,PADD 1,gasoline,all formulations,weekly-mon,2.638
2018-04-16,GASREGECW,PADD 1,gasoline,all formulations,weekly-mon,2.688
2018-04-23,GASREGECW,PADD 1,gasoline,all formulations,weekly-mon,2.751
2018-04-30,GASREGECW,PADD 1,gasoline,all formulations,weekly-mon,2.789
2018-05-07,GASREGECW,PADD 1,gasoline,all formulations,weekly-mon,2.792
2018-05-14,GASREGECW,PADD 1,gasoline,all formulations,weekly-mon,2.82
2018-05-21,GASREGECW,PADD 1,gasoline,all formulations,weekly-mon,2.86
2018-05-28,GASREGECW,PADD 1,gasoline,all formulations,weekly-mon,2.91
2018-06-04,GASREGECW,PADD 1,gasoline,all formulations,weekly-mon,2.879
2018-06-11,GASREGECW,PADD 1,gasoline,all formulations,weekly-mon,2.84
2018-06-18,GASREGECW,PADD 1,gasoline,all formulations,weekly-mon,2.799
2018-06-25,GASREGECW,PADD 1,gasoline,all formulations,weekly-mon,2.761
2018-07-02,GASREGECW,PADD 1,gasoline,all formulations,weekly-mon,2.769
2018-07-09,GASREGECW,PADD 1,gasoline,all formulations,weekly-mon,2.781
2018-07-16,GASREGECW,PADD 1,gasoline,all formulations,weekly-mon,2.801
2018-07-23,GASREGECW,PADD 1,gasoline,all formulations,weekly-mon,2.776
2018-07-30,GASREGECW,PADD 1,gasoline,all formulations,weekly-mon,2.79
2018-08-06,GASREGECW,PADD 1,gasoline,all formulations,weekly-mon,2.802
2018-08-13,GASREGECW,PADD 1,gasoline,all formulations,weekly-mon,2.803
2018-08-20,GASREGECW,PADD 1,gasoline,all formulations,weekly-mon,2.777
2018-08-27,GASREGECW,PADD 1,gasoline,all formulations,weekly-mon,2.764
2018-09-03,GASREGECW,PADD 1,gasoline,all formulations,weekly-mon,2.775
2018-09-10,GASREGECW,PADD 1,gasoline,all formulations,weekly-mon,2.786
2018-09-17,GASREGECW,PADD 1,gasoline,all formulations,weekly-mon,2.788
2018-09-24,GASREGECW,PADD 1,gasoline,all formulations,weekly-mon,2.772
2018-10-01,GASREGECW,PADD 1,gasoline,all formulations,weekly-mon,2.794
2018-10-08,GASREGECW,PADD 1,gasoline,all formulations,weekly-mon,2.828
2018-10-15,GASREGECW,PADD 1,gasoline,all formulations,weekly-mon,2.809
2018-10-22,GASREGECW,PADD 1,gasoline,all formulations,weekly-mon,2.777
2018-10-29,GASREGECW,PADD 1,gasoline,all formulations,weekly-mon,2.733
2018-11-05,GASREGECW,PADD 1,gasoline,all formulations,weekly-mon,2.68
2018-11-12,GASREGECW,PADD 1,gasoline,all formulations,weekly-mon,2.621
2018-11-19,GASREGECW,PADD 1,gasoline,all formulations,weekly-mon,2.554
2018-11-26,GASREGECW,PADD 1,gasoline,all formulations,weekly-mon,2.498
2018-12-03,GASREGECW,PADD 1,gasoline,all formulations,weekly-mon,2.422
2018-12-10,GASREGECW,PADD 1,gasoline,all formulations,weekly-mon,2.384
2018-12-17,GASREGECW,PADD 1,gasoline,all formulations,weekly-mon,2.352
2018-12-24,GASREGECW,PADD 1,gasoline,all formulations,weekly-mon,2.297
2018-12-31,GASREGECW,PADD 1,gasoline,all formulations,weekly-mon,2.251
2019-01-07,GASREGECW,PADD 1,gasoline,all formulations,weekly-mon,2.216
2019-01-14,GASREGECW,PADD 1,gasoline,all formulations,weekly-mon,2.217
2019-01-21,GASREGECW,PADD 1,gasoline,all formulations,weekly-mon,2.242
2019-01-28,GASREGECW,PADD 1,gasoline,all formulations,weekly-mon,2.249
2019-02-04,GASREGECW,PADD 1,gasoline,all formulations,weekly-mon,2.244
2019-02-11,GASREGECW,PADD 1,gasoline,all formulations,weekly-mon,2.236
2019-02-18,GASREGECW,PADD 1,gasoline,all formulations,weekly-mon,2.267
2019-02-25,GASREGECW,PADD 1,gasoline,all formulations,weekly-mon,2.349
2019-03-04,GASREGECW,PADD 1,gasoline,all formulations,weekly-mon,2.385
2019-03-11,GASREGECW,PADD 1,gasoline,all formulations,weekly-mon,2.43
2019-03-18,GASREGECW,PADD 1,gasoline,all formulations,weekly-mon,2.518
2019-03-25,GASREGECW,PADD 1,gasoline,all formulations,weekly-mon,2.567
2019-04-01,GASREGECW,PADD 1,gasoline,all formulations,weekly-mon,2.618
2019-04-08,GASREGECW,PADD 1,gasoline,all formulations,weekly-mon,2.653
2019-04-15,GASREGECW,PADD 1,gasoline,all formulations,weekly-mon,2.718
2019-04-22,GASREGECW,PADD 1,gasoline,all formulations,weekly-mon,2.733
2019-04-29,GASREGECW,PADD 1,gasoline,all formulations,weekly-mon,2.78
2019-05-06,GASREGECW,PADD 1,gasoline,all formulations,weekly-mon,2.792
2019-05-13,GASREGECW,PADD 1,gasoline,all formulations,weekly-mon,2.754
2019-05-20,GASREGECW,PADD 1,gasoline,all formulations,weekly-mon,2.723
2019-05-27,GASREGECW,PADD 1,gasoline,all formulations,weekly-mon,2.696
2019-06-03,GASREGECW,PADD 1,gasoline,all formulations,weekly-mon,2.664
2019-06-10,GASREGECW,PADD 1,gasoline,all formulations,weekly-mon,2.62
2019-06-17,GASREGECW,PADD 1,gasoline,all formulations,weekly-mon,2.557
2019-06-24,GASREGECW,PADD 1,gasoline,all formulations,weekly-mon,2.541
2019-07-01,GASREGECW,PADD 1,gasoline,all formulations,weekly-mon,2.626
2019-07-08,GASREGECW,PADD 1,gasoline,all formulations,weekly-mon,2.661
2019-07-15,GASREGECW,PADD 1,gasoline,all formulations,weekly-mon,2.68
2019-07-22,GASREGECW,PADD 1,gasoline,all formulations,weekly-mon,2.672
2019-07-29,GASREGECW,PADD 1,gasoline,all formulations,weekly-mon,2.629
2019-08-05,GASREGECW,PADD 1,gasoline,all formulations,weekly-mon,2.599
2019-08-12,GASREGECW,PADD 1,gasoline,all formulations,weekly-mon,2.552
2019-08-19,GASREGECW,PADD 1,gasoline,all formulations,weekly-mon,2.517
2019-08-26,GASREGECW,PADD 1,gasoline,all formulations,weekly-mon,2.483
2019-09-02,GASREGECW,PADD 1,gasoline,all formulations,weekly-mon,2.48
2019-09-09,GASREGECW,PADD 1,gasoline,all formulations,weekly-mon,2.462
2019-09-16,GASREGECW,PADD 1,gasoline,all formulations,weekly-mon,2.453
2019-09-23,GASREGECW,PADD 1,gasoline,all formulations,weekly-mon,2.54
2019-09-30,GASREGECW,PADD 1,gasoline,all formulations,weekly-mon,2.506
2019-10-07,GASREGECW,PADD 1,gasoline,all formulations,weekly-mon,2.486
2019-10-14,GASREGECW,PADD 1,gasoline,all formulations,weekly-mon,2.462
2019-10-21,GASREGECW,PADD 1,gasoline,all formulations,weekly-mon,2.482
2019-10-28,GASREGECW,PADD 1,gasoline,all formulations,weekly-mon,2.454
2019-11-04,GASREGECW,PADD 1,gasoline,all formulations,weekly-mon,2.476
2019-11-11,GASREGECW,PADD 1,gasoline,all formulations,weekly-mon,2.474
2019-11-18,GASREGECW,PADD 1,gasoline,all formulations,weekly-mon,2.453
2019-11-25,GASREGECW,PADD 1,gasoline,all formulations,weekly-mon,2.462
2019-12-02,GASREGECW,PADD 1,gasoline,all formulations,weekly-mon,2.478
2019-12-09,GASREGECW,PADD 1,gasoline,all formulations,weekly-mon,2.478
2019-12-16,GASREGECW,PADD 1,gasoline,all formulations,weekly-mon,2.458
2019-12-23,GASREGECW,PADD 1,gasoline,all formulations,weekly-mon,2.463
2019-12-30,GASREGECW,PADD 1,gasoline,all formulations,weekly-mon,2.501
2020-01-06,GASREGECW,PADD 1,gasoline,all formulations,weekly-mon,2.539
2020-01-13,GASREGECW,PADD 1,gasoline,all formulations,weekly-mon,2.519
2020-01-20,GASREGECW,PADD 1,gasoline,all formulations,weekly-mon,2.496
2020-01-27,GASREGECW,PADD 1,gasoline,all formulations,weekly-mon,2.45
2020-02-03,GASREGECW,PADD 1,gasoline,all formulations,weekly-mon,2.393
2020-02-10,GASREGECW,PADD 1,gasoline,all formulations,weekly-mon,2.369
2020-02-17,GASREGECW,PADD 1,gasoline,all formulations,weekly-mon,2.364
2020-02-24,GASREGECW,PADD 1,gasoline,all formulations,weekly-mon,2.4
2020-03-02,GASREGECW,PADD 1,gasoline,all formulations,weekly-mon,2.351
2020-03-09,GASREGECW,PADD 1,gasoline,all formulations,weekly-mon,2.302
2020-03-16,GASREGECW,PADD 1,gasoline,all formulations,weekly-mon,2.193
2020-03-23,GASREGECW,PADD 1,gasoline,all formulations,weekly-mon,2.084
2020-03-30,GASREGECW,PADD 1,gasoline,all formulations,weekly-mon,1.98
2020-04-06,GASREGECW,PADD 1,gasoline,all formulations,weekly-mon,1.921
2020-04-13,GASREGECW,PADD 1,gasoline,all formulations,weekly-mon,1.878
2020-04-20,GASREGECW,PADD 1,gasoline,all formulations,weekly-mon,1.844
2020-04-27,GASREGECW,PADD 1,gasoline,all formulations,weekly-mon,1.81
2020-05-04,GASREGECW,PADD 1,gasoline,all formulations,weekly-mon,1.794
2020-05-11,GASREGECW,PADD 1,gasoline,all formulations,weekly-mon,1.815
2020-05-18,GASREGECW,PADD 1,gasoline,all formulations,weekly-mon,1.833
2020-05-25,GASREGECW,PADD 1,gasoline,all formulations,weekly-mon,1.906
2020-06-01,GASREGECW,PADD 1,gasoline,all formulations,weekly-mon,1.913
2020-06-08,GASREGECW,PADD 1,gasoline,all formulations,weekly-mon,1.95
2020-06-15,GASREGECW,PADD 1,gasoline,all formulations,weekly-mon,2.022
2020-06-22,GASREGECW,PADD 1,gasoline,all formulations,weekly-mon,2.05
2020-06-29,GASREGECW,PADD 1,gasoline,all formulations,weekly-mon,2.086
2020-07-06,GASREGECW,PADD 1,gasoline,all formulations,weekly-mon,2.1
2020-07-13,GASREGECW,PADD 1,gasoline,all formulations,weekly-mon,2.112
2020-07-20,GASREGECW,PADD 1,gasoline,all formulations,weekly-mon,2.106
2020-07-27,GASREGECW,PADD 1,gasoline,all formulations,weekly-mon,2.093
2020-08-03,GASREGECW,PADD 1,gasoline,all formulations,weekly-mon,2.105
2020-08-10,GASREGECW,PADD 1,gasoline,all formulations,weekly-mon,2.093
2020-08-17,GASREGECW,PADD 1,gasoline,all formulations,weekly-mon,2.086
2020-08-24,GASREGECW,PADD 1,gasoline,all formulations,weekly-mon,2.096
2020-08-31,GASREGECW,PADD 1,gasoline,all formulations,weekly-mon,2.156
2020-09-07,GASREGECW,PADD 1,gasoline,all formulations,weekly-mon,2.168
2020-09-14,GASREGECW,PADD 1,gasoline,all formulations,weekly-mon,2.138
2020-09-21,GASREGECW,PADD 1,gasoline,all formulations,weekly-mon,2.114
2020-09-28,GASREGECW,PADD 1,gasoline,all formulations,weekly-mon,2.108
2020-10-05,GASREGECW,PADD 1,gasoline,all formulations,weekly-mon,2.13
2020-10-12,GASREGECW,PADD 1,gasoline,all formulations,weekly-mon,2.131
2020-10-19,GASREGECW,PADD 1,gasoline,all formulations,weekly-mon,2.118
2020-10-26,GASREGECW,PADD 1,gasoline,all formulations,weekly-mon,2.094
2020-11-02,GASREGECW,PADD 1,gasoline,all formulations,weekly-mon,2.07
2020-11-09,GASREGECW,PADD 1,gasoline,all formulations,weekly-mon,2.047
2020-11-16,GASREGECW,PADD 1,gasoline,all formulations,weekly-mon,2.074
2020-11-23,GASREGECW,PADD 1,gasoline,all formulations,weekly-mon,2.072
2020-11-30,GASREGECW,PADD 1,gasoline,all formulations,weekly-mon,2.106
2020-12-07,GASREGECW,PADD 1,gasoline,all formulations,weekly-mon,2.138
2020-12-14,GASREGECW,PADD 1,gasoline,all formulations,weekly-mon,2.14
2020-12-21,GASREGECW,PADD 1,gasoline,all formulations,weekly-mon,2.191
2020-12-28,GASREGECW,PADD 1,gasoline,all formulations,weekly-mon,2.198
2021-01-04,GASREGECW,PADD 1,gasoline,all formulations,weekly-mon,2.219
2021-01-11,GASREGECW,PADD 1,gasoline,all formulations,weekly-mon,2.295
2021-01-18,GASREGECW,PADD 1,gasoline,all formulations,weekly-mon,2.349
2021-01-25,GASREGECW,PADD 1,gasoline,all formulations,weekly-mon,2.373
2021-02-01,GASREGECW,PADD 1,gasoline,all formulations,weekly-mon,2.378
2021-02-08,GASREGECW,PADD 1,gasoline,all formulations,weekly-mon,2.438
2021-02-15,GASREGECW,PADD 1,gasoline,all formulations,weekly-mon,2.47
2021-02-22,GASREGECW,PADD 1,gasoline,all formulations,weekly-mon,2.604
2021-03-01,GASREGECW,PADD 1,gasoline,all formulations,weekly-mon,2.652
2021-03-08,GASREGECW,PADD 1,gasoline,all formulations,weekly-mon,2.704
2021-03-15,GASREGECW,PADD 1,gasoline,all formulations,weekly-mon,2.787
2021-03-22,GASREGECW,PADD 1,gasoline,all formulations,weekly-mon,2.807
2021-03-29,GASREGECW,PADD 1,gasoline,all formulations,weekly-mon,2.778
2021-04-05,GASREGECW,PADD 1,gasoline,all formulations,weekly-mon,2.765
2021-04-12,GASREGECW,PADD 1,gasoline,all formulations,weekly-mon,2.754
2021-04-19,GASREGECW,PADD 1,gasoline,all formulations,weekly-mon,2.75
2021-04-26,GASREGECW,PADD 1,gasoline,all formulations,weekly-mon,2.758
2021-05-03,GASREGECW,PADD 1,gasoline,all formulations,weekly-mon,2.777
2021-05-10,GASREGECW,PADD 1,gasoline,all formulations,weekly-mon,2.863
2021-05-17,GASREGECW,PADD 1,gasoline,all formulations,weekly-mon,2.939
2021-05-24,GASREGECW,PADD 1,gasoline,all formulations,weekly-mon,2.934
2021-05-31,GASREGECW,PADD 1,gasoline,all formulations,weekly-mon,2.928
2021-06-07,GASREGECW,PADD 1,gasoline,all formulations,weekly-mon,2.931
2021-06-14,GASREGECW,PADD 1,gasoline,all formulations,weekly-mon,2.963
2021-06-21,GASREGECW,PADD 1,gasoline,all formulations,weekly-mon,2.96
2021-06-28,GASREGECW,PADD 1,gasoline,all formulations,weekly-mon,2.978
2021-07-05,GASREGECW,PADD 1,gasoline,all formulations,weekly-mon,3.008
2021-07-12,GASREGECW,PADD 1,gasoline,all formulations,weekly-mon,3.013
2021-07-19,GASREGECW,PADD 1,gasoline,all formulations,weekly-mon,3.023
2021-07-26,GASREGECW,PADD 1,gasoline,all formulations,weekly-mon,3.009
2021-08-02,GASREGECW,PADD 1,gasoline,all formulations,weekly-mon,3.026
2021-08-09,GASREGECW,PADD 1,gasoline,all formulations,weekly-mon,3.04
2021-08-16,GASREGECW,PADD 1,gasoline,all formulations,weekly-mon,3.038
2021-08-23,GASREGECW,PADD 1,gasoline,all formulations,weekly-mon,3.023
2021-08-30,GASREGECW,PADD 1,gasoline,all formulations,weekly-mon,3.02
2021-09-06,GASREGECW,PADD 1,gasoline,all formulations,weekly-mon,3.065
2021-09-13,GASREGECW,PADD 1,gasoline,all formulations,weekly-mon,3.055
2021-09-20,GASREGECW,PADD 1,gasoline,all formulations,weekly-mon,3.086
2021-09-27,GASREGECW,PADD 1,gasoline,all formulations,weekly-mon,3.077
2021-10-04,GASREGECW,PADD 1,gasoline,all formulations,weekly-mon,3.082
2021-10-11,GASREGECW,PADD 1,gasoline,all formulations,weekly-mon,3.182
2021-10-18,GASREGECW,PADD 1,gasoline,all formulations,weekly-mon,3.243
2021-10-25,GASREGECW,PADD 1,gasoline,all formulations,weekly-mon,3.338
2021-11-01,GASREGECW,PADD 1,gasoline,all formulations,weekly-mon,3.344
2021-11-08,GASREGECW,PADD 1,gasoline,all formulations,weekly-mon,3.341
2021-11-15,GASREGECW,PADD 1,gasoline,all formulations,weekly-mon,3.336
2021-11-22,GASREGECW,PADD 1,gasoline,all formulations,weekly-mon,3.348
2021-11-29,GASREGECW,PADD 1,gasoline,all formulations,weekly-mon,3.339
2021-12-06,GASREGECW,PADD 1,gasoline,all formulations,weekly-mon,3.298
2021-12-13,GASREGECW,PADD 1,gasoline,all formulations,weekly-mon,3.276
2021-12-20,GASREGECW,PADD 1,gasoline,all formulations,weekly-mon,3.257
2021-12-27,GASREGECW,PADD 1,gasoline,all formulations,weekly-mon,3.244
2022-01-03,GASREGECW,PADD 1,gasoline,all formulations,weekly-mon,3.238
2022-01-10,GASREGECW,PADD 1,gasoline,all formulations,weekly-mon,3.225
2022-01-17,GASREGECW,PADD 1,gasoline,all formulations,weekly-mon,3.238
2022-01-24,GASREGECW,PADD 1,gasoline,all formulations,weekly-mon,3.25
2022-01-31,GASREGECW,PADD 1,gasoline,all formulations,weekly-mon,3.313
2022-02-07,GASREGECW,PADD 1,gasoline,all formulations,weekly-mon,3.391
2022-02-14,GASREGECW,PADD 1,gasoline,all formulations,weekly-mon,3.453
2022-02-21,GASREGECW,PADD 1,gasoline,all formulations,weekly-mon,3.503
2022-02-28,GASREGECW,PADD 1,gasoline,all formulations,weekly-mon,3.563
2022-03-07,GASREGECW,PADD 1,gasoline,all formulations,weekly-mon,4.098
2022-03-14,GASREGECW,PADD 1,gasoline,all formulations,weekly-mon,4.268
2022-03-21,GASREGECW,PADD 1,gasoline,all formulations,weekly-mon,4.127
2022-03-28,GASREGECW,PADD 1,gasoline,all formulations,weekly-mon,4.092
2022-04-04,GASREGECW,PADD 1,gasoline,all formulations,weekly-mon,4.045
2022-04-11,GASREGECW,PADD 1,gasoline,all formulations,weekly-mon,3.966
2022-04-18,GASREGECW,PADD 1,gasoline,all formulations,weekly-mon,3.926
2022-04-25,GASREGECW,PADD 1,gasoline,all formulations,weekly-mon,3.981
2022-05-02,GASREGECW,PADD 1,gasoline,all formulations,weekly-mon,4.09
2022-05-09,GASREGECW,PADD 1,gasoline,all formulations,weekly-mon,4.237
2022-05-16,GASREGECW,PADD 1,gasoline,all formulations,weekly-mon,4.432
2022-05-23,GASREGECW,PADD 1,gasoline,all formulations,weekly-mon,4.531
2022-05-30,GASREGECW,PADD 1,gasoline,all formulations,weekly-mon,4.547
2022-06-06,GASREGECW,PADD 1,gasoline,all formulations,weekly-mon,4.72
2022-06-13,GASREGECW,PADD 1,gasoline,all formulations,weekly-mon,4.849
2022-06-20,GASREGECW,PADD 1,gasoline,all formulations,weekly-mon,4.786
2022-06-27,GASREGECW,PADD 1,gasoline,all formulations,weekly-mon,4.688
2022-07-04,GASREGECW,PADD 1,gasoline,all formulations,weekly-mon,4.591
2022-07-11,GASREGECW,PADD 1,gasoline,all formulations,weekly-mon,4.472
2022-07-18,GASREGECW,PADD 1,gasoline,all formulations,weekly-mon,4.345
2022-07-25,GASREGECW,PADD 1,gasoline,all formulations,weekly-mon,4.206
2022-08-01,GASREGECW,PADD 1,gasoline,all formulations,weekly-mon,4.094
2022-08-08,GASREGECW,PADD 1,gasoline,all formulations,weekly-mon,3.967
2022-08-15,GASREGECW,PADD 1,gasoline,all formulations,weekly-mon,3.856
2022-08-22,GASREGECW,PADD 1,gasoline,all formulations,weekly-mon,3.766
2022-08-29,GASREGECW,PADD 1,gasoline,all formulations,weekly-mon,3.722
2022-09-05,GASREGECW,PADD 1,gasoline,all formulations,weekly-mon,3.613
2022-09-12,GASREGECW,PADD 1,gasoline,all formulations,weekly-mon,3.527
2022-09-19,GASREGECW,PADD 1,gasoline,all formulations,weekly-mon,3.457
2022-09-26,GASREGECW,PADD 1,gasoline,all formulations,weekly-mon,3.408
2022-10-03,GASREGECW,PADD 1,gasoline,all formulations,weekly-mon,3.336
2022-10-10,GASREGECW,PADD 1,gasoline,all formulations,weekly-mon,3.479
2022-10-17,GASREGECW,PADD 1,gasoline,all formulations,weekly-mon,3.524
2022-10-24,GASREGECW,PADD 1,gasoline,all formulations,weekly-mon,3.481
2022-10-31,GASREGECW,PADD 1,gasoline,all formulations,weekly-mon,3.522
2022-11-07,GASREGECW,PADD 1,gasoline,all formulations,weekly-mon,3.59
2022-11-14,GASREGECW,PADD 1,gasoline,all formulations,weekly-mon,3.611
2022-11-21,GASREGECW,PADD 1,gasoline,all formulations,weekly-mon,3.538
2022-11-28,GASREGECW,PADD 1,gasoline,all formulations,weekly-mon,3.468
2022-12-05,GASREGECW,PADD 1,gasoline,all formulations,weekly-mon,3.354
2022-12-12,GASREGECW,PADD 1,gasoline,all formulations,weekly-mon,3.225
2022-12-19,GASREGECW,PADD 1,gasoline,all formulations,weekly-mon,3.118
2022-12-26,GASREGECW,PADD 1,gasoline,all formulations,weekly-mon,3.071
2023-01-02,GASREGECW,PADD 1,gasoline,all formulations,weekly-mon,3.21
2023-01-09,GASREGECW,PADD 1,gasoline,all formulations,weekly-mon,3.216
2023-01-16,GASREGECW,PADD 1,gasoline,all formulations,weekly-mon,3.259
2023-01-23,GASREGECW,PADD 1,gasoline,all formulations,weekly-mon,3.384
2023-01-30,GASREGECW,PADD 1,gasoline,all formulations,weekly-mon,3.466
2023-02-06,GASREGECW,PADD 1,gasoline,all formulations,weekly-mon,3.406
2023-02-13,GASREGECW,PADD 1,gasoline,all formulations,weekly-mon,3.339
2023-02-20,GASREGECW,PADD 1,gasoline,all formulations,weekly-mon,3.291
2023-02-27,GASREGECW,PADD 1,gasoline,all formulations,weekly-mon,3.244
2023-03-06,GASREGECW,PADD 1,gasoline,all formulations,weekly-mon,3.242
2023-03-13,GASREGECW,PADD 1,gasoline,all formulations,weekly-mon,3.315
2023-03-20,GASREGECW,PADD 1,gasoline,all formulations,weekly-mon,3.309
2023-03-27,GASREGECW,PADD 1,gasoline,all formulations,weekly-mon,3.297
2023-04-03,GASREGECW,PADD 1,gasoline,all formulations,weekly-mon,3.357
2023-04-10,GASREGECW,PADD 1,gasoline,all formulations,weekly-mon,3.461
2023-04-17,GASREGECW,PADD 1,gasoline,all formulations,weekly-mon,3.512
2023-04-24,GASREGECW,PADD 1,gasoline,all formulations,weekly-mon,3.543
2023-05-01,GASREGECW,PADD 1,gasoline,all formulations,weekly-mon,3.492
2023-05-08,GASREGECW,PADD 1,gasoline,all formulations,weekly-mon,3.427
2023-05-15,GASREGECW,PADD 1,gasoline,all formulations,weekly-mon,3.397
2023-05-22,GASREGECW,PADD 1,gasoline,all formulations,weekly-mon,3.381
2023-05-29,GASREGECW,PADD 1,gasoline,all formulations,weekly-mon,3.427
2023-06-05,GASREGECW,PADD 1,gasoline,all formulations,weekly-mon,3.41
2023-06-12,GASREGECW,PADD 1,gasoline,all formulations,weekly-mon,3.432
2023-06-19,GASREGECW,PADD 1,gasoline,all formulations,weekly-mon,3.419
2023-06-26,GASREGECW,PADD 1,gasoline,all formulations,weekly-mon,3.405
2023-07-03,GASREGECW,PADD 1,gasoline,all formulations,weekly-mon,3.372
2023-07-10,GASREGECW,PADD 1,gasoline,all formulations,weekly-mon,3.429
2023-07-17,GASREGECW,PADD 1,gasoline,all formulations,weekly-mon,3.422
2023-07-24,GASREGECW,PADD 1,gasoline,all formulations,weekly-mon,3.488
2023-07-31,GASREGECW,PADD 1,gasoline,all formulations,weekly-mon,3.646
2023-08-07,GASREGECW,PADD 1,gasoline,all formulations,weekly-mon,3.737
2023-08-14,GASREGECW,PADD 1,gasoline,all formulations,weekly-mon,3.711
2023-08-21,GASREGECW,PADD 1,gasoline,all formulations,weekly-mon,3.728
2023-08-28,GASREGECW,PADD 1,gasoline,all formulations,weekly-mon,3.678
2023-09-04,GASREGECW,PADD 1,gasoline,all formulations,weekly-mon,3.655
2023-09-11,GASREGECW,PADD 1,gasoline,all formulations,weekly-mon,3.633
2023-09-18,GASREGECW,PADD 1,gasoline,all formulations,weekly-mon,3.654
2023-09-25,GASREGECW,PADD 1,gasoline,all formulations,weekly-mon,3.598
2023-10-02,GASREGECW,PADD 1,gasoline,all formulations,weekly-mon,3.538
2023-10-09,GASREGECW,PADD 1,gasoline,all formulations,weekly-mon,3.476
2023-10-16,GASREGECW,PADD 1,gasoline,all formulations,weekly-mon,3.396
2023-10-23,GASREGECW,PADD 1,gasoline,all formulations,weekly-mon,3.348
2023-10-30,GASREGECW,PADD 1,gasoline,all formulations,weekly-mon,3.327
2023-11-06,GASREGECW,PADD 1,gasoline,all formulations,weekly-mon,3.252
2023-11-13,GASREGECW,PADD 1,gasoline,all formulations,weekly-mon,3.212
2023-11-20,GASREGECW,PADD 1,gasoline,all formulations,weekly-mon,3.166
2023-11-27,GASREGECW,PADD 1,gasoline,all formulations,weekly-mon,3.155
2023-12-04,GASREGECW,PADD 1,gasoline,all formulations,weekly-mon,3.206
2023-12-11,GASREGECW,PADD 1,gasoline,all formulations,weekly-mon,3.123
2023-12-18,GASREGECW,PADD 1,gasoline,all formulations,weekly-mon,3.05
2023-12-25,GASREGECW,PADD 1,gasoline,all formulations,weekly-mon,3.117
2024-01-01,GASREGECW,PADD 1,gasoline,all formulations,weekly-mon,3.087
2024-01-08,GASREGECW,PADD 1,gasoline,all formulations,weekly-mon,3.075
2024-01-15,GASREGECW,PADD 1,gasoline,all formulations,weekly-mon,3.039
2024-01-22,GASREGECW,PADD 1,gasoline,all formulations,weekly-mon,3.021
2024-01-29,GASREGECW,PADD 1,gasoline,all formulations,weekly-mon,3.083
2024-02-05,GASREGECW,PADD 1,gasoline,all formulations,weekly-mon,3.117
2024-02-12,GASREGECW,PADD 1,gasoline,all formulations,weekly-mon,3.151
2024-02-19,GASREGECW,PADD 1,gasoline,all formulations,weekly-mon,3.23
2024-02-26,GASREGECW,PADD 1,gasoline,all formulations,weekly-mon,3.204
2024-03-04,GASREGECW,PADD 1,gasoline,all formulations,weekly-mon,3.24
2024-03-11,GASREGECW,PADD 1,gasoline,all formulations,weekly-mon,3.265
2024-03-18,GASREGECW,PADD 1,gasoline,all formulations,weekly-mon,3.349
2024-03-25,GASREGECW,PADD 1,gasoline,all formulations,weekly-mon,3.388
2024-04-01,GASREGECW,PADD 1,gasoline,all formulations,weekly-mon,3.382
2024-04-08,GASREGECW,PADD 1,gasoline,all formulations,weekly-mon,3.391
2024-04-15,GASREGECW,PADD 1,gasoline,all formulations,weekly-mon,3.451
2024-04-22,GASREGECW,PADD 1,gasoline,all formulations,weekly-mon,3.54
2024-04-29,GASREGECW,PADD 1,gasoline,all formulations,weekly-mon,3.54
2024-05-06,GASREGECW,PADD 1,gasoline,all formulations,weekly-mon,3.549
2024-05-13,GASREGECW,PADD 1,gasoline,all formulations,weekly-mon,3.491
2024-05-20,GASREGECW,PADD 1,gasoline,all formulations,weekly-mon,3.475
2024-05-27,GASREGECW,PADD 1,gasoline,all formulations,weekly-mon,3.485
2024-06-03,GASREGECW,PADD 1,gasoline,all formulations,weekly-mon,3.443
2024-06-10,GASREGECW,PADD 1,gasoline,all formulations,weekly-mon,3.37
2024-06-17,GASREGECW,PADD 1,gasoline,all formulations,weekly-mon,3.357
2024-06-24,GASREGECW,PADD 1,gasoline,all formulations,weekly-mon,3.363
2024-07-01,GASREGECW,PADD 1,gasoline,all formulations,weekly-mon,3.389
2024-07-08,GASREGECW,PADD 1,gasoline,all formulations,weekly-mon,3.45
2024-07-15,GASREGECW,PADD 1,gasoline,all formulations,weekly-mon,3.466
2024-07-22,GASREGECW,PADD 1,gasoline,all formulations,weekly-mon,3.409
2024-07-29,GASREGECW,PADD 1,gasoline,all formulations,weekly-mon,3.395
2024-08-05,GASREGECW,PADD 1,gasoline,all formulations,weekly-mon,3.375
2024-08-12,GASREGECW,PADD 1,gasoline,all formulations,weekly-mon,3.326
2024-08-19,GASREGECW,PADD 1,gasoline,all formulations,weekly-mon,3.299
2024-08-26,GASREGECW,PADD 1,gasoline,all formulations,weekly-mon,3.254
2024-09-02,GASREGECW,PADD 1,gasoline,all formulations,weekly-mon,3.233
2024-09-09,GASREGECW,PADD 1,gasoline,all formulations,weekly-mon,3.149
2024-09-16,GASREGECW,PADD 1,gasoline,all formulations,weekly-mon,3.085
2024-09-23,GASREGECW,PADD 1,gasoline,all formulations,weekly-mon,3.052
2024-09-30,GASREGECW,PADD 1,gasoline,all formulations,weekly-mon,3.06
2024-10-07,GASREGECW,PADD 1,gasoline,all formulations,weekly-mon,3.009
2024-10-14,GASREGECW,PADD 1,gasoline,all formulations,weekly-mon,3.042
2024-10-21,GASREGECW,PADD 1,gasoline,all formulations,weekly-mon,3.054
2024-10-28,GASREGECW,PADD 1,gasoline,all formulations,weekly-mon,3.045
2024-11-04,GASREGECW,PADD 1,gasoline,all formulations,weekly-mon,2.992
2024-11-11,GASREGECW,PADD 1,gasoline,all formulations,weekly-mon,3.002
2024-11-18,GASREGECW,PADD 1,gasoline,all formulations,weekly-mon,3.003
2024-11-25,GASREGECW,PADD 1,gasoline,all formulations,weekly-mon,3.011
2024-12-02,GASREGECW,PADD 1,gasoline,all formulations,weekly-mon,2.989
2024-12-09,GASREGECW,PADD 1,gasoline,all formulations,weekly-mon,2.999
2024-12-16,GASREGECW,PADD 1,gasoline,all formulations,weekly-mon,2.991
2024-12-23,GASREGECW,PADD 1,gasoline,all formulations,weekly-mon,2.945
2024-12-30,GASREGECW,PADD 1,gasoline,all formulations,weekly-mon,2.956
2025-01-06,GASREGECW,PADD 1,gasoline,all formulations,weekly-mon,2.99
2025-01-13,GASREGECW,PADD 1,gasoline,all formulations,weekly-mon,2.998
2025-01-20,GASREGECW,PADD 1,gasoline,all formulations,weekly-mon,3.069
2025-01-27,GASREGECW,PADD 1,gasoline,all formulations,weekly-mon,3.076
2025-02-03,GASREGECW,PADD 1,gasoline,all formulations,weekly-mon,3.019
2025-02-10,GASREGECW,PADD 1,gasoline,all formulations,weekly-mon,3.05
2025-02-17,GASREGECW,PADD 1,gasoline,all formulations,weekly-mon,3.024
2025-02-24,GASREGECW,PADD 1,gasoline,all formulations,weekly-mon,3.011
2025-03-03,GASREGECW,PADD 1,gasoline,all formulations,weekly-mon,2.977
2025-03-10,GASREGECW,PADD 1,gasoline,all formulations,weekly-mon,2.945
2025-03-17,GASREGECW,PADD 1,gasoline,all formulations,weekly-mon,2.949
2025-03-24,GASREGECW,PADD 1,gasoline,all formulations,weekly-mon,2.961
2025-03-31,GASREGECW,PADD 1,gasoline,all formulations,weekly-mon,2.992
2025-04-07,GASREGECW,PADD 1,gasoline,all formulations,weekly-mon,3.079
2025-04-14,GASREGECW,PADD 1,gasoline,all formulations,weekly-mon,3.016
2025-04-21,GASREGECW,PADD 1,gasoline,all formulations,weekly-mon,2.983
2025-04-28,GASREGECW,PADD 1,gasoline,all formulations,weekly-mon,2.987
2025-05-05,GASREGECW,PADD 1,gasoline,all formulations,weekly-mon,2.998
2025-05-12,GASREGECW,PADD 1,gasoline,all formulations,weekly-mon,2.947
2025-05-19,GASREGECW,PADD 1,gasoline,all formulations,weekly-mon,2.99
2025-05-26,GASREGECW,PADD 1,gasoline,all formulations,weekly-mon,2.995
2025-06-02,GASREGECW,PADD 1,gasoline,all formulations,weekly-mon,2.976
2025-06-09,GASREGECW,PADD 1,gasoline,all formulations,weekly-mon,2.949
2025-06-16,GASREGECW,PADD 1,gasoline,all formulations,weekly-mon,2.983
2025-06-23,GASREGECW,PADD 1,gasoline,all formulations,weekly-mon,3.072
2025-06-30,GASREGECW,PADD 1,gasoline,all formulations,weekly-mon,3.031
2025-07-07,GASREGECW,PADD 1,gasoline,all formulations,weekly-mon,3.02
2025-07-14,GASREGECW,PADD 1,gasoline,all formulations,weekly-mon,2.987
2025-07-21,GASREGECW,PADD 1,gasoline,all formulations,weekly-mon,3.006
2025-07-28,GASREGECW,PADD 1,gasoline,all formulations,weekly-mon,2.999
2025-08-04,GASREGECW,PADD 1,gasoline,all formulations,weekly-mon,3.016
2025-08-11,GASREGECW,PADD 1,gasoline,all formulations,weekly-mon,3.005
2025-08-18,GASREGECW,PADD 1,gasoline,all formulations,weekly-mon,2.997
2025-08-25,GASREGECW,PADD 1,gasoline,all formulations,weekly-mon,2.987
2025-09-01,GASREGECW,PADD 1,gasoline,all formulations,weekly-mon,3.012
2025-09-08,GASREGECW,PADD 1,gasoline,all formulations,weekly-mon,3.063
2025-09-15,GASREGECW,PADD 1,gasoline,all formulations,weekly-mon,3.016
2025-09-22,GASREGECW,PADD 1,gasoline,all formulations,weekly-mon,3.03
2025-09-29,GASREGECW,PADD 1,gasoline,all formulations,weekly-mon,2.983
2025-10-06,GASREGECW,PADD 1,gasoline,all formulations,weekly-mon,2.984
2025-10-13,GASREGECW,PADD 1,gasoline,all formulations,weekly-mon,2.952
2025-10-20,GASREGECW,PADD 1,gasoline,all formulations,weekly-mon,2.902
2025-10-27,GASREGECW,PADD 1,gasoline,all formulations,weekly-mon,2.91
2025-11-03,GASREGECW,PADD 1,gasoline,all formulations,weekly-mon,2.917
2025-11-10,GASREGECW,PADD 1,gasoline,all formulations,weekly-mon,2.912
2025-11-17,GASREGECW,PADD 1,gasoline,all formulations,weekly-mon,2.953
2025-11-24,GASREGECW,PADD 1,gasoline,all formulations,weekly-mon,2.985
2025-12-01,GASREGECW,PADD 1,gasoline,all formulations,weekly-mon,2.931
2025-12-08,GASREGECW,PADD 1,gasoline,all formulations,weekly-mon,2.892
2025-12-15,GASREGECW,PADD 1,gasoline,all formulations,weekly-mon,2.842
2025-12-22,GASREGECW,PADD 1,gasoline,all formulations,weekly-mon,2.82
2025-12-29,GASREGECW,PADD 1,gasoline,all formulations,weekly-mon,2.781
2026-01-05,GASREGECW,PADD 1,gasoline,all formulations,weekly-mon,2.778
2026-01-12,GASREGECW,PADD 1,gasoline,all formulations,weekly-mon,2.741
2026-01-19,GASREGECW,PADD 1,gasoline,all formulations,weekly-mon,2.763
2026-01-26,GASREGECW,PADD 1,gasoline,all formulations,weekly-mon,2.801
2026-02-02,GASREGECW,PADD 1,gasoline,all formulations,weekly-mon,2.822
2026-02-09,GASREGECW,PADD 1,gasoline,all formulations,weekly-mon,2.822
2026-02-16,GASREGECW,PADD 1,gasoline,all formulations,weekly-mon,2.833
2026-02-23,GASREGECW,PADD 1,gasoline,all formulations,weekly-mon,2.834
2026-03-02,GASREGECW,PADD 1,gasoline,all formulations,weekly-mon,2.882
2026-03-09,GASREGECW,PADD 1,gasoline,all formulations,weekly-mon,3.363
2026-03-16,GASREGECW,PADD 1,gasoline,all formulations,weekly-mon,3.577
2026-03-23,GASREGECW,PADD 1,gasoline,all formulations,weekly-mon,3.785
2026-03-30,GASREGECW,PADD 1,gasoline,all formulations,weekly-mon,3.814
2026-04-06,GASREGECW,PADD 1,gasoline,all formulations,weekly-mon,4.0
2026-04-13,GASREGECW,PADD 1,gasoline,all formulations,weekly-mon,3.954
2026-04-20,GASREGECW,PADD 1,gasoline,all formulations,weekly-mon,3.888
2026-04-27,GASREGECW,PADD 1,gasoline,all formulations,weekly-mon,3.958
2026-05-04,GASREGECW,PADD 1,gasoline,all formulations,weekly-mon,4.251
2026-05-11,GASREGECW,PADD 1,gasoline,all formulations,weekly-mon,4.336
2026-05-18,GASREGECW,PADD 1,gasoline,all formulations,weekly-mon,4.305
2026-05-25,GASREGECW,PADD 1,gasoline,all formulations,weekly-mon,4.304
2026-06-01,GASREGECW,PADD 1,gasoline,all formulations,weekly-mon,4.135
2026-06-08,GASREGECW,PADD 1,gasoline,all formulations,weekly-mon,3.99
2026-06-15,GASREGECW,PADD 1,gasoline,all formulations,weekly-mon,3.913
2026-06-22,GASREGECW,PADD 1,gasoline,all formulations,weekly-mon,3.777
2026-06-29,GASREGECW,PADD 1,gasoline,all formulations,weekly-mon,3.742
2026-07-06,GASREGECW,PADD 1,gasoline,all formulations,weekly-mon,3.7
2026-07-13,GASREGECW,PADD 1,gasoline,all formulations,weekly-mon,3.765
2026-07-20,GASREGECW,PADD 1,gasoline,all formulations,weekly-mon,3.924
2026-07-27,GASREGECW,PADD 1,gasoline,all formulations,weekly-mon,3.997
2026-08-03,GASREGECW,PADD 1,gasoline,all formulations,weekly-mon,3.944
2010-01-04,GASREGGCW,PADD 3,gasoline,all formulations,weekly-mon,2.525
2010-01-11,GASREGGCW,PADD 3,gasoline,all formulations,weekly-mon,2.616
2010-01-18,GASREGGCW,PADD 3,gasoline,all formulations,weekly-mon,2.617
2010-01-25,GASREGGCW,PADD 3,gasoline,all formulations,weekly-mon,2.587
2010-02-01,GASREGGCW,PADD 3,gasoline,all formulations,weekly-mon,2.541
2010-02-08,GASREGGCW,PADD 3,gasoline,all formulations,weekly-mon,2.515
2010-02-15,GASREGGCW,PADD 3,gasoline,all formulations,weekly-mon,2.482
2010-02-22,GASREGGCW,PADD 3,gasoline,all formulations,weekly-mon,2.533
2010-03-01,GASREGGCW,PADD 3,gasoline,all formulations,weekly-mon,2.596
2010-03-08,GASREGGCW,PADD 3,gasoline,all formulations,weekly-mon,2.647
2010-03-15,GASREGGCW,PADD 3,gasoline,all formulations,weekly-mon,2.686
2010-03-22,GASREGGCW,PADD 3,gasoline,all formulations,weekly-mon,2.694
2010-03-29,GASREGGCW,PADD 3,gasoline,all formulations,weekly-mon,2.682
2010-04-05,GASREGGCW,PADD 3,gasoline,all formulations,weekly-mon,2.715
2010-04-12,GASREGGCW,PADD 3,gasoline,all formulations,weekly-mon,2.754
2010-04-19,GASREGGCW,PADD 3,gasoline,all formulations,weekly-mon,2.748
2010-04-26,GASREGGCW,PADD 3,gasoline,all formulations,weekly-mon,2.729
2010-05-03,GASREGGCW,PADD 3,gasoline,all formulations,weekly-mon,2.779
2010-05-10,GASREGGCW,PADD 3,gasoline,all formulations,weekly-mon,2.788
2010-05-17,GASREGGCW,PADD 3,gasoline,all formulations,weekly-mon,2.762
2010-05-24,GASREGGCW,PADD 3,gasoline,all formulations,weekly-mon,2.698
2010-05-31,GASREGGCW,PADD 3,gasoline,all formulations,weekly-mon,2.644
2010-06-07,GASREGGCW,PADD 3,gasoline,all formulations,weekly-mon,2.611
2010-06-14,GASREGGCW,PADD 3,gasoline,all formulations,weekly-mon,2.577
2010-06-21,GASREGGCW,PADD 3,gasoline,all formulations,weekly-mon,2.597
2010-06-28,GASREGGCW,PADD 3,gasoline,all formulations,weekly-mon,2.613
2010-07-05,GASREGGCW,PADD 3,gasoline,all formulations,weekly-mon,2.58
2010-07-12,GASREGGCW,PADD 3,gasoline,all formulations,weekly-mon,2.564
2010-07-19,GASREGGCW,PADD 3,gasoline,all formulations,weekly-mon,2.555
2010-07-26,GASREGGCW,PADD 3,gasoline,all formulations,weekly-mon,2.592
2010-08-02,GASREGGCW,PADD 3,gasoline,all formulations,weekly-mon,2.583
2010-08-09,GASREGGCW,PADD 3,gasoline,all formulations,weekly-mon,2.641
2010-08-16,GASREGGCW,PADD 3,gasoline,all formulations,weekly-mon,2.613
2010-08-23,GASREGGCW,PADD 3,gasoline,all formulations,weekly-mon,2.563
2010-08-30,GASREGGCW,PADD 3,gasoline,all formulations,weekly-mon,2.527
2010-09-06,GASREGGCW,PADD 3,gasoline,all formulations,weekly-mon,2.516
2010-09-13,GASREGGCW,PADD 3,gasoline,all formulations,weekly-mon,2.536
2010-09-20,GASREGGCW,PADD 3,gasoline,all formulations,weekly-mon,2.584
2010-09-27,GASREGGCW,PADD 3,gasoline,all formulations,weekly-mon,2.56
2010-10-04,GASREGGCW,PADD 3,gasoline,all formulations,weekly-mon,2.588
2010-10-11,GASREGGCW,PADD 3,gasoline,all formulations,weekly-mon,2.674
2010-10-18,GASREGGCW,PADD 3,gasoline,all formulations,weekly-mon,2.679
2010-10-25,GASREGGCW,PADD 3,gasoline,all formulations,weekly-mon,2.661
2010-11-01,GASREGGCW,PADD 3,gasoline,all formulations,weekly-mon,2.641
2010-11-08,GASREGGCW,PADD 3,gasoline,all formulations,weekly-mon,2.683
2010-11-15,GASREGGCW,PADD 3,gasoline,all formulations,weekly-mon,2.723
2010-11-22,GASREGGCW,PADD 3,gasoline,all formulations,weekly-mon,2.694
2010-11-29,GASREGGCW,PADD 3,gasoline,all formulations,weekly-mon,2.668
2010-12-06,GASREGGCW,PADD 3,gasoline,all formulations,weekly-mon,2.802
2010-12-13,GASREGGCW,PADD 3,gasoline,all formulations,weekly-mon,2.826
2010-12-20,GASREGGCW,PADD 3,gasoline,all formulations,weekly-mon,2.829
2010-12-27,GASREGGCW,PADD 3,gasoline,all formulations,weekly-mon,2.898
2011-01-03,GASREGGCW,PADD 3,gasoline,all formulations,weekly-mon,2.923
2011-01-10,GASREGGCW,PADD 3,gasoline,all formulations,weekly-mon,2.935
2011-01-17,GASREGGCW,PADD 3,gasoline,all formulations,weekly-mon,2.959
2011-01-24,GASREGGCW,PADD 3,gasoline,all formulations,weekly-mon,2.964
2011-01-31,GASREGGCW,PADD 3,gasoline,all formulations,weekly-mon,2.937
2011-02-07,GASREGGCW,PADD 3,gasoline,all formulations,weekly-mon,2.974
2011-02-14,GASREGGCW,PADD 3,gasoline,all formulations,weekly-mon,3.001
2011-02-21,GASREGGCW,PADD 3,gasoline,all formulations,weekly-mon,3.03
2011-02-28,GASREGGCW,PADD 3,gasoline,all formulations,weekly-mon,3.248
2011-03-07,GASREGGCW,PADD 3,gasoline,all formulations,weekly-mon,3.402
2011-03-14,GASREGGCW,PADD 3,gasoline,all formulations,weekly-mon,3.437
2011-03-21,GASREGGCW,PADD 3,gasoline,all formulations,weekly-mon,3.421
2011-03-28,GASREGGCW,PADD 3,gasoline,all formulations,weekly-mon,3.462
2011-04-04,GASREGGCW,PADD 3,gasoline,all formulations,weekly-mon,3.547
2011-04-11,GASREGGCW,PADD 3,gasoline,all formulations,weekly-mon,3.667
2011-04-18,GASREGGCW,PADD 3,gasoline,all formulations,weekly-mon,3.723
2011-04-25,GASREGGCW,PADD 3,gasoline,all formulations,weekly-mon,3.725
2011-05-02,GASREGGCW,PADD 3,gasoline,all formulations,weekly-mon,3.809
2011-05-09,GASREGGCW,PADD 3,gasoline,all formulations,weekly-mon,3.814
2011-05-16,GASREGGCW,PADD 3,gasoline,all formulations,weekly-mon,3.823
2011-05-23,GASREGGCW,PADD 3,gasoline,all formulations,weekly-mon,3.71
2011-05-30,GASREGGCW,PADD 3,gasoline,all formulations,weekly-mon,3.623
2011-06-06,GASREGGCW,PADD 3,gasoline,all formulations,weekly-mon,3.579
2011-06-13,GASREGGCW,PADD 3,gasoline,all formulations,weekly-mon,3.558
2011-06-20,GASREGGCW,PADD 3,gasoline,all formulations,weekly-mon,3.51
2011-06-27,GASREGGCW,PADD 3,gasoline,all formulations,weekly-mon,3.444
2011-07-04,GASREGGCW,PADD 3,gasoline,all formulations,weekly-mon,3.409
2011-07-11,GASREGGCW,PADD 3,gasoline,all formulations,weekly-mon,3.502
2011-07-18,GASREGGCW,PADD 3,gasoline,all formulations,weekly-mon,3.568
2011-07-25,GASREGGCW,PADD 3,gasoline,all formulations,weekly-mon,3.6
2011-08-01,GASREGGCW,PADD 3,gasoline,all formulations,weekly-mon,3.602
2011-08-08,GASREGGCW,PADD 3,gasoline,all formulations,weekly-mon,3.558
2011-08-15,GASREGGCW,PADD 3,gasoline,all formulations,weekly-mon,3.489
2011-08-22,GASREGGCW,PADD 3,gasoline,all formulations,weekly-mon,3.462
2011-08-29,GASREGGCW,PADD 3,gasoline,all formulations,weekly-mon,3.473
2011-09-05,GASREGGCW,PADD 3,gasoline,all formulations,weekly-mon,3.494
2011-09-12,GASREGGCW,PADD 3,gasoline,all formulations,weekly-mon,3.472
2011-09-19,GASREGGCW,PADD 3,gasoline,all formulations,weekly-mon,3.412
2011-09-26,GASREGGCW,PADD 3,gasoline,all formulations,weekly-mon,3.309
2011-10-03,GASREGGCW,PADD 3,gasoline,all formulations,weekly-mon,3.238
2011-10-10,GASREGGCW,PADD 3,gasoline,all formulations,weekly-mon,3.221
2011-10-17,GASREGGCW,PADD 3,gasoline,all formulations,weekly-mon,3.301
2011-10-24,GASREGGCW,PADD 3,gasoline,all formulations,weekly-mon,3.3
2011-10-31,GASREGGCW,PADD 3,gasoline,all formulations,weekly-mon,3.26
2011-11-07,GASREGGCW,PADD 3,gasoline,all formulations,weekly-mon,3.224
2011-11-14,GASREGGCW,PADD 3,gasoline,all formulations,weekly-mon,3.231
2011-11-21,GASREGGCW,PADD 3,gasoline,all formulations,weekly-mon,3.163
2011-11-28,GASREGGCW,PADD 3,gasoline,all formulations,weekly-mon,3.112
2011-12-05,GASREGGCW,PADD 3,gasoline,all formulations,weekly-mon,3.09
2011-12-12,GASREGGCW,PADD 3,gasoline,all formulations,weekly-mon,3.087
2011-12-19,GASREGGCW,PADD 3,gasoline,all formulations,weekly-mon,3.041
2011-12-26,GASREGGCW,PADD 3,gasoline,all formulations,weekly-mon,3.056
2012-01-02,GASREGGCW,PADD 3,gasoline,all formulations,weekly-mon,3.097
2012-01-09,GASREGGCW,PADD 3,gasoline,all formulations,weekly-mon,3.2
2012-01-16,GASREGGCW,PADD 3,gasoline,all formulations,weekly-mon,3.21
2012-01-23,GASREGGCW,PADD 3,gasoline,all formulations,weekly-mon,3.228
2012-01-30,GASREGGCW,PADD 3,gasoline,all formulations,weekly-mon,3.291
2012-02-06,GASREGGCW,PADD 3,gasoline,all formulations,weekly-mon,3.349
2012-02-13,GASREGGCW,PADD 3,gasoline,all formulations,weekly-mon,3.431
2012-02-20,GASREGGCW,PADD 3,gasoline,all formulations,weekly-mon,3.479
2012-02-27,GASREGGCW,PADD 3,gasoline,all formulations,weekly-mon,3.558
2012-03-05,GASREGGCW,PADD 3,gasoline,all formulations,weekly-mon,3.606
2012-03-12,GASREGGCW,PADD 3,gasoline,all formulations,weekly-mon,3.647
2012-03-19,GASREGGCW,PADD 3,gasoline,all formulations,weekly-mon,3.698
2012-03-26,GASREGGCW,PADD 3,gasoline,all formulations,weekly-mon,3.758
2012-04-02,GASREGGCW,PADD 3,gasoline,all formulations,weekly-mon,3.802
2012-04-09,GASREGGCW,PADD 3,gasoline,all formulations,weekly-mon,3.818
2012-04-16,GASREGGCW,PADD 3,gasoline,all formulations,weekly-mon,3.802
2012-04-23,GASREGGCW,PADD 3,gasoline,all formulations,weekly-mon,3.747
2012-04-30,GASREGGCW,PADD 3,gasoline,all formulations,weekly-mon,3.685
2012-05-07,GASREGGCW,PADD 3,gasoline,all formulations,weekly-mon,3.622
2012-05-14,GASREGGCW,PADD 3,gasoline,all formulations,weekly-mon,3.558
2012-05-21,GASREGGCW,PADD 3,gasoline,all formulations,weekly-mon,3.489
2012-05-28,GASREGGCW,PADD 3,gasoline,all formulations,weekly-mon,3.422
2012-06-04,GASREGGCW,PADD 3,gasoline,all formulations,weekly-mon,3.371
2012-06-11,GASREGGCW,PADD 3,gasoline,all formulations,weekly-mon,3.311
2012-06-18,GASREGGCW,PADD 3,gasoline,all formulations,weekly-mon,3.267
2012-06-25,GASREGGCW,PADD 3,gasoline,all formulations,weekly-mon,3.195
2012-07-02,GASREGGCW,PADD 3,gasoline,all formulations,weekly-mon,3.125
2012-07-09,GASREGGCW,PADD 3,gasoline,all formulations,weekly-mon,3.16
2012-07-16,GASREGGCW,PADD 3,gasoline,all formulations,weekly-mon,3.201
2012-07-23,GASREGGCW,PADD 3,gasoline,all formulations,weekly-mon,3.294
2012-07-30,GASREGGCW,PADD 3,gasoline,all formulations,weekly-mon,3.31
2012-08-06,GASREGGCW,PADD 3,gasoline,all formulations,weekly-mon,3.412
2012-08-13,GASREGGCW,PADD 3,gasoline,all formulations,weekly-mon,3.488
2012-08-20,GASREGGCW,PADD 3,gasoline,all formulations,weekly-mon,3.546
2012-08-27,GASREGGCW,PADD 3,gasoline,all formulations,weekly-mon,3.582
2012-09-03,GASREGGCW,PADD 3,gasoline,all formulations,weekly-mon,3.645
2012-09-10,GASREGGCW,PADD 3,gasoline,all formulations,weekly-mon,3.641
2012-09-17,GASREGGCW,PADD 3,gasoline,all formulations,weekly-mon,3.655
2012-09-24,GASREGGCW,PADD 3,gasoline,all formulations,weekly-mon,3.6
2012-10-01,GASREGGCW,PADD 3,gasoline,all formulations,weekly-mon,3.555
2012-10-08,GASREGGCW,PADD 3,gasoline,all formulations,weekly-mon,3.537
2012-10-15,GASREGGCW,PADD 3,gasoline,all formulations,weekly-mon,3.544
2012-10-22,GASREGGCW,PADD 3,gasoline,all formulations,weekly-mon,3.449
2012-10-29,GASREGGCW,PADD 3,gasoline,all formulations,weekly-mon,3.337
2012-11-05,GASREGGCW,PADD 3,gasoline,all formulations,weekly-mon,3.271
2012-11-12,GASREGGCW,PADD 3,gasoline,all formulations,weekly-mon,3.205
2012-11-19,GASREGGCW,PADD 3,gasoline,all formulations,weekly-mon,3.166
2012-11-26,GASREGGCW,PADD 3,gasoline,all formulations,weekly-mon,3.173
2012-12-03,GASREGGCW,PADD 3,gasoline,all formulations,weekly-mon,3.158
2012-12-10,GASREGGCW,PADD 3,gasoline,all formulations,weekly-mon,3.122
2012-12-17,GASREGGCW,PADD 3,gasoline,all formulations,weekly-mon,3.045
2012-12-24,GASREGGCW,PADD 3,gasoline,all formulations,weekly-mon,3.054
2012-12-31,GASREGGCW,PADD 3,gasoline,all formulations,weekly-mon,3.107
2013-01-07,GASREGGCW,PADD 3,gasoline,all formulations,weekly-mon,3.167
2013-01-14,GASREGGCW,PADD 3,gasoline,all formulations,weekly-mon,3.165
2013-01-21,GASREGGCW,PADD 3,gasoline,all formulations,weekly-mon,3.152
2013-01-28,GASREGGCW,PADD 3,gasoline,all formulations,weekly-mon,3.164
2013-02-04,GASREGGCW,PADD 3,gasoline,all formulations,weekly-mon,3.332
2013-02-11,GASREGGCW,PADD 3,gasoline,all formulations,weekly-mon,3.383
2013-02-18,GASREGGCW,PADD 3,gasoline,all formulations,weekly-mon,3.533
2013-02-25,GASREGGCW,PADD 3,gasoline,all formulations,weekly-mon,3.624
2013-03-04,GASREGGCW,PADD 3,gasoline,all formulations,weekly-mon,3.576
2013-03-11,GASREGGCW,PADD 3,gasoline,all formulations,weekly-mon,3.542
2013-03-18,GASREGGCW,PADD 3,gasoline,all formulations,weekly-mon,3.522
2013-03-25,GASREGGCW,PADD 3,gasoline,all formulations,weekly-mon,3.505
2013-04-01,GASREGGCW,PADD 3,gasoline,all formulations,weekly-mon,3.48
2013-04-08,GASREGGCW,PADD 3,gasoline,all formulations,weekly-mon,3.434
2013-04-15,GASREGGCW,PADD 3,gasoline,all formulations,weekly-mon,3.363
2013-04-22,GASREGGCW,PADD 3,gasoline,all formulations,weekly-mon,3.324
2013-04-29,GASREGGCW,PADD 3,gasoline,all formulations,weekly-mon,3.295
2013-05-06,GASREGGCW,PADD 3,gasoline,all formulations,weekly-mon,3.299
2013-05-13,GASREGGCW,PADD 3,gasoline,all formulations,weekly-mon,3.364
2013-05-20,GASREGGCW,PADD 3,gasoline,all formulations,weekly-mon,3.392
2013-05-27,GASREGGCW,PADD 3,gasoline,all formulations,weekly-mon,3.366
2013-06-03,GASREGGCW,PADD 3,gasoline,all formulations,weekly-mon,3.34
2013-06-10,GASREGGCW,PADD 3,gasoline,all formulations,weekly-mon,3.339
2013-06-17,GASREGGCW,PADD 3,gasoline,all formulations,weekly-mon,3.378
2013-06-24,GASREGGCW,PADD 3,gasoline,all formulations,weekly-mon,3.377
2013-07-01,GASREGGCW,PADD 3,gasoline,all formulations,weekly-mon,3.312
2013-07-08,GASREGGCW,PADD 3,gasoline,all formulations,weekly-mon,3.295
2013-07-15,GASREGGCW,PADD 3,gasoline,all formulations,weekly-mon,3.443
2013-07-22,GASREGGCW,PADD 3,gasoline,all formulations,weekly-mon,3.507
2013-07-29,GASREGGCW,PADD 3,gasoline,all formulations,weekly-mon,3.478
2013-08-05,GASREGGCW,PADD 3,gasoline,all formulations,weekly-mon,3.446
2013-08-12,GASREGGCW,PADD 3,gasoline,all formulations,weekly-mon,3.388
2013-08-19,GASREGGCW,PADD 3,gasoline,all formulations,weekly-mon,3.373
2013-08-26,GASREGGCW,PADD 3,gasoline,all formulations,weekly-mon,3.382
2013-09-02,GASREGGCW,PADD 3,gasoline,all formulations,weekly-mon,3.406
2013-09-09,GASREGGCW,PADD 3,gasoline,all formulations,weekly-mon,3.377
2013-09-16,GASREGGCW,PADD 3,gasoline,all formulations,weekly-mon,3.301
2013-09-23,GASREGGCW,PADD 3,gasoline,all formulations,weekly-mon,3.231
2013-09-30,GASREGGCW,PADD 3,gasoline,all formulations,weekly-mon,3.176
2013-10-07,GASREGGCW,PADD 3,gasoline,all formulations,weekly-mon,3.127
2013-10-14,GASREGGCW,PADD 3,gasoline,all formulations,weekly-mon,3.107
2013-10-21,GASREGGCW,PADD 3,gasoline,all formulations,weekly-mon,3.129
2013-10-28,GASREGGCW,PADD 3,gasoline,all formulations,weekly-mon,3.072
2013-11-04,GASREGGCW,PADD 3,gasoline,all formulations,weekly-mon,3.03
2013-11-11,GASREGGCW,PADD 3,gasoline,all formulations,weekly-mon,2.978
2013-11-18,GASREGGCW,PADD 3,gasoline,all formulations,weekly-mon,3.004
2013-11-25,GASREGGCW,PADD 3,gasoline,all formulations,weekly-mon,3.14
2013-12-02,GASREGGCW,PADD 3,gasoline,all formulations,weekly-mon,3.124
2013-12-09,GASREGGCW,PADD 3,gasoline,all formulations,weekly-mon,3.104
2013-12-16,GASREGGCW,PADD 3,gasoline,all formulations,weekly-mon,3.047
2013-12-23,GASREGGCW,PADD 3,gasoline,all formulations,weekly-mon,3.061
2013-12-30,GASREGGCW,PADD 3,gasoline,all formulations,weekly-mon,3.117
2014-01-06,GASREGGCW,PADD 3,gasoline,all formulations,weekly-mon,3.123
2014-01-13,GASREGGCW,PADD 3,gasoline,all formulations,weekly-mon,3.108
2014-01-20,GASREGGCW,PADD 3,gasoline,all formulations,weekly-mon,3.103
2014-01-27,GASREGGCW,PADD 3,gasoline,all formulations,weekly-mon,3.092
2014-02-03,GASREGGCW,PADD 3,gasoline,all formulations,weekly-mon,3.083
2014-02-10,GASREGGCW,PADD 3,gasoline,all formulations,weekly-mon,3.086
2014-02-17,GASREGGCW,PADD 3,gasoline,all formulations,weekly-mon,3.179
2014-02-24,GASREGGCW,PADD 3,gasoline,all formulations,weekly-mon,3.209
2014-03-03,GASREGGCW,PADD 3,gasoline,all formulations,weekly-mon,3.227
2014-03-10,GASREGGCW,PADD 3,gasoline,all formulations,weekly-mon,3.252
2014-03-17,GASREGGCW,PADD 3,gasoline,all formulations,weekly-mon,3.283
2014-03-24,GASREGGCW,PADD 3,gasoline,all formulations,weekly-mon,3.319
2014-03-31,GASREGGCW,PADD 3,gasoline,all formulations,weekly-mon,3.343
2014-04-07,GASREGGCW,PADD 3,gasoline,all formulations,weekly-mon,3.392
2014-04-14,GASREGGCW,PADD 3,gasoline,all formulations,weekly-mon,3.472
2014-04-21,GASREGGCW,PADD 3,gasoline,all formulations,weekly-mon,3.491
2014-04-28,GASREGGCW,PADD 3,gasoline,all formulations,weekly-mon,3.491
2014-05-05,GASREGGCW,PADD 3,gasoline,all formulations,weekly-mon,3.465
2014-05-12,GASREGGCW,PADD 3,gasoline,all formulations,weekly-mon,3.437
2014-05-19,GASREGGCW,PADD 3,gasoline,all formulations,weekly-mon,3.439
2014-05-26,GASREGGCW,PADD 3,gasoline,all formulations,weekly-mon,3.435
2014-06-02,GASREGGCW,PADD 3,gasoline,all formulations,weekly-mon,3.44
2014-06-09,GASREGGCW,PADD 3,gasoline,all formulations,weekly-mon,3.418
2014-06-16,GASREGGCW,PADD 3,gasoline,all formulations,weekly-mon,3.428
2014-06-23,GASREGGCW,PADD 3,gasoline,all formulations,weekly-mon,3.494
2014-06-30,GASREGGCW,PADD 3,gasoline,all formulations,weekly-mon,3.483
2014-07-07,GASREGGCW,PADD 3,gasoline,all formulations,weekly-mon,3.462
2014-07-14,GASREGGCW,PADD 3,gasoline,all formulations,weekly-mon,3.44
2014-07-21,GASREGGCW,PADD 3,gasoline,all formulations,weekly-mon,3.394
2014-07-28,GASREGGCW,PADD 3,gasoline,all formulations,weekly-mon,3.349
2014-08-04,GASREGGCW,PADD 3,gasoline,all formulations,weekly-mon,3.306
2014-08-11,GASREGGCW,PADD 3,gasoline,all formulations,weekly-mon,3.271
2014-08-18,GASREGGCW,PADD 3,gasoline,all formulations,weekly-mon,3.264
2014-08-25,GASREGGCW,PADD 3,gasoline,all formulations,weekly-mon,3.238
2014-09-01,GASREGGCW,PADD 3,gasoline,all formulations,weekly-mon,3.216
2014-09-08,GASREGGCW,PADD 3,gasoline,all formulations,weekly-mon,3.223
2014-09-15,GASREGGCW,PADD 3,gasoline,all formulations,weekly-mon,3.173
2014-09-22,GASREGGCW,PADD 3,gasoline,all formulations,weekly-mon,3.127
2014-09-29,GASREGGCW,PADD 3,gasoline,all formulations,weekly-mon,3.156
2014-10-06,GASREGGCW,PADD 3,gasoline,all formulations,weekly-mon,3.109
2014-10-13,GASREGGCW,PADD 3,gasoline,all formulations,weekly-mon,3.008
2014-10-20,GASREGGCW,PADD 3,gasoline,all formulations,weekly-mon,2.912
2014-10-27,GASREGGCW,PADD 3,gasoline,all formulations,weekly-mon,2.83
2014-11-03,GASREGGCW,PADD 3,gasoline,all formulations,weekly-mon,2.769
2014-11-10,GASREGGCW,PADD 3,gasoline,all formulations,weekly-mon,2.723
2014-11-17,GASREGGCW,PADD 3,gasoline,all formulations,weekly-mon,2.673
2014-11-24,GASREGGCW,PADD 3,gasoline,all formulations,weekly-mon,2.593
2014-12-01,GASREGGCW,PADD 3,gasoline,all formulations,weekly-mon,2.531
2014-12-08,GASREGGCW,PADD 3,gasoline,all formulations,weekly-mon,2.44
2014-12-15,GASREGGCW,PADD 3,gasoline,all formulations,weekly-mon,2.328
2014-12-22,GASREGGCW,PADD 3,gasoline,all formulations,weekly-mon,2.176
2014-12-29,GASREGGCW,PADD 3,gasoline,all formulations,weekly-mon,2.073
2015-01-05,GASREGGCW,PADD 3,gasoline,all formulations,weekly-mon,1.993
2015-01-12,GASREGGCW,PADD 3,gasoline,all formulations,weekly-mon,1.911
2015-01-19,GASREGGCW,PADD 3,gasoline,all formulations,weekly-mon,1.844
2015-01-26,GASREGGCW,PADD 3,gasoline,all formulations,weekly-mon,1.85
2015-02-02,GASREGGCW,PADD 3,gasoline,all formulations,weekly-mon,1.86
2015-02-09,GASREGGCW,PADD 3,gasoline,all formulations,weekly-mon,1.984
2015-02-16,GASREGGCW,PADD 3,gasoline,all formulations,weekly-mon,2.074
2015-02-23,GASREGGCW,PADD 3,gasoline,all formulations,weekly-mon,2.109
2015-03-02,GASREGGCW,PADD 3,gasoline,all formulations,weekly-mon,2.215
2015-03-09,GASREGGCW,PADD 3,gasoline,all formulations,weekly-mon,2.228
2015-03-16,GASREGGCW,PADD 3,gasoline,all formulations,weekly-mon,2.22
2015-03-23,GASREGGCW,PADD 3,gasoline,all formulations,weekly-mon,2.191
2015-03-30,GASREGGCW,PADD 3,gasoline,all formulations,weekly-mon,2.187
2015-04-06,GASREGGCW,PADD 3,gasoline,all formulations,weekly-mon,2.183
2015-04-13,GASREGGCW,PADD 3,gasoline,all formulations,weekly-mon,2.188
2015-04-20,GASREGGCW,PADD 3,gasoline,all formulations,weekly-mon,2.242
2015-04-27,GASREGGCW,PADD 3,gasoline,all formulations,weekly-mon,2.305
2015-05-04,GASREGGCW,PADD 3,gasoline,all formulations,weekly-mon,2.384
2015-05-11,GASREGGCW,PADD 3,gasoline,all formulations,weekly-mon,2.436
2015-05-18,GASREGGCW,PADD 3,gasoline,all formulations,weekly-mon,2.466
2015-05-25,GASREGGCW,PADD 3,gasoline,all formulations,weekly-mon,2.486
2015-06-01,GASREGGCW,PADD 3,gasoline,all formulations,weekly-mon,2.483
2015-06-08,GASREGGCW,PADD 3,gasoline,all formulations,weekly-mon,2.536
2015-06-15,GASREGGCW,PADD 3,gasoline,all formulations,weekly-mon,2.593
2015-06-22,GASREGGCW,PADD 3,gasoline,all formulations,weekly-mon,2.574
2015-06-29,GASREGGCW,PADD 3,gasoline,all formulations,weekly-mon,2.542
2015-07-06,GASREGGCW,PADD 3,gasoline,all formulations,weekly-mon,2.521
2015-07-13,GASREGGCW,PADD 3,gasoline,all formulations,weekly-mon,2.527
2015-07-20,GASREGGCW,PADD 3,gasoline,all formulations,weekly-mon,2.488
2015-07-27,GASREGGCW,PADD 3,gasoline,all formulations,weekly-mon,2.439
2015-08-03,GASREGGCW,PADD 3,gasoline,all formulations,weekly-mon,2.393
2015-08-10,GASREGGCW,PADD 3,gasoline,all formulations,weekly-mon,2.336
2015-08-17,GASREGGCW,PADD 3,gasoline,all formulations,weekly-mon,2.336
2015-08-24,GASREGGCW,PADD 3,gasoline,all formulations,weekly-mon,2.287
2015-08-31,GASREGGCW,PADD 3,gasoline,all formulations,weekly-mon,2.196
2015-09-07,GASREGGCW,PADD 3,gasoline,all formulations,weekly-mon,2.137
2015-09-14,GASREGGCW,PADD 3,gasoline,all formulations,weekly-mon,2.091
2015-09-21,GASREGGCW,PADD 3,gasoline,all formulations,weekly-mon,2.025
2015-09-28,GASREGGCW,PADD 3,gasoline,all formulations,weekly-mon,2.015
2015-10-05,GASREGGCW,PADD 3,gasoline,all formulations,weekly-mon,2.035
2015-10-12,GASREGGCW,PADD 3,gasoline,all formulations,weekly-mon,2.051
2015-10-19,GASREGGCW,PADD 3,gasoline,all formulations,weekly-mon,2.003
2015-10-26,GASREGGCW,PADD 3,gasoline,all formulations,weekly-mon,1.945
2015-11-02,GASREGGCW,PADD 3,gasoline,all formulations,weekly-mon,1.916
2015-11-09,GASREGGCW,PADD 3,gasoline,all formulations,weekly-mon,1.972
2015-11-16,GASREGGCW,PADD 3,gasoline,all formulations,weekly-mon,1.926
2015-11-23,GASREGGCW,PADD 3,gasoline,all formulations,weekly-mon,1.854
2015-11-30,GASREGGCW,PADD 3,gasoline,all formulations,weekly-mon,1.824
2015-12-07,GASREGGCW,PADD 3,gasoline,all formulations,weekly-mon,1.816
2015-12-14,GASREGGCW,PADD 3,gasoline,all formulations,weekly-mon,1.788
2015-12-21,GASREGGCW,PADD 3,gasoline,all formulations,weekly-mon,1.781
2015-12-28,GASREGGCW,PADD 3,gasoline,all formulations,weekly-mon,1.76
2016-01-04,GASREGGCW,PADD 3,gasoline,all formulations,weekly-mon,1.75
2016-01-11,GASREGGCW,PADD 3,gasoline,all formulations,weekly-mon,1.727
2016-01-18,GASREGGCW,PADD 3,gasoline,all formulations,weekly-mon,1.672
2016-01-25,GASREGGCW,PADD 3,gasoline,all formulations,weekly-mon,1.628
2016-02-01,GASREGGCW,PADD 3,gasoline,all formulations,weekly-mon,1.59
2016-02-08,GASREGGCW,PADD 3,gasoline,all formulations,weekly-mon,1.561
2016-02-15,GASREGGCW,PADD 3,gasoline,all formulations,weekly-mon,1.528
2016-02-22,GASREGGCW,PADD 3,gasoline,all formulations,weekly-mon,1.526
2016-02-29,GASREGGCW,PADD 3,gasoline,all formulations,weekly-mon,1.559
2016-03-07,GASREGGCW,PADD 3,gasoline,all formulations,weekly-mon,1.603
2016-03-14,GASREGGCW,PADD 3,gasoline,all formulations,weekly-mon,1.746
2016-03-21,GASREGGCW,PADD 3,gasoline,all formulations,weekly-mon,1.805
2016-03-28,GASREGGCW,PADD 3,gasoline,all formulations,weekly-mon,1.863
2016-04-04,GASREGGCW,PADD 3,gasoline,all formulations,weekly-mon,1.869
2016-04-11,GASREGGCW,PADD 3,gasoline,all formulations,weekly-mon,1.835
2016-04-18,GASREGGCW,PADD 3,gasoline,all formulations,weekly-mon,1.91
2016-04-25,GASREGGCW,PADD 3,gasoline,all formulations,weekly-mon,1.913
2016-05-02,GASREGGCW,PADD 3,gasoline,all formulations,weekly-mon,1.995
2016-05-09,GASREGGCW,PADD 3,gasoline,all formulations,weekly-mon,1.987
2016-05-16,GASREGGCW,PADD 3,gasoline,all formulations,weekly-mon,1.987
2016-05-23,GASREGGCW,PADD 3,gasoline,all formulations,weekly-mon,2.064
2016-05-30,GASREGGCW,PADD 3,gasoline,all formulations,weekly-mon,2.09
2016-06-06,GASREGGCW,PADD 3,gasoline,all formulations,weekly-mon,2.142
2016-06-13,GASREGGCW,PADD 3,gasoline,all formulations,weekly-mon,2.135
2016-06-20,GASREGGCW,PADD 3,gasoline,all formulations,weekly-mon,2.096
2016-06-27,GASREGGCW,PADD 3,gasoline,all formulations,weekly-mon,2.097
2016-07-04,GASREGGCW,PADD 3,gasoline,all formulations,weekly-mon,2.074
2016-07-11,GASREGGCW,PADD 3,gasoline,all formulations,weekly-mon,2.045
2016-07-18,GASREGGCW,PADD 3,gasoline,all formulations,weekly-mon,2.007
2016-07-25,GASREGGCW,PADD 3,gasoline,all formulations,weekly-mon,1.98
2016-08-01,GASREGGCW,PADD 3,gasoline,all formulations,weekly-mon,1.944
2016-08-08,GASREGGCW,PADD 3,gasoline,all formulations,weekly-mon,1.928
2016-08-15,GASREGGCW,PADD 3,gasoline,all formulations,weekly-mon,1.938
2016-08-22,GASREGGCW,PADD 3,gasoline,all formulations,weekly-mon,1.964
2016-08-29,GASREGGCW,PADD 3,gasoline,all formulations,weekly-mon,2.009
2016-09-05,GASREGGCW,PADD 3,gasoline,all formulations,weekly-mon,2.005
2016-09-12,GASREGGCW,PADD 3,gasoline,all formulations,weekly-mon,1.973
2016-09-19,GASREGGCW,PADD 3,gasoline,all formulations,weekly-mon,1.967
2016-09-26,GASREGGCW,PADD 3,gasoline,all formulations,weekly-mon,1.964
2016-10-03,GASREGGCW,PADD 3,gasoline,all formulations,weekly-mon,2.007
2016-10-10,GASREGGCW,PADD 3,gasoline,all formulations,weekly-mon,2.038
2016-10-17,GASREGGCW,PADD 3,gasoline,all formulations,weekly-mon,2.043
2016-10-24,GASREGGCW,PADD 3,gasoline,all formulations,weekly-mon,2.056
2016-10-31,GASREGGCW,PADD 3,gasoline,all formulations,weekly-mon,2.042
2016-11-07,GASREGGCW,PADD 3,gasoline,all formulations,weekly-mon,2.015
2016-11-14,GASREGGCW,PADD 3,gasoline,all formulations,weekly-mon,1.975
2016-11-21,GASREGGCW,PADD 3,gasoline,all formulations,weekly-mon,1.918
2016-11-28,GASREGGCW,PADD 3,gasoline,all formulations,weekly-mon,1.906
2016-12-05,GASREGGCW,PADD 3,gasoline,all formulations,weekly-mon,1.979
2016-12-12,GASREGGCW,PADD 3,gasoline,all formulations,weekly-mon,2.008
2016-12-19,GASREGGCW,PADD 3,gasoline,all formulations,weekly-mon,2.053
2016-12-26,GASREGGCW,PADD 3,gasoline,all formulations,weekly-mon,2.08
2017-01-02,GASREGGCW,PADD 3,gasoline,all formulations,weekly-mon,2.148
2017-01-09,GASREGGCW,PADD 3,gasoline,all formulations,weekly-mon,2.168
2017-01-16,GASREGGCW,PADD 3,gasoline,all formulations,weekly-mon,2.142
2017-01-23,GASREGGCW,PADD 3,gasoline,all formulations,weekly-mon,2.124
2017-01-30,GASREGGCW,PADD 3,gasoline,all formulations,weekly-mon,2.089
2017-02-06,GASREGGCW,PADD 3,gasoline,all formulations,weekly-mon,2.071
2017-02-13,GASREGGCW,PADD 3,gasoline,all formulations,weekly-mon,2.08
2017-02-20,GASREGGCW,PADD 3,gasoline,all formulations,weekly-mon,2.069
2017-02-27,GASREGGCW,PADD 3,gasoline,all formulations,weekly-mon,2.069
2017-03-06,GASREGGCW,PADD 3,gasoline,all formulations,weekly-mon,2.094
2017-03-13,GASREGGCW,PADD 3,gasoline,all formulations,weekly-mon,2.075
2017-03-20,GASREGGCW,PADD 3,gasoline,all formulations,weekly-mon,2.072
2017-03-27,GASREGGCW,PADD 3,gasoline,all formulations,weekly-mon,2.087
2017-04-03,GASREGGCW,PADD 3,gasoline,all formulations,weekly-mon,2.124
2017-04-10,GASREGGCW,PADD 3,gasoline,all formulations,weekly-mon,2.192
2017-04-17,GASREGGCW,PADD 3,gasoline,all formulations,weekly-mon,2.241
2017-04-24,GASREGGCW,PADD 3,gasoline,all formulations,weekly-mon,2.225
2017-05-01,GASREGGCW,PADD 3,gasoline,all formulations,weekly-mon,2.196
2017-05-08,GASREGGCW,PADD 3,gasoline,all formulations,weekly-mon,2.168
2017-05-15,GASREGGCW,PADD 3,gasoline,all formulations,weekly-mon,2.129
2017-05-22,GASREGGCW,PADD 3,gasoline,all formulations,weekly-mon,2.149
2017-05-29,GASREGGCW,PADD 3,gasoline,all formulations,weekly-mon,2.155
2017-06-05,GASREGGCW,PADD 3,gasoline,all formulations,weekly-mon,2.171
2017-06-12,GASREGGCW,PADD 3,gasoline,all formulations,weekly-mon,2.141
2017-06-19,GASREGGCW,PADD 3,gasoline,all formulations,weekly-mon,2.091
2017-06-26,GASREGGCW,PADD 3,gasoline,all formulations,weekly-mon,2.053
2017-07-03,GASREGGCW,PADD 3,gasoline,all formulations,weekly-mon,2.006
2017-07-10,GASREGGCW,PADD 3,gasoline,all formulations,weekly-mon,2.032
2017-07-17,GASREGGCW,PADD 3,gasoline,all formulations,weekly-mon,2.028
2017-07-24,GASREGGCW,PADD 3,gasoline,all formulations,weekly-mon,2.068
2017-07-31,GASREGGCW,PADD 3,gasoline,all formulations,weekly-mon,2.083
2017-08-07,GASREGGCW,PADD 3,gasoline,all formulations,weekly-mon,2.154
2017-08-14,GASREGGCW,PADD 3,gasoline,all formulations,weekly-mon,2.145
2017-08-21,GASREGGCW,PADD 3,gasoline,all formulations,weekly-mon,2.118
2017-08-28,GASREGGCW,PADD 3,gasoline,all formulations,weekly-mon,2.156
2017-09-04,GASREGGCW,PADD 3,gasoline,all formulations,weekly-mon,2.506
2017-09-11,GASREGGCW,PADD 3,gasoline,all formulations,weekly-mon,2.501
2017-09-18,GASREGGCW,PADD 3,gasoline,all formulations,weekly-mon,2.465
2017-09-25,GASREGGCW,PADD 3,gasoline,all formulations,weekly-mon,2.423
2017-10-02,GASREGGCW,PADD 3,gasoline,all formulations,weekly-mon,2.381
2017-10-09,GASREGGCW,PADD 3,gasoline,all formulations,weekly-mon,2.316
2017-10-16,GASREGGCW,PADD 3,gasoline,all formulations,weekly-mon,2.262
2017-10-23,GASREGGCW,PADD 3,gasoline,all formulations,weekly-mon,2.226
2017-10-30,GASREGGCW,PADD 3,gasoline,all formulations,weekly-mon,2.215
2017-11-06,GASREGGCW,PADD 3,gasoline,all formulations,weekly-mon,2.249
2017-11-13,GASREGGCW,PADD 3,gasoline,all formulations,weekly-mon,2.302
2017-11-20,GASREGGCW,PADD 3,gasoline,all formulations,weekly-mon,2.285
2017-11-27,GASREGGCW,PADD 3,gasoline,all formulations,weekly-mon,2.262
2017-12-04,GASREGGCW,PADD 3,gasoline,all formulations,weekly-mon,2.25
2017-12-11,GASREGGCW,PADD 3,gasoline,all formulations,weekly-mon,2.216
2017-12-18,GASREGGCW,PADD 3,gasoline,all formulations,weekly-mon,2.164
2017-12-25,GASREGGCW,PADD 3,gasoline,all formulations,weekly-mon,2.17
2018-01-01,GASREGGCW,PADD 3,gasoline,all formulations,weekly-mon,2.238
2018-01-08,GASREGGCW,PADD 3,gasoline,all formulations,weekly-mon,2.242
2018-01-15,GASREGGCW,PADD 3,gasoline,all formulations,weekly-mon,2.276
2018-01-22,GASREGGCW,PADD 3,gasoline,all formulations,weekly-mon,2.309
2018-01-29,GASREGGCW,PADD 3,gasoline,all formulations,weekly-mon,2.347
2018-02-05,GASREGGCW,PADD 3,gasoline,all formulations,weekly-mon,2.368
2018-02-12,GASREGGCW,PADD 3,gasoline,all formulations,weekly-mon,2.331
2018-02-19,GASREGGCW,PADD 3,gasoline,all formulations,weekly-mon,2.276
2018-02-26,GASREGGCW,PADD 3,gasoline,all formulations,weekly-mon,2.25
2018-03-05,GASREGGCW,PADD 3,gasoline,all formulations,weekly-mon,2.278
2018-03-12,GASREGGCW,PADD 3,gasoline,all formulations,weekly-mon,2.274
2018-03-19,GASREGGCW,PADD 3,gasoline,all formulations,weekly-mon,2.304
2018-03-26,GASREGGCW,PADD 3,gasoline,all formulations,weekly-mon,2.381
2018-04-02,GASREGGCW,PADD 3,gasoline,all formulations,weekly-mon,2.428
2018-04-09,GASREGGCW,PADD 3,gasoline,all formulations,weekly-mon,2.423
2018-04-16,GASREGGCW,PADD 3,gasoline,all formulations,weekly-mon,2.496
2018-04-23,GASREGGCW,PADD 3,gasoline,all formulations,weekly-mon,2.546
2018-04-30,GASREGGCW,PADD 3,gasoline,all formulations,weekly-mon,2.589
2018-05-07,GASREGGCW,PADD 3,gasoline,all formulations,weekly-mon,2.589
2018-05-14,GASREGGCW,PADD 3,gasoline,all formulations,weekly-mon,2.613
2018-05-21,GASREGGCW,PADD 3,gasoline,all formulations,weekly-mon,2.676
2018-05-28,GASREGGCW,PADD 3,gasoline,all formulations,weekly-mon,2.721
2018-06-04,GASREGGCW,PADD 3,gasoline,all formulations,weekly-mon,2.725
2018-06-11,GASREGGCW,PADD 3,gasoline,all formulations,weekly-mon,2.696
2018-06-18,GASREGGCW,PADD 3,gasoline,all formulations,weekly-mon,2.654
2018-06-25,GASREGGCW,PADD 3,gasoline,all formulations,weekly-mon,2.615
2018-07-02,GASREGGCW,PADD 3,gasoline,all formulations,weekly-mon,2.604
2018-07-09,GASREGGCW,PADD 3,gasoline,all formulations,weekly-mon,2.619
2018-07-16,GASREGGCW,PADD 3,gasoline,all formulations,weekly-mon,2.602
2018-07-23,GASREGGCW,PADD 3,gasoline,all formulations,weekly-mon,2.573
2018-07-30,GASREGGCW,PADD 3,gasoline,all formulations,weekly-mon,2.593
2018-08-06,GASREGGCW,PADD 3,gasoline,all formulations,weekly-mon,2.59
2018-08-13,GASREGGCW,PADD 3,gasoline,all formulations,weekly-mon,2.586
2018-08-20,GASREGGCW,PADD 3,gasoline,all formulations,weekly-mon,2.568
2018-08-27,GASREGGCW,PADD 3,gasoline,all formulations,weekly-mon,2.569
2018-09-03,GASREGGCW,PADD 3,gasoline,all formulations,weekly-mon,2.549
2018-09-10,GASREGGCW,PADD 3,gasoline,all formulations,weekly-mon,2.572
2018-09-17,GASREGGCW,PADD 3,gasoline,all formulations,weekly-mon,2.561
2018-09-24,GASREGGCW,PADD 3,gasoline,all formulations,weekly-mon,2.559
2018-10-01,GASREGGCW,PADD 3,gasoline,all formulations,weekly-mon,2.593
2018-10-08,GASREGGCW,PADD 3,gasoline,all formulations,weekly-mon,2.626
2018-10-15,GASREGGCW,PADD 3,gasoline,all formulations,weekly-mon,2.627
2018-10-22,GASREGGCW,PADD 3,gasoline,all formulations,weekly-mon,2.582
2018-10-29,GASREGGCW,PADD 3,gasoline,all formulations,weekly-mon,2.523
2018-11-05,GASREGGCW,PADD 3,gasoline,all formulations,weekly-mon,2.455
2018-11-12,GASREGGCW,PADD 3,gasoline,all formulations,weekly-mon,2.387
2018-11-19,GASREGGCW,PADD 3,gasoline,all formulations,weekly-mon,2.308
2018-11-26,GASREGGCW,PADD 3,gasoline,all formulations,weekly-mon,2.216
2018-12-03,GASREGGCW,PADD 3,gasoline,all formulations,weekly-mon,2.123
2018-12-10,GASREGGCW,PADD 3,gasoline,all formulations,weekly-mon,2.074
2018-12-17,GASREGGCW,PADD 3,gasoline,all formulations,weekly-mon,2.031
2018-12-24,GASREGGCW,PADD 3,gasoline,all formulations,weekly-mon,1.981
2018-12-31,GASREGGCW,PADD 3,gasoline,all formulations,weekly-mon,1.926
2019-01-07,GASREGGCW,PADD 3,gasoline,all formulations,weekly-mon,1.886
2019-01-14,GASREGGCW,PADD 3,gasoline,all formulations,weekly-mon,1.91
2019-01-21,GASREGGCW,PADD 3,gasoline,all formulations,weekly-mon,1.914
2019-01-28,GASREGGCW,PADD 3,gasoline,all formulations,weekly-mon,1.959
2019-02-04,GASREGGCW,PADD 3,gasoline,all formulations,weekly-mon,1.931
2019-02-11,GASREGGCW,PADD 3,gasoline,all formulations,weekly-mon,1.959
2019-02-18,GASREGGCW,PADD 3,gasoline,all formulations,weekly-mon,2.048
2019-02-25,GASREGGCW,PADD 3,gasoline,all formulations,weekly-mon,2.113
2019-03-04,GASREGGCW,PADD 3,gasoline,all formulations,weekly-mon,2.181
2019-03-11,GASREGGCW,PADD 3,gasoline,all formulations,weekly-mon,2.217
2019-03-18,GASREGGCW,PADD 3,gasoline,all formulations,weekly-mon,2.301
2019-03-25,GASREGGCW,PADD 3,gasoline,all formulations,weekly-mon,2.379
2019-04-01,GASREGGCW,PADD 3,gasoline,all formulations,weekly-mon,2.447
2019-04-08,GASREGGCW,PADD 3,gasoline,all formulations,weekly-mon,2.452
2019-04-15,GASREGGCW,PADD 3,gasoline,all formulations,weekly-mon,2.536
2019-04-22,GASREGGCW,PADD 3,gasoline,all formulations,weekly-mon,2.535
2019-04-29,GASREGGCW,PADD 3,gasoline,all formulations,weekly-mon,2.582
2019-05-06,GASREGGCW,PADD 3,gasoline,all formulations,weekly-mon,2.557
2019-05-13,GASREGGCW,PADD 3,gasoline,all formulations,weekly-mon,2.518
2019-05-20,GASREGGCW,PADD 3,gasoline,all formulations,weekly-mon,2.517
2019-05-27,GASREGGCW,PADD 3,gasoline,all formulations,weekly-mon,2.473
2019-06-03,GASREGGCW,PADD 3,gasoline,all formulations,weekly-mon,2.424
2019-06-10,GASREGGCW,PADD 3,gasoline,all formulations,weekly-mon,2.362
2019-06-17,GASREGGCW,PADD 3,gasoline,all formulations,weekly-mon,2.336
2019-06-24,GASREGGCW,PADD 3,gasoline,all formulations,weekly-mon,2.299
2019-07-01,GASREGGCW,PADD 3,gasoline,all formulations,weekly-mon,2.368
2019-07-08,GASREGGCW,PADD 3,gasoline,all formulations,weekly-mon,2.418
2019-07-15,GASREGGCW,PADD 3,gasoline,all formulations,weekly-mon,2.455
2019-07-22,GASREGGCW,PADD 3,gasoline,all formulations,weekly-mon,2.463
2019-07-29,GASREGGCW,PADD 3,gasoline,all formulations,weekly-mon,2.422
2019-08-05,GASREGGCW,PADD 3,gasoline,all formulations,weekly-mon,2.385
2019-08-12,GASREGGCW,PADD 3,gasoline,all formulations,weekly-mon,2.324
2019-08-19,GASREGGCW,PADD 3,gasoline,all formulations,weekly-mon,2.269
2019-08-26,GASREGGCW,PADD 3,gasoline,all formulations,weekly-mon,2.261
2019-09-02,GASREGGCW,PADD 3,gasoline,all formulations,weekly-mon,2.226
2019-09-09,GASREGGCW,PADD 3,gasoline,all formulations,weekly-mon,2.236
2019-09-16,GASREGGCW,PADD 3,gasoline,all formulations,weekly-mon,2.233
2019-09-23,GASREGGCW,PADD 3,gasoline,all formulations,weekly-mon,2.353
2019-09-30,GASREGGCW,PADD 3,gasoline,all formulations,weekly-mon,2.326
2019-10-07,GASREGGCW,PADD 3,gasoline,all formulations,weekly-mon,2.282
2019-10-14,GASREGGCW,PADD 3,gasoline,all formulations,weekly-mon,2.257
2019-10-21,GASREGGCW,PADD 3,gasoline,all formulations,weekly-mon,2.279
2019-10-28,GASREGGCW,PADD 3,gasoline,all formulations,weekly-mon,2.245
2019-11-04,GASREGGCW,PADD 3,gasoline,all formulations,weekly-mon,2.23
2019-11-11,GASREGGCW,PADD 3,gasoline,all formulations,weekly-mon,2.262
2019-11-18,GASREGGCW,PADD 3,gasoline,all formulations,weekly-mon,2.22
2019-11-25,GASREGGCW,PADD 3,gasoline,all formulations,weekly-mon,2.238
2019-12-02,GASREGGCW,PADD 3,gasoline,all formulations,weekly-mon,2.225
2019-12-09,GASREGGCW,PADD 3,gasoline,all formulations,weekly-mon,2.203
2019-12-16,GASREGGCW,PADD 3,gasoline,all formulations,weekly-mon,2.228
2019-12-23,GASREGGCW,PADD 3,gasoline,all formulations,weekly-mon,2.215
2019-12-30,GASREGGCW,PADD 3,gasoline,all formulations,weekly-mon,2.282
2020-01-06,GASREGGCW,PADD 3,gasoline,all formulations,weekly-mon,2.277
2020-01-13,GASREGGCW,PADD 3,gasoline,all formulations,weekly-mon,2.275
2020-01-20,GASREGGCW,PADD 3,gasoline,all formulations,weekly-mon,2.23
2020-01-27,GASREGGCW,PADD 3,gasoline,all formulations,weekly-mon,2.195
2020-02-03,GASREGGCW,PADD 3,gasoline,all formulations,weekly-mon,2.136
2020-02-10,GASREGGCW,PADD 3,gasoline,all formulations,weekly-mon,2.087
2020-02-17,GASREGGCW,PADD 3,gasoline,all formulations,weekly-mon,2.083
2020-02-24,GASREGGCW,PADD 3,gasoline,all formulations,weekly-mon,2.151
2020-03-02,GASREGGCW,PADD 3,gasoline,all formulations,weekly-mon,2.112
2020-03-09,GASREGGCW,PADD 3,gasoline,all formulations,weekly-mon,2.059
2020-03-16,GASREGGCW,PADD 3,gasoline,all formulations,weekly-mon,1.966
2020-03-23,GASREGGCW,PADD 3,gasoline,all formulations,weekly-mon,1.86
2020-03-30,GASREGGCW,PADD 3,gasoline,all formulations,weekly-mon,1.763
2020-04-06,GASREGGCW,PADD 3,gasoline,all formulations,weekly-mon,1.658
2020-04-13,GASREGGCW,PADD 3,gasoline,all formulations,weekly-mon,1.576
2020-04-20,GASREGGCW,PADD 3,gasoline,all formulations,weekly-mon,1.544
2020-04-27,GASREGGCW,PADD 3,gasoline,all formulations,weekly-mon,1.508
2020-05-04,GASREGGCW,PADD 3,gasoline,all formulations,weekly-mon,1.488
2020-05-11,GASREGGCW,PADD 3,gasoline,all formulations,weekly-mon,1.501
2020-05-18,GASREGGCW,PADD 3,gasoline,all formulations,weekly-mon,1.541
2020-05-25,GASREGGCW,PADD 3,gasoline,all formulations,weekly-mon,1.598
2020-06-01,GASREGGCW,PADD 3,gasoline,all formulations,weekly-mon,1.619
2020-06-08,GASREGGCW,PADD 3,gasoline,all formulations,weekly-mon,1.68
2020-06-15,GASREGGCW,PADD 3,gasoline,all formulations,weekly-mon,1.776
2020-06-22,GASREGGCW,PADD 3,gasoline,all formulations,weekly-mon,1.815
2020-06-29,GASREGGCW,PADD 3,gasoline,all formulations,weekly-mon,1.87
2020-07-06,GASREGGCW,PADD 3,gasoline,all formulations,weekly-mon,1.859
2020-07-13,GASREGGCW,PADD 3,gasoline,all formulations,weekly-mon,1.87
2020-07-20,GASREGGCW,PADD 3,gasoline,all formulations,weekly-mon,1.875
2020-07-27,GASREGGCW,PADD 3,gasoline,all formulations,weekly-mon,1.856
2020-08-03,GASREGGCW,PADD 3,gasoline,all formulations,weekly-mon,1.847
2020-08-10,GASREGGCW,PADD 3,gasoline,all formulations,weekly-mon,1.813
2020-08-17,GASREGGCW,PADD 3,gasoline,all formulations,weekly-mon,1.85
2020-08-24,GASREGGCW,PADD 3,gasoline,all formulations,weekly-mon,1.866
2020-08-31,GASREGGCW,PADD 3,gasoline,all formulations,weekly-mon,1.889
2020-09-07,GASREGGCW,PADD 3,gasoline,all formulations,weekly-mon,1.89
2020-09-14,GASREGGCW,PADD 3,gasoline,all formulations,weekly-mon,1.857
2020-09-21,GASREGGCW,PADD 3,gasoline,all formulations,weekly-mon,1.838
2020-09-28,GASREGGCW,PADD 3,gasoline,all formulations,weekly-mon,1.836
2020-10-05,GASREGGCW,PADD 3,gasoline,all formulations,weekly-mon,1.827
2020-10-12,GASREGGCW,PADD 3,gasoline,all formulations,weekly-mon,1.839
2020-10-19,GASREGGCW,PADD 3,gasoline,all formulations,weekly-mon,1.83
2020-10-26,GASREGGCW,PADD 3,gasoline,all formulations,weekly-mon,1.832
2020-11-02,GASREGGCW,PADD 3,gasoline,all formulations,weekly-mon,1.786
2020-11-09,GASREGGCW,PADD 3,gasoline,all formulations,weekly-mon,1.748
2020-11-16,GASREGGCW,PADD 3,gasoline,all formulations,weekly-mon,1.782
2020-11-23,GASREGGCW,PADD 3,gasoline,all formulations,weekly-mon,1.772
2020-11-30,GASREGGCW,PADD 3,gasoline,all formulations,weekly-mon,1.788
2020-12-07,GASREGGCW,PADD 3,gasoline,all formulations,weekly-mon,1.836
2020-12-14,GASREGGCW,PADD 3,gasoline,all formulations,weekly-mon,1.842
2020-12-21,GASREGGCW,PADD 3,gasoline,all formulations,weekly-mon,1.932
2020-12-28,GASREGGCW,PADD 3,gasoline,all formulations,weekly-mon,1.928
2021-01-04,GASREGGCW,PADD 3,gasoline,all formulations,weekly-mon,1.928
2021-01-11,GASREGGCW,PADD 3,gasoline,all formulations,weekly-mon,2.018
2021-01-18,GASREGGCW,PADD 3,gasoline,all formulations,weekly-mon,2.113
2021-01-25,GASREGGCW,PADD 3,gasoline,all formulations,weekly-mon,2.103
2021-02-01,GASREGGCW,PADD 3,gasoline,all formulations,weekly-mon,2.108
2021-02-08,GASREGGCW,PADD 3,gasoline,all formulations,weekly-mon,2.163
2021-02-15,GASREGGCW,PADD 3,gasoline,all formulations,weekly-mon,2.216
2021-02-22,GASREGGCW,PADD 3,gasoline,all formulations,weekly-mon,2.341
2021-03-01,GASREGGCW,PADD 3,gasoline,all formulations,weekly-mon,2.411
2021-03-08,GASREGGCW,PADD 3,gasoline,all formulations,weekly-mon,2.495
2021-03-15,GASREGGCW,PADD 3,gasoline,all formulations,weekly-mon,2.605
2021-03-22,GASREGGCW,PADD 3,gasoline,all formulations,weekly-mon,2.623
2021-03-29,GASREGGCW,PADD 3,gasoline,all formulations,weekly-mon,2.602
2021-04-05,GASREGGCW,PADD 3,gasoline,all formulations,weekly-mon,2.587
2021-04-12,GASREGGCW,PADD 3,gasoline,all formulations,weekly-mon,2.577
2021-04-19,GASREGGCW,PADD 3,gasoline,all formulations,weekly-mon,2.565
2021-04-26,GASREGGCW,PADD 3,gasoline,all formulations,weekly-mon,2.586
2021-05-03,GASREGGCW,PADD 3,gasoline,all formulations,weekly-mon,2.583
2021-05-10,GASREGGCW,PADD 3,gasoline,all formulations,weekly-mon,2.667
2021-05-17,GASREGGCW,PADD 3,gasoline,all formulations,weekly-mon,2.778
2021-05-24,GASREGGCW,PADD 3,gasoline,all formulations,weekly-mon,2.75
2021-05-31,GASREGGCW,PADD 3,gasoline,all formulations,weekly-mon,2.717
2021-06-07,GASREGGCW,PADD 3,gasoline,all formulations,weekly-mon,2.705
2021-06-14,GASREGGCW,PADD 3,gasoline,all formulations,weekly-mon,2.754
2021-06-21,GASREGGCW,PADD 3,gasoline,all formulations,weekly-mon,2.726
2021-06-28,GASREGGCW,PADD 3,gasoline,all formulations,weekly-mon,2.776
2021-07-05,GASREGGCW,PADD 3,gasoline,all formulations,weekly-mon,2.796
2021-07-12,GASREGGCW,PADD 3,gasoline,all formulations,weekly-mon,2.826
2021-07-19,GASREGGCW,PADD 3,gasoline,all formulations,weekly-mon,2.833
2021-07-26,GASREGGCW,PADD 3,gasoline,all formulations,weekly-mon,2.806
2021-08-02,GASREGGCW,PADD 3,gasoline,all formulations,weekly-mon,2.835
2021-08-09,GASREGGCW,PADD 3,gasoline,all formulations,weekly-mon,2.83
2021-08-16,GASREGGCW,PADD 3,gasoline,all formulations,weekly-mon,2.846
2021-08-23,GASREGGCW,PADD 3,gasoline,all formulations,weekly-mon,2.803
2021-08-30,GASREGGCW,PADD 3,gasoline,all formulations,weekly-mon,2.774
2021-09-06,GASREGGCW,PADD 3,gasoline,all formulations,weekly-mon,2.826
2021-09-13,GASREGGCW,PADD 3,gasoline,all formulations,weekly-mon,2.813
2021-09-20,GASREGGCW,PADD 3,gasoline,all formulations,weekly-mon,2.807
2021-09-27,GASREGGCW,PADD 3,gasoline,all formulations,weekly-mon,2.84
2021-10-04,GASREGGCW,PADD 3,gasoline,all formulations,weekly-mon,2.835
2021-10-11,GASREGGCW,PADD 3,gasoline,all formulations,weekly-mon,2.935
2021-10-18,GASREGGCW,PADD 3,gasoline,all formulations,weekly-mon,2.984
2021-10-25,GASREGGCW,PADD 3,gasoline,all formulations,weekly-mon,3.062
2021-11-01,GASREGGCW,PADD 3,gasoline,all formulations,weekly-mon,3.067
2021-11-08,GASREGGCW,PADD 3,gasoline,all formulations,weekly-mon,3.102
2021-11-15,GASREGGCW,PADD 3,gasoline,all formulations,weekly-mon,3.071
2021-11-22,GASREGGCW,PADD 3,gasoline,all formulations,weekly-mon,3.03
2021-11-29,GASREGGCW,PADD 3,gasoline,all formulations,weekly-mon,3.001
2021-12-06,GASREGGCW,PADD 3,gasoline,all formulations,weekly-mon,2.989
2021-12-13,GASREGGCW,PADD 3,gasoline,all formulations,weekly-mon,2.939
2021-12-20,GASREGGCW,PADD 3,gasoline,all formulations,weekly-mon,2.938
2021-12-27,GASREGGCW,PADD 3,gasoline,all formulations,weekly-mon,2.906
2022-01-03,GASREGGCW,PADD 3,gasoline,all formulations,weekly-mon,2.943
2022-01-10,GASREGGCW,PADD 3,gasoline,all formulations,weekly-mon,2.92
2022-01-17,GASREGGCW,PADD 3,gasoline,all formulations,weekly-mon,2.956
2022-01-24,GASREGGCW,PADD 3,gasoline,all formulations,weekly-mon,3.009
2022-01-31,GASREGGCW,PADD 3,gasoline,all formulations,weekly-mon,3.029
2022-02-07,GASREGGCW,PADD 3,gasoline,all formulations,weekly-mon,3.123
2022-02-14,GASREGGCW,PADD 3,gasoline,all formulations,weekly-mon,3.186
2022-02-21,GASREGGCW,PADD 3,gasoline,all formulations,weekly-mon,3.237
2022-02-28,GASREGGCW,PADD 3,gasoline,all formulations,weekly-mon,3.307
2022-03-07,GASREGGCW,PADD 3,gasoline,all formulations,weekly-mon,3.82
2022-03-14,GASREGGCW,PADD 3,gasoline,all formulations,weekly-mon,4.029
2022-03-21,GASREGGCW,PADD 3,gasoline,all formulations,weekly-mon,3.939
2022-03-28,GASREGGCW,PADD 3,gasoline,all formulations,weekly-mon,3.884
2022-04-04,GASREGGCW,PADD 3,gasoline,all formulations,weekly-mon,3.815
2022-04-11,GASREGGCW,PADD 3,gasoline,all formulations,weekly-mon,3.732
2022-04-18,GASREGGCW,PADD 3,gasoline,all formulations,weekly-mon,3.733
2022-04-25,GASREGGCW,PADD 3,gasoline,all formulations,weekly-mon,3.792
2022-05-02,GASREGGCW,PADD 3,gasoline,all formulations,weekly-mon,3.86
2022-05-09,GASREGGCW,PADD 3,gasoline,all formulations,weekly-mon,4.011
2022-05-16,GASREGGCW,PADD 3,gasoline,all formulations,weekly-mon,4.155
2022-05-23,GASREGGCW,PADD 3,gasoline,all formulations,weekly-mon,4.256
2022-05-30,GASREGGCW,PADD 3,gasoline,all formulations,weekly-mon,4.22
2022-06-06,GASREGGCW,PADD 3,gasoline,all formulations,weekly-mon,4.552
2022-06-13,GASREGGCW,PADD 3,gasoline,all formulations,weekly-mon,4.633
2022-06-20,GASREGGCW,PADD 3,gasoline,all formulations,weekly-mon,4.611
2022-06-27,GASREGGCW,PADD 3,gasoline,all formulations,weekly-mon,4.5
2022-07-04,GASREGGCW,PADD 3,gasoline,all formulations,weekly-mon,4.351
2022-07-11,GASREGGCW,PADD 3,gasoline,all formulations,weekly-mon,4.19
2022-07-18,GASREGGCW,PADD 3,gasoline,all formulations,weekly-mon,4.0
2022-07-25,GASREGGCW,PADD 3,gasoline,all formulations,weekly-mon,3.831
2022-08-01,GASREGGCW,PADD 3,gasoline,all formulations,weekly-mon,3.693
2022-08-08,GASREGGCW,PADD 3,gasoline,all formulations,weekly-mon,3.535
2022-08-15,GASREGGCW,PADD 3,gasoline,all formulations,weekly-mon,3.428
2022-08-22,GASREGGCW,PADD 3,gasoline,all formulations,weekly-mon,3.403
2022-08-29,GASREGGCW,PADD 3,gasoline,all formulations,weekly-mon,3.356
2022-09-05,GASREGGCW,PADD 3,gasoline,all formulations,weekly-mon,3.229
2022-09-12,GASREGGCW,PADD 3,gasoline,all formulations,weekly-mon,3.126
2022-09-19,GASREGGCW,PADD 3,gasoline,all formulations,weekly-mon,3.157
2022-09-26,GASREGGCW,PADD 3,gasoline,all formulations,weekly-mon,3.118
2022-10-03,GASREGGCW,PADD 3,gasoline,all formulations,weekly-mon,3.081
2022-10-10,GASREGGCW,PADD 3,gasoline,all formulations,weekly-mon,3.294
2022-10-17,GASREGGCW,PADD 3,gasoline,all formulations,weekly-mon,3.319
2022-10-24,GASREGGCW,PADD 3,gasoline,all formulations,weekly-mon,3.218
2022-10-31,GASREGGCW,PADD 3,gasoline,all formulations,weekly-mon,3.177
2022-11-07,GASREGGCW,PADD 3,gasoline,all formulations,weekly-mon,3.186
2022-11-14,GASREGGCW,PADD 3,gasoline,all formulations,weekly-mon,3.137
2022-11-21,GASREGGCW,PADD 3,gasoline,all formulations,weekly-mon,3.021
2022-11-28,GASREGGCW,PADD 3,gasoline,all formulations,weekly-mon,2.915
2022-12-05,GASREGGCW,PADD 3,gasoline,all formulations,weekly-mon,2.808
2022-12-12,GASREGGCW,PADD 3,gasoline,all formulations,weekly-mon,2.727
2022-12-19,GASREGGCW,PADD 3,gasoline,all formulations,weekly-mon,2.641
2022-12-26,GASREGGCW,PADD 3,gasoline,all formulations,weekly-mon,2.684
2023-01-02,GASREGGCW,PADD 3,gasoline,all formulations,weekly-mon,2.891
2023-01-09,GASREGGCW,PADD 3,gasoline,all formulations,weekly-mon,2.89
2023-01-16,GASREGGCW,PADD 3,gasoline,all formulations,weekly-mon,2.972
2023-01-23,GASREGGCW,PADD 3,gasoline,all formulations,weekly-mon,3.092
2023-01-30,GASREGGCW,PADD 3,gasoline,all formulations,weekly-mon,3.133
2023-02-06,GASREGGCW,PADD 3,gasoline,all formulations,weekly-mon,3.092
2023-02-13,GASREGGCW,PADD 3,gasoline,all formulations,weekly-mon,3.018
2023-02-20,GASREGGCW,PADD 3,gasoline,all formulations,weekly-mon,3.007
2023-02-27,GASREGGCW,PADD 3,gasoline,all formulations,weekly-mon,2.912
2023-03-06,GASREGGCW,PADD 3,gasoline,all formulations,weekly-mon,2.979
2023-03-13,GASREGGCW,PADD 3,gasoline,all formulations,weekly-mon,3.087
2023-03-20,GASREGGCW,PADD 3,gasoline,all formulations,weekly-mon,3.022
2023-03-27,GASREGGCW,PADD 3,gasoline,all formulations,weekly-mon,3.082
2023-04-03,GASREGGCW,PADD 3,gasoline,all formulations,weekly-mon,3.148
2023-04-10,GASREGGCW,PADD 3,gasoline,all formulations,weekly-mon,3.253
2023-04-17,GASREGGCW,PADD 3,gasoline,all formulations,weekly-mon,3.341
2023-04-24,GASREGGCW,PADD 3,gasoline,all formulations,weekly-mon,3.255
2023-05-01,GASREGGCW,PADD 3,gasoline,all formulations,weekly-mon,3.147
2023-05-08,GASREGGCW,PADD 3,gasoline,all formulations,weekly-mon,3.045
2023-05-15,GASREGGCW,PADD 3,gasoline,all formulations,weekly-mon,3.079
2023-05-22,GASREGGCW,PADD 3,gasoline,all formulations,weekly-mon,3.04
2023-05-29,GASREGGCW,PADD 3,gasoline,all formulations,weekly-mon,3.121
2023-06-05,GASREGGCW,PADD 3,gasoline,all formulations,weekly-mon,3.065
2023-06-12,GASREGGCW,PADD 3,gasoline,all formulations,weekly-mon,3.145
2023-06-19,GASREGGCW,PADD 3,gasoline,all formulations,weekly-mon,3.109
2023-06-26,GASREGGCW,PADD 3,gasoline,all formulations,weekly-mon,3.19
2023-07-03,GASREGGCW,PADD 3,gasoline,all formulations,weekly-mon,3.108
2023-07-10,GASREGGCW,PADD 3,gasoline,all formulations,weekly-mon,3.152
2023-07-17,GASREGGCW,PADD 3,gasoline,all formulations,weekly-mon,3.137
2023-07-24,GASREGGCW,PADD 3,gasoline,all formulations,weekly-mon,3.243
2023-07-31,GASREGGCW,PADD 3,gasoline,all formulations,weekly-mon,3.416
2023-08-07,GASREGGCW,PADD 3,gasoline,all formulations,weekly-mon,3.453
2023-08-14,GASREGGCW,PADD 3,gasoline,all formulations,weekly-mon,3.415
2023-08-21,GASREGGCW,PADD 3,gasoline,all formulations,weekly-mon,3.458
2023-08-28,GASREGGCW,PADD 3,gasoline,all formulations,weekly-mon,3.378
2023-09-04,GASREGGCW,PADD 3,gasoline,all formulations,weekly-mon,3.364
2023-09-11,GASREGGCW,PADD 3,gasoline,all formulations,weekly-mon,3.366
2023-09-18,GASREGGCW,PADD 3,gasoline,all formulations,weekly-mon,3.431
2023-09-25,GASREGGCW,PADD 3,gasoline,all formulations,weekly-mon,3.351
2023-10-02,GASREGGCW,PADD 3,gasoline,all formulations,weekly-mon,3.321
2023-10-09,GASREGGCW,PADD 3,gasoline,all formulations,weekly-mon,3.185
2023-10-16,GASREGGCW,PADD 3,gasoline,all formulations,weekly-mon,3.04
2023-10-23,GASREGGCW,PADD 3,gasoline,all formulations,weekly-mon,3.041
2023-10-30,GASREGGCW,PADD 3,gasoline,all formulations,weekly-mon,2.965
2023-11-06,GASREGGCW,PADD 3,gasoline,all formulations,weekly-mon,2.871
2023-11-13,GASREGGCW,PADD 3,gasoline,all formulations,weekly-mon,2.809
2023-11-20,GASREGGCW,PADD 3,gasoline,all formulations,weekly-mon,2.786
2023-11-27,GASREGGCW,PADD 3,gasoline,all formulations,weekly-mon,2.71
2023-12-04,GASREGGCW,PADD 3,gasoline,all formulations,weekly-mon,2.738
2023-12-11,GASREGGCW,PADD 3,gasoline,all formulations,weekly-mon,2.622
2023-12-18,GASREGGCW,PADD 3,gasoline,all formulations,weekly-mon,2.547
2023-12-25,GASREGGCW,PADD 3,gasoline,all formulations,weekly-mon,2.684
2024-01-01,GASREGGCW,PADD 3,gasoline,all formulations,weekly-mon,2.653
2024-01-08,GASREGGCW,PADD 3,gasoline,all formulations,weekly-mon,2.676
2024-01-15,GASREGGCW,PADD 3,gasoline,all formulations,weekly-mon,2.67
2024-01-22,GASREGGCW,PADD 3,gasoline,all formulations,weekly-mon,2.685
2024-01-29,GASREGGCW,PADD 3,gasoline,all formulations,weekly-mon,2.753
2024-02-05,GASREGGCW,PADD 3,gasoline,all formulations,weekly-mon,2.821
2024-02-12,GASREGGCW,PADD 3,gasoline,all formulations,weekly-mon,2.807
2024-02-19,GASREGGCW,PADD 3,gasoline,all formulations,weekly-mon,2.901
2024-02-26,GASREGGCW,PADD 3,gasoline,all formulations,weekly-mon,2.845
2024-03-04,GASREGGCW,PADD 3,gasoline,all formulations,weekly-mon,2.949
2024-03-11,GASREGGCW,PADD 3,gasoline,all formulations,weekly-mon,2.945
2024-03-18,GASREGGCW,PADD 3,gasoline,all formulations,weekly-mon,3.099
2024-03-25,GASREGGCW,PADD 3,gasoline,all formulations,weekly-mon,3.176
2024-04-01,GASREGGCW,PADD 3,gasoline,all formulations,weekly-mon,3.116
2024-04-08,GASREGGCW,PADD 3,gasoline,all formulations,weekly-mon,3.215
2024-04-15,GASREGGCW,PADD 3,gasoline,all formulations,weekly-mon,3.177
2024-04-22,GASREGGCW,PADD 3,gasoline,all formulations,weekly-mon,3.232
2024-04-29,GASREGGCW,PADD 3,gasoline,all formulations,weekly-mon,3.192
2024-05-06,GASREGGCW,PADD 3,gasoline,all formulations,weekly-mon,3.244
2024-05-13,GASREGGCW,PADD 3,gasoline,all formulations,weekly-mon,3.168
2024-05-20,GASREGGCW,PADD 3,gasoline,all formulations,weekly-mon,3.113
2024-05-27,GASREGGCW,PADD 3,gasoline,all formulations,weekly-mon,3.112
2024-06-03,GASREGGCW,PADD 3,gasoline,all formulations,weekly-mon,3.045
2024-06-10,GASREGGCW,PADD 3,gasoline,all formulations,weekly-mon,2.951
2024-06-17,GASREGGCW,PADD 3,gasoline,all formulations,weekly-mon,2.992
2024-06-24,GASREGGCW,PADD 3,gasoline,all formulations,weekly-mon,3.016
2024-07-01,GASREGGCW,PADD 3,gasoline,all formulations,weekly-mon,3.071
2024-07-08,GASREGGCW,PADD 3,gasoline,all formulations,weekly-mon,3.058
2024-07-15,GASREGGCW,PADD 3,gasoline,all formulations,weekly-mon,3.11
2024-07-22,GASREGGCW,PADD 3,gasoline,all formulations,weekly-mon,3.047
2024-07-29,GASREGGCW,PADD 3,gasoline,all formulations,weekly-mon,3.094
2024-08-05,GASREGGCW,PADD 3,gasoline,all formulations,weekly-mon,3.01
2024-08-12,GASREGGCW,PADD 3,gasoline,all formulations,weekly-mon,2.999
2024-08-19,GASREGGCW,PADD 3,gasoline,all formulations,weekly-mon,2.996
2024-08-26,GASREGGCW,PADD 3,gasoline,all formulations,weekly-mon,2.894
2024-09-02,GASREGGCW,PADD 3,gasoline,all formulations,weekly-mon,2.844
2024-09-09,GASREGGCW,PADD 3,gasoline,all formulations,weekly-mon,2.8
2024-09-16,GASREGGCW,PADD 3,gasoline,all formulations,weekly-mon,2.728
2024-09-23,GASREGGCW,PADD 3,gasoline,all formulations,weekly-mon,2.733
2024-09-30,GASREGGCW,PADD 3,gasoline,all formulations,weekly-mon,2.695
2024-10-07,GASREGGCW,PADD 3,gasoline,all formulations,weekly-mon,2.725
2024-10-14,GASREGGCW,PADD 3,gasoline,all formulations,weekly-mon,2.735
2024-10-21,GASREGGCW,PADD 3,gasoline,all formulations,weekly-mon,2.72
2024-10-28,GASREGGCW,PADD 3,gasoline,all formulations,weekly-mon,2.646
2024-11-04,GASREGGCW,PADD 3,gasoline,all formulations,weekly-mon,2.619
2024-11-11,GASREGGCW,PADD 3,gasoline,all formulations,weekly-mon,2.63
2024-11-18,GASREGGCW,PADD 3,gasoline,all formulations,weekly-mon,2.629
2024-11-25,GASREGGCW,PADD 3,gasoline,all formulations,weekly-mon,2.635
2024-12-02,GASREGGCW,PADD 3,gasoline,all formulations,weekly-mon,2.581
2024-12-09,GASREGGCW,PADD 3,gasoline,all formulations,weekly-mon,2.603
2024-12-16,GASREGGCW,PADD 3,gasoline,all formulations,weekly-mon,2.562
2024-12-23,GASREGGCW,PADD 3,gasoline,all formulations,weekly-mon,2.647
2024-12-30,GASREGGCW,PADD 3,gasoline,all formulations,weekly-mon,2.613
2025-01-06,GASREGGCW,PADD 3,gasoline,all formulations,weekly-mon,2.655
2025-01-13,GASREGGCW,PADD 3,gasoline,all formulations,weekly-mon,2.665
2025-01-20,GASREGGCW,PADD 3,gasoline,all formulations,weekly-mon,2.691
2025-01-27,GASREGGCW,PADD 3,gasoline,all formulations,weekly-mon,2.696
2025-02-03,GASREGGCW,PADD 3,gasoline,all formulations,weekly-mon,2.709
2025-02-10,GASREGGCW,PADD 3,gasoline,all formulations,weekly-mon,2.692
2025-02-17,GASREGGCW,PADD 3,gasoline,all formulations,weekly-mon,2.74
2025-02-24,GASREGGCW,PADD 3,gasoline,all formulations,weekly-mon,2.704
2025-03-03,GASREGGCW,PADD 3,gasoline,all formulations,weekly-mon,2.636
2025-03-10,GASREGGCW,PADD 3,gasoline,all formulations,weekly-mon,2.68
2025-03-17,GASREGGCW,PADD 3,gasoline,all formulations,weekly-mon,2.629
2025-03-24,GASREGGCW,PADD 3,gasoline,all formulations,weekly-mon,2.74
2025-03-31,GASREGGCW,PADD 3,gasoline,all formulations,weekly-mon,2.73
2025-04-07,GASREGGCW,PADD 3,gasoline,all formulations,weekly-mon,2.841
2025-04-14,GASREGGCW,PADD 3,gasoline,all formulations,weekly-mon,2.747
2025-04-21,GASREGGCW,PADD 3,gasoline,all formulations,weekly-mon,2.684
2025-04-28,GASREGGCW,PADD 3,gasoline,all formulations,weekly-mon,2.686
2025-05-05,GASREGGCW,PADD 3,gasoline,all formulations,weekly-mon,2.722
2025-05-12,GASREGGCW,PADD 3,gasoline,all formulations,weekly-mon,2.692
2025-05-19,GASREGGCW,PADD 3,gasoline,all formulations,weekly-mon,2.786
2025-05-26,GASREGGCW,PADD 3,gasoline,all formulations,weekly-mon,2.726
2025-06-02,GASREGGCW,PADD 3,gasoline,all formulations,weekly-mon,2.702
2025-06-09,GASREGGCW,PADD 3,gasoline,all formulations,weekly-mon,2.716
2025-06-16,GASREGGCW,PADD 3,gasoline,all formulations,weekly-mon,2.735
2025-06-23,GASREGGCW,PADD 3,gasoline,all formulations,weekly-mon,2.844
2025-06-30,GASREGGCW,PADD 3,gasoline,all formulations,weekly-mon,2.739
2025-07-07,GASREGGCW,PADD 3,gasoline,all formulations,weekly-mon,2.685
2025-07-14,GASREGGCW,PADD 3,gasoline,all formulations,weekly-mon,2.738
2025-07-21,GASREGGCW,PADD 3,gasoline,all formulations,weekly-mon,2.739
2025-07-28,GASREGGCW,PADD 3,gasoline,all formulations,weekly-mon,2.748
2025-08-04,GASREGGCW,PADD 3,gasoline,all formulations,weekly-mon,2.731
2025-08-11,GASREGGCW,PADD 3,gasoline,all formulations,weekly-mon,2.68
2025-08-18,GASREGGCW,PADD 3,gasoline,all formulations,weekly-mon,2.745
2025-08-25,GASREGGCW,PADD 3,gasoline,all formulations,weekly-mon,2.694
2025-09-01,GASREGGCW,PADD 3,gasoline,all formulations,weekly-mon,2.765
2025-09-08,GASREGGCW,PADD 3,gasoline,all formulations,weekly-mon,2.733
2025-09-15,GASREGGCW,PADD 3,gasoline,all formulations,weekly-mon,2.774
2025-09-22,GASREGGCW,PADD 3,gasoline,all formulations,weekly-mon,2.716
2025-09-29,GASREGGCW,PADD 3,gasoline,all formulations,weekly-mon,2.672
2025-10-06,GASREGGCW,PADD 3,gasoline,all formulations,weekly-mon,2.719
2025-10-13,GASREGGCW,PADD 3,gasoline,all formulations,weekly-mon,2.623
2025-10-20,GASREGGCW,PADD 3,gasoline,all formulations,weekly-mon,2.556
2025-10-27,GASREGGCW,PADD 3,gasoline,all formulations,weekly-mon,2.58
2025-11-03,GASREGGCW,PADD 3,gasoline,all formulations,weekly-mon,2.511
2025-11-10,GASREGGCW,PADD 3,gasoline,all formulations,weekly-mon,2.599
2025-11-17,GASREGGCW,PADD 3,gasoline,all formulations,weekly-mon,2.6
2025-11-24,GASREGGCW,PADD 3,gasoline,all formulations,weekly-mon,2.643
2025-12-01,GASREGGCW,PADD 3,gasoline,all formulations,weekly-mon,2.551
2025-12-08,GASREGGCW,PADD 3,gasoline,all formulations,weekly-mon,2.493
2025-12-15,GASREGGCW,PADD 3,gasoline,all formulations,weekly-mon,2.492
2025-12-22,GASREGGCW,PADD 3,gasoline,all formulations,weekly-mon,2.443
2025-12-29,GASREGGCW,PADD 3,gasoline,all formulations,weekly-mon,2.39
2026-01-05,GASREGGCW,PADD 3,gasoline,all formulations,weekly-mon,2.372
2026-01-12,GASREGGCW,PADD 3,gasoline,all formulations,weekly-mon,2.375
2026-01-19,GASREGGCW,PADD 3,gasoline,all formulations,weekly-mon,2.397
2026-01-26,GASREGGCW,PADD 3,gasoline,all formulations,weekly-mon,2.455
2026-02-02,GASREGGCW,PADD 3,gasoline,all formulations,weekly-mon,2.444
2026-02-09,GASREGGCW,PADD 3,gasoline,all formulations,weekly-mon,2.476
2026-02-16,GASREGGCW,PADD 3,gasoline,all formulations,weekly-mon,2.482
2026-02-23,GASREGGCW,PADD 3,gasoline,all formulations,weekly-mon,2.532
2026-03-02,GASREGGCW,PADD 3,gasoline,all formulations,weekly-mon,2.644
2026-03-09,GASREGGCW,PADD 3,gasoline,all formulations,weekly-mon,3.109
2026-03-16,GASREGGCW,PADD 3,gasoline,all formulations,weekly-mon,3.412
2026-03-23,GASREGGCW,PADD 3,gasoline,all formulations,weekly-mon,3.604
2026-03-30,GASREGGCW,PADD 3,gasoline,all formulations,weekly-mon,3.59
2026-04-06,GASREGGCW,PADD 3,gasoline,all formulations,weekly-mon,3.787
2026-04-13,GASREGGCW,PADD 3,gasoline,all formulations,weekly-mon,3.741
2026-04-20,GASREGGCW,PADD 3,gasoline,all formulations,weekly-mon,3.617
2026-04-27,GASREGGCW,PADD 3,gasoline,all formulations,weekly-mon,3.675
2026-05-04,GASREGGCW,PADD 3,gasoline,all formulations,weekly-mon,3.902
2026-05-11,GASREGGCW,PADD 3,gasoline,all formulations,weekly-mon,3.953
2026-05-18,GASREGGCW,PADD 3,gasoline,all formulations,weekly-mon,3.951
2026-05-25,GASREGGCW,PADD 3,gasoline,all formulations,weekly-mon,3.989
2026-06-01,GASREGGCW,PADD 3,gasoline,all formulations,weekly-mon,3.804
2026-06-08,GASREGGCW,PADD 3,gasoline,all formulations,weekly-mon,3.643
2026-06-15,GASREGGCW,PADD 3,gasoline,all formulations,weekly-mon,3.521
2026-06-22,GASREGGCW,PADD 3,gasoline,all formulations,weekly-mon,3.437
2026-06-29,GASREGGCW,PADD 3,gasoline,all formulations,weekly-mon,3.321
2026-07-06,GASREGGCW,PADD 3,gasoline,all formulations,weekly-mon,3.343
2026-07-13,GASREGGCW,PADD 3,gasoline,all formulations,weekly-mon,3.423
2026-07-20,GASREGGCW,PADD 3,gasoline,all formulations,weekly-mon,3.588
2026-07-27,GASREGGCW,PADD 3,gasoline,all formulations,weekly-mon,3.69
2026-08-03,GASREGGCW,PADD 3,gasoline,all formulations,weekly-mon,3.604
2010-01-04,GASREGMWW,PADD 2,gasoline,all formulations,weekly-mon,2.637
2010-01-11,GASREGMWW,PADD 2,gasoline,all formulations,weekly-mon,2.726
2010-01-18,GASREGMWW,PADD 2,gasoline,all formulations,weekly-mon,2.681
2010-01-25,GASREGMWW,PADD 2,gasoline,all formulations,weekly-mon,2.624
2010-02-01,GASREGMWW,PADD 2,gasoline,all formulations,weekly-mon,2.563
2010-02-08,GASREGMWW,PADD 2,gasoline,all formulations,weekly-mon,2.574
2010-02-15,GASREGMWW,PADD 2,gasoline,all formulations,weekly-mon,2.503
2010-02-22,GASREGMWW,PADD 2,gasoline,all formulations,weekly-mon,2.605
2010-03-01,GASREGMWW,PADD 2,gasoline,all formulations,weekly-mon,2.64
2010-03-08,GASREGMWW,PADD 2,gasoline,all formulations,weekly-mon,2.695
2010-03-15,GASREGMWW,PADD 2,gasoline,all formulations,weekly-mon,2.739
2010-03-22,GASREGMWW,PADD 2,gasoline,all formulations,weekly-mon,2.805
2010-03-29,GASREGMWW,PADD 2,gasoline,all formulations,weekly-mon,2.754
2010-04-05,GASREGMWW,PADD 2,gasoline,all formulations,weekly-mon,2.804
2010-04-12,GASREGMWW,PADD 2,gasoline,all formulations,weekly-mon,2.834
2010-04-19,GASREGMWW,PADD 2,gasoline,all formulations,weekly-mon,2.846
2010-04-26,GASREGMWW,PADD 2,gasoline,all formulations,weekly-mon,2.809
2010-05-03,GASREGMWW,PADD 2,gasoline,all formulations,weekly-mon,2.883
2010-05-10,GASREGMWW,PADD 2,gasoline,all formulations,weekly-mon,2.872
2010-05-17,GASREGMWW,PADD 2,gasoline,all formulations,weekly-mon,2.804
2010-05-24,GASREGMWW,PADD 2,gasoline,all formulations,weekly-mon,2.694
2010-05-31,GASREGMWW,PADD 2,gasoline,all formulations,weekly-mon,2.629
2010-06-07,GASREGMWW,PADD 2,gasoline,all formulations,weekly-mon,2.664
2010-06-14,GASREGMWW,PADD 2,gasoline,all formulations,weekly-mon,2.644
2010-06-21,GASREGMWW,PADD 2,gasoline,all formulations,weekly-mon,2.714
2010-06-28,GASREGMWW,PADD 2,gasoline,all formulations,weekly-mon,2.73
2010-07-05,GASREGMWW,PADD 2,gasoline,all formulations,weekly-mon,2.676
2010-07-12,GASREGMWW,PADD 2,gasoline,all formulations,weekly-mon,2.68
2010-07-19,GASREGMWW,PADD 2,gasoline,all formulations,weekly-mon,2.701
2010-07-26,GASREGMWW,PADD 2,gasoline,all formulations,weekly-mon,2.74
2010-08-02,GASREGMWW,PADD 2,gasoline,all formulations,weekly-mon,2.695
2010-08-09,GASREGMWW,PADD 2,gasoline,all formulations,weekly-mon,2.756
2010-08-16,GASREGMWW,PADD 2,gasoline,all formulations,weekly-mon,2.681
2010-08-23,GASREGMWW,PADD 2,gasoline,all formulations,weekly-mon,2.627
2010-08-30,GASREGMWW,PADD 2,gasoline,all formulations,weekly-mon,2.636
2010-09-06,GASREGMWW,PADD 2,gasoline,all formulations,weekly-mon,2.674
2010-09-13,GASREGMWW,PADD 2,gasoline,all formulations,weekly-mon,2.778
2010-09-20,GASREGMWW,PADD 2,gasoline,all formulations,weekly-mon,2.745
2010-09-27,GASREGMWW,PADD 2,gasoline,all formulations,weekly-mon,2.678
2010-10-04,GASREGMWW,PADD 2,gasoline,all formulations,weekly-mon,2.736
2010-10-11,GASREGMWW,PADD 2,gasoline,all formulations,weekly-mon,2.831
2010-10-18,GASREGMWW,PADD 2,gasoline,all formulations,weekly-mon,2.807
2010-10-25,GASREGMWW,PADD 2,gasoline,all formulations,weekly-mon,2.766
2010-11-01,GASREGMWW,PADD 2,gasoline,all formulations,weekly-mon,2.759
2010-11-08,GASREGMWW,PADD 2,gasoline,all formulations,weekly-mon,2.892
2010-11-15,GASREGMWW,PADD 2,gasoline,all formulations,weekly-mon,2.879
2010-11-22,GASREGMWW,PADD 2,gasoline,all formulations,weekly-mon,2.825
2010-11-29,GASREGMWW,PADD 2,gasoline,all formulations,weekly-mon,2.787
2010-12-06,GASREGMWW,PADD 2,gasoline,all formulations,weekly-mon,2.924
2010-12-13,GASREGMWW,PADD 2,gasoline,all formulations,weekly-mon,2.932
2010-12-20,GASREGMWW,PADD 2,gasoline,all formulations,weekly-mon,2.936
2010-12-27,GASREGMWW,PADD 2,gasoline,all formulations,weekly-mon,3.048
2011-01-03,GASREGMWW,PADD 2,gasoline,all formulations,weekly-mon,3.064
2011-01-10,GASREGMWW,PADD 2,gasoline,all formulations,weekly-mon,3.084
2011-01-17,GASREGMWW,PADD 2,gasoline,all formulations,weekly-mon,3.089
2011-01-24,GASREGMWW,PADD 2,gasoline,all formulations,weekly-mon,3.087
2011-01-31,GASREGMWW,PADD 2,gasoline,all formulations,weekly-mon,3.086
2011-02-07,GASREGMWW,PADD 2,gasoline,all formulations,weekly-mon,3.124
2011-02-14,GASREGMWW,PADD 2,gasoline,all formulations,weekly-mon,3.09
2011-02-21,GASREGMWW,PADD 2,gasoline,all formulations,weekly-mon,3.14
2011-02-28,GASREGMWW,PADD 2,gasoline,all formulations,weekly-mon,3.367
2011-03-07,GASREGMWW,PADD 2,gasoline,all formulations,weekly-mon,3.487
2011-03-14,GASREGMWW,PADD 2,gasoline,all formulations,weekly-mon,3.525
2011-03-21,GASREGMWW,PADD 2,gasoline,all formulations,weekly-mon,3.517
2011-03-28,GASREGMWW,PADD 2,gasoline,all formulations,weekly-mon,3.55
2011-04-04,GASREGMWW,PADD 2,gasoline,all formulations,weekly-mon,3.681
2011-04-11,GASREGMWW,PADD 2,gasoline,all formulations,weekly-mon,3.805
2011-04-18,GASREGMWW,PADD 2,gasoline,all formulations,weekly-mon,3.847
2011-04-25,GASREGMWW,PADD 2,gasoline,all formulations,weekly-mon,3.901
2011-05-02,GASREGMWW,PADD 2,gasoline,all formulations,weekly-mon,4.01
2011-05-09,GASREGMWW,PADD 2,gasoline,all formulations,weekly-mon,3.982
2011-05-16,GASREGMWW,PADD 2,gasoline,all formulations,weekly-mon,3.974
2011-05-23,GASREGMWW,PADD 2,gasoline,all formulations,weekly-mon,3.817
2011-05-30,GASREGMWW,PADD 2,gasoline,all formulations,weekly-mon,3.801
2011-06-06,GASREGMWW,PADD 2,gasoline,all formulations,weekly-mon,3.859
2011-06-13,GASREGMWW,PADD 2,gasoline,all formulations,weekly-mon,3.725
2011-06-20,GASREGMWW,PADD 2,gasoline,all formulations,weekly-mon,3.616
2011-06-27,GASREGMWW,PADD 2,gasoline,all formulations,weekly-mon,3.494
2011-07-04,GASREGMWW,PADD 2,gasoline,all formulations,weekly-mon,3.595
2011-07-11,GASREGMWW,PADD 2,gasoline,all formulations,weekly-mon,3.67
2011-07-18,GASREGMWW,PADD 2,gasoline,all formulations,weekly-mon,3.693
2011-07-25,GASREGMWW,PADD 2,gasoline,all formulations,weekly-mon,3.694
2011-08-01,GASREGMWW,PADD 2,gasoline,all formulations,weekly-mon,3.717
2011-08-08,GASREGMWW,PADD 2,gasoline,all formulations,weekly-mon,3.666
2011-08-15,GASREGMWW,PADD 2,gasoline,all formulations,weekly-mon,3.583
2011-08-22,GASREGMWW,PADD 2,gasoline,all formulations,weekly-mon,3.57
2011-08-29,GASREGMWW,PADD 2,gasoline,all formulations,weekly-mon,3.673
2011-09-05,GASREGMWW,PADD 2,gasoline,all formulations,weekly-mon,3.711
2011-09-12,GASREGMWW,PADD 2,gasoline,all formulations,weekly-mon,3.683
2011-09-19,GASREGMWW,PADD 2,gasoline,all formulations,weekly-mon,3.575
2011-09-26,GASREGMWW,PADD 2,gasoline,all formulations,weekly-mon,3.432
2011-10-03,GASREGMWW,PADD 2,gasoline,all formulations,weekly-mon,3.323
2011-10-10,GASREGMWW,PADD 2,gasoline,all formulations,weekly-mon,3.336
2011-10-17,GASREGMWW,PADD 2,gasoline,all formulations,weekly-mon,3.414
2011-10-24,GASREGMWW,PADD 2,gasoline,all formulations,weekly-mon,3.361
2011-10-31,GASREGMWW,PADD 2,gasoline,all formulations,weekly-mon,3.384
2011-11-07,GASREGMWW,PADD 2,gasoline,all formulations,weekly-mon,3.339
2011-11-14,GASREGMWW,PADD 2,gasoline,all formulations,weekly-mon,3.376
2011-11-21,GASREGMWW,PADD 2,gasoline,all formulations,weekly-mon,3.271
2011-11-28,GASREGMWW,PADD 2,gasoline,all formulations,weekly-mon,3.189
2011-12-05,GASREGMWW,PADD 2,gasoline,all formulations,weekly-mon,3.213
2011-12-12,GASREGMWW,PADD 2,gasoline,all formulations,weekly-mon,3.227
2011-12-19,GASREGMWW,PADD 2,gasoline,all formulations,weekly-mon,3.147
2011-12-26,GASREGMWW,PADD 2,gasoline,all formulations,weekly-mon,3.231
2012-01-02,GASREGMWW,PADD 2,gasoline,all formulations,weekly-mon,3.268
2012-01-09,GASREGMWW,PADD 2,gasoline,all formulations,weekly-mon,3.356
2012-01-16,GASREGMWW,PADD 2,gasoline,all formulations,weekly-mon,3.362
2012-01-23,GASREGMWW,PADD 2,gasoline,all formulations,weekly-mon,3.307
2012-01-30,GASREGMWW,PADD 2,gasoline,all formulations,weekly-mon,3.349
2012-02-06,GASREGMWW,PADD 2,gasoline,all formulations,weekly-mon,3.411
2012-02-13,GASREGMWW,PADD 2,gasoline,all formulations,weekly-mon,3.407
2012-02-20,GASREGMWW,PADD 2,gasoline,all formulations,weekly-mon,3.464
2012-02-27,GASREGMWW,PADD 2,gasoline,all formulations,weekly-mon,3.623
2012-03-05,GASREGMWW,PADD 2,gasoline,all formulations,weekly-mon,3.745
2012-03-12,GASREGMWW,PADD 2,gasoline,all formulations,weekly-mon,3.809
2012-03-19,GASREGMWW,PADD 2,gasoline,all formulations,weekly-mon,3.84
2012-03-26,GASREGMWW,PADD 2,gasoline,all formulations,weekly-mon,3.899
2012-04-02,GASREGMWW,PADD 2,gasoline,all formulations,weekly-mon,3.905
2012-04-09,GASREGMWW,PADD 2,gasoline,all formulations,weekly-mon,3.86
2012-04-16,GASREGMWW,PADD 2,gasoline,all formulations,weekly-mon,3.854
2012-04-23,GASREGMWW,PADD 2,gasoline,all formulations,weekly-mon,3.774
2012-04-30,GASREGMWW,PADD 2,gasoline,all formulations,weekly-mon,3.749
2012-05-07,GASREGMWW,PADD 2,gasoline,all formulations,weekly-mon,3.721
2012-05-14,GASREGMWW,PADD 2,gasoline,all formulations,weekly-mon,3.641
2012-05-21,GASREGMWW,PADD 2,gasoline,all formulations,weekly-mon,3.626
2012-05-28,GASREGMWW,PADD 2,gasoline,all formulations,weekly-mon,3.591
2012-06-04,GASREGMWW,PADD 2,gasoline,all formulations,weekly-mon,3.519
2012-06-11,GASREGMWW,PADD 2,gasoline,all formulations,weekly-mon,3.539
2012-06-18,GASREGMWW,PADD 2,gasoline,all formulations,weekly-mon,3.561
2012-06-25,GASREGMWW,PADD 2,gasoline,all formulations,weekly-mon,3.431
2012-07-02,GASREGMWW,PADD 2,gasoline,all formulations,weekly-mon,3.323
2012-07-09,GASREGMWW,PADD 2,gasoline,all formulations,weekly-mon,3.442
2012-07-16,GASREGMWW,PADD 2,gasoline,all formulations,weekly-mon,3.42
2012-07-23,GASREGMWW,PADD 2,gasoline,all formulations,weekly-mon,3.482
2012-07-30,GASREGMWW,PADD 2,gasoline,all formulations,weekly-mon,3.515
2012-08-06,GASREGMWW,PADD 2,gasoline,all formulations,weekly-mon,3.772
2012-08-13,GASREGMWW,PADD 2,gasoline,all formulations,weekly-mon,3.788
2012-08-20,GASREGMWW,PADD 2,gasoline,all formulations,weekly-mon,3.761
2012-08-27,GASREGMWW,PADD 2,gasoline,all formulations,weekly-mon,3.778
2012-09-03,GASREGMWW,PADD 2,gasoline,all formulations,weekly-mon,3.875
2012-09-10,GASREGMWW,PADD 2,gasoline,all formulations,weekly-mon,3.86
2012-09-17,GASREGMWW,PADD 2,gasoline,all formulations,weekly-mon,3.893
2012-09-24,GASREGMWW,PADD 2,gasoline,all formulations,weekly-mon,3.813
2012-10-01,GASREGMWW,PADD 2,gasoline,all formulations,weekly-mon,3.784
2012-10-08,GASREGMWW,PADD 2,gasoline,all formulations,weekly-mon,3.772
2012-10-15,GASREGMWW,PADD 2,gasoline,all formulations,weekly-mon,3.685
2012-10-22,GASREGMWW,PADD 2,gasoline,all formulations,weekly-mon,3.487
2012-10-29,GASREGMWW,PADD 2,gasoline,all formulations,weekly-mon,3.391
2012-11-05,GASREGMWW,PADD 2,gasoline,all formulations,weekly-mon,3.323
2012-11-12,GASREGMWW,PADD 2,gasoline,all formulations,weekly-mon,3.331
2012-11-19,GASREGMWW,PADD 2,gasoline,all formulations,weekly-mon,3.344
2012-11-26,GASREGMWW,PADD 2,gasoline,all formulations,weekly-mon,3.387
2012-12-03,GASREGMWW,PADD 2,gasoline,all formulations,weekly-mon,3.32
2012-12-10,GASREGMWW,PADD 2,gasoline,all formulations,weekly-mon,3.284
2012-12-17,GASREGMWW,PADD 2,gasoline,all formulations,weekly-mon,3.144
2012-12-24,GASREGMWW,PADD 2,gasoline,all formulations,weekly-mon,3.173
2012-12-31,GASREGMWW,PADD 2,gasoline,all formulations,weekly-mon,3.221
2013-01-07,GASREGMWW,PADD 2,gasoline,all formulations,weekly-mon,3.143
2013-01-14,GASREGMWW,PADD 2,gasoline,all formulations,weekly-mon,3.156
2013-01-21,GASREGMWW,PADD 2,gasoline,all formulations,weekly-mon,3.224
2013-01-28,GASREGMWW,PADD 2,gasoline,all formulations,weekly-mon,3.289
2013-02-04,GASREGMWW,PADD 2,gasoline,all formulations,weekly-mon,3.513
2013-02-11,GASREGMWW,PADD 2,gasoline,all formulations,weekly-mon,3.582
2013-02-18,GASREGMWW,PADD 2,gasoline,all formulations,weekly-mon,3.763
2013-02-25,GASREGMWW,PADD 2,gasoline,all formulations,weekly-mon,3.735
2013-03-04,GASREGMWW,PADD 2,gasoline,all formulations,weekly-mon,3.709
2013-03-11,GASREGMWW,PADD 2,gasoline,all formulations,weekly-mon,3.618
2013-03-18,GASREGMWW,PADD 2,gasoline,all formulations,weekly-mon,3.645
2013-03-25,GASREGMWW,PADD 2,gasoline,all formulations,weekly-mon,3.657
2013-04-01,GASREGMWW,PADD 2,gasoline,all formulations,weekly-mon,3.597
2013-04-08,GASREGMWW,PADD 2,gasoline,all formulations,weekly-mon,3.553
2013-04-15,GASREGMWW,PADD 2,gasoline,all formulations,weekly-mon,3.456
2013-04-22,GASREGMWW,PADD 2,gasoline,all formulations,weekly-mon,3.546
2013-04-29,GASREGMWW,PADD 2,gasoline,all formulations,weekly-mon,3.554
2013-05-06,GASREGMWW,PADD 2,gasoline,all formulations,weekly-mon,3.608
2013-05-13,GASREGMWW,PADD 2,gasoline,all formulations,weekly-mon,3.678
2013-05-20,GASREGMWW,PADD 2,gasoline,all formulations,weekly-mon,3.866
2013-05-27,GASREGMWW,PADD 2,gasoline,all formulations,weekly-mon,3.779
2013-06-03,GASREGMWW,PADD 2,gasoline,all formulations,weekly-mon,3.838
2013-06-10,GASREGMWW,PADD 2,gasoline,all formulations,weekly-mon,3.868
2013-06-17,GASREGMWW,PADD 2,gasoline,all formulations,weekly-mon,3.738
2013-06-24,GASREGMWW,PADD 2,gasoline,all formulations,weekly-mon,3.546
2013-07-01,GASREGMWW,PADD 2,gasoline,all formulations,weekly-mon,3.394
2013-07-08,GASREGMWW,PADD 2,gasoline,all formulations,weekly-mon,3.409
2013-07-15,GASREGMWW,PADD 2,gasoline,all formulations,weekly-mon,3.639
2013-07-22,GASREGMWW,PADD 2,gasoline,all formulations,weekly-mon,3.66
2013-07-29,GASREGMWW,PADD 2,gasoline,all formulations,weekly-mon,3.575
2013-08-05,GASREGMWW,PADD 2,gasoline,all formulations,weekly-mon,3.589
2013-08-12,GASREGMWW,PADD 2,gasoline,all formulations,weekly-mon,3.478
2013-08-19,GASREGMWW,PADD 2,gasoline,all formulations,weekly-mon,3.501
2013-08-26,GASREGMWW,PADD 2,gasoline,all formulations,weekly-mon,3.524
2013-09-02,GASREGMWW,PADD 2,gasoline,all formulations,weekly-mon,3.633
2013-09-09,GASREGMWW,PADD 2,gasoline,all formulations,weekly-mon,3.574
2013-09-16,GASREGMWW,PADD 2,gasoline,all formulations,weekly-mon,3.489
2013-09-23,GASREGMWW,PADD 2,gasoline,all formulations,weekly-mon,3.456
2013-09-30,GASREGMWW,PADD 2,gasoline,all formulations,weekly-mon,3.348
2013-10-07,GASREGMWW,PADD 2,gasoline,all formulations,weekly-mon,3.275
2013-10-14,GASREGMWW,PADD 2,gasoline,all formulations,weekly-mon,3.295
2013-10-21,GASREGMWW,PADD 2,gasoline,all formulations,weekly-mon,3.314
2013-10-28,GASREGMWW,PADD 2,gasoline,all formulations,weekly-mon,3.198
2013-11-04,GASREGMWW,PADD 2,gasoline,all formulations,weekly-mon,3.188
2013-11-11,GASREGMWW,PADD 2,gasoline,all formulations,weekly-mon,3.074
2013-11-18,GASREGMWW,PADD 2,gasoline,all formulations,weekly-mon,3.126
2013-11-25,GASREGMWW,PADD 2,gasoline,all formulations,weekly-mon,3.191
2013-12-02,GASREGMWW,PADD 2,gasoline,all formulations,weekly-mon,3.121
2013-12-09,GASREGMWW,PADD 2,gasoline,all formulations,weekly-mon,3.132
2013-12-16,GASREGMWW,PADD 2,gasoline,all formulations,weekly-mon,3.079
2013-12-23,GASREGMWW,PADD 2,gasoline,all formulations,weekly-mon,3.16
2013-12-30,GASREGMWW,PADD 2,gasoline,all formulations,weekly-mon,3.264
2014-01-06,GASREGMWW,PADD 2,gasoline,all formulations,weekly-mon,3.222
2014-01-13,GASREGMWW,PADD 2,gasoline,all formulations,weekly-mon,3.253
2014-01-20,GASREGMWW,PADD 2,gasoline,all formulations,weekly-mon,3.2
2014-01-27,GASREGMWW,PADD 2,gasoline,all formulations,weekly-mon,3.219
2014-02-03,GASREGMWW,PADD 2,gasoline,all formulations,weekly-mon,3.233
2014-02-10,GASREGMWW,PADD 2,gasoline,all formulations,weekly-mon,3.282
2014-02-17,GASREGMWW,PADD 2,gasoline,all formulations,weekly-mon,3.357
2014-02-24,GASREGMWW,PADD 2,gasoline,all formulations,weekly-mon,3.439
2014-03-03,GASREGMWW,PADD 2,gasoline,all formulations,weekly-mon,3.496
2014-03-10,GASREGMWW,PADD 2,gasoline,all formulations,weekly-mon,3.538
2014-03-17,GASREGMWW,PADD 2,gasoline,all formulations,weekly-mon,3.574
2014-03-24,GASREGMWW,PADD 2,gasoline,all formulations,weekly-mon,3.551
2014-03-31,GASREGMWW,PADD 2,gasoline,all formulations,weekly-mon,3.589
2014-04-07,GASREGMWW,PADD 2,gasoline,all formulations,weekly-mon,3.578
2014-04-14,GASREGMWW,PADD 2,gasoline,all formulations,weekly-mon,3.633
2014-04-21,GASREGMWW,PADD 2,gasoline,all formulations,weekly-mon,3.64
2014-04-28,GASREGMWW,PADD 2,gasoline,all formulations,weekly-mon,3.662
2014-05-05,GASREGMWW,PADD 2,gasoline,all formulations,weekly-mon,3.595
2014-05-12,GASREGMWW,PADD 2,gasoline,all formulations,weekly-mon,3.596
2014-05-19,GASREGMWW,PADD 2,gasoline,all formulations,weekly-mon,3.611
2014-05-26,GASREGMWW,PADD 2,gasoline,all formulations,weekly-mon,3.651
2014-06-02,GASREGMWW,PADD 2,gasoline,all formulations,weekly-mon,3.713
2014-06-09,GASREGMWW,PADD 2,gasoline,all formulations,weekly-mon,3.692
2014-06-16,GASREGMWW,PADD 2,gasoline,all formulations,weekly-mon,3.714
2014-06-23,GASREGMWW,PADD 2,gasoline,all formulations,weekly-mon,3.693
2014-06-30,GASREGMWW,PADD 2,gasoline,all formulations,weekly-mon,3.671
2014-07-07,GASREGMWW,PADD 2,gasoline,all formulations,weekly-mon,3.614
2014-07-14,GASREGMWW,PADD 2,gasoline,all formulations,weekly-mon,3.539
2014-07-21,GASREGMWW,PADD 2,gasoline,all formulations,weekly-mon,3.497
2014-07-28,GASREGMWW,PADD 2,gasoline,all formulations,weekly-mon,3.409
2014-08-04,GASREGMWW,PADD 2,gasoline,all formulations,weekly-mon,3.416
2014-08-11,GASREGMWW,PADD 2,gasoline,all formulations,weekly-mon,3.451
2014-08-18,GASREGMWW,PADD 2,gasoline,all formulations,weekly-mon,3.395
2014-08-25,GASREGMWW,PADD 2,gasoline,all formulations,weekly-mon,3.397
2014-09-01,GASREGMWW,PADD 2,gasoline,all formulations,weekly-mon,3.432
2014-09-08,GASREGMWW,PADD 2,gasoline,all formulations,weekly-mon,3.438
2014-09-15,GASREGMWW,PADD 2,gasoline,all formulations,weekly-mon,3.357
2014-09-22,GASREGMWW,PADD 2,gasoline,all formulations,weekly-mon,3.275
2014-09-29,GASREGMWW,PADD 2,gasoline,all formulations,weekly-mon,3.299
2014-10-06,GASREGMWW,PADD 2,gasoline,all formulations,weekly-mon,3.195
2014-10-13,GASREGMWW,PADD 2,gasoline,all formulations,weekly-mon,3.084
2014-10-20,GASREGMWW,PADD 2,gasoline,all formulations,weekly-mon,3.028
2014-10-27,GASREGMWW,PADD 2,gasoline,all formulations,weekly-mon,3.017
2014-11-03,GASREGMWW,PADD 2,gasoline,all formulations,weekly-mon,2.959
2014-11-10,GASREGMWW,PADD 2,gasoline,all formulations,weekly-mon,2.906
2014-11-17,GASREGMWW,PADD 2,gasoline,all formulations,weekly-mon,2.856
2014-11-24,GASREGMWW,PADD 2,gasoline,all formulations,weekly-mon,2.762
2014-12-01,GASREGMWW,PADD 2,gasoline,all formulations,weekly-mon,2.715
2014-12-08,GASREGMWW,PADD 2,gasoline,all formulations,weekly-mon,2.586
2014-12-15,GASREGMWW,PADD 2,gasoline,all formulations,weekly-mon,2.417
2014-12-22,GASREGMWW,PADD 2,gasoline,all formulations,weekly-mon,2.224
2014-12-29,GASREGMWW,PADD 2,gasoline,all formulations,weekly-mon,2.088
2015-01-05,GASREGMWW,PADD 2,gasoline,all formulations,weekly-mon,1.974
2015-01-12,GASREGMWW,PADD 2,gasoline,all formulations,weekly-mon,1.95
2015-01-19,GASREGMWW,PADD 2,gasoline,all formulations,weekly-mon,1.918
2015-01-26,GASREGMWW,PADD 2,gasoline,all formulations,weekly-mon,1.936
2015-02-02,GASREGMWW,PADD 2,gasoline,all formulations,weekly-mon,2.029
2015-02-09,GASREGMWW,PADD 2,gasoline,all formulations,weekly-mon,2.166
2015-02-16,GASREGMWW,PADD 2,gasoline,all formulations,weekly-mon,2.237
2015-02-23,GASREGMWW,PADD 2,gasoline,all formulations,weekly-mon,2.274
2015-03-02,GASREGMWW,PADD 2,gasoline,all formulations,weekly-mon,2.378
2015-03-09,GASREGMWW,PADD 2,gasoline,all formulations,weekly-mon,2.339
2015-03-16,GASREGMWW,PADD 2,gasoline,all formulations,weekly-mon,2.285
2015-03-23,GASREGMWW,PADD 2,gasoline,all formulations,weekly-mon,2.391
2015-03-30,GASREGMWW,PADD 2,gasoline,all formulations,weekly-mon,2.378
2015-04-06,GASREGMWW,PADD 2,gasoline,all formulations,weekly-mon,2.312
2015-04-13,GASREGMWW,PADD 2,gasoline,all formulations,weekly-mon,2.303
2015-04-20,GASREGMWW,PADD 2,gasoline,all formulations,weekly-mon,2.397
2015-04-27,GASREGMWW,PADD 2,gasoline,all formulations,weekly-mon,2.439
2015-05-04,GASREGMWW,PADD 2,gasoline,all formulations,weekly-mon,2.499
2015-05-11,GASREGMWW,PADD 2,gasoline,all formulations,weekly-mon,2.508
2015-05-18,GASREGMWW,PADD 2,gasoline,all formulations,weekly-mon,2.597
2015-05-25,GASREGMWW,PADD 2,gasoline,all formulations,weekly-mon,2.655
2015-06-01,GASREGMWW,PADD 2,gasoline,all formulations,weekly-mon,2.694
2015-06-08,GASREGMWW,PADD 2,gasoline,all formulations,weekly-mon,2.677
2015-06-15,GASREGMWW,PADD 2,gasoline,all formulations,weekly-mon,2.794
2015-06-22,GASREGMWW,PADD 2,gasoline,all formulations,weekly-mon,2.743
2015-06-29,GASREGMWW,PADD 2,gasoline,all formulations,weekly-mon,2.736
2015-07-06,GASREGMWW,PADD 2,gasoline,all formulations,weekly-mon,2.736
2015-07-13,GASREGMWW,PADD 2,gasoline,all formulations,weekly-mon,2.721
2015-07-20,GASREGMWW,PADD 2,gasoline,all formulations,weekly-mon,2.671
2015-07-27,GASREGMWW,PADD 2,gasoline,all formulations,weekly-mon,2.583
2015-08-03,GASREGMWW,PADD 2,gasoline,all formulations,weekly-mon,2.518
2015-08-10,GASREGMWW,PADD 2,gasoline,all formulations,weekly-mon,2.474
2015-08-17,GASREGMWW,PADD 2,gasoline,all formulations,weekly-mon,2.79
2015-08-24,GASREGMWW,PADD 2,gasoline,all formulations,weekly-mon,2.669
2015-08-31,GASREGMWW,PADD 2,gasoline,all formulations,weekly-mon,2.468
2015-09-07,GASREGMWW,PADD 2,gasoline,all formulations,weekly-mon,2.345
2015-09-14,GASREGMWW,PADD 2,gasoline,all formulations,weekly-mon,2.28
2015-09-21,GASREGMWW,PADD 2,gasoline,all formulations,weekly-mon,2.271
2015-09-28,GASREGMWW,PADD 2,gasoline,all formulations,weekly-mon,2.325
2015-10-05,GASREGMWW,PADD 2,gasoline,all formulations,weekly-mon,2.352
2015-10-12,GASREGMWW,PADD 2,gasoline,all formulations,weekly-mon,2.405
2015-10-19,GASREGMWW,PADD 2,gasoline,all formulations,weekly-mon,2.3
2015-10-26,GASREGMWW,PADD 2,gasoline,all formulations,weekly-mon,2.228
2015-11-02,GASREGMWW,PADD 2,gasoline,all formulations,weekly-mon,2.268
2015-11-09,GASREGMWW,PADD 2,gasoline,all formulations,weekly-mon,2.215
2015-11-16,GASREGMWW,PADD 2,gasoline,all formulations,weekly-mon,2.085
2015-11-23,GASREGMWW,PADD 2,gasoline,all formulations,weekly-mon,1.935
2015-11-30,GASREGMWW,PADD 2,gasoline,all formulations,weekly-mon,1.877
2015-12-07,GASREGMWW,PADD 2,gasoline,all formulations,weekly-mon,1.89
2015-12-14,GASREGMWW,PADD 2,gasoline,all formulations,weekly-mon,1.901
2015-12-21,GASREGMWW,PADD 2,gasoline,all formulations,weekly-mon,1.846
2015-12-28,GASREGMWW,PADD 2,gasoline,all formulations,weekly-mon,1.873
2016-01-04,GASREGMWW,PADD 2,gasoline,all formulations,weekly-mon,1.86
2016-01-11,GASREGMWW,PADD 2,gasoline,all formulations,weekly-mon,1.821
2016-01-18,GASREGMWW,PADD 2,gasoline,all formulations,weekly-mon,1.712
2016-01-25,GASREGMWW,PADD 2,gasoline,all formulations,weekly-mon,1.63
2016-02-01,GASREGMWW,PADD 2,gasoline,all formulations,weekly-mon,1.622
2016-02-08,GASREGMWW,PADD 2,gasoline,all formulations,weekly-mon,1.518
2016-02-15,GASREGMWW,PADD 2,gasoline,all formulations,weekly-mon,1.522
2016-02-22,GASREGMWW,PADD 2,gasoline,all formulations,weekly-mon,1.609
2016-02-29,GASREGMWW,PADD 2,gasoline,all formulations,weekly-mon,1.722
2016-03-07,GASREGMWW,PADD 2,gasoline,all formulations,weekly-mon,1.815
2016-03-14,GASREGMWW,PADD 2,gasoline,all formulations,weekly-mon,1.929
2016-03-21,GASREGMWW,PADD 2,gasoline,all formulations,weekly-mon,1.939
2016-03-28,GASREGMWW,PADD 2,gasoline,all formulations,weekly-mon,1.957
2016-04-04,GASREGMWW,PADD 2,gasoline,all formulations,weekly-mon,1.988
2016-04-11,GASREGMWW,PADD 2,gasoline,all formulations,weekly-mon,1.965
2016-04-18,GASREGMWW,PADD 2,gasoline,all formulations,weekly-mon,2.057
2016-04-25,GASREGMWW,PADD 2,gasoline,all formulations,weekly-mon,2.097
2016-05-02,GASREGMWW,PADD 2,gasoline,all formulations,weekly-mon,2.183
2016-05-09,GASREGMWW,PADD 2,gasoline,all formulations,weekly-mon,2.116
2016-05-16,GASREGMWW,PADD 2,gasoline,all formulations,weekly-mon,2.178
2016-05-23,GASREGMWW,PADD 2,gasoline,all formulations,weekly-mon,2.28
2016-05-30,GASREGMWW,PADD 2,gasoline,all formulations,weekly-mon,2.34
2016-06-06,GASREGMWW,PADD 2,gasoline,all formulations,weekly-mon,2.409
2016-06-13,GASREGMWW,PADD 2,gasoline,all formulations,weekly-mon,2.466
2016-06-20,GASREGMWW,PADD 2,gasoline,all formulations,weekly-mon,2.37
2016-06-27,GASREGMWW,PADD 2,gasoline,all formulations,weekly-mon,2.291
2016-07-04,GASREGMWW,PADD 2,gasoline,all formulations,weekly-mon,2.208
2016-07-11,GASREGMWW,PADD 2,gasoline,all formulations,weekly-mon,2.155
2016-07-18,GASREGMWW,PADD 2,gasoline,all formulations,weekly-mon,2.152
2016-07-25,GASREGMWW,PADD 2,gasoline,all formulations,weekly-mon,2.078
2016-08-01,GASREGMWW,PADD 2,gasoline,all formulations,weekly-mon,2.075
2016-08-08,GASREGMWW,PADD 2,gasoline,all formulations,weekly-mon,2.115
2016-08-15,GASREGMWW,PADD 2,gasoline,all formulations,weekly-mon,2.121
2016-08-22,GASREGMWW,PADD 2,gasoline,all formulations,weekly-mon,2.171
2016-08-29,GASREGMWW,PADD 2,gasoline,all formulations,weekly-mon,2.227
2016-09-05,GASREGMWW,PADD 2,gasoline,all formulations,weekly-mon,2.18
2016-09-12,GASREGMWW,PADD 2,gasoline,all formulations,weekly-mon,2.135
2016-09-19,GASREGMWW,PADD 2,gasoline,all formulations,weekly-mon,2.154
2016-09-26,GASREGMWW,PADD 2,gasoline,all formulations,weekly-mon,2.144
2016-10-03,GASREGMWW,PADD 2,gasoline,all formulations,weekly-mon,2.173
2016-10-10,GASREGMWW,PADD 2,gasoline,all formulations,weekly-mon,2.221
2016-10-17,GASREGMWW,PADD 2,gasoline,all formulations,weekly-mon,2.155
2016-10-24,GASREGMWW,PADD 2,gasoline,all formulations,weekly-mon,2.107
2016-10-31,GASREGMWW,PADD 2,gasoline,all formulations,weekly-mon,2.075
2016-11-07,GASREGMWW,PADD 2,gasoline,all formulations,weekly-mon,2.082
2016-11-14,GASREGMWW,PADD 2,gasoline,all formulations,weekly-mon,1.994
2016-11-21,GASREGMWW,PADD 2,gasoline,all formulations,weekly-mon,2.014
2016-11-28,GASREGMWW,PADD 2,gasoline,all formulations,weekly-mon,2.039
2016-12-05,GASREGMWW,PADD 2,gasoline,all formulations,weekly-mon,2.107
2016-12-12,GASREGMWW,PADD 2,gasoline,all formulations,weekly-mon,2.162
2016-12-19,GASREGMWW,PADD 2,gasoline,all formulations,weekly-mon,2.192
2016-12-26,GASREGMWW,PADD 2,gasoline,all formulations,weekly-mon,2.28
2017-01-02,GASREGMWW,PADD 2,gasoline,all formulations,weekly-mon,2.347
2017-01-09,GASREGMWW,PADD 2,gasoline,all formulations,weekly-mon,2.344
2017-01-16,GASREGMWW,PADD 2,gasoline,all formulations,weekly-mon,2.283
2017-01-23,GASREGMWW,PADD 2,gasoline,all formulations,weekly-mon,2.219
2017-01-30,GASREGMWW,PADD 2,gasoline,all formulations,weekly-mon,2.168
2017-02-06,GASREGMWW,PADD 2,gasoline,all formulations,weekly-mon,2.181
2017-02-13,GASREGMWW,PADD 2,gasoline,all formulations,weekly-mon,2.213
2017-02-20,GASREGMWW,PADD 2,gasoline,all formulations,weekly-mon,2.19
2017-02-27,GASREGMWW,PADD 2,gasoline,all formulations,weekly-mon,2.21
2017-03-06,GASREGMWW,PADD 2,gasoline,all formulations,weekly-mon,2.267
2017-03-13,GASREGMWW,PADD 2,gasoline,all formulations,weekly-mon,2.217
2017-03-20,GASREGMWW,PADD 2,gasoline,all formulations,weekly-mon,2.221
2017-03-27,GASREGMWW,PADD 2,gasoline,all formulations,weekly-mon,2.184
2017-04-03,GASREGMWW,PADD 2,gasoline,all formulations,weekly-mon,2.279
2017-04-10,GASREGMWW,PADD 2,gasoline,all formulations,weekly-mon,2.361
2017-04-17,GASREGMWW,PADD 2,gasoline,all formulations,weekly-mon,2.339
2017-04-24,GASREGMWW,PADD 2,gasoline,all formulations,weekly-mon,2.358
2017-05-01,GASREGMWW,PADD 2,gasoline,all formulations,weekly-mon,2.29
2017-05-08,GASREGMWW,PADD 2,gasoline,all formulations,weekly-mon,2.232
2017-05-15,GASREGMWW,PADD 2,gasoline,all formulations,weekly-mon,2.268
2017-05-22,GASREGMWW,PADD 2,gasoline,all formulations,weekly-mon,2.315
2017-05-29,GASREGMWW,PADD 2,gasoline,all formulations,weekly-mon,2.301
2017-06-05,GASREGMWW,PADD 2,gasoline,all formulations,weekly-mon,2.322
2017-06-12,GASREGMWW,PADD 2,gasoline,all formulations,weekly-mon,2.248
2017-06-19,GASREGMWW,PADD 2,gasoline,all formulations,weekly-mon,2.181
2017-06-26,GASREGMWW,PADD 2,gasoline,all formulations,weekly-mon,2.171
2017-07-03,GASREGMWW,PADD 2,gasoline,all formulations,weekly-mon,2.139
2017-07-10,GASREGMWW,PADD 2,gasoline,all formulations,weekly-mon,2.225
2017-07-17,GASREGMWW,PADD 2,gasoline,all formulations,weekly-mon,2.181
2017-07-24,GASREGMWW,PADD 2,gasoline,all formulations,weekly-mon,2.213
2017-07-31,GASREGMWW,PADD 2,gasoline,all formulations,weekly-mon,2.276
2017-08-07,GASREGMWW,PADD 2,gasoline,all formulations,weekly-mon,2.284
2017-08-14,GASREGMWW,PADD 2,gasoline,all formulations,weekly-mon,2.299
2017-08-21,GASREGMWW,PADD 2,gasoline,all formulations,weekly-mon,2.249
2017-08-28,GASREGMWW,PADD 2,gasoline,all formulations,weekly-mon,2.307
2017-09-04,GASREGMWW,PADD 2,gasoline,all formulations,weekly-mon,2.539
2017-09-11,GASREGMWW,PADD 2,gasoline,all formulations,weekly-mon,2.541
2017-09-18,GASREGMWW,PADD 2,gasoline,all formulations,weekly-mon,2.446
2017-09-25,GASREGMWW,PADD 2,gasoline,all formulations,weekly-mon,2.367
2017-10-02,GASREGMWW,PADD 2,gasoline,all formulations,weekly-mon,2.402
2017-10-09,GASREGMWW,PADD 2,gasoline,all formulations,weekly-mon,2.333
2017-10-16,GASREGMWW,PADD 2,gasoline,all formulations,weekly-mon,2.375
2017-10-23,GASREGMWW,PADD 2,gasoline,all formulations,weekly-mon,2.394
2017-10-30,GASREGMWW,PADD 2,gasoline,all formulations,weekly-mon,2.427
2017-11-06,GASREGMWW,PADD 2,gasoline,all formulations,weekly-mon,2.546
2017-11-13,GASREGMWW,PADD 2,gasoline,all formulations,weekly-mon,2.525
2017-11-20,GASREGMWW,PADD 2,gasoline,all formulations,weekly-mon,2.497
2017-11-27,GASREGMWW,PADD 2,gasoline,all formulations,weekly-mon,2.422
2017-12-04,GASREGMWW,PADD 2,gasoline,all formulations,weekly-mon,2.357
2017-12-11,GASREGMWW,PADD 2,gasoline,all formulations,weekly-mon,2.371
2017-12-18,GASREGMWW,PADD 2,gasoline,all formulations,weekly-mon,2.324
2017-12-25,GASREGMWW,PADD 2,gasoline,all formulations,weekly-mon,2.409
2018-01-01,GASREGMWW,PADD 2,gasoline,all formulations,weekly-mon,2.453
2018-01-08,GASREGMWW,PADD 2,gasoline,all formulations,weekly-mon,2.428
2018-01-15,GASREGMWW,PADD 2,gasoline,all formulations,weekly-mon,2.507
2018-01-22,GASREGMWW,PADD 2,gasoline,all formulations,weekly-mon,2.469
2018-01-29,GASREGMWW,PADD 2,gasoline,all formulations,weekly-mon,2.51
2018-02-05,GASREGMWW,PADD 2,gasoline,all formulations,weekly-mon,2.535
2018-02-12,GASREGMWW,PADD 2,gasoline,all formulations,weekly-mon,2.463
2018-02-19,GASREGMWW,PADD 2,gasoline,all formulations,weekly-mon,2.39
2018-02-26,GASREGMWW,PADD 2,gasoline,all formulations,weekly-mon,2.405
2018-03-05,GASREGMWW,PADD 2,gasoline,all formulations,weekly-mon,2.428
2018-03-12,GASREGMWW,PADD 2,gasoline,all formulations,weekly-mon,2.439
2018-03-19,GASREGMWW,PADD 2,gasoline,all formulations,weekly-mon,2.495
2018-03-26,GASREGMWW,PADD 2,gasoline,all formulations,weekly-mon,2.515
2018-04-02,GASREGMWW,PADD 2,gasoline,all formulations,weekly-mon,2.565
2018-04-09,GASREGMWW,PADD 2,gasoline,all formulations,weekly-mon,2.55
2018-04-16,GASREGMWW,PADD 2,gasoline,all formulations,weekly-mon,2.602
2018-04-23,GASREGMWW,PADD 2,gasoline,all formulations,weekly-mon,2.657
2018-04-30,GASREGMWW,PADD 2,gasoline,all formulations,weekly-mon,2.724
2018-05-07,GASREGMWW,PADD 2,gasoline,all formulations,weekly-mon,2.697
2018-05-14,GASREGMWW,PADD 2,gasoline,all formulations,weekly-mon,2.782
2018-05-21,GASREGMWW,PADD 2,gasoline,all formulations,weekly-mon,2.851
2018-05-28,GASREGMWW,PADD 2,gasoline,all formulations,weekly-mon,2.881
2018-06-04,GASREGMWW,PADD 2,gasoline,all formulations,weekly-mon,2.847
2018-06-11,GASREGMWW,PADD 2,gasoline,all formulations,weekly-mon,2.817
2018-06-18,GASREGMWW,PADD 2,gasoline,all formulations,weekly-mon,2.791
2018-06-25,GASREGMWW,PADD 2,gasoline,all formulations,weekly-mon,2.718
2018-07-02,GASREGMWW,PADD 2,gasoline,all formulations,weekly-mon,2.762
2018-07-09,GASREGMWW,PADD 2,gasoline,all formulations,weekly-mon,2.781
2018-07-16,GASREGMWW,PADD 2,gasoline,all formulations,weekly-mon,2.796
2018-07-23,GASREGMWW,PADD 2,gasoline,all formulations,weekly-mon,2.739
2018-07-30,GASREGMWW,PADD 2,gasoline,all formulations,weekly-mon,2.767
2018-08-06,GASREGMWW,PADD 2,gasoline,all formulations,weekly-mon,2.773
2018-08-13,GASREGMWW,PADD 2,gasoline,all formulations,weekly-mon,2.748
2018-08-20,GASREGMWW,PADD 2,gasoline,all formulations,weekly-mon,2.73
2018-08-27,GASREGMWW,PADD 2,gasoline,all formulations,weekly-mon,2.76
2018-09-03,GASREGMWW,PADD 2,gasoline,all formulations,weekly-mon,2.731
2018-09-10,GASREGMWW,PADD 2,gasoline,all formulations,weekly-mon,2.74
2018-09-17,GASREGMWW,PADD 2,gasoline,all formulations,weekly-mon,2.761
2018-09-24,GASREGMWW,PADD 2,gasoline,all formulations,weekly-mon,2.789
2018-10-01,GASREGMWW,PADD 2,gasoline,all formulations,weekly-mon,2.79
2018-10-08,GASREGMWW,PADD 2,gasoline,all formulations,weekly-mon,2.822
2018-10-15,GASREGMWW,PADD 2,gasoline,all formulations,weekly-mon,2.758
2018-10-22,GASREGMWW,PADD 2,gasoline,all formulations,weekly-mon,2.689
2018-10-29,GASREGMWW,PADD 2,gasoline,all formulations,weekly-mon,2.68
2018-11-05,GASREGMWW,PADD 2,gasoline,all formulations,weekly-mon,2.604
2018-11-12,GASREGMWW,PADD 2,gasoline,all formulations,weekly-mon,2.512
2018-11-19,GASREGMWW,PADD 2,gasoline,all formulations,weekly-mon,2.417
2018-11-26,GASREGMWW,PADD 2,gasoline,all formulations,weekly-mon,2.314
2018-12-03,GASREGMWW,PADD 2,gasoline,all formulations,weekly-mon,2.198
2018-12-10,GASREGMWW,PADD 2,gasoline,all formulations,weekly-mon,2.21
2018-12-17,GASREGMWW,PADD 2,gasoline,all formulations,weekly-mon,2.135
2018-12-24,GASREGMWW,PADD 2,gasoline,all formulations,weekly-mon,2.081
2018-12-31,GASREGMWW,PADD 2,gasoline,all formulations,weekly-mon,2.005
2019-01-07,GASREGMWW,PADD 2,gasoline,all formulations,weekly-mon,2.003
2019-01-14,GASREGMWW,PADD 2,gasoline,all formulations,weekly-mon,2.047
2019-01-21,GASREGMWW,PADD 2,gasoline,all formulations,weekly-mon,2.039
2019-01-28,GASREGMWW,PADD 2,gasoline,all formulations,weekly-mon,2.052
2019-02-04,GASREGMWW,PADD 2,gasoline,all formulations,weekly-mon,2.08
2019-02-11,GASREGMWW,PADD 2,gasoline,all formulations,weekly-mon,2.15
2019-02-18,GASREGMWW,PADD 2,gasoline,all formulations,weekly-mon,2.207
2019-02-25,GASREGMWW,PADD 2,gasoline,all formulations,weekly-mon,2.306
2019-03-04,GASREGMWW,PADD 2,gasoline,all formulations,weekly-mon,2.329
2019-03-11,GASREGMWW,PADD 2,gasoline,all formulations,weekly-mon,2.4
2019-03-18,GASREGMWW,PADD 2,gasoline,all formulations,weekly-mon,2.475
2019-03-25,GASREGMWW,PADD 2,gasoline,all formulations,weekly-mon,2.562
2019-04-01,GASREGMWW,PADD 2,gasoline,all formulations,weekly-mon,2.626
2019-04-08,GASREGMWW,PADD 2,gasoline,all formulations,weekly-mon,2.67
2019-04-15,GASREGMWW,PADD 2,gasoline,all formulations,weekly-mon,2.736
2019-04-22,GASREGMWW,PADD 2,gasoline,all formulations,weekly-mon,2.722
2019-04-29,GASREGMWW,PADD 2,gasoline,all formulations,weekly-mon,2.765
2019-05-06,GASREGMWW,PADD 2,gasoline,all formulations,weekly-mon,2.767
2019-05-13,GASREGMWW,PADD 2,gasoline,all formulations,weekly-mon,2.738
2019-05-20,GASREGMWW,PADD 2,gasoline,all formulations,weekly-mon,2.742
2019-05-27,GASREGMWW,PADD 2,gasoline,all formulations,weekly-mon,2.712
2019-06-03,GASREGMWW,PADD 2,gasoline,all formulations,weekly-mon,2.746
2019-06-10,GASREGMWW,PADD 2,gasoline,all formulations,weekly-mon,2.62
2019-06-17,GASREGMWW,PADD 2,gasoline,all formulations,weekly-mon,2.541
2019-06-24,GASREGMWW,PADD 2,gasoline,all formulations,weekly-mon,2.562
2019-07-01,GASREGMWW,PADD 2,gasoline,all formulations,weekly-mon,2.629
2019-07-08,GASREGMWW,PADD 2,gasoline,all formulations,weekly-mon,2.668
2019-07-15,GASREGMWW,PADD 2,gasoline,all formulations,weekly-mon,2.763
2019-07-22,GASREGMWW,PADD 2,gasoline,all formulations,weekly-mon,2.689
2019-07-29,GASREGMWW,PADD 2,gasoline,all formulations,weekly-mon,2.659
2019-08-05,GASREGMWW,PADD 2,gasoline,all formulations,weekly-mon,2.633
2019-08-12,GASREGMWW,PADD 2,gasoline,all formulations,weekly-mon,2.522
2019-08-19,GASREGMWW,PADD 2,gasoline,all formulations,weekly-mon,2.517
2019-08-26,GASREGMWW,PADD 2,gasoline,all formulations,weekly-mon,2.495
2019-09-02,GASREGMWW,PADD 2,gasoline,all formulations,weekly-mon,2.464
2019-09-09,GASREGMWW,PADD 2,gasoline,all formulations,weekly-mon,2.438
2019-09-16,GASREGMWW,PADD 2,gasoline,all formulations,weekly-mon,2.456
2019-09-23,GASREGMWW,PADD 2,gasoline,all formulations,weekly-mon,2.585
2019-09-30,GASREGMWW,PADD 2,gasoline,all formulations,weekly-mon,2.488
2019-10-07,GASREGMWW,PADD 2,gasoline,all formulations,weekly-mon,2.499
2019-10-14,GASREGMWW,PADD 2,gasoline,all formulations,weekly-mon,2.478
2019-10-21,GASREGMWW,PADD 2,gasoline,all formulations,weekly-mon,2.476
2019-10-28,GASREGMWW,PADD 2,gasoline,all formulations,weekly-mon,2.41
2019-11-04,GASREGMWW,PADD 2,gasoline,all formulations,weekly-mon,2.416
2019-11-11,GASREGMWW,PADD 2,gasoline,all formulations,weekly-mon,2.436
2019-11-18,GASREGMWW,PADD 2,gasoline,all formulations,weekly-mon,2.435
2019-11-25,GASREGMWW,PADD 2,gasoline,all formulations,weekly-mon,2.403
2019-12-02,GASREGMWW,PADD 2,gasoline,all formulations,weekly-mon,2.424
2019-12-09,GASREGMWW,PADD 2,gasoline,all formulations,weekly-mon,2.424
2019-12-16,GASREGMWW,PADD 2,gasoline,all formulations,weekly-mon,2.391
2019-12-23,GASREGMWW,PADD 2,gasoline,all formulations,weekly-mon,2.403
2019-12-30,GASREGMWW,PADD 2,gasoline,all formulations,weekly-mon,2.452
2020-01-06,GASREGMWW,PADD 2,gasoline,all formulations,weekly-mon,2.434
2020-01-13,GASREGMWW,PADD 2,gasoline,all formulations,weekly-mon,2.441
2020-01-20,GASREGMWW,PADD 2,gasoline,all formulations,weekly-mon,2.39
2020-01-27,GASREGMWW,PADD 2,gasoline,all formulations,weekly-mon,2.371
2020-02-03,GASREGMWW,PADD 2,gasoline,all formulations,weekly-mon,2.313
2020-02-10,GASREGMWW,PADD 2,gasoline,all formulations,weekly-mon,2.26
2020-02-17,GASREGMWW,PADD 2,gasoline,all formulations,weekly-mon,2.307
2020-02-24,GASREGMWW,PADD 2,gasoline,all formulations,weekly-mon,2.355
2020-03-02,GASREGMWW,PADD 2,gasoline,all formulations,weekly-mon,2.3
2020-03-09,GASREGMWW,PADD 2,gasoline,all formulations,weekly-mon,2.233
2020-03-16,GASREGMWW,PADD 2,gasoline,all formulations,weekly-mon,2.037
2020-03-23,GASREGMWW,PADD 2,gasoline,all formulations,weekly-mon,1.873
2020-03-30,GASREGMWW,PADD 2,gasoline,all formulations,weekly-mon,1.735
2020-04-06,GASREGMWW,PADD 2,gasoline,all formulations,weekly-mon,1.629
2020-04-13,GASREGMWW,PADD 2,gasoline,all formulations,weekly-mon,1.551
2020-04-20,GASREGMWW,PADD 2,gasoline,all formulations,weekly-mon,1.51
2020-04-27,GASREGMWW,PADD 2,gasoline,all formulations,weekly-mon,1.478
2020-05-04,GASREGMWW,PADD 2,gasoline,all formulations,weekly-mon,1.573
2020-05-11,GASREGMWW,PADD 2,gasoline,all formulations,weekly-mon,1.751
2020-05-18,GASREGMWW,PADD 2,gasoline,all formulations,weekly-mon,1.783
2020-05-25,GASREGMWW,PADD 2,gasoline,all formulations,weekly-mon,1.885
2020-06-01,GASREGMWW,PADD 2,gasoline,all formulations,weekly-mon,1.893
2020-06-08,GASREGMWW,PADD 2,gasoline,all formulations,weekly-mon,1.987
2020-06-15,GASREGMWW,PADD 2,gasoline,all formulations,weekly-mon,2.026
2020-06-22,GASREGMWW,PADD 2,gasoline,all formulations,weekly-mon,2.056
2020-06-29,GASREGMWW,PADD 2,gasoline,all formulations,weekly-mon,2.11
2020-07-06,GASREGMWW,PADD 2,gasoline,all formulations,weekly-mon,2.102
2020-07-13,GASREGMWW,PADD 2,gasoline,all formulations,weekly-mon,2.125
2020-07-20,GASREGMWW,PADD 2,gasoline,all formulations,weekly-mon,2.091
2020-07-27,GASREGMWW,PADD 2,gasoline,all formulations,weekly-mon,2.075
2020-08-03,GASREGMWW,PADD 2,gasoline,all formulations,weekly-mon,2.055
2020-08-10,GASREGMWW,PADD 2,gasoline,all formulations,weekly-mon,2.059
2020-08-17,GASREGMWW,PADD 2,gasoline,all formulations,weekly-mon,2.051
2020-08-24,GASREGMWW,PADD 2,gasoline,all formulations,weekly-mon,2.073
2020-08-31,GASREGMWW,PADD 2,gasoline,all formulations,weekly-mon,2.121
2020-09-07,GASREGMWW,PADD 2,gasoline,all formulations,weekly-mon,2.066
2020-09-14,GASREGMWW,PADD 2,gasoline,all formulations,weekly-mon,2.027
2020-09-21,GASREGMWW,PADD 2,gasoline,all formulations,weekly-mon,2.034
2020-09-28,GASREGMWW,PADD 2,gasoline,all formulations,weekly-mon,2.059
2020-10-05,GASREGMWW,PADD 2,gasoline,all formulations,weekly-mon,2.049
2020-10-12,GASREGMWW,PADD 2,gasoline,all formulations,weekly-mon,2.032
2020-10-19,GASREGMWW,PADD 2,gasoline,all formulations,weekly-mon,2.0
2020-10-26,GASREGMWW,PADD 2,gasoline,all formulations,weekly-mon,2.011
2020-11-02,GASREGMWW,PADD 2,gasoline,all formulations,weekly-mon,1.969
2020-11-09,GASREGMWW,PADD 2,gasoline,all formulations,weekly-mon,1.968
2020-11-16,GASREGMWW,PADD 2,gasoline,all formulations,weekly-mon,1.963
2020-11-23,GASREGMWW,PADD 2,gasoline,all formulations,weekly-mon,1.94
2020-11-30,GASREGMWW,PADD 2,gasoline,all formulations,weekly-mon,1.946
2020-12-07,GASREGMWW,PADD 2,gasoline,all formulations,weekly-mon,2.005
2020-12-14,GASREGMWW,PADD 2,gasoline,all formulations,weekly-mon,2.008
2020-12-21,GASREGMWW,PADD 2,gasoline,all formulations,weekly-mon,2.119
2020-12-28,GASREGMWW,PADD 2,gasoline,all formulations,weekly-mon,2.17
2021-01-04,GASREGMWW,PADD 2,gasoline,all formulations,weekly-mon,2.151
2021-01-11,GASREGMWW,PADD 2,gasoline,all formulations,weekly-mon,2.215
2021-01-18,GASREGMWW,PADD 2,gasoline,all formulations,weekly-mon,2.278
2021-01-25,GASREGMWW,PADD 2,gasoline,all formulations,weekly-mon,2.278
2021-02-01,GASREGMWW,PADD 2,gasoline,all formulations,weekly-mon,2.314
2021-02-08,GASREGMWW,PADD 2,gasoline,all formulations,weekly-mon,2.362
2021-02-15,GASREGMWW,PADD 2,gasoline,all formulations,weekly-mon,2.399
2021-02-22,GASREGMWW,PADD 2,gasoline,all formulations,weekly-mon,2.562
2021-03-01,GASREGMWW,PADD 2,gasoline,all formulations,weekly-mon,2.662
2021-03-08,GASREGMWW,PADD 2,gasoline,all formulations,weekly-mon,2.706
2021-03-15,GASREGMWW,PADD 2,gasoline,all formulations,weekly-mon,2.764
2021-03-22,GASREGMWW,PADD 2,gasoline,all formulations,weekly-mon,2.743
2021-03-29,GASREGMWW,PADD 2,gasoline,all formulations,weekly-mon,2.747
2021-04-05,GASREGMWW,PADD 2,gasoline,all formulations,weekly-mon,2.782
2021-04-12,GASREGMWW,PADD 2,gasoline,all formulations,weekly-mon,2.754
2021-04-19,GASREGMWW,PADD 2,gasoline,all formulations,weekly-mon,2.772
2021-04-26,GASREGMWW,PADD 2,gasoline,all formulations,weekly-mon,2.795
2021-05-03,GASREGMWW,PADD 2,gasoline,all formulations,weekly-mon,2.806
2021-05-10,GASREGMWW,PADD 2,gasoline,all formulations,weekly-mon,2.865
2021-05-17,GASREGMWW,PADD 2,gasoline,all formulations,weekly-mon,2.914
2021-05-24,GASREGMWW,PADD 2,gasoline,all formulations,weekly-mon,2.896
2021-05-31,GASREGMWW,PADD 2,gasoline,all formulations,weekly-mon,2.931
2021-06-07,GASREGMWW,PADD 2,gasoline,all formulations,weekly-mon,2.951
2021-06-14,GASREGMWW,PADD 2,gasoline,all formulations,weekly-mon,2.987
2021-06-21,GASREGMWW,PADD 2,gasoline,all formulations,weekly-mon,2.964
2021-06-28,GASREGMWW,PADD 2,gasoline,all formulations,weekly-mon,2.99
2021-07-05,GASREGMWW,PADD 2,gasoline,all formulations,weekly-mon,3.026
2021-07-12,GASREGMWW,PADD 2,gasoline,all formulations,weekly-mon,3.023
2021-07-19,GASREGMWW,PADD 2,gasoline,all formulations,weekly-mon,3.06
2021-07-26,GASREGMWW,PADD 2,gasoline,all formulations,weekly-mon,3.03
2021-08-02,GASREGMWW,PADD 2,gasoline,all formulations,weekly-mon,3.049
2021-08-09,GASREGMWW,PADD 2,gasoline,all formulations,weekly-mon,3.064
2021-08-16,GASREGMWW,PADD 2,gasoline,all formulations,weekly-mon,3.054
2021-08-23,GASREGMWW,PADD 2,gasoline,all formulations,weekly-mon,2.999
2021-08-30,GASREGMWW,PADD 2,gasoline,all formulations,weekly-mon,3.003
2021-09-06,GASREGMWW,PADD 2,gasoline,all formulations,weekly-mon,3.047
2021-09-13,GASREGMWW,PADD 2,gasoline,all formulations,weekly-mon,3.029
2021-09-20,GASREGMWW,PADD 2,gasoline,all formulations,weekly-mon,3.065
2021-09-27,GASREGMWW,PADD 2,gasoline,all formulations,weekly-mon,3.036
2021-10-04,GASREGMWW,PADD 2,gasoline,all formulations,weekly-mon,3.071
2021-10-11,GASREGMWW,PADD 2,gasoline,all formulations,weekly-mon,3.143
2021-10-18,GASREGMWW,PADD 2,gasoline,all formulations,weekly-mon,3.202
2021-10-25,GASREGMWW,PADD 2,gasoline,all formulations,weekly-mon,3.217
2021-11-01,GASREGMWW,PADD 2,gasoline,all formulations,weekly-mon,3.213
2021-11-08,GASREGMWW,PADD 2,gasoline,all formulations,weekly-mon,3.257
2021-11-15,GASREGMWW,PADD 2,gasoline,all formulations,weekly-mon,3.218
2021-11-22,GASREGMWW,PADD 2,gasoline,all formulations,weekly-mon,3.198
2021-11-29,GASREGMWW,PADD 2,gasoline,all formulations,weekly-mon,3.171
2021-12-06,GASREGMWW,PADD 2,gasoline,all formulations,weekly-mon,3.107
2021-12-13,GASREGMWW,PADD 2,gasoline,all formulations,weekly-mon,3.084
2021-12-20,GASREGMWW,PADD 2,gasoline,all formulations,weekly-mon,3.051
2021-12-27,GASREGMWW,PADD 2,gasoline,all formulations,weekly-mon,3.032
2022-01-03,GASREGMWW,PADD 2,gasoline,all formulations,weekly-mon,3.033
2022-01-10,GASREGMWW,PADD 2,gasoline,all formulations,weekly-mon,3.108
2022-01-17,GASREGMWW,PADD 2,gasoline,all formulations,weekly-mon,3.107
2022-01-24,GASREGMWW,PADD 2,gasoline,all formulations,weekly-mon,3.125
2022-01-31,GASREGMWW,PADD 2,gasoline,all formulations,weekly-mon,3.186
2022-02-07,GASREGMWW,PADD 2,gasoline,all formulations,weekly-mon,3.288
2022-02-14,GASREGMWW,PADD 2,gasoline,all formulations,weekly-mon,3.321
2022-02-21,GASREGMWW,PADD 2,gasoline,all formulations,weekly-mon,3.352
2022-02-28,GASREGMWW,PADD 2,gasoline,all formulations,weekly-mon,3.466
2022-03-07,GASREGMWW,PADD 2,gasoline,all formulations,weekly-mon,3.916
2022-03-14,GASREGMWW,PADD 2,gasoline,all formulations,weekly-mon,4.091
2022-03-21,GASREGMWW,PADD 2,gasoline,all formulations,weekly-mon,4.035
2022-03-28,GASREGMWW,PADD 2,gasoline,all formulations,weekly-mon,4.053
2022-04-04,GASREGMWW,PADD 2,gasoline,all formulations,weekly-mon,3.972
2022-04-11,GASREGMWW,PADD 2,gasoline,all formulations,weekly-mon,3.892
2022-04-18,GASREGMWW,PADD 2,gasoline,all formulations,weekly-mon,3.876
2022-04-25,GASREGMWW,PADD 2,gasoline,all formulations,weekly-mon,3.919
2022-05-02,GASREGMWW,PADD 2,gasoline,all formulations,weekly-mon,3.988
2022-05-09,GASREGMWW,PADD 2,gasoline,all formulations,weekly-mon,4.153
2022-05-16,GASREGMWW,PADD 2,gasoline,all formulations,weekly-mon,4.3
2022-05-23,GASREGMWW,PADD 2,gasoline,all formulations,weekly-mon,4.4
2022-05-30,GASREGMWW,PADD 2,gasoline,all formulations,weekly-mon,4.457
2022-06-06,GASREGMWW,PADD 2,gasoline,all formulations,weekly-mon,4.815
2022-06-13,GASREGMWW,PADD 2,gasoline,all formulations,weekly-mon,4.97
2022-06-20,GASREGMWW,PADD 2,gasoline,all formulations,weekly-mon,4.909
2022-06-27,GASREGMWW,PADD 2,gasoline,all formulations,weekly-mon,4.822
2022-07-04,GASREGMWW,PADD 2,gasoline,all formulations,weekly-mon,4.729
2022-07-11,GASREGMWW,PADD 2,gasoline,all formulations,weekly-mon,4.599
2022-07-18,GASREGMWW,PADD 2,gasoline,all formulations,weekly-mon,4.428
2022-07-25,GASREGMWW,PADD 2,gasoline,all formulations,weekly-mon,4.227
2022-08-01,GASREGMWW,PADD 2,gasoline,all formulations,weekly-mon,4.036
2022-08-08,GASREGMWW,PADD 2,gasoline,all formulations,weekly-mon,3.851
2022-08-15,GASREGMWW,PADD 2,gasoline,all formulations,weekly-mon,3.755
2022-08-22,GASREGMWW,PADD 2,gasoline,all formulations,weekly-mon,3.73
2022-08-29,GASREGMWW,PADD 2,gasoline,all formulations,weekly-mon,3.675
2022-09-05,GASREGMWW,PADD 2,gasoline,all formulations,weekly-mon,3.638
2022-09-12,GASREGMWW,PADD 2,gasoline,all formulations,weekly-mon,3.571
2022-09-19,GASREGMWW,PADD 2,gasoline,all formulations,weekly-mon,3.518
2022-09-26,GASREGMWW,PADD 2,gasoline,all formulations,weekly-mon,3.631
2022-10-03,GASREGMWW,PADD 2,gasoline,all formulations,weekly-mon,3.722
2022-10-10,GASREGMWW,PADD 2,gasoline,all formulations,weekly-mon,3.881
2022-10-17,GASREGMWW,PADD 2,gasoline,all formulations,weekly-mon,3.788
2022-10-24,GASREGMWW,PADD 2,gasoline,all formulations,weekly-mon,3.688
2022-10-31,GASREGMWW,PADD 2,gasoline,all formulations,weekly-mon,3.641
2022-11-07,GASREGMWW,PADD 2,gasoline,all formulations,weekly-mon,3.776
2022-11-14,GASREGMWW,PADD 2,gasoline,all formulations,weekly-mon,3.677
2022-11-21,GASREGMWW,PADD 2,gasoline,all formulations,weekly-mon,3.519
2022-11-28,GASREGMWW,PADD 2,gasoline,all formulations,weekly-mon,3.374
2022-12-05,GASREGMWW,PADD 2,gasoline,all formulations,weekly-mon,3.212
2022-12-12,GASREGMWW,PADD 2,gasoline,all formulations,weekly-mon,3.034
2022-12-19,GASREGMWW,PADD 2,gasoline,all formulations,weekly-mon,2.911
2022-12-26,GASREGMWW,PADD 2,gasoline,all formulations,weekly-mon,2.899
2023-01-02,GASREGMWW,PADD 2,gasoline,all formulations,weekly-mon,3.05
2023-01-09,GASREGMWW,PADD 2,gasoline,all formulations,weekly-mon,3.145
2023-01-16,GASREGMWW,PADD 2,gasoline,all formulations,weekly-mon,3.205
2023-01-23,GASREGMWW,PADD 2,gasoline,all formulations,weekly-mon,3.304
2023-01-30,GASREGMWW,PADD 2,gasoline,all formulations,weekly-mon,3.382
2023-02-06,GASREGMWW,PADD 2,gasoline,all formulations,weekly-mon,3.297
2023-02-13,GASREGMWW,PADD 2,gasoline,all formulations,weekly-mon,3.236
2023-02-20,GASREGMWW,PADD 2,gasoline,all formulations,weekly-mon,3.22
2023-02-27,GASREGMWW,PADD 2,gasoline,all formulations,weekly-mon,3.17
2023-03-06,GASREGMWW,PADD 2,gasoline,all formulations,weekly-mon,3.265
2023-03-13,GASREGMWW,PADD 2,gasoline,all formulations,weekly-mon,3.31
2023-03-20,GASREGMWW,PADD 2,gasoline,all formulations,weekly-mon,3.262
2023-03-27,GASREGMWW,PADD 2,gasoline,all formulations,weekly-mon,3.241
2023-04-03,GASREGMWW,PADD 2,gasoline,all formulations,weekly-mon,3.389
2023-04-10,GASREGMWW,PADD 2,gasoline,all formulations,weekly-mon,3.516
2023-04-17,GASREGMWW,PADD 2,gasoline,all formulations,weekly-mon,3.59
2023-04-24,GASREGMWW,PADD 2,gasoline,all formulations,weekly-mon,3.552
2023-05-01,GASREGMWW,PADD 2,gasoline,all formulations,weekly-mon,3.484
2023-05-08,GASREGMWW,PADD 2,gasoline,all formulations,weekly-mon,3.393
2023-05-15,GASREGMWW,PADD 2,gasoline,all formulations,weekly-mon,3.44
2023-05-22,GASREGMWW,PADD 2,gasoline,all formulations,weekly-mon,3.469
2023-05-29,GASREGMWW,PADD 2,gasoline,all formulations,weekly-mon,3.484
2023-06-05,GASREGMWW,PADD 2,gasoline,all formulations,weekly-mon,3.43
2023-06-12,GASREGMWW,PADD 2,gasoline,all formulations,weekly-mon,3.513
2023-06-19,GASREGMWW,PADD 2,gasoline,all formulations,weekly-mon,3.489
2023-06-26,GASREGMWW,PADD 2,gasoline,all formulations,weekly-mon,3.452
2023-07-03,GASREGMWW,PADD 2,gasoline,all formulations,weekly-mon,3.389
2023-07-10,GASREGMWW,PADD 2,gasoline,all formulations,weekly-mon,3.362
2023-07-17,GASREGMWW,PADD 2,gasoline,all formulations,weekly-mon,3.413
2023-07-24,GASREGMWW,PADD 2,gasoline,all formulations,weekly-mon,3.404
2023-07-31,GASREGMWW,PADD 2,gasoline,all formulations,weekly-mon,3.612
2023-08-07,GASREGMWW,PADD 2,gasoline,all formulations,weekly-mon,3.678
2023-08-14,GASREGMWW,PADD 2,gasoline,all formulations,weekly-mon,3.768
2023-08-21,GASREGMWW,PADD 2,gasoline,all formulations,weekly-mon,3.72
2023-08-28,GASREGMWW,PADD 2,gasoline,all formulations,weekly-mon,3.637
2023-09-04,GASREGMWW,PADD 2,gasoline,all formulations,weekly-mon,3.63
2023-09-11,GASREGMWW,PADD 2,gasoline,all formulations,weekly-mon,3.683
2023-09-18,GASREGMWW,PADD 2,gasoline,all formulations,weekly-mon,3.71
2023-09-25,GASREGMWW,PADD 2,gasoline,all formulations,weekly-mon,3.639
2023-10-02,GASREGMWW,PADD 2,gasoline,all formulations,weekly-mon,3.539
2023-10-09,GASREGMWW,PADD 2,gasoline,all formulations,weekly-mon,3.422
2023-10-16,GASREGMWW,PADD 2,gasoline,all formulations,weekly-mon,3.326
2023-10-23,GASREGMWW,PADD 2,gasoline,all formulations,weekly-mon,3.315
2023-10-30,GASREGMWW,PADD 2,gasoline,all formulations,weekly-mon,3.253
2023-11-06,GASREGMWW,PADD 2,gasoline,all formulations,weekly-mon,3.21
2023-11-13,GASREGMWW,PADD 2,gasoline,all formulations,weekly-mon,3.185
2023-11-20,GASREGMWW,PADD 2,gasoline,all formulations,weekly-mon,3.124
2023-11-27,GASREGMWW,PADD 2,gasoline,all formulations,weekly-mon,3.031
2023-12-04,GASREGMWW,PADD 2,gasoline,all formulations,weekly-mon,2.991
2023-12-11,GASREGMWW,PADD 2,gasoline,all formulations,weekly-mon,2.901
2023-12-18,GASREGMWW,PADD 2,gasoline,all formulations,weekly-mon,2.798
2023-12-25,GASREGMWW,PADD 2,gasoline,all formulations,weekly-mon,2.858
2024-01-01,GASREGMWW,PADD 2,gasoline,all formulations,weekly-mon,2.795
2024-01-08,GASREGMWW,PADD 2,gasoline,all formulations,weekly-mon,2.768
2024-01-15,GASREGMWW,PADD 2,gasoline,all formulations,weekly-mon,2.823
2024-01-22,GASREGMWW,PADD 2,gasoline,all formulations,weekly-mon,2.889
2024-01-29,GASREGMWW,PADD 2,gasoline,all formulations,weekly-mon,2.872
2024-02-05,GASREGMWW,PADD 2,gasoline,all formulations,weekly-mon,2.911
2024-02-12,GASREGMWW,PADD 2,gasoline,all formulations,weekly-mon,3.044
2024-02-19,GASREGMWW,PADD 2,gasoline,all formulations,weekly-mon,3.122
2024-02-26,GASREGMWW,PADD 2,gasoline,all formulations,weekly-mon,3.098
2024-03-04,GASREGMWW,PADD 2,gasoline,all formulations,weekly-mon,3.269
2024-03-11,GASREGMWW,PADD 2,gasoline,all formulations,weekly-mon,3.287
2024-03-18,GASREGMWW,PADD 2,gasoline,all formulations,weekly-mon,3.309
2024-03-25,GASREGMWW,PADD 2,gasoline,all formulations,weekly-mon,3.406
2024-04-01,GASREGMWW,PADD 2,gasoline,all formulations,weekly-mon,3.366
2024-04-08,GASREGMWW,PADD 2,gasoline,all formulations,weekly-mon,3.46
2024-04-15,GASREGMWW,PADD 2,gasoline,all formulations,weekly-mon,3.465
2024-04-22,GASREGMWW,PADD 2,gasoline,all formulations,weekly-mon,3.463
2024-04-29,GASREGMWW,PADD 2,gasoline,all formulations,weekly-mon,3.453
2024-05-06,GASREGMWW,PADD 2,gasoline,all formulations,weekly-mon,3.396
2024-05-13,GASREGMWW,PADD 2,gasoline,all formulations,weekly-mon,3.434
2024-05-20,GASREGMWW,PADD 2,gasoline,all formulations,weekly-mon,3.432
2024-05-27,GASREGMWW,PADD 2,gasoline,all formulations,weekly-mon,3.459
2024-06-03,GASREGMWW,PADD 2,gasoline,all formulations,weekly-mon,3.349
2024-06-10,GASREGMWW,PADD 2,gasoline,all formulations,weekly-mon,3.262
2024-06-17,GASREGMWW,PADD 2,gasoline,all formulations,weekly-mon,3.315
2024-06-24,GASREGMWW,PADD 2,gasoline,all formulations,weekly-mon,3.323
2024-07-01,GASREGMWW,PADD 2,gasoline,all formulations,weekly-mon,3.415
2024-07-08,GASREGMWW,PADD 2,gasoline,all formulations,weekly-mon,3.367
2024-07-15,GASREGMWW,PADD 2,gasoline,all formulations,weekly-mon,3.369
2024-07-22,GASREGMWW,PADD 2,gasoline,all formulations,weekly-mon,3.426
2024-07-29,GASREGMWW,PADD 2,gasoline,all formulations,weekly-mon,3.476
2024-08-05,GASREGMWW,PADD 2,gasoline,all formulations,weekly-mon,3.428
2024-08-12,GASREGMWW,PADD 2,gasoline,all formulations,weekly-mon,3.394
2024-08-19,GASREGMWW,PADD 2,gasoline,all formulations,weekly-mon,3.322
2024-08-26,GASREGMWW,PADD 2,gasoline,all formulations,weekly-mon,3.208
2024-09-02,GASREGMWW,PADD 2,gasoline,all formulations,weekly-mon,3.171
2024-09-09,GASREGMWW,PADD 2,gasoline,all formulations,weekly-mon,3.098
2024-09-16,GASREGMWW,PADD 2,gasoline,all formulations,weekly-mon,3.005
2024-09-23,GASREGMWW,PADD 2,gasoline,all formulations,weekly-mon,3.077
2024-09-30,GASREGMWW,PADD 2,gasoline,all formulations,weekly-mon,3.105
2024-10-07,GASREGMWW,PADD 2,gasoline,all formulations,weekly-mon,3.036
2024-10-14,GASREGMWW,PADD 2,gasoline,all formulations,weekly-mon,3.1
2024-10-21,GASREGMWW,PADD 2,gasoline,all formulations,weekly-mon,3.006
2024-10-28,GASREGMWW,PADD 2,gasoline,all formulations,weekly-mon,2.923
2024-11-04,GASREGMWW,PADD 2,gasoline,all formulations,weekly-mon,2.937
2024-11-11,GASREGMWW,PADD 2,gasoline,all formulations,weekly-mon,2.866
2024-11-18,GASREGMWW,PADD 2,gasoline,all formulations,weekly-mon,2.882
2024-11-25,GASREGMWW,PADD 2,gasoline,all formulations,weekly-mon,2.866
2024-12-02,GASREGMWW,PADD 2,gasoline,all formulations,weekly-mon,2.902
2024-12-09,GASREGMWW,PADD 2,gasoline,all formulations,weekly-mon,2.808
2024-12-16,GASREGMWW,PADD 2,gasoline,all formulations,weekly-mon,2.884
2024-12-23,GASREGMWW,PADD 2,gasoline,all formulations,weekly-mon,2.935
2024-12-30,GASREGMWW,PADD 2,gasoline,all formulations,weekly-mon,2.875
2025-01-06,GASREGMWW,PADD 2,gasoline,all formulations,weekly-mon,2.938
2025-01-13,GASREGMWW,PADD 2,gasoline,all formulations,weekly-mon,2.899
2025-01-20,GASREGMWW,PADD 2,gasoline,all formulations,weekly-mon,2.985
2025-01-27,GASREGMWW,PADD 2,gasoline,all formulations,weekly-mon,2.946
2025-02-03,GASREGMWW,PADD 2,gasoline,all formulations,weekly-mon,2.919
2025-02-10,GASREGMWW,PADD 2,gasoline,all formulations,weekly-mon,2.985
2025-02-17,GASREGMWW,PADD 2,gasoline,all formulations,weekly-mon,2.982
2025-02-24,GASREGMWW,PADD 2,gasoline,all formulations,weekly-mon,2.938
2025-03-03,GASREGMWW,PADD 2,gasoline,all formulations,weekly-mon,2.882
2025-03-10,GASREGMWW,PADD 2,gasoline,all formulations,weekly-mon,2.899
2025-03-17,GASREGMWW,PADD 2,gasoline,all formulations,weekly-mon,2.894
2025-03-24,GASREGMWW,PADD 2,gasoline,all formulations,weekly-mon,3.02
2025-03-31,GASREGMWW,PADD 2,gasoline,all formulations,weekly-mon,3.074
2025-04-07,GASREGMWW,PADD 2,gasoline,all formulations,weekly-mon,3.103
2025-04-14,GASREGMWW,PADD 2,gasoline,all formulations,weekly-mon,3.008
2025-04-21,GASREGMWW,PADD 2,gasoline,all formulations,weekly-mon,3.012
2025-04-28,GASREGMWW,PADD 2,gasoline,all formulations,weekly-mon,2.992
2025-05-05,GASREGMWW,PADD 2,gasoline,all formulations,weekly-mon,3.027
2025-05-12,GASREGMWW,PADD 2,gasoline,all formulations,weekly-mon,2.978
2025-05-19,GASREGMWW,PADD 2,gasoline,all formulations,weekly-mon,3.027
2025-05-26,GASREGMWW,PADD 2,gasoline,all formulations,weekly-mon,3.018
2025-06-02,GASREGMWW,PADD 2,gasoline,all formulations,weekly-mon,2.967
2025-06-09,GASREGMWW,PADD 2,gasoline,all formulations,weekly-mon,2.966
2025-06-16,GASREGMWW,PADD 2,gasoline,all formulations,weekly-mon,3.026
2025-06-23,GASREGMWW,PADD 2,gasoline,all formulations,weekly-mon,3.087
2025-06-30,GASREGMWW,PADD 2,gasoline,all formulations,weekly-mon,3.051
2025-07-07,GASREGMWW,PADD 2,gasoline,all formulations,weekly-mon,2.981
2025-07-14,GASREGMWW,PADD 2,gasoline,all formulations,weekly-mon,3.033
2025-07-21,GASREGMWW,PADD 2,gasoline,all formulations,weekly-mon,2.986
2025-07-28,GASREGMWW,PADD 2,gasoline,all formulations,weekly-mon,3.014
2025-08-04,GASREGMWW,PADD 2,gasoline,all formulations,weekly-mon,3.043
2025-08-11,GASREGMWW,PADD 2,gasoline,all formulations,weekly-mon,2.997
2025-08-18,GASREGMWW,PADD 2,gasoline,all formulations,weekly-mon,2.994
2025-08-25,GASREGMWW,PADD 2,gasoline,all formulations,weekly-mon,3.077
2025-09-01,GASREGMWW,PADD 2,gasoline,all formulations,weekly-mon,3.088
2025-09-08,GASREGMWW,PADD 2,gasoline,all formulations,weekly-mon,3.055
2025-09-15,GASREGMWW,PADD 2,gasoline,all formulations,weekly-mon,2.981
2025-09-22,GASREGMWW,PADD 2,gasoline,all formulations,weekly-mon,3.008
2025-09-29,GASREGMWW,PADD 2,gasoline,all formulations,weekly-mon,2.928
2025-10-06,GASREGMWW,PADD 2,gasoline,all formulations,weekly-mon,2.933
2025-10-13,GASREGMWW,PADD 2,gasoline,all formulations,weekly-mon,2.812
2025-10-20,GASREGMWW,PADD 2,gasoline,all formulations,weekly-mon,2.805
2025-10-27,GASREGMWW,PADD 2,gasoline,all formulations,weekly-mon,2.873
2025-11-03,GASREGMWW,PADD 2,gasoline,all formulations,weekly-mon,2.828
2025-11-10,GASREGMWW,PADD 2,gasoline,all formulations,weekly-mon,2.91
2025-11-17,GASREGMWW,PADD 2,gasoline,all formulations,weekly-mon,2.907
2025-11-24,GASREGMWW,PADD 2,gasoline,all formulations,weekly-mon,2.858
2025-12-01,GASREGMWW,PADD 2,gasoline,all formulations,weekly-mon,2.74
2025-12-08,GASREGMWW,PADD 2,gasoline,all formulations,weekly-mon,2.72
2025-12-15,GASREGMWW,PADD 2,gasoline,all formulations,weekly-mon,2.69
2025-12-22,GASREGMWW,PADD 2,gasoline,all formulations,weekly-mon,2.605
2025-12-29,GASREGMWW,PADD 2,gasoline,all formulations,weekly-mon,2.606
2026-01-05,GASREGMWW,PADD 2,gasoline,all formulations,weekly-mon,2.585
2026-01-12,GASREGMWW,PADD 2,gasoline,all formulations,weekly-mon,2.604
2026-01-19,GASREGMWW,PADD 2,gasoline,all formulations,weekly-mon,2.648
2026-01-26,GASREGMWW,PADD 2,gasoline,all formulations,weekly-mon,2.693
2026-02-02,GASREGMWW,PADD 2,gasoline,all formulations,weekly-mon,2.65
2026-02-09,GASREGMWW,PADD 2,gasoline,all formulations,weekly-mon,2.688
2026-02-16,GASREGMWW,PADD 2,gasoline,all formulations,weekly-mon,2.683
2026-02-23,GASREGMWW,PADD 2,gasoline,all formulations,weekly-mon,2.675
2026-03-02,GASREGMWW,PADD 2,gasoline,all formulations,weekly-mon,2.794
2026-03-09,GASREGMWW,PADD 2,gasoline,all formulations,weekly-mon,3.276
2026-03-16,GASREGMWW,PADD 2,gasoline,all formulations,weekly-mon,3.393
2026-03-23,GASREGMWW,PADD 2,gasoline,all formulations,weekly-mon,3.684
2026-03-30,GASREGMWW,PADD 2,gasoline,all formulations,weekly-mon,3.709
2026-04-06,GASREGMWW,PADD 2,gasoline,all formulations,weekly-mon,3.771
2026-04-13,GASREGMWW,PADD 2,gasoline,all formulations,weekly-mon,3.886
2026-04-20,GASREGMWW,PADD 2,gasoline,all formulations,weekly-mon,3.789
2026-04-27,GASREGMWW,PADD 2,gasoline,all formulations,weekly-mon,3.884
2026-05-04,GASREGMWW,PADD 2,gasoline,all formulations,weekly-mon,4.399
2026-05-11,GASREGMWW,PADD 2,gasoline,all formulations,weekly-mon,4.405
2026-05-18,GASREGMWW,PADD 2,gasoline,all formulations,weekly-mon,4.399
2026-05-25,GASREGMWW,PADD 2,gasoline,all formulations,weekly-mon,4.352
2026-06-01,GASREGMWW,PADD 2,gasoline,all formulations,weekly-mon,4.135
2026-06-08,GASREGMWW,PADD 2,gasoline,all formulations,weekly-mon,3.945
2026-06-15,GASREGMWW,PADD 2,gasoline,all formulations,weekly-mon,3.861
2026-06-22,GASREGMWW,PADD 2,gasoline,all formulations,weekly-mon,3.723
2026-06-29,GASREGMWW,PADD 2,gasoline,all formulations,weekly-mon,3.625
2026-07-06,GASREGMWW,PADD 2,gasoline,all formulations,weekly-mon,3.531
2026-07-13,GASREGMWW,PADD 2,gasoline,all formulations,weekly-mon,3.662
2026-07-20,GASREGMWW,PADD 2,gasoline,all formulations,weekly-mon,3.78
2026-07-27,GASREGMWW,PADD 2,gasoline,all formulations,weekly-mon,3.882
2026-08-03,GASREGMWW,PADD 2,gasoline,all formulations,weekly-mon,3.929
2010-01-04,GASREGRMW,PADD 4,gasoline,all formulations,weekly-mon,2.509
2010-01-11,GASREGRMW,PADD 4,gasoline,all formulations,weekly-mon,2.578
2010-01-18,GASREGRMW,PADD 4,gasoline,all formulations,weekly-mon,2.617
2010-01-25,GASREGRMW,PADD 4,gasoline,all formulations,weekly-mon,2.622
2010-02-01,GASREGRMW,PADD 4,gasoline,all formulations,weekly-mon,2.615
2010-02-08,GASREGRMW,PADD 4,gasoline,all formulations,weekly-mon,2.619
2010-02-15,GASREGRMW,PADD 4,gasoline,all formulations,weekly-mon,2.602
2010-02-22,GASREGRMW,PADD 4,gasoline,all formulations,weekly-mon,2.617
2010-03-01,GASREGRMW,PADD 4,gasoline,all formulations,weekly-mon,2.631
2010-03-08,GASREGRMW,PADD 4,gasoline,all formulations,weekly-mon,2.685
2010-03-15,GASREGRMW,PADD 4,gasoline,all formulations,weekly-mon,2.731
2010-03-22,GASREGRMW,PADD 4,gasoline,all formulations,weekly-mon,2.768
2010-03-29,GASREGRMW,PADD 4,gasoline,all formulations,weekly-mon,2.791
2010-04-05,GASREGRMW,PADD 4,gasoline,all formulations,weekly-mon,2.827
2010-04-12,GASREGRMW,PADD 4,gasoline,all formulations,weekly-mon,2.864
2010-04-19,GASREGRMW,PADD 4,gasoline,all formulations,weekly-mon,2.884
2010-04-26,GASREGRMW,PADD 4,gasoline,all formulations,weekly-mon,2.887
2010-05-03,GASREGRMW,PADD 4,gasoline,all formulations,weekly-mon,2.895
2010-05-10,GASREGRMW,PADD 4,gasoline,all formulations,weekly-mon,2.909
2010-05-17,GASREGRMW,PADD 4,gasoline,all formulations,weekly-mon,2.896
2010-05-24,GASREGRMW,PADD 4,gasoline,all formulations,weekly-mon,2.854
2010-05-31,GASREGRMW,PADD 4,gasoline,all formulations,weekly-mon,2.819
2010-06-07,GASREGRMW,PADD 4,gasoline,all formulations,weekly-mon,2.79
2010-06-14,GASREGRMW,PADD 4,gasoline,all formulations,weekly-mon,2.768
2010-06-21,GASREGRMW,PADD 4,gasoline,all formulations,weekly-mon,2.771
2010-06-28,GASREGRMW,PADD 4,gasoline,all formulations,weekly-mon,2.766
2010-07-05,GASREGRMW,PADD 4,gasoline,all formulations,weekly-mon,2.756
2010-07-12,GASREGRMW,PADD 4,gasoline,all formulations,weekly-mon,2.743
2010-07-19,GASREGRMW,PADD 4,gasoline,all formulations,weekly-mon,2.749
2010-07-26,GASREGRMW,PADD 4,gasoline,all formulations,weekly-mon,2.75
2010-08-02,GASREGRMW,PADD 4,gasoline,all formulations,weekly-mon,2.754
2010-08-09,GASREGRMW,PADD 4,gasoline,all formulations,weekly-mon,2.79
2010-08-16,GASREGRMW,PADD 4,gasoline,all formulations,weekly-mon,2.802
2010-08-23,GASREGRMW,PADD 4,gasoline,all formulations,weekly-mon,2.806
2010-08-30,GASREGRMW,PADD 4,gasoline,all formulations,weekly-mon,2.82
2010-09-06,GASREGRMW,PADD 4,gasoline,all formulations,weekly-mon,2.822
2010-09-13,GASREGRMW,PADD 4,gasoline,all formulations,weekly-mon,2.828
2010-09-20,GASREGRMW,PADD 4,gasoline,all formulations,weekly-mon,2.825
2010-09-27,GASREGRMW,PADD 4,gasoline,all formulations,weekly-mon,2.805
2010-10-04,GASREGRMW,PADD 4,gasoline,all formulations,weekly-mon,2.794
2010-10-11,GASREGRMW,PADD 4,gasoline,all formulations,weekly-mon,2.798
2010-10-18,GASREGRMW,PADD 4,gasoline,all formulations,weekly-mon,2.801
2010-10-25,GASREGRMW,PADD 4,gasoline,all formulations,weekly-mon,2.794
2010-11-01,GASREGRMW,PADD 4,gasoline,all formulations,weekly-mon,2.784
2010-11-08,GASREGRMW,PADD 4,gasoline,all formulations,weekly-mon,2.786
2010-11-15,GASREGRMW,PADD 4,gasoline,all formulations,weekly-mon,2.797
2010-11-22,GASREGRMW,PADD 4,gasoline,all formulations,weekly-mon,2.784
2010-11-29,GASREGRMW,PADD 4,gasoline,all formulations,weekly-mon,2.766
2010-12-06,GASREGRMW,PADD 4,gasoline,all formulations,weekly-mon,2.771
2010-12-13,GASREGRMW,PADD 4,gasoline,all formulations,weekly-mon,2.797
2010-12-20,GASREGRMW,PADD 4,gasoline,all formulations,weekly-mon,2.801
2010-12-27,GASREGRMW,PADD 4,gasoline,all formulations,weekly-mon,2.824
2011-01-03,GASREGRMW,PADD 4,gasoline,all formulations,weekly-mon,2.848
2011-01-10,GASREGRMW,PADD 4,gasoline,all formulations,weekly-mon,2.861
2011-01-17,GASREGRMW,PADD 4,gasoline,all formulations,weekly-mon,2.894
2011-01-24,GASREGRMW,PADD 4,gasoline,all formulations,weekly-mon,2.918
2011-01-31,GASREGRMW,PADD 4,gasoline,all formulations,weekly-mon,2.931
2011-02-07,GASREGRMW,PADD 4,gasoline,all formulations,weekly-mon,2.986
2011-02-14,GASREGRMW,PADD 4,gasoline,all formulations,weekly-mon,3.014
2011-02-21,GASREGRMW,PADD 4,gasoline,all formulations,weekly-mon,3.07
2011-02-28,GASREGRMW,PADD 4,gasoline,all formulations,weekly-mon,3.181
2011-03-07,GASREGRMW,PADD 4,gasoline,all formulations,weekly-mon,3.297
2011-03-14,GASREGRMW,PADD 4,gasoline,all formulations,weekly-mon,3.358
2011-03-21,GASREGRMW,PADD 4,gasoline,all formulations,weekly-mon,3.386
2011-03-28,GASREGRMW,PADD 4,gasoline,all formulations,weekly-mon,3.44
2011-04-04,GASREGRMW,PADD 4,gasoline,all formulations,weekly-mon,3.501
2011-04-11,GASREGRMW,PADD 4,gasoline,all formulations,weekly-mon,3.57
2011-04-18,GASREGRMW,PADD 4,gasoline,all formulations,weekly-mon,3.609
2011-04-25,GASREGRMW,PADD 4,gasoline,all formulations,weekly-mon,3.636
2011-05-02,GASREGRMW,PADD 4,gasoline,all formulations,weekly-mon,3.697
2011-05-09,GASREGRMW,PADD 4,gasoline,all formulations,weekly-mon,3.724
2011-05-16,GASREGRMW,PADD 4,gasoline,all formulations,weekly-mon,3.757
2011-05-23,GASREGRMW,PADD 4,gasoline,all formulations,weekly-mon,3.733
2011-05-30,GASREGRMW,PADD 4,gasoline,all formulations,weekly-mon,3.708
2011-06-06,GASREGRMW,PADD 4,gasoline,all formulations,weekly-mon,3.688
2011-06-13,GASREGRMW,PADD 4,gasoline,all formulations,weekly-mon,3.66
2011-06-20,GASREGRMW,PADD 4,gasoline,all formulations,weekly-mon,3.624
2011-06-27,GASREGRMW,PADD 4,gasoline,all formulations,weekly-mon,3.569
2011-07-04,GASREGRMW,PADD 4,gasoline,all formulations,weekly-mon,3.519
2011-07-11,GASREGRMW,PADD 4,gasoline,all formulations,weekly-mon,3.509
2011-07-18,GASREGRMW,PADD 4,gasoline,all formulations,weekly-mon,3.521
2011-07-25,GASREGRMW,PADD 4,gasoline,all formulations,weekly-mon,3.532
2011-08-01,GASREGRMW,PADD 4,gasoline,all formulations,weekly-mon,3.552
2011-08-08,GASREGRMW,PADD 4,gasoline,all formulations,weekly-mon,3.56
2011-08-15,GASREGRMW,PADD 4,gasoline,all formulations,weekly-mon,3.532
2011-08-22,GASREGRMW,PADD 4,gasoline,all formulations,weekly-mon,3.524
2011-08-29,GASREGRMW,PADD 4,gasoline,all formulations,weekly-mon,3.535
2011-09-05,GASREGRMW,PADD 4,gasoline,all formulations,weekly-mon,3.575
2011-09-12,GASREGRMW,PADD 4,gasoline,all formulations,weekly-mon,3.597
2011-09-19,GASREGRMW,PADD 4,gasoline,all formulations,weekly-mon,3.601
2011-09-26,GASREGRMW,PADD 4,gasoline,all formulations,weekly-mon,3.576
2011-10-03,GASREGRMW,PADD 4,gasoline,all formulations,weekly-mon,3.546
2011-10-10,GASREGRMW,PADD 4,gasoline,all formulations,weekly-mon,3.52
2011-10-17,GASREGRMW,PADD 4,gasoline,all formulations,weekly-mon,3.533
2011-10-24,GASREGRMW,PADD 4,gasoline,all formulations,weekly-mon,3.521
2011-10-31,GASREGRMW,PADD 4,gasoline,all formulations,weekly-mon,3.494
2011-11-07,GASREGRMW,PADD 4,gasoline,all formulations,weekly-mon,3.469
2011-11-14,GASREGRMW,PADD 4,gasoline,all formulations,weekly-mon,3.445
2011-11-21,GASREGRMW,PADD 4,gasoline,all formulations,weekly-mon,3.402
2011-11-28,GASREGRMW,PADD 4,gasoline,all formulations,weekly-mon,3.346
2011-12-05,GASREGRMW,PADD 4,gasoline,all formulations,weekly-mon,3.297
2011-12-12,GASREGRMW,PADD 4,gasoline,all formulations,weekly-mon,3.238
2011-12-19,GASREGRMW,PADD 4,gasoline,all formulations,weekly-mon,3.142
2011-12-26,GASREGRMW,PADD 4,gasoline,all formulations,weekly-mon,3.075
2012-01-02,GASREGRMW,PADD 4,gasoline,all formulations,weekly-mon,3.036
2012-01-09,GASREGRMW,PADD 4,gasoline,all formulations,weekly-mon,3.012
2012-01-16,GASREGRMW,PADD 4,gasoline,all formulations,weekly-mon,3.003
2012-01-23,GASREGRMW,PADD 4,gasoline,all formulations,weekly-mon,3.012
2012-01-30,GASREGRMW,PADD 4,gasoline,all formulations,weekly-mon,3.029
2012-02-06,GASREGRMW,PADD 4,gasoline,all formulations,weekly-mon,3.068
2012-02-13,GASREGRMW,PADD 4,gasoline,all formulations,weekly-mon,3.071
2012-02-20,GASREGRMW,PADD 4,gasoline,all formulations,weekly-mon,3.097
2012-02-27,GASREGRMW,PADD 4,gasoline,all formulations,weekly-mon,3.195
2012-03-05,GASREGRMW,PADD 4,gasoline,all formulations,weekly-mon,3.33
2012-03-12,GASREGRMW,PADD 4,gasoline,all formulations,weekly-mon,3.479
2012-03-19,GASREGRMW,PADD 4,gasoline,all formulations,weekly-mon,3.623
2012-03-26,GASREGRMW,PADD 4,gasoline,all formulations,weekly-mon,3.687
2012-04-02,GASREGRMW,PADD 4,gasoline,all formulations,weekly-mon,3.748
2012-04-09,GASREGRMW,PADD 4,gasoline,all formulations,weekly-mon,3.788
2012-04-16,GASREGRMW,PADD 4,gasoline,all formulations,weekly-mon,3.801
2012-04-23,GASREGRMW,PADD 4,gasoline,all formulations,weekly-mon,3.799
2012-04-30,GASREGRMW,PADD 4,gasoline,all formulations,weekly-mon,3.787
2012-05-07,GASREGRMW,PADD 4,gasoline,all formulations,weekly-mon,3.764
2012-05-14,GASREGRMW,PADD 4,gasoline,all formulations,weekly-mon,3.762
2012-05-21,GASREGRMW,PADD 4,gasoline,all formulations,weekly-mon,3.754
2012-05-28,GASREGRMW,PADD 4,gasoline,all formulations,weekly-mon,3.74
2012-06-04,GASREGRMW,PADD 4,gasoline,all formulations,weekly-mon,3.728
2012-06-11,GASREGRMW,PADD 4,gasoline,all formulations,weekly-mon,3.708
2012-06-18,GASREGRMW,PADD 4,gasoline,all formulations,weekly-mon,3.69
2012-06-25,GASREGRMW,PADD 4,gasoline,all formulations,weekly-mon,3.634
2012-07-02,GASREGRMW,PADD 4,gasoline,all formulations,weekly-mon,3.583
2012-07-09,GASREGRMW,PADD 4,gasoline,all formulations,weekly-mon,3.549
2012-07-16,GASREGRMW,PADD 4,gasoline,all formulations,weekly-mon,3.507
2012-07-23,GASREGRMW,PADD 4,gasoline,all formulations,weekly-mon,3.491
2012-07-30,GASREGRMW,PADD 4,gasoline,all formulations,weekly-mon,3.466
2012-08-06,GASREGRMW,PADD 4,gasoline,all formulations,weekly-mon,3.463
2012-08-13,GASREGRMW,PADD 4,gasoline,all formulations,weekly-mon,3.5
2012-08-20,GASREGRMW,PADD 4,gasoline,all formulations,weekly-mon,3.535
2012-08-27,GASREGRMW,PADD 4,gasoline,all formulations,weekly-mon,3.575
2012-09-03,GASREGRMW,PADD 4,gasoline,all formulations,weekly-mon,3.64
2012-09-10,GASREGRMW,PADD 4,gasoline,all formulations,weekly-mon,3.698
2012-09-17,GASREGRMW,PADD 4,gasoline,all formulations,weekly-mon,3.772
2012-09-24,GASREGRMW,PADD 4,gasoline,all formulations,weekly-mon,3.774
2012-10-01,GASREGRMW,PADD 4,gasoline,all formulations,weekly-mon,3.765
2012-10-08,GASREGRMW,PADD 4,gasoline,all formulations,weekly-mon,3.748
2012-10-15,GASREGRMW,PADD 4,gasoline,all formulations,weekly-mon,3.734
2012-10-22,GASREGRMW,PADD 4,gasoline,all formulations,weekly-mon,3.705
2012-10-29,GASREGRMW,PADD 4,gasoline,all formulations,weekly-mon,3.65
2012-11-05,GASREGRMW,PADD 4,gasoline,all formulations,weekly-mon,3.611
2012-11-12,GASREGRMW,PADD 4,gasoline,all formulations,weekly-mon,3.559
2012-11-19,GASREGRMW,PADD 4,gasoline,all formulations,weekly-mon,3.509
2012-11-26,GASREGRMW,PADD 4,gasoline,all formulations,weekly-mon,3.473
2012-12-03,GASREGRMW,PADD 4,gasoline,all formulations,weekly-mon,3.405
2012-12-10,GASREGRMW,PADD 4,gasoline,all formulations,weekly-mon,3.328
2012-12-17,GASREGRMW,PADD 4,gasoline,all formulations,weekly-mon,3.211
2012-12-24,GASREGRMW,PADD 4,gasoline,all formulations,weekly-mon,3.096
2012-12-31,GASREGRMW,PADD 4,gasoline,all formulations,weekly-mon,3.016
2013-01-07,GASREGRMW,PADD 4,gasoline,all formulations,weekly-mon,2.935
2013-01-14,GASREGRMW,PADD 4,gasoline,all formulations,weekly-mon,2.867
2013-01-21,GASREGRMW,PADD 4,gasoline,all formulations,weekly-mon,2.88
2013-01-28,GASREGRMW,PADD 4,gasoline,all formulations,weekly-mon,2.981
2013-02-04,GASREGRMW,PADD 4,gasoline,all formulations,weekly-mon,3.144
2013-02-11,GASREGRMW,PADD 4,gasoline,all formulations,weekly-mon,3.274
2013-02-18,GASREGRMW,PADD 4,gasoline,all formulations,weekly-mon,3.409
2013-02-25,GASREGRMW,PADD 4,gasoline,all formulations,weekly-mon,3.471
2013-03-04,GASREGRMW,PADD 4,gasoline,all formulations,weekly-mon,3.476
2013-03-11,GASREGRMW,PADD 4,gasoline,all formulations,weekly-mon,3.469
2013-03-18,GASREGRMW,PADD 4,gasoline,all formulations,weekly-mon,3.469
2013-03-25,GASREGRMW,PADD 4,gasoline,all formulations,weekly-mon,3.469
2013-04-01,GASREGRMW,PADD 4,gasoline,all formulations,weekly-mon,3.497
2013-04-08,GASREGRMW,PADD 4,gasoline,all formulations,weekly-mon,3.523
2013-04-15,GASREGRMW,PADD 4,gasoline,all formulations,weekly-mon,3.507
2013-04-22,GASREGRMW,PADD 4,gasoline,all formulations,weekly-mon,3.488
2013-04-29,GASREGRMW,PADD 4,gasoline,all formulations,weekly-mon,3.484
2013-05-06,GASREGRMW,PADD 4,gasoline,all formulations,weekly-mon,3.491
2013-05-13,GASREGRMW,PADD 4,gasoline,all formulations,weekly-mon,3.56
2013-05-20,GASREGRMW,PADD 4,gasoline,all formulations,weekly-mon,3.672
2013-05-27,GASREGRMW,PADD 4,gasoline,all formulations,weekly-mon,3.725
2013-06-03,GASREGRMW,PADD 4,gasoline,all formulations,weekly-mon,3.729
2013-06-10,GASREGRMW,PADD 4,gasoline,all formulations,weekly-mon,3.72
2013-06-17,GASREGRMW,PADD 4,gasoline,all formulations,weekly-mon,3.688
2013-06-24,GASREGRMW,PADD 4,gasoline,all formulations,weekly-mon,3.67
2013-07-01,GASREGRMW,PADD 4,gasoline,all formulations,weekly-mon,3.64
2013-07-08,GASREGRMW,PADD 4,gasoline,all formulations,weekly-mon,3.61
2013-07-15,GASREGRMW,PADD 4,gasoline,all formulations,weekly-mon,3.611
2013-07-22,GASREGRMW,PADD 4,gasoline,all formulations,weekly-mon,3.616
2013-07-29,GASREGRMW,PADD 4,gasoline,all formulations,weekly-mon,3.64
2013-08-05,GASREGRMW,PADD 4,gasoline,all formulations,weekly-mon,3.638
2013-08-12,GASREGRMW,PADD 4,gasoline,all formulations,weekly-mon,3.644
2013-08-19,GASREGRMW,PADD 4,gasoline,all formulations,weekly-mon,3.639
2013-08-26,GASREGRMW,PADD 4,gasoline,all formulations,weekly-mon,3.622
2013-09-02,GASREGRMW,PADD 4,gasoline,all formulations,weekly-mon,3.626
2013-09-09,GASREGRMW,PADD 4,gasoline,all formulations,weekly-mon,3.631
2013-09-16,GASREGRMW,PADD 4,gasoline,all formulations,weekly-mon,3.612
2013-09-23,GASREGRMW,PADD 4,gasoline,all formulations,weekly-mon,3.586
2013-09-30,GASREGRMW,PADD 4,gasoline,all formulations,weekly-mon,3.549
2013-10-07,GASREGRMW,PADD 4,gasoline,all formulations,weekly-mon,3.507
2013-10-14,GASREGRMW,PADD 4,gasoline,all formulations,weekly-mon,3.459
2013-10-21,GASREGRMW,PADD 4,gasoline,all formulations,weekly-mon,3.426
2013-10-28,GASREGRMW,PADD 4,gasoline,all formulations,weekly-mon,3.368
2013-11-04,GASREGRMW,PADD 4,gasoline,all formulations,weekly-mon,3.307
2013-11-11,GASREGRMW,PADD 4,gasoline,all formulations,weekly-mon,3.227
2013-11-18,GASREGRMW,PADD 4,gasoline,all formulations,weekly-mon,3.183
2013-11-25,GASREGRMW,PADD 4,gasoline,all formulations,weekly-mon,3.145
2013-12-02,GASREGRMW,PADD 4,gasoline,all formulations,weekly-mon,3.113
2013-12-09,GASREGRMW,PADD 4,gasoline,all formulations,weekly-mon,3.077
2013-12-16,GASREGRMW,PADD 4,gasoline,all formulations,weekly-mon,3.055
2013-12-23,GASREGRMW,PADD 4,gasoline,all formulations,weekly-mon,3.055
2013-12-30,GASREGRMW,PADD 4,gasoline,all formulations,weekly-mon,3.1
2014-01-06,GASREGRMW,PADD 4,gasoline,all formulations,weekly-mon,3.12
2014-01-13,GASREGRMW,PADD 4,gasoline,all formulations,weekly-mon,3.148
2014-01-20,GASREGRMW,PADD 4,gasoline,all formulations,weekly-mon,3.145
2014-01-27,GASREGRMW,PADD 4,gasoline,all formulations,weekly-mon,3.134
2014-02-03,GASREGRMW,PADD 4,gasoline,all formulations,weekly-mon,3.125
2014-02-10,GASREGRMW,PADD 4,gasoline,all formulations,weekly-mon,3.137
2014-02-17,GASREGRMW,PADD 4,gasoline,all formulations,weekly-mon,3.239
2014-02-24,GASREGRMW,PADD 4,gasoline,all formulations,weekly-mon,3.322
2014-03-03,GASREGRMW,PADD 4,gasoline,all formulations,weekly-mon,3.39
2014-03-10,GASREGRMW,PADD 4,gasoline,all formulations,weekly-mon,3.437
2014-03-17,GASREGRMW,PADD 4,gasoline,all formulations,weekly-mon,3.455
2014-03-24,GASREGRMW,PADD 4,gasoline,all formulations,weekly-mon,3.457
2014-03-31,GASREGRMW,PADD 4,gasoline,all formulations,weekly-mon,3.451
2014-04-07,GASREGRMW,PADD 4,gasoline,all formulations,weekly-mon,3.446
2014-04-14,GASREGRMW,PADD 4,gasoline,all formulations,weekly-mon,3.438
2014-04-21,GASREGRMW,PADD 4,gasoline,all formulations,weekly-mon,3.446
2014-04-28,GASREGRMW,PADD 4,gasoline,all formulations,weekly-mon,3.482
2014-05-05,GASREGRMW,PADD 4,gasoline,all formulations,weekly-mon,3.501
2014-05-12,GASREGRMW,PADD 4,gasoline,all formulations,weekly-mon,3.51
2014-05-19,GASREGRMW,PADD 4,gasoline,all formulations,weekly-mon,3.505
2014-05-26,GASREGRMW,PADD 4,gasoline,all formulations,weekly-mon,3.502
2014-06-02,GASREGRMW,PADD 4,gasoline,all formulations,weekly-mon,3.504
2014-06-09,GASREGRMW,PADD 4,gasoline,all formulations,weekly-mon,3.507
2014-06-16,GASREGRMW,PADD 4,gasoline,all formulations,weekly-mon,3.53
2014-06-23,GASREGRMW,PADD 4,gasoline,all formulations,weekly-mon,3.606
2014-06-30,GASREGRMW,PADD 4,gasoline,all formulations,weekly-mon,3.629
2014-07-07,GASREGRMW,PADD 4,gasoline,all formulations,weekly-mon,3.642
2014-07-14,GASREGRMW,PADD 4,gasoline,all formulations,weekly-mon,3.644
2014-07-21,GASREGRMW,PADD 4,gasoline,all formulations,weekly-mon,3.64
2014-07-28,GASREGRMW,PADD 4,gasoline,all formulations,weekly-mon,3.645
2014-08-04,GASREGRMW,PADD 4,gasoline,all formulations,weekly-mon,3.641
2014-08-11,GASREGRMW,PADD 4,gasoline,all formulations,weekly-mon,3.652
2014-08-18,GASREGRMW,PADD 4,gasoline,all formulations,weekly-mon,3.658
2014-08-25,GASREGRMW,PADD 4,gasoline,all formulations,weekly-mon,3.651
2014-09-01,GASREGRMW,PADD 4,gasoline,all formulations,weekly-mon,3.639
2014-09-08,GASREGRMW,PADD 4,gasoline,all formulations,weekly-mon,3.626
2014-09-15,GASREGRMW,PADD 4,gasoline,all formulations,weekly-mon,3.593
2014-09-22,GASREGRMW,PADD 4,gasoline,all formulations,weekly-mon,3.544
2014-09-29,GASREGRMW,PADD 4,gasoline,all formulations,weekly-mon,3.494
2014-10-06,GASREGRMW,PADD 4,gasoline,all formulations,weekly-mon,3.433
2014-10-13,GASREGRMW,PADD 4,gasoline,all formulations,weekly-mon,3.343
2014-10-20,GASREGRMW,PADD 4,gasoline,all formulations,weekly-mon,3.25
2014-10-27,GASREGRMW,PADD 4,gasoline,all formulations,weekly-mon,3.197
2014-11-03,GASREGRMW,PADD 4,gasoline,all formulations,weekly-mon,3.14
2014-11-10,GASREGRMW,PADD 4,gasoline,all formulations,weekly-mon,3.076
2014-11-17,GASREGRMW,PADD 4,gasoline,all formulations,weekly-mon,3.011
2014-11-24,GASREGRMW,PADD 4,gasoline,all formulations,weekly-mon,2.933
2014-12-01,GASREGRMW,PADD 4,gasoline,all formulations,weekly-mon,2.861
2014-12-08,GASREGRMW,PADD 4,gasoline,all formulations,weekly-mon,2.74
2014-12-15,GASREGRMW,PADD 4,gasoline,all formulations,weekly-mon,2.586
2014-12-22,GASREGRMW,PADD 4,gasoline,all formulations,weekly-mon,2.384
2014-12-29,GASREGRMW,PADD 4,gasoline,all formulations,weekly-mon,2.228
2015-01-05,GASREGRMW,PADD 4,gasoline,all formulations,weekly-mon,2.114
2015-01-12,GASREGRMW,PADD 4,gasoline,all formulations,weekly-mon,1.986
2015-01-19,GASREGRMW,PADD 4,gasoline,all formulations,weekly-mon,1.908
2015-01-26,GASREGRMW,PADD 4,gasoline,all formulations,weekly-mon,1.873
2015-02-02,GASREGRMW,PADD 4,gasoline,all formulations,weekly-mon,1.867
2015-02-09,GASREGRMW,PADD 4,gasoline,all formulations,weekly-mon,1.946
2015-02-16,GASREGRMW,PADD 4,gasoline,all formulations,weekly-mon,1.995
2015-02-23,GASREGRMW,PADD 4,gasoline,all formulations,weekly-mon,2.041
2015-03-02,GASREGRMW,PADD 4,gasoline,all formulations,weekly-mon,2.123
2015-03-09,GASREGRMW,PADD 4,gasoline,all formulations,weekly-mon,2.232
2015-03-16,GASREGRMW,PADD 4,gasoline,all formulations,weekly-mon,2.288
2015-03-23,GASREGRMW,PADD 4,gasoline,all formulations,weekly-mon,2.303
2015-03-30,GASREGRMW,PADD 4,gasoline,all formulations,weekly-mon,2.313
2015-04-06,GASREGRMW,PADD 4,gasoline,all formulations,weekly-mon,2.319
2015-04-13,GASREGRMW,PADD 4,gasoline,all formulations,weekly-mon,2.351
2015-04-20,GASREGRMW,PADD 4,gasoline,all formulations,weekly-mon,2.427
2015-04-27,GASREGRMW,PADD 4,gasoline,all formulations,weekly-mon,2.478
2015-05-04,GASREGRMW,PADD 4,gasoline,all formulations,weekly-mon,2.567
2015-05-11,GASREGRMW,PADD 4,gasoline,all formulations,weekly-mon,2.634
2015-05-18,GASREGRMW,PADD 4,gasoline,all formulations,weekly-mon,2.688
2015-05-25,GASREGRMW,PADD 4,gasoline,all formulations,weekly-mon,2.728
2015-06-01,GASREGRMW,PADD 4,gasoline,all formulations,weekly-mon,2.738
2015-06-08,GASREGRMW,PADD 4,gasoline,all formulations,weekly-mon,2.758
2015-06-15,GASREGRMW,PADD 4,gasoline,all formulations,weekly-mon,2.785
2015-06-22,GASREGRMW,PADD 4,gasoline,all formulations,weekly-mon,2.788
2015-06-29,GASREGRMW,PADD 4,gasoline,all formulations,weekly-mon,2.791
2015-07-06,GASREGRMW,PADD 4,gasoline,all formulations,weekly-mon,2.81
2015-07-13,GASREGRMW,PADD 4,gasoline,all formulations,weekly-mon,2.818
2015-07-20,GASREGRMW,PADD 4,gasoline,all formulations,weekly-mon,2.841
2015-07-27,GASREGRMW,PADD 4,gasoline,all formulations,weekly-mon,2.856
2015-08-03,GASREGRMW,PADD 4,gasoline,all formulations,weekly-mon,2.828
2015-08-10,GASREGRMW,PADD 4,gasoline,all formulations,weekly-mon,2.798
2015-08-17,GASREGRMW,PADD 4,gasoline,all formulations,weekly-mon,2.835
2015-08-24,GASREGRMW,PADD 4,gasoline,all formulations,weekly-mon,2.82
2015-08-31,GASREGRMW,PADD 4,gasoline,all formulations,weekly-mon,2.768
2015-09-07,GASREGRMW,PADD 4,gasoline,all formulations,weekly-mon,2.73
2015-09-14,GASREGRMW,PADD 4,gasoline,all formulations,weekly-mon,2.683
2015-09-21,GASREGRMW,PADD 4,gasoline,all formulations,weekly-mon,2.606
2015-09-28,GASREGRMW,PADD 4,gasoline,all formulations,weekly-mon,2.539
2015-10-05,GASREGRMW,PADD 4,gasoline,all formulations,weekly-mon,2.477
2015-10-12,GASREGRMW,PADD 4,gasoline,all formulations,weekly-mon,2.424
2015-10-19,GASREGRMW,PADD 4,gasoline,all formulations,weekly-mon,2.356
2015-10-26,GASREGRMW,PADD 4,gasoline,all formulations,weekly-mon,2.302
2015-11-02,GASREGRMW,PADD 4,gasoline,all formulations,weekly-mon,2.24
2015-11-09,GASREGRMW,PADD 4,gasoline,all formulations,weekly-mon,2.181
2015-11-16,GASREGRMW,PADD 4,gasoline,all formulations,weekly-mon,2.136
2015-11-23,GASREGRMW,PADD 4,gasoline,all formulations,weekly-mon,2.092
2015-11-30,GASREGRMW,PADD 4,gasoline,all formulations,weekly-mon,2.052
2015-12-07,GASREGRMW,PADD 4,gasoline,all formulations,weekly-mon,2.014
2015-12-14,GASREGRMW,PADD 4,gasoline,all formulations,weekly-mon,1.995
2015-12-21,GASREGRMW,PADD 4,gasoline,all formulations,weekly-mon,1.994
2015-12-28,GASREGRMW,PADD 4,gasoline,all formulations,weekly-mon,1.972
2016-01-04,GASREGRMW,PADD 4,gasoline,all formulations,weekly-mon,1.964
2016-01-11,GASREGRMW,PADD 4,gasoline,all formulations,weekly-mon,1.946
2016-01-18,GASREGRMW,PADD 4,gasoline,all formulations,weekly-mon,1.906
2016-01-25,GASREGRMW,PADD 4,gasoline,all formulations,weekly-mon,1.861
2016-02-01,GASREGRMW,PADD 4,gasoline,all formulations,weekly-mon,1.803
2016-02-08,GASREGRMW,PADD 4,gasoline,all formulations,weekly-mon,1.753
2016-02-15,GASREGRMW,PADD 4,gasoline,all formulations,weekly-mon,1.691
2016-02-22,GASREGRMW,PADD 4,gasoline,all formulations,weekly-mon,1.673
2016-02-29,GASREGRMW,PADD 4,gasoline,all formulations,weekly-mon,1.702
2016-03-07,GASREGRMW,PADD 4,gasoline,all formulations,weekly-mon,1.784
2016-03-14,GASREGRMW,PADD 4,gasoline,all formulations,weekly-mon,1.867
2016-03-21,GASREGRMW,PADD 4,gasoline,all formulations,weekly-mon,1.902
2016-03-28,GASREGRMW,PADD 4,gasoline,all formulations,weekly-mon,1.947
2016-04-04,GASREGRMW,PADD 4,gasoline,all formulations,weekly-mon,1.969
2016-04-11,GASREGRMW,PADD 4,gasoline,all formulations,weekly-mon,2.001
2016-04-18,GASREGRMW,PADD 4,gasoline,all formulations,weekly-mon,2.078
2016-04-25,GASREGRMW,PADD 4,gasoline,all formulations,weekly-mon,2.116
2016-05-02,GASREGRMW,PADD 4,gasoline,all formulations,weekly-mon,2.167
2016-05-09,GASREGRMW,PADD 4,gasoline,all formulations,weekly-mon,2.214
2016-05-16,GASREGRMW,PADD 4,gasoline,all formulations,weekly-mon,2.243
2016-05-23,GASREGRMW,PADD 4,gasoline,all formulations,weekly-mon,2.3
2016-05-30,GASREGRMW,PADD 4,gasoline,all formulations,weekly-mon,2.316
2016-06-06,GASREGRMW,PADD 4,gasoline,all formulations,weekly-mon,2.314
2016-06-13,GASREGRMW,PADD 4,gasoline,all formulations,weekly-mon,2.322
2016-06-20,GASREGRMW,PADD 4,gasoline,all formulations,weekly-mon,2.33
2016-06-27,GASREGRMW,PADD 4,gasoline,all formulations,weekly-mon,2.319
2016-07-04,GASREGRMW,PADD 4,gasoline,all formulations,weekly-mon,2.305
2016-07-11,GASREGRMW,PADD 4,gasoline,all formulations,weekly-mon,2.288
2016-07-18,GASREGRMW,PADD 4,gasoline,all formulations,weekly-mon,2.276
2016-07-25,GASREGRMW,PADD 4,gasoline,all formulations,weekly-mon,2.264
2016-08-01,GASREGRMW,PADD 4,gasoline,all formulations,weekly-mon,2.252
2016-08-08,GASREGRMW,PADD 4,gasoline,all formulations,weekly-mon,2.226
2016-08-15,GASREGRMW,PADD 4,gasoline,all formulations,weekly-mon,2.214
2016-08-22,GASREGRMW,PADD 4,gasoline,all formulations,weekly-mon,2.229
2016-08-29,GASREGRMW,PADD 4,gasoline,all formulations,weekly-mon,2.263
2016-09-05,GASREGRMW,PADD 4,gasoline,all formulations,weekly-mon,2.267
2016-09-12,GASREGRMW,PADD 4,gasoline,all formulations,weekly-mon,2.274
2016-09-19,GASREGRMW,PADD 4,gasoline,all formulations,weekly-mon,2.265
2016-09-26,GASREGRMW,PADD 4,gasoline,all formulations,weekly-mon,2.246
2016-10-03,GASREGRMW,PADD 4,gasoline,all formulations,weekly-mon,2.242
2016-10-10,GASREGRMW,PADD 4,gasoline,all formulations,weekly-mon,2.244
2016-10-17,GASREGRMW,PADD 4,gasoline,all formulations,weekly-mon,2.269
2016-10-24,GASREGRMW,PADD 4,gasoline,all formulations,weekly-mon,2.286
2016-10-31,GASREGRMW,PADD 4,gasoline,all formulations,weekly-mon,2.293
2016-11-07,GASREGRMW,PADD 4,gasoline,all formulations,weekly-mon,2.268
2016-11-14,GASREGRMW,PADD 4,gasoline,all formulations,weekly-mon,2.235
2016-11-21,GASREGRMW,PADD 4,gasoline,all formulations,weekly-mon,2.185
2016-11-28,GASREGRMW,PADD 4,gasoline,all formulations,weekly-mon,2.146
2016-12-05,GASREGRMW,PADD 4,gasoline,all formulations,weekly-mon,2.12
2016-12-12,GASREGRMW,PADD 4,gasoline,all formulations,weekly-mon,2.122
2016-12-19,GASREGRMW,PADD 4,gasoline,all formulations,weekly-mon,2.135
2016-12-26,GASREGRMW,PADD 4,gasoline,all formulations,weekly-mon,2.175
2017-01-02,GASREGRMW,PADD 4,gasoline,all formulations,weekly-mon,2.234
2017-01-09,GASREGRMW,PADD 4,gasoline,all formulations,weekly-mon,2.259
2017-01-16,GASREGRMW,PADD 4,gasoline,all formulations,weekly-mon,2.264
2017-01-23,GASREGRMW,PADD 4,gasoline,all formulations,weekly-mon,2.256
2017-01-30,GASREGRMW,PADD 4,gasoline,all formulations,weekly-mon,2.255
2017-02-06,GASREGRMW,PADD 4,gasoline,all formulations,weekly-mon,2.233
2017-02-13,GASREGRMW,PADD 4,gasoline,all formulations,weekly-mon,2.23
2017-02-20,GASREGRMW,PADD 4,gasoline,all formulations,weekly-mon,2.252
2017-02-27,GASREGRMW,PADD 4,gasoline,all formulations,weekly-mon,2.273
2017-03-06,GASREGRMW,PADD 4,gasoline,all formulations,weekly-mon,2.287
2017-03-13,GASREGRMW,PADD 4,gasoline,all formulations,weekly-mon,2.305
2017-03-20,GASREGRMW,PADD 4,gasoline,all formulations,weekly-mon,2.304
2017-03-27,GASREGRMW,PADD 4,gasoline,all formulations,weekly-mon,2.303
2017-04-03,GASREGRMW,PADD 4,gasoline,all formulations,weekly-mon,2.297
2017-04-10,GASREGRMW,PADD 4,gasoline,all formulations,weekly-mon,2.333
2017-04-17,GASREGRMW,PADD 4,gasoline,all formulations,weekly-mon,2.376
2017-04-24,GASREGRMW,PADD 4,gasoline,all formulations,weekly-mon,2.413
2017-05-01,GASREGRMW,PADD 4,gasoline,all formulations,weekly-mon,2.404
2017-05-08,GASREGRMW,PADD 4,gasoline,all formulations,weekly-mon,2.393
2017-05-15,GASREGRMW,PADD 4,gasoline,all formulations,weekly-mon,2.384
2017-05-22,GASREGRMW,PADD 4,gasoline,all formulations,weekly-mon,2.381
2017-05-29,GASREGRMW,PADD 4,gasoline,all formulations,weekly-mon,2.422
2017-06-05,GASREGRMW,PADD 4,gasoline,all formulations,weekly-mon,2.431
2017-06-12,GASREGRMW,PADD 4,gasoline,all formulations,weekly-mon,2.422
2017-06-19,GASREGRMW,PADD 4,gasoline,all formulations,weekly-mon,2.414
2017-06-26,GASREGRMW,PADD 4,gasoline,all formulations,weekly-mon,2.389
2017-07-03,GASREGRMW,PADD 4,gasoline,all formulations,weekly-mon,2.346
2017-07-10,GASREGRMW,PADD 4,gasoline,all formulations,weekly-mon,2.341
2017-07-17,GASREGRMW,PADD 4,gasoline,all formulations,weekly-mon,2.329
2017-07-24,GASREGRMW,PADD 4,gasoline,all formulations,weekly-mon,2.341
2017-07-31,GASREGRMW,PADD 4,gasoline,all formulations,weekly-mon,2.343
2017-08-07,GASREGRMW,PADD 4,gasoline,all formulations,weekly-mon,2.39
2017-08-14,GASREGRMW,PADD 4,gasoline,all formulations,weekly-mon,2.426
2017-08-21,GASREGRMW,PADD 4,gasoline,all formulations,weekly-mon,2.454
2017-08-28,GASREGRMW,PADD 4,gasoline,all formulations,weekly-mon,2.468
2017-09-04,GASREGRMW,PADD 4,gasoline,all formulations,weekly-mon,2.606
2017-09-11,GASREGRMW,PADD 4,gasoline,all formulations,weekly-mon,2.611
2017-09-18,GASREGRMW,PADD 4,gasoline,all formulations,weekly-mon,2.599
2017-09-25,GASREGRMW,PADD 4,gasoline,all formulations,weekly-mon,2.582
2017-10-02,GASREGRMW,PADD 4,gasoline,all formulations,weekly-mon,2.567
2017-10-09,GASREGRMW,PADD 4,gasoline,all formulations,weekly-mon,2.542
2017-10-16,GASREGRMW,PADD 4,gasoline,all formulations,weekly-mon,2.526
2017-10-23,GASREGRMW,PADD 4,gasoline,all formulations,weekly-mon,2.529
2017-10-30,GASREGRMW,PADD 4,gasoline,all formulations,weekly-mon,2.515
2017-11-06,GASREGRMW,PADD 4,gasoline,all formulations,weekly-mon,2.538
2017-11-13,GASREGRMW,PADD 4,gasoline,all formulations,weekly-mon,2.542
2017-11-20,GASREGRMW,PADD 4,gasoline,all formulations,weekly-mon,2.542
2017-11-27,GASREGRMW,PADD 4,gasoline,all formulations,weekly-mon,2.538
2017-12-04,GASREGRMW,PADD 4,gasoline,all formulations,weekly-mon,2.534
2017-12-11,GASREGRMW,PADD 4,gasoline,all formulations,weekly-mon,2.514
2017-12-18,GASREGRMW,PADD 4,gasoline,all formulations,weekly-mon,2.476
2017-12-25,GASREGRMW,PADD 4,gasoline,all formulations,weekly-mon,2.45
2018-01-01,GASREGRMW,PADD 4,gasoline,all formulations,weekly-mon,2.437
2018-01-08,GASREGRMW,PADD 4,gasoline,all formulations,weekly-mon,2.441
2018-01-15,GASREGRMW,PADD 4,gasoline,all formulations,weekly-mon,2.455
2018-01-22,GASREGRMW,PADD 4,gasoline,all formulations,weekly-mon,2.472
2018-01-29,GASREGRMW,PADD 4,gasoline,all formulations,weekly-mon,2.483
2018-02-05,GASREGRMW,PADD 4,gasoline,all formulations,weekly-mon,2.496
2018-02-12,GASREGRMW,PADD 4,gasoline,all formulations,weekly-mon,2.51
2018-02-19,GASREGRMW,PADD 4,gasoline,all formulations,weekly-mon,2.486
2018-02-26,GASREGRMW,PADD 4,gasoline,all formulations,weekly-mon,2.454
2018-03-05,GASREGRMW,PADD 4,gasoline,all formulations,weekly-mon,2.437
2018-03-12,GASREGRMW,PADD 4,gasoline,all formulations,weekly-mon,2.423
2018-03-19,GASREGRMW,PADD 4,gasoline,all formulations,weekly-mon,2.443
2018-03-26,GASREGRMW,PADD 4,gasoline,all formulations,weekly-mon,2.528
2018-04-02,GASREGRMW,PADD 4,gasoline,all formulations,weekly-mon,2.599
2018-04-09,GASREGRMW,PADD 4,gasoline,all formulations,weekly-mon,2.639
2018-04-16,GASREGRMW,PADD 4,gasoline,all formulations,weekly-mon,2.734
2018-04-23,GASREGRMW,PADD 4,gasoline,all formulations,weekly-mon,2.772
2018-04-30,GASREGRMW,PADD 4,gasoline,all formulations,weekly-mon,2.803
2018-05-07,GASREGRMW,PADD 4,gasoline,all formulations,weekly-mon,2.821
2018-05-14,GASREGRMW,PADD 4,gasoline,all formulations,weekly-mon,2.922
2018-05-21,GASREGRMW,PADD 4,gasoline,all formulations,weekly-mon,2.968
2018-05-28,GASREGRMW,PADD 4,gasoline,all formulations,weekly-mon,2.991
2018-06-04,GASREGRMW,PADD 4,gasoline,all formulations,weekly-mon,2.995
2018-06-11,GASREGRMW,PADD 4,gasoline,all formulations,weekly-mon,2.99
2018-06-18,GASREGRMW,PADD 4,gasoline,all formulations,weekly-mon,2.977
2018-06-25,GASREGRMW,PADD 4,gasoline,all formulations,weekly-mon,2.96
2018-07-02,GASREGRMW,PADD 4,gasoline,all formulations,weekly-mon,2.968
2018-07-09,GASREGRMW,PADD 4,gasoline,all formulations,weekly-mon,2.966
2018-07-16,GASREGRMW,PADD 4,gasoline,all formulations,weekly-mon,2.955
2018-07-23,GASREGRMW,PADD 4,gasoline,all formulations,weekly-mon,2.934
2018-07-30,GASREGRMW,PADD 4,gasoline,all formulations,weekly-mon,2.913
2018-08-06,GASREGRMW,PADD 4,gasoline,all formulations,weekly-mon,2.924
2018-08-13,GASREGRMW,PADD 4,gasoline,all formulations,weekly-mon,2.944
2018-08-20,GASREGRMW,PADD 4,gasoline,all formulations,weekly-mon,2.963
2018-08-27,GASREGRMW,PADD 4,gasoline,all formulations,weekly-mon,2.994
2018-09-03,GASREGRMW,PADD 4,gasoline,all formulations,weekly-mon,3.007
2018-09-10,GASREGRMW,PADD 4,gasoline,all formulations,weekly-mon,3.008
2018-09-17,GASREGRMW,PADD 4,gasoline,all formulations,weekly-mon,3.014
2018-09-24,GASREGRMW,PADD 4,gasoline,all formulations,weekly-mon,3.014
2018-10-01,GASREGRMW,PADD 4,gasoline,all formulations,weekly-mon,3.0
2018-10-08,GASREGRMW,PADD 4,gasoline,all formulations,weekly-mon,2.999
2018-10-15,GASREGRMW,PADD 4,gasoline,all formulations,weekly-mon,2.982
2018-10-22,GASREGRMW,PADD 4,gasoline,all formulations,weekly-mon,2.963
2018-10-29,GASREGRMW,PADD 4,gasoline,all formulations,weekly-mon,2.958
2018-11-05,GASREGRMW,PADD 4,gasoline,all formulations,weekly-mon,2.935
2018-11-12,GASREGRMW,PADD 4,gasoline,all formulations,weekly-mon,2.891
2018-11-19,GASREGRMW,PADD 4,gasoline,all formulations,weekly-mon,2.828
2018-11-26,GASREGRMW,PADD 4,gasoline,all formulations,weekly-mon,2.796
2018-12-03,GASREGRMW,PADD 4,gasoline,all formulations,weekly-mon,2.717
2018-12-10,GASREGRMW,PADD 4,gasoline,all formulations,weekly-mon,2.655
2018-12-17,GASREGRMW,PADD 4,gasoline,all formulations,weekly-mon,2.575
2018-12-24,GASREGRMW,PADD 4,gasoline,all formulations,weekly-mon,2.485
2018-12-31,GASREGRMW,PADD 4,gasoline,all formulations,weekly-mon,2.429
2019-01-07,GASREGRMW,PADD 4,gasoline,all formulations,weekly-mon,2.373
2019-01-14,GASREGRMW,PADD 4,gasoline,all formulations,weekly-mon,2.306
2019-01-21,GASREGRMW,PADD 4,gasoline,all formulations,weekly-mon,2.272
2019-01-28,GASREGRMW,PADD 4,gasoline,all formulations,weekly-mon,2.231
2019-02-04,GASREGRMW,PADD 4,gasoline,all formulations,weekly-mon,2.175
2019-02-11,GASREGRMW,PADD 4,gasoline,all formulations,weekly-mon,2.166
2019-02-18,GASREGRMW,PADD 4,gasoline,all formulations,weekly-mon,2.182
2019-02-25,GASREGRMW,PADD 4,gasoline,all formulations,weekly-mon,2.193
2019-03-04,GASREGRMW,PADD 4,gasoline,all formulations,weekly-mon,2.212
2019-03-11,GASREGRMW,PADD 4,gasoline,all formulations,weekly-mon,2.253
2019-03-18,GASREGRMW,PADD 4,gasoline,all formulations,weekly-mon,2.321
2019-03-25,GASREGRMW,PADD 4,gasoline,all formulations,weekly-mon,2.4
2019-04-01,GASREGRMW,PADD 4,gasoline,all formulations,weekly-mon,2.469
2019-04-08,GASREGRMW,PADD 4,gasoline,all formulations,weekly-mon,2.539
2019-04-15,GASREGRMW,PADD 4,gasoline,all formulations,weekly-mon,2.64
2019-04-22,GASREGRMW,PADD 4,gasoline,all formulations,weekly-mon,2.759
2019-04-29,GASREGRMW,PADD 4,gasoline,all formulations,weekly-mon,2.843
2019-05-06,GASREGRMW,PADD 4,gasoline,all formulations,weekly-mon,2.919
2019-05-13,GASREGRMW,PADD 4,gasoline,all formulations,weekly-mon,2.964
2019-05-20,GASREGRMW,PADD 4,gasoline,all formulations,weekly-mon,2.982
2019-05-27,GASREGRMW,PADD 4,gasoline,all formulations,weekly-mon,2.979
2019-06-03,GASREGRMW,PADD 4,gasoline,all formulations,weekly-mon,2.98
2019-06-10,GASREGRMW,PADD 4,gasoline,all formulations,weekly-mon,2.948
2019-06-17,GASREGRMW,PADD 4,gasoline,all formulations,weekly-mon,2.91
2019-06-24,GASREGRMW,PADD 4,gasoline,all formulations,weekly-mon,2.868
2019-07-01,GASREGRMW,PADD 4,gasoline,all formulations,weekly-mon,2.823
2019-07-08,GASREGRMW,PADD 4,gasoline,all formulations,weekly-mon,2.796
2019-07-15,GASREGRMW,PADD 4,gasoline,all formulations,weekly-mon,2.771
2019-07-22,GASREGRMW,PADD 4,gasoline,all formulations,weekly-mon,2.735
2019-07-29,GASREGRMW,PADD 4,gasoline,all formulations,weekly-mon,2.708
2019-08-05,GASREGRMW,PADD 4,gasoline,all formulations,weekly-mon,2.699
2019-08-12,GASREGRMW,PADD 4,gasoline,all formulations,weekly-mon,2.688
2019-08-19,GASREGRMW,PADD 4,gasoline,all formulations,weekly-mon,2.671
2019-08-26,GASREGRMW,PADD 4,gasoline,all formulations,weekly-mon,2.65
2019-09-02,GASREGRMW,PADD 4,gasoline,all formulations,weekly-mon,2.628
2019-09-09,GASREGRMW,PADD 4,gasoline,all formulations,weekly-mon,2.633
2019-09-16,GASREGRMW,PADD 4,gasoline,all formulations,weekly-mon,2.654
2019-09-23,GASREGRMW,PADD 4,gasoline,all formulations,weekly-mon,2.698
2019-09-30,GASREGRMW,PADD 4,gasoline,all formulations,weekly-mon,2.709
2019-10-07,GASREGRMW,PADD 4,gasoline,all formulations,weekly-mon,2.712
2019-10-14,GASREGRMW,PADD 4,gasoline,all formulations,weekly-mon,2.706
2019-10-21,GASREGRMW,PADD 4,gasoline,all formulations,weekly-mon,2.728
2019-10-28,GASREGRMW,PADD 4,gasoline,all formulations,weekly-mon,2.737
2019-11-04,GASREGRMW,PADD 4,gasoline,all formulations,weekly-mon,2.791
2019-11-11,GASREGRMW,PADD 4,gasoline,all formulations,weekly-mon,2.819
2019-11-18,GASREGRMW,PADD 4,gasoline,all formulations,weekly-mon,2.835
2019-11-25,GASREGRMW,PADD 4,gasoline,all formulations,weekly-mon,2.825
2019-12-02,GASREGRMW,PADD 4,gasoline,all formulations,weekly-mon,2.817
2019-12-09,GASREGRMW,PADD 4,gasoline,all formulations,weekly-mon,2.791
2019-12-16,GASREGRMW,PADD 4,gasoline,all formulations,weekly-mon,2.73
2019-12-23,GASREGRMW,PADD 4,gasoline,all formulations,weekly-mon,2.69
2019-12-30,GASREGRMW,PADD 4,gasoline,all formulations,weekly-mon,2.663
2020-01-06,GASREGRMW,PADD 4,gasoline,all formulations,weekly-mon,2.642
2020-01-13,GASREGRMW,PADD 4,gasoline,all formulations,weekly-mon,2.608
2020-01-20,GASREGRMW,PADD 4,gasoline,all formulations,weekly-mon,2.574
2020-01-27,GASREGRMW,PADD 4,gasoline,all formulations,weekly-mon,2.551
2020-02-03,GASREGRMW,PADD 4,gasoline,all formulations,weekly-mon,2.526
2020-02-10,GASREGRMW,PADD 4,gasoline,all formulations,weekly-mon,2.507
2020-02-17,GASREGRMW,PADD 4,gasoline,all formulations,weekly-mon,2.473
2020-02-24,GASREGRMW,PADD 4,gasoline,all formulations,weekly-mon,2.44
2020-03-02,GASREGRMW,PADD 4,gasoline,all formulations,weekly-mon,2.419
2020-03-09,GASREGRMW,PADD 4,gasoline,all formulations,weekly-mon,2.381
2020-03-16,GASREGRMW,PADD 4,gasoline,all formulations,weekly-mon,2.32
2020-03-23,GASREGRMW,PADD 4,gasoline,all formulations,weekly-mon,2.237
2020-03-30,GASREGRMW,PADD 4,gasoline,all formulations,weekly-mon,2.106
2020-04-06,GASREGRMW,PADD 4,gasoline,all formulations,weekly-mon,2.008
2020-04-13,GASREGRMW,PADD 4,gasoline,all formulations,weekly-mon,1.921
2020-04-20,GASREGRMW,PADD 4,gasoline,all formulations,weekly-mon,1.866
2020-04-27,GASREGRMW,PADD 4,gasoline,all formulations,weekly-mon,1.809
2020-05-04,GASREGRMW,PADD 4,gasoline,all formulations,weekly-mon,1.772
2020-05-11,GASREGRMW,PADD 4,gasoline,all formulations,weekly-mon,1.764
2020-05-18,GASREGRMW,PADD 4,gasoline,all formulations,weekly-mon,1.82
2020-05-25,GASREGRMW,PADD 4,gasoline,all formulations,weekly-mon,1.991
2020-06-01,GASREGRMW,PADD 4,gasoline,all formulations,weekly-mon,2.093
2020-06-08,GASREGRMW,PADD 4,gasoline,all formulations,weekly-mon,2.177
2020-06-15,GASREGRMW,PADD 4,gasoline,all formulations,weekly-mon,2.234
2020-06-22,GASREGRMW,PADD 4,gasoline,all formulations,weekly-mon,2.272
2020-06-29,GASREGRMW,PADD 4,gasoline,all formulations,weekly-mon,2.315
2020-07-06,GASREGRMW,PADD 4,gasoline,all formulations,weekly-mon,2.325
2020-07-13,GASREGRMW,PADD 4,gasoline,all formulations,weekly-mon,2.326
2020-07-20,GASREGRMW,PADD 4,gasoline,all formulations,weekly-mon,2.318
2020-07-27,GASREGRMW,PADD 4,gasoline,all formulations,weekly-mon,2.324
2020-08-03,GASREGRMW,PADD 4,gasoline,all formulations,weekly-mon,2.37
2020-08-10,GASREGRMW,PADD 4,gasoline,all formulations,weekly-mon,2.368
2020-08-17,GASREGRMW,PADD 4,gasoline,all formulations,weekly-mon,2.344
2020-08-24,GASREGRMW,PADD 4,gasoline,all formulations,weekly-mon,2.35
2020-08-31,GASREGRMW,PADD 4,gasoline,all formulations,weekly-mon,2.345
2020-09-07,GASREGRMW,PADD 4,gasoline,all formulations,weekly-mon,2.345
2020-09-14,GASREGRMW,PADD 4,gasoline,all formulations,weekly-mon,2.329
2020-09-21,GASREGRMW,PADD 4,gasoline,all formulations,weekly-mon,2.314
2020-09-28,GASREGRMW,PADD 4,gasoline,all formulations,weekly-mon,2.296
2020-10-05,GASREGRMW,PADD 4,gasoline,all formulations,weekly-mon,2.274
2020-10-12,GASREGRMW,PADD 4,gasoline,all formulations,weekly-mon,2.264
2020-10-19,GASREGRMW,PADD 4,gasoline,all formulations,weekly-mon,2.257
2020-10-26,GASREGRMW,PADD 4,gasoline,all formulations,weekly-mon,2.237
2020-11-02,GASREGRMW,PADD 4,gasoline,all formulations,weekly-mon,2.216
2020-11-09,GASREGRMW,PADD 4,gasoline,all formulations,weekly-mon,2.201
2020-11-16,GASREGRMW,PADD 4,gasoline,all formulations,weekly-mon,2.196
2020-11-23,GASREGRMW,PADD 4,gasoline,all formulations,weekly-mon,2.177
2020-11-30,GASREGRMW,PADD 4,gasoline,all formulations,weekly-mon,2.178
2020-12-07,GASREGRMW,PADD 4,gasoline,all formulations,weekly-mon,2.172
2020-12-14,GASREGRMW,PADD 4,gasoline,all formulations,weekly-mon,2.167
2020-12-21,GASREGRMW,PADD 4,gasoline,all formulations,weekly-mon,2.188
2020-12-28,GASREGRMW,PADD 4,gasoline,all formulations,weekly-mon,2.191
2021-01-04,GASREGRMW,PADD 4,gasoline,all formulations,weekly-mon,2.188
2021-01-11,GASREGRMW,PADD 4,gasoline,all formulations,weekly-mon,2.212
2021-01-18,GASREGRMW,PADD 4,gasoline,all formulations,weekly-mon,2.241
2021-01-25,GASREGRMW,PADD 4,gasoline,all formulations,weekly-mon,2.263
2021-02-01,GASREGRMW,PADD 4,gasoline,all formulations,weekly-mon,2.284
2021-02-08,GASREGRMW,PADD 4,gasoline,all formulations,weekly-mon,2.329
2021-02-15,GASREGRMW,PADD 4,gasoline,all formulations,weekly-mon,2.39
2021-02-22,GASREGRMW,PADD 4,gasoline,all formulations,weekly-mon,2.439
2021-03-01,GASREGRMW,PADD 4,gasoline,all formulations,weekly-mon,2.566
2021-03-08,GASREGRMW,PADD 4,gasoline,all formulations,weekly-mon,2.708
2021-03-15,GASREGRMW,PADD 4,gasoline,all formulations,weekly-mon,2.839
2021-03-22,GASREGRMW,PADD 4,gasoline,all formulations,weekly-mon,2.938
2021-03-29,GASREGRMW,PADD 4,gasoline,all formulations,weekly-mon,2.95
2021-04-05,GASREGRMW,PADD 4,gasoline,all formulations,weekly-mon,2.95
2021-04-12,GASREGRMW,PADD 4,gasoline,all formulations,weekly-mon,2.952
2021-04-19,GASREGRMW,PADD 4,gasoline,all formulations,weekly-mon,2.973
2021-04-26,GASREGRMW,PADD 4,gasoline,all formulations,weekly-mon,2.993
2021-05-03,GASREGRMW,PADD 4,gasoline,all formulations,weekly-mon,3.018
2021-05-10,GASREGRMW,PADD 4,gasoline,all formulations,weekly-mon,3.062
2021-05-17,GASREGRMW,PADD 4,gasoline,all formulations,weekly-mon,3.129
2021-05-24,GASREGRMW,PADD 4,gasoline,all formulations,weekly-mon,3.145
2021-05-31,GASREGRMW,PADD 4,gasoline,all formulations,weekly-mon,3.157
2021-06-07,GASREGRMW,PADD 4,gasoline,all formulations,weekly-mon,3.193
2021-06-14,GASREGRMW,PADD 4,gasoline,all formulations,weekly-mon,3.216
2021-06-21,GASREGRMW,PADD 4,gasoline,all formulations,weekly-mon,3.268
2021-06-28,GASREGRMW,PADD 4,gasoline,all formulations,weekly-mon,3.356
2021-07-05,GASREGRMW,PADD 4,gasoline,all formulations,weekly-mon,3.434
2021-07-12,GASREGRMW,PADD 4,gasoline,all formulations,weekly-mon,3.486
2021-07-19,GASREGRMW,PADD 4,gasoline,all formulations,weekly-mon,3.559
2021-07-26,GASREGRMW,PADD 4,gasoline,all formulations,weekly-mon,3.598
2021-08-02,GASREGRMW,PADD 4,gasoline,all formulations,weekly-mon,3.64
2021-08-09,GASREGRMW,PADD 4,gasoline,all formulations,weekly-mon,3.672
2021-08-16,GASREGRMW,PADD 4,gasoline,all formulations,weekly-mon,3.673
2021-08-23,GASREGRMW,PADD 4,gasoline,all formulations,weekly-mon,3.664
2021-08-30,GASREGRMW,PADD 4,gasoline,all formulations,weekly-mon,3.649
2021-09-06,GASREGRMW,PADD 4,gasoline,all formulations,weekly-mon,3.648
2021-09-13,GASREGRMW,PADD 4,gasoline,all formulations,weekly-mon,3.625
2021-09-20,GASREGRMW,PADD 4,gasoline,all formulations,weekly-mon,3.599
2021-09-27,GASREGRMW,PADD 4,gasoline,all formulations,weekly-mon,3.578
2021-10-04,GASREGRMW,PADD 4,gasoline,all formulations,weekly-mon,3.568
2021-10-11,GASREGRMW,PADD 4,gasoline,all formulations,weekly-mon,3.562
2021-10-18,GASREGRMW,PADD 4,gasoline,all formulations,weekly-mon,3.566
2021-10-25,GASREGRMW,PADD 4,gasoline,all formulations,weekly-mon,3.559
2021-11-01,GASREGRMW,PADD 4,gasoline,all formulations,weekly-mon,3.557
2021-11-08,GASREGRMW,PADD 4,gasoline,all formulations,weekly-mon,3.551
2021-11-15,GASREGRMW,PADD 4,gasoline,all formulations,weekly-mon,3.543
2021-11-22,GASREGRMW,PADD 4,gasoline,all formulations,weekly-mon,3.524
2021-11-29,GASREGRMW,PADD 4,gasoline,all formulations,weekly-mon,3.501
2021-12-06,GASREGRMW,PADD 4,gasoline,all formulations,weekly-mon,3.468
2021-12-13,GASREGRMW,PADD 4,gasoline,all formulations,weekly-mon,3.433
2021-12-20,GASREGRMW,PADD 4,gasoline,all formulations,weekly-mon,3.409
2021-12-27,GASREGRMW,PADD 4,gasoline,all formulations,weekly-mon,3.388
2022-01-03,GASREGRMW,PADD 4,gasoline,all formulations,weekly-mon,3.365
2022-01-10,GASREGRMW,PADD 4,gasoline,all formulations,weekly-mon,3.347
2022-01-17,GASREGRMW,PADD 4,gasoline,all formulations,weekly-mon,3.332
2022-01-24,GASREGRMW,PADD 4,gasoline,all formulations,weekly-mon,3.329
2022-01-31,GASREGRMW,PADD 4,gasoline,all formulations,weekly-mon,3.331
2022-02-07,GASREGRMW,PADD 4,gasoline,all formulations,weekly-mon,3.331
2022-02-14,GASREGRMW,PADD 4,gasoline,all formulations,weekly-mon,3.329
2022-02-21,GASREGRMW,PADD 4,gasoline,all formulations,weekly-mon,3.344
2022-02-28,GASREGRMW,PADD 4,gasoline,all formulations,weekly-mon,3.372
2022-03-07,GASREGRMW,PADD 4,gasoline,all formulations,weekly-mon,3.825
2022-03-14,GASREGRMW,PADD 4,gasoline,all formulations,weekly-mon,4.137
2022-03-21,GASREGRMW,PADD 4,gasoline,all formulations,weekly-mon,4.11
2022-03-28,GASREGRMW,PADD 4,gasoline,all formulations,weekly-mon,4.167
2022-04-04,GASREGRMW,PADD 4,gasoline,all formulations,weekly-mon,4.144
2022-04-11,GASREGRMW,PADD 4,gasoline,all formulations,weekly-mon,4.144
2022-04-18,GASREGRMW,PADD 4,gasoline,all formulations,weekly-mon,4.148
2022-04-25,GASREGRMW,PADD 4,gasoline,all formulations,weekly-mon,4.188
2022-05-02,GASREGRMW,PADD 4,gasoline,all formulations,weekly-mon,4.188
2022-05-09,GASREGRMW,PADD 4,gasoline,all formulations,weekly-mon,4.231
2022-05-16,GASREGRMW,PADD 4,gasoline,all formulations,weekly-mon,4.283
2022-05-23,GASREGRMW,PADD 4,gasoline,all formulations,weekly-mon,4.33
2022-05-30,GASREGRMW,PADD 4,gasoline,all formulations,weekly-mon,4.448
2022-06-06,GASREGRMW,PADD 4,gasoline,all formulations,weekly-mon,4.711
2022-06-13,GASREGRMW,PADD 4,gasoline,all formulations,weekly-mon,4.921
2022-06-20,GASREGRMW,PADD 4,gasoline,all formulations,weekly-mon,4.991
2022-06-27,GASREGRMW,PADD 4,gasoline,all formulations,weekly-mon,4.984
2022-07-04,GASREGRMW,PADD 4,gasoline,all formulations,weekly-mon,5.001
2022-07-11,GASREGRMW,PADD 4,gasoline,all formulations,weekly-mon,4.947
2022-07-18,GASREGRMW,PADD 4,gasoline,all formulations,weekly-mon,4.85
2022-07-25,GASREGRMW,PADD 4,gasoline,all formulations,weekly-mon,4.656
2022-08-01,GASREGRMW,PADD 4,gasoline,all formulations,weekly-mon,4.511
2022-08-08,GASREGRMW,PADD 4,gasoline,all formulations,weekly-mon,4.353
2022-08-15,GASREGRMW,PADD 4,gasoline,all formulations,weekly-mon,4.213
2022-08-22,GASREGRMW,PADD 4,gasoline,all formulations,weekly-mon,4.152
2022-08-29,GASREGRMW,PADD 4,gasoline,all formulations,weekly-mon,4.02
2022-09-05,GASREGRMW,PADD 4,gasoline,all formulations,weekly-mon,3.94
2022-09-12,GASREGRMW,PADD 4,gasoline,all formulations,weekly-mon,3.889
2022-09-19,GASREGRMW,PADD 4,gasoline,all formulations,weekly-mon,3.877
2022-09-26,GASREGRMW,PADD 4,gasoline,all formulations,weekly-mon,3.919
2022-10-03,GASREGRMW,PADD 4,gasoline,all formulations,weekly-mon,3.874
2022-10-10,GASREGRMW,PADD 4,gasoline,all formulations,weekly-mon,3.947
2022-10-17,GASREGRMW,PADD 4,gasoline,all formulations,weekly-mon,3.917
2022-10-24,GASREGRMW,PADD 4,gasoline,all formulations,weekly-mon,3.845
2022-10-31,GASREGRMW,PADD 4,gasoline,all formulations,weekly-mon,3.789
2022-11-07,GASREGRMW,PADD 4,gasoline,all formulations,weekly-mon,3.76
2022-11-14,GASREGRMW,PADD 4,gasoline,all formulations,weekly-mon,3.713
2022-11-21,GASREGRMW,PADD 4,gasoline,all formulations,weekly-mon,3.636
2022-11-28,GASREGRMW,PADD 4,gasoline,all formulations,weekly-mon,3.539
2022-12-05,GASREGRMW,PADD 4,gasoline,all formulations,weekly-mon,3.404
2022-12-12,GASREGRMW,PADD 4,gasoline,all formulations,weekly-mon,3.227
2022-12-19,GASREGRMW,PADD 4,gasoline,all formulations,weekly-mon,3.086
2022-12-26,GASREGRMW,PADD 4,gasoline,all formulations,weekly-mon,3.002
2023-01-02,GASREGRMW,PADD 4,gasoline,all formulations,weekly-mon,3.043
2023-01-09,GASREGRMW,PADD 4,gasoline,all formulations,weekly-mon,3.122
2023-01-16,GASREGRMW,PADD 4,gasoline,all formulations,weekly-mon,3.292
2023-01-23,GASREGRMW,PADD 4,gasoline,all formulations,weekly-mon,3.434
2023-01-30,GASREGRMW,PADD 4,gasoline,all formulations,weekly-mon,3.544
2023-02-06,GASREGRMW,PADD 4,gasoline,all formulations,weekly-mon,3.694
2023-02-13,GASREGRMW,PADD 4,gasoline,all formulations,weekly-mon,3.765
2023-02-20,GASREGRMW,PADD 4,gasoline,all formulations,weekly-mon,3.826
2023-02-27,GASREGRMW,PADD 4,gasoline,all formulations,weekly-mon,3.782
2023-03-06,GASREGRMW,PADD 4,gasoline,all formulations,weekly-mon,3.742
2023-03-13,GASREGRMW,PADD 4,gasoline,all formulations,weekly-mon,3.73
2023-03-20,GASREGRMW,PADD 4,gasoline,all formulations,weekly-mon,3.631
2023-03-27,GASREGRMW,PADD 4,gasoline,all formulations,weekly-mon,3.537
2023-04-03,GASREGRMW,PADD 4,gasoline,all formulations,weekly-mon,3.465
2023-04-10,GASREGRMW,PADD 4,gasoline,all formulations,weekly-mon,3.438
2023-04-17,GASREGRMW,PADD 4,gasoline,all formulations,weekly-mon,3.524
2023-04-24,GASREGRMW,PADD 4,gasoline,all formulations,weekly-mon,3.547
2023-05-01,GASREGRMW,PADD 4,gasoline,all formulations,weekly-mon,3.534
2023-05-08,GASREGRMW,PADD 4,gasoline,all formulations,weekly-mon,3.538
2023-05-15,GASREGRMW,PADD 4,gasoline,all formulations,weekly-mon,3.518
2023-05-22,GASREGRMW,PADD 4,gasoline,all formulations,weekly-mon,3.579
2023-05-29,GASREGRMW,PADD 4,gasoline,all formulations,weekly-mon,3.622
2023-06-05,GASREGRMW,PADD 4,gasoline,all formulations,weekly-mon,3.654
2023-06-12,GASREGRMW,PADD 4,gasoline,all formulations,weekly-mon,3.707
2023-06-19,GASREGRMW,PADD 4,gasoline,all formulations,weekly-mon,3.721
2023-06-26,GASREGRMW,PADD 4,gasoline,all formulations,weekly-mon,3.734
2023-07-03,GASREGRMW,PADD 4,gasoline,all formulations,weekly-mon,3.79
2023-07-10,GASREGRMW,PADD 4,gasoline,all formulations,weekly-mon,3.748
2023-07-17,GASREGRMW,PADD 4,gasoline,all formulations,weekly-mon,3.765
2023-07-24,GASREGRMW,PADD 4,gasoline,all formulations,weekly-mon,3.755
2023-07-31,GASREGRMW,PADD 4,gasoline,all formulations,weekly-mon,3.873
2023-08-07,GASREGRMW,PADD 4,gasoline,all formulations,weekly-mon,3.944
2023-08-14,GASREGRMW,PADD 4,gasoline,all formulations,weekly-mon,3.954
2023-08-21,GASREGRMW,PADD 4,gasoline,all formulations,weekly-mon,4.039
2023-08-28,GASREGRMW,PADD 4,gasoline,all formulations,weekly-mon,3.975
2023-09-04,GASREGRMW,PADD 4,gasoline,all formulations,weekly-mon,3.999
2023-09-11,GASREGRMW,PADD 4,gasoline,all formulations,weekly-mon,4.013
2023-09-18,GASREGRMW,PADD 4,gasoline,all formulations,weekly-mon,4.071
2023-09-25,GASREGRMW,PADD 4,gasoline,all formulations,weekly-mon,3.996
2023-10-02,GASREGRMW,PADD 4,gasoline,all formulations,weekly-mon,3.92
2023-10-09,GASREGRMW,PADD 4,gasoline,all formulations,weekly-mon,3.82
2023-10-16,GASREGRMW,PADD 4,gasoline,all formulations,weekly-mon,3.705
2023-10-23,GASREGRMW,PADD 4,gasoline,all formulations,weekly-mon,3.691
2023-10-30,GASREGRMW,PADD 4,gasoline,all formulations,weekly-mon,3.579
2023-11-06,GASREGRMW,PADD 4,gasoline,all formulations,weekly-mon,3.456
2023-11-13,GASREGRMW,PADD 4,gasoline,all formulations,weekly-mon,3.338
2023-11-20,GASREGRMW,PADD 4,gasoline,all formulations,weekly-mon,3.197
2023-11-27,GASREGRMW,PADD 4,gasoline,all formulations,weekly-mon,3.106
2023-12-04,GASREGRMW,PADD 4,gasoline,all formulations,weekly-mon,3.015
2023-12-11,GASREGRMW,PADD 4,gasoline,all formulations,weekly-mon,2.899
2023-12-18,GASREGRMW,PADD 4,gasoline,all formulations,weekly-mon,2.808
2023-12-25,GASREGRMW,PADD 4,gasoline,all formulations,weekly-mon,2.861
2024-01-01,GASREGRMW,PADD 4,gasoline,all formulations,weekly-mon,2.786
2024-01-08,GASREGRMW,PADD 4,gasoline,all formulations,weekly-mon,2.765
2024-01-15,GASREGRMW,PADD 4,gasoline,all formulations,weekly-mon,2.733
2024-01-22,GASREGRMW,PADD 4,gasoline,all formulations,weekly-mon,2.671
2024-01-29,GASREGRMW,PADD 4,gasoline,all formulations,weekly-mon,2.732
2024-02-05,GASREGRMW,PADD 4,gasoline,all formulations,weekly-mon,2.746
2024-02-12,GASREGRMW,PADD 4,gasoline,all formulations,weekly-mon,2.791
2024-02-19,GASREGRMW,PADD 4,gasoline,all formulations,weekly-mon,2.922
2024-02-26,GASREGRMW,PADD 4,gasoline,all formulations,weekly-mon,2.982
2024-03-04,GASREGRMW,PADD 4,gasoline,all formulations,weekly-mon,3.014
2024-03-11,GASREGRMW,PADD 4,gasoline,all formulations,weekly-mon,3.077
2024-03-18,GASREGRMW,PADD 4,gasoline,all formulations,weekly-mon,3.166
2024-03-25,GASREGRMW,PADD 4,gasoline,all formulations,weekly-mon,3.292
2024-04-01,GASREGRMW,PADD 4,gasoline,all formulations,weekly-mon,3.351
2024-04-08,GASREGRMW,PADD 4,gasoline,all formulations,weekly-mon,3.38
2024-04-15,GASREGRMW,PADD 4,gasoline,all formulations,weekly-mon,3.428
2024-04-22,GASREGRMW,PADD 4,gasoline,all formulations,weekly-mon,3.456
2024-04-29,GASREGRMW,PADD 4,gasoline,all formulations,weekly-mon,3.426
2024-05-06,GASREGRMW,PADD 4,gasoline,all formulations,weekly-mon,3.463
2024-05-13,GASREGRMW,PADD 4,gasoline,all formulations,weekly-mon,3.401
2024-05-20,GASREGRMW,PADD 4,gasoline,all formulations,weekly-mon,3.43
2024-05-27,GASREGRMW,PADD 4,gasoline,all formulations,weekly-mon,3.354
2024-06-03,GASREGRMW,PADD 4,gasoline,all formulations,weekly-mon,3.36
2024-06-10,GASREGRMW,PADD 4,gasoline,all formulations,weekly-mon,3.263
2024-06-17,GASREGRMW,PADD 4,gasoline,all formulations,weekly-mon,3.33
2024-06-24,GASREGRMW,PADD 4,gasoline,all formulations,weekly-mon,3.296
2024-07-01,GASREGRMW,PADD 4,gasoline,all formulations,weekly-mon,3.351
2024-07-08,GASREGRMW,PADD 4,gasoline,all formulations,weekly-mon,3.431
2024-07-15,GASREGRMW,PADD 4,gasoline,all formulations,weekly-mon,3.386
2024-07-22,GASREGRMW,PADD 4,gasoline,all formulations,weekly-mon,3.323
2024-07-29,GASREGRMW,PADD 4,gasoline,all formulations,weekly-mon,3.395
2024-08-05,GASREGRMW,PADD 4,gasoline,all formulations,weekly-mon,3.435
2024-08-12,GASREGRMW,PADD 4,gasoline,all formulations,weekly-mon,3.414
2024-08-19,GASREGRMW,PADD 4,gasoline,all formulations,weekly-mon,3.471
2024-08-26,GASREGRMW,PADD 4,gasoline,all formulations,weekly-mon,3.357
2024-09-02,GASREGRMW,PADD 4,gasoline,all formulations,weekly-mon,3.401
2024-09-09,GASREGRMW,PADD 4,gasoline,all formulations,weekly-mon,3.357
2024-09-16,GASREGRMW,PADD 4,gasoline,all formulations,weekly-mon,3.4
2024-09-23,GASREGRMW,PADD 4,gasoline,all formulations,weekly-mon,3.434
2024-09-30,GASREGRMW,PADD 4,gasoline,all formulations,weekly-mon,3.415
2024-10-07,GASREGRMW,PADD 4,gasoline,all formulations,weekly-mon,3.271
2024-10-14,GASREGRMW,PADD 4,gasoline,all formulations,weekly-mon,3.258
2024-10-21,GASREGRMW,PADD 4,gasoline,all formulations,weekly-mon,3.221
2024-10-28,GASREGRMW,PADD 4,gasoline,all formulations,weekly-mon,3.198
2024-11-04,GASREGRMW,PADD 4,gasoline,all formulations,weekly-mon,3.103
2024-11-11,GASREGRMW,PADD 4,gasoline,all formulations,weekly-mon,3.075
2024-11-18,GASREGRMW,PADD 4,gasoline,all formulations,weekly-mon,2.917
2024-11-25,GASREGRMW,PADD 4,gasoline,all formulations,weekly-mon,2.828
2024-12-02,GASREGRMW,PADD 4,gasoline,all formulations,weekly-mon,2.787
2024-12-09,GASREGRMW,PADD 4,gasoline,all formulations,weekly-mon,2.786
2024-12-16,GASREGRMW,PADD 4,gasoline,all formulations,weekly-mon,2.839
2024-12-23,GASREGRMW,PADD 4,gasoline,all formulations,weekly-mon,2.887
2024-12-30,GASREGRMW,PADD 4,gasoline,all formulations,weekly-mon,2.881
2025-01-06,GASREGRMW,PADD 4,gasoline,all formulations,weekly-mon,2.899
2025-01-13,GASREGRMW,PADD 4,gasoline,all formulations,weekly-mon,2.879
2025-01-20,GASREGRMW,PADD 4,gasoline,all formulations,weekly-mon,2.911
2025-01-27,GASREGRMW,PADD 4,gasoline,all formulations,weekly-mon,2.92
2025-02-03,GASREGRMW,PADD 4,gasoline,all formulations,weekly-mon,2.967
2025-02-10,GASREGRMW,PADD 4,gasoline,all formulations,weekly-mon,3.02
2025-02-17,GASREGRMW,PADD 4,gasoline,all formulations,weekly-mon,3.046
2025-02-24,GASREGRMW,PADD 4,gasoline,all formulations,weekly-mon,3.019
2025-03-03,GASREGRMW,PADD 4,gasoline,all formulations,weekly-mon,2.964
2025-03-10,GASREGRMW,PADD 4,gasoline,all formulations,weekly-mon,2.96
2025-03-17,GASREGRMW,PADD 4,gasoline,all formulations,weekly-mon,2.998
2025-03-24,GASREGRMW,PADD 4,gasoline,all formulations,weekly-mon,3.043
2025-03-31,GASREGRMW,PADD 4,gasoline,all formulations,weekly-mon,3.111
2025-04-07,GASREGRMW,PADD 4,gasoline,all formulations,weekly-mon,3.165
2025-04-14,GASREGRMW,PADD 4,gasoline,all formulations,weekly-mon,3.098
2025-04-21,GASREGRMW,PADD 4,gasoline,all formulations,weekly-mon,3.13
2025-04-28,GASREGRMW,PADD 4,gasoline,all formulations,weekly-mon,3.134
2025-05-05,GASREGRMW,PADD 4,gasoline,all formulations,weekly-mon,3.118
2025-05-12,GASREGRMW,PADD 4,gasoline,all formulations,weekly-mon,3.137
2025-05-19,GASREGRMW,PADD 4,gasoline,all formulations,weekly-mon,3.131
2025-05-26,GASREGRMW,PADD 4,gasoline,all formulations,weekly-mon,3.118
2025-06-02,GASREGRMW,PADD 4,gasoline,all formulations,weekly-mon,3.14
2025-06-09,GASREGRMW,PADD 4,gasoline,all formulations,weekly-mon,3.085
2025-06-16,GASREGRMW,PADD 4,gasoline,all formulations,weekly-mon,3.114
2025-06-23,GASREGRMW,PADD 4,gasoline,all formulations,weekly-mon,3.177
2025-06-30,GASREGRMW,PADD 4,gasoline,all formulations,weekly-mon,3.175
2025-07-07,GASREGRMW,PADD 4,gasoline,all formulations,weekly-mon,3.133
2025-07-14,GASREGRMW,PADD 4,gasoline,all formulations,weekly-mon,3.128
2025-07-21,GASREGRMW,PADD 4,gasoline,all formulations,weekly-mon,3.137
2025-07-28,GASREGRMW,PADD 4,gasoline,all formulations,weekly-mon,3.121
2025-08-04,GASREGRMW,PADD 4,gasoline,all formulations,weekly-mon,3.127
2025-08-11,GASREGRMW,PADD 4,gasoline,all formulations,weekly-mon,3.159
2025-08-18,GASREGRMW,PADD 4,gasoline,all formulations,weekly-mon,3.164
2025-08-25,GASREGRMW,PADD 4,gasoline,all formulations,weekly-mon,3.158
2025-09-01,GASREGRMW,PADD 4,gasoline,all formulations,weekly-mon,3.183
2025-09-08,GASREGRMW,PADD 4,gasoline,all formulations,weekly-mon,3.24
2025-09-15,GASREGRMW,PADD 4,gasoline,all formulations,weekly-mon,3.18
2025-09-22,GASREGRMW,PADD 4,gasoline,all formulations,weekly-mon,3.184
2025-09-29,GASREGRMW,PADD 4,gasoline,all formulations,weekly-mon,3.11
2025-10-06,GASREGRMW,PADD 4,gasoline,all formulations,weekly-mon,3.066
2025-10-13,GASREGRMW,PADD 4,gasoline,all formulations,weekly-mon,3.049
2025-10-20,GASREGRMW,PADD 4,gasoline,all formulations,weekly-mon,2.997
2025-10-27,GASREGRMW,PADD 4,gasoline,all formulations,weekly-mon,2.972
2025-11-03,GASREGRMW,PADD 4,gasoline,all formulations,weekly-mon,2.938
2025-11-10,GASREGRMW,PADD 4,gasoline,all formulations,weekly-mon,2.909
2025-11-17,GASREGRMW,PADD 4,gasoline,all formulations,weekly-mon,2.949
2025-11-24,GASREGRMW,PADD 4,gasoline,all formulations,weekly-mon,2.872
2025-12-01,GASREGRMW,PADD 4,gasoline,all formulations,weekly-mon,2.783
2025-12-08,GASREGRMW,PADD 4,gasoline,all formulations,weekly-mon,2.644
2025-12-15,GASREGRMW,PADD 4,gasoline,all formulations,weekly-mon,2.547
2025-12-22,GASREGRMW,PADD 4,gasoline,all formulations,weekly-mon,2.492
2025-12-29,GASREGRMW,PADD 4,gasoline,all formulations,weekly-mon,2.434
2026-01-05,GASREGRMW,PADD 4,gasoline,all formulations,weekly-mon,2.403
2026-01-12,GASREGRMW,PADD 4,gasoline,all formulations,weekly-mon,2.422
2026-01-19,GASREGRMW,PADD 4,gasoline,all formulations,weekly-mon,2.494
2026-01-26,GASREGRMW,PADD 4,gasoline,all formulations,weekly-mon,2.536
2026-02-02,GASREGRMW,PADD 4,gasoline,all formulations,weekly-mon,2.569
2026-02-09,GASREGRMW,PADD 4,gasoline,all formulations,weekly-mon,2.669
2026-02-16,GASREGRMW,PADD 4,gasoline,all formulations,weekly-mon,2.737
2026-02-23,GASREGRMW,PADD 4,gasoline,all formulations,weekly-mon,2.662
2026-03-02,GASREGRMW,PADD 4,gasoline,all formulations,weekly-mon,2.758
2026-03-09,GASREGRMW,PADD 4,gasoline,all formulations,weekly-mon,3.258
2026-03-16,GASREGRMW,PADD 4,gasoline,all formulations,weekly-mon,3.637
2026-03-23,GASREGRMW,PADD 4,gasoline,all formulations,weekly-mon,3.85
2026-03-30,GASREGRMW,PADD 4,gasoline,all formulations,weekly-mon,3.917
2026-04-06,GASREGRMW,PADD 4,gasoline,all formulations,weekly-mon,3.893
2026-04-13,GASREGRMW,PADD 4,gasoline,all formulations,weekly-mon,3.895
2026-04-20,GASREGRMW,PADD 4,gasoline,all formulations,weekly-mon,3.936
2026-04-27,GASREGRMW,PADD 4,gasoline,all formulations,weekly-mon,4.016
2026-05-04,GASREGRMW,PADD 4,gasoline,all formulations,weekly-mon,4.359
2026-05-11,GASREGRMW,PADD 4,gasoline,all formulations,weekly-mon,4.372
2026-05-18,GASREGRMW,PADD 4,gasoline,all formulations,weekly-mon,4.587
2026-05-25,GASREGRMW,PADD 4,gasoline,all formulations,weekly-mon,4.557
2026-06-01,GASREGRMW,PADD 4,gasoline,all formulations,weekly-mon,4.329
2026-06-08,GASREGRMW,PADD 4,gasoline,all formulations,weekly-mon,4.194
2026-06-15,GASREGRMW,PADD 4,gasoline,all formulations,weekly-mon,4.104
2026-06-22,GASREGRMW,PADD 4,gasoline,all formulations,weekly-mon,3.845
2026-06-29,GASREGRMW,PADD 4,gasoline,all formulations,weekly-mon,3.715
2026-07-06,GASREGRMW,PADD 4,gasoline,all formulations,weekly-mon,3.661
2026-07-13,GASREGRMW,PADD 4,gasoline,all formulations,weekly-mon,3.823
2026-07-20,GASREGRMW,PADD 4,gasoline,all formulations,weekly-mon,3.956
2026-07-27,GASREGRMW,PADD 4,gasoline,all formulations,weekly-mon,4.083
2026-08-03,GASREGRMW,PADD 4,gasoline,all formulations,weekly-mon,4.139
2010-01-04,GASREGW,US,gasoline,all formulations,weekly-mon,2.665
2010-01-11,GASREGW,US,gasoline,all formulations,weekly-mon,2.751
2010-01-18,GASREGW,US,gasoline,all formulations,weekly-mon,2.739
2010-01-25,GASREGW,US,gasoline,all formulations,weekly-mon,2.705
2010-02-01,GASREGW,US,gasoline,all formulations,weekly-mon,2.661
2010-02-08,GASREGW,US,gasoline,all formulations,weekly-mon,2.652
2010-02-15,GASREGW,US,gasoline,all formulations,weekly-mon,2.608
2010-02-22,GASREGW,US,gasoline,all formulations,weekly-mon,2.655
2010-03-01,GASREGW,US,gasoline,all formulations,weekly-mon,2.702
2010-03-08,GASREGW,US,gasoline,all formulations,weekly-mon,2.751
2010-03-15,GASREGW,US,gasoline,all formulations,weekly-mon,2.788
2010-03-22,GASREGW,US,gasoline,all formulations,weekly-mon,2.819
2010-03-29,GASREGW,US,gasoline,all formulations,weekly-mon,2.798
2010-04-05,GASREGW,US,gasoline,all formulations,weekly-mon,2.826
2010-04-12,GASREGW,US,gasoline,all formulations,weekly-mon,2.858
2010-04-19,GASREGW,US,gasoline,all formulations,weekly-mon,2.86
2010-04-26,GASREGW,US,gasoline,all formulations,weekly-mon,2.849
2010-05-03,GASREGW,US,gasoline,all formulations,weekly-mon,2.898
2010-05-10,GASREGW,US,gasoline,all formulations,weekly-mon,2.905
2010-05-17,GASREGW,US,gasoline,all formulations,weekly-mon,2.864
2010-05-24,GASREGW,US,gasoline,all formulations,weekly-mon,2.786
2010-05-31,GASREGW,US,gasoline,all formulations,weekly-mon,2.728
2010-06-07,GASREGW,US,gasoline,all formulations,weekly-mon,2.725
2010-06-14,GASREGW,US,gasoline,all formulations,weekly-mon,2.701
2010-06-21,GASREGW,US,gasoline,all formulations,weekly-mon,2.743
2010-06-28,GASREGW,US,gasoline,all formulations,weekly-mon,2.757
2010-07-05,GASREGW,US,gasoline,all formulations,weekly-mon,2.726
2010-07-12,GASREGW,US,gasoline,all formulations,weekly-mon,2.718
2010-07-19,GASREGW,US,gasoline,all formulations,weekly-mon,2.722
2010-07-26,GASREGW,US,gasoline,all formulations,weekly-mon,2.749
2010-08-02,GASREGW,US,gasoline,all formulations,weekly-mon,2.735
2010-08-09,GASREGW,US,gasoline,all formulations,weekly-mon,2.783
2010-08-16,GASREGW,US,gasoline,all formulations,weekly-mon,2.745
2010-08-23,GASREGW,US,gasoline,all formulations,weekly-mon,2.704
2010-08-30,GASREGW,US,gasoline,all formulations,weekly-mon,2.682
2010-09-06,GASREGW,US,gasoline,all formulations,weekly-mon,2.682
2010-09-13,GASREGW,US,gasoline,all formulations,weekly-mon,2.721
2010-09-20,GASREGW,US,gasoline,all formulations,weekly-mon,2.723
2010-09-27,GASREGW,US,gasoline,all formulations,weekly-mon,2.694
2010-10-04,GASREGW,US,gasoline,all formulations,weekly-mon,2.732
2010-10-11,GASREGW,US,gasoline,all formulations,weekly-mon,2.819
2010-10-18,GASREGW,US,gasoline,all formulations,weekly-mon,2.834
2010-10-25,GASREGW,US,gasoline,all formulations,weekly-mon,2.817
2010-11-01,GASREGW,US,gasoline,all formulations,weekly-mon,2.806
2010-11-08,GASREGW,US,gasoline,all formulations,weekly-mon,2.865
2010-11-15,GASREGW,US,gasoline,all formulations,weekly-mon,2.892
2010-11-22,GASREGW,US,gasoline,all formulations,weekly-mon,2.876
2010-11-29,GASREGW,US,gasoline,all formulations,weekly-mon,2.856
2010-12-06,GASREGW,US,gasoline,all formulations,weekly-mon,2.958
2010-12-13,GASREGW,US,gasoline,all formulations,weekly-mon,2.98
2010-12-20,GASREGW,US,gasoline,all formulations,weekly-mon,2.982
2010-12-27,GASREGW,US,gasoline,all formulations,weekly-mon,3.052
2011-01-03,GASREGW,US,gasoline,all formulations,weekly-mon,3.07
2011-01-10,GASREGW,US,gasoline,all formulations,weekly-mon,3.089
2011-01-17,GASREGW,US,gasoline,all formulations,weekly-mon,3.104
2011-01-24,GASREGW,US,gasoline,all formulations,weekly-mon,3.11
2011-01-31,GASREGW,US,gasoline,all formulations,weekly-mon,3.101
2011-02-07,GASREGW,US,gasoline,all formulations,weekly-mon,3.132
2011-02-14,GASREGW,US,gasoline,all formulations,weekly-mon,3.14
2011-02-21,GASREGW,US,gasoline,all formulations,weekly-mon,3.189
2011-02-28,GASREGW,US,gasoline,all formulations,weekly-mon,3.383
2011-03-07,GASREGW,US,gasoline,all formulations,weekly-mon,3.52
2011-03-14,GASREGW,US,gasoline,all formulations,weekly-mon,3.567
2011-03-21,GASREGW,US,gasoline,all formulations,weekly-mon,3.562
2011-03-28,GASREGW,US,gasoline,all formulations,weekly-mon,3.596
2011-04-04,GASREGW,US,gasoline,all formulations,weekly-mon,3.684
2011-04-11,GASREGW,US,gasoline,all formulations,weekly-mon,3.791
2011-04-18,GASREGW,US,gasoline,all formulations,weekly-mon,3.844
2011-04-25,GASREGW,US,gasoline,all formulations,weekly-mon,3.879
2011-05-02,GASREGW,US,gasoline,all formulations,weekly-mon,3.963
2011-05-09,GASREGW,US,gasoline,all formulations,weekly-mon,3.965
2011-05-16,GASREGW,US,gasoline,all formulations,weekly-mon,3.96
2011-05-23,GASREGW,US,gasoline,all formulations,weekly-mon,3.849
2011-05-30,GASREGW,US,gasoline,all formulations,weekly-mon,3.794
2011-06-06,GASREGW,US,gasoline,all formulations,weekly-mon,3.781
2011-06-13,GASREGW,US,gasoline,all formulations,weekly-mon,3.713
2011-06-20,GASREGW,US,gasoline,all formulations,weekly-mon,3.652
2011-06-27,GASREGW,US,gasoline,all formulations,weekly-mon,3.574
2011-07-04,GASREGW,US,gasoline,all formulations,weekly-mon,3.579
2011-07-11,GASREGW,US,gasoline,all formulations,weekly-mon,3.641
2011-07-18,GASREGW,US,gasoline,all formulations,weekly-mon,3.682
2011-07-25,GASREGW,US,gasoline,all formulations,weekly-mon,3.699
2011-08-01,GASREGW,US,gasoline,all formulations,weekly-mon,3.711
2011-08-08,GASREGW,US,gasoline,all formulations,weekly-mon,3.674
2011-08-15,GASREGW,US,gasoline,all formulations,weekly-mon,3.604
2011-08-22,GASREGW,US,gasoline,all formulations,weekly-mon,3.581
2011-08-29,GASREGW,US,gasoline,all formulations,weekly-mon,3.627
2011-09-05,GASREGW,US,gasoline,all formulations,weekly-mon,3.674
2011-09-12,GASREGW,US,gasoline,all formulations,weekly-mon,3.661
2011-09-19,GASREGW,US,gasoline,all formulations,weekly-mon,3.601
2011-09-26,GASREGW,US,gasoline,all formulations,weekly-mon,3.509
2011-10-03,GASREGW,US,gasoline,all formulations,weekly-mon,3.433
2011-10-10,GASREGW,US,gasoline,all formulations,weekly-mon,3.417
2011-10-17,GASREGW,US,gasoline,all formulations,weekly-mon,3.476
2011-10-24,GASREGW,US,gasoline,all formulations,weekly-mon,3.462
2011-10-31,GASREGW,US,gasoline,all formulations,weekly-mon,3.452
2011-11-07,GASREGW,US,gasoline,all formulations,weekly-mon,3.424
2011-11-14,GASREGW,US,gasoline,all formulations,weekly-mon,3.436
2011-11-21,GASREGW,US,gasoline,all formulations,weekly-mon,3.368
2011-11-28,GASREGW,US,gasoline,all formulations,weekly-mon,3.307
2011-12-05,GASREGW,US,gasoline,all formulations,weekly-mon,3.29
2011-12-12,GASREGW,US,gasoline,all formulations,weekly-mon,3.286
2011-12-19,GASREGW,US,gasoline,all formulations,weekly-mon,3.229
2011-12-26,GASREGW,US,gasoline,all formulations,weekly-mon,3.258
2012-01-02,GASREGW,US,gasoline,all formulations,weekly-mon,3.299
2012-01-09,GASREGW,US,gasoline,all formulations,weekly-mon,3.382
2012-01-16,GASREGW,US,gasoline,all formulations,weekly-mon,3.391
2012-01-23,GASREGW,US,gasoline,all formulations,weekly-mon,3.389
2012-01-30,GASREGW,US,gasoline,all formulations,weekly-mon,3.439
2012-02-06,GASREGW,US,gasoline,all formulations,weekly-mon,3.482
2012-02-13,GASREGW,US,gasoline,all formulations,weekly-mon,3.523
2012-02-20,GASREGW,US,gasoline,all formulations,weekly-mon,3.591
2012-02-27,GASREGW,US,gasoline,all formulations,weekly-mon,3.721
2012-03-05,GASREGW,US,gasoline,all formulations,weekly-mon,3.793
2012-03-12,GASREGW,US,gasoline,all formulations,weekly-mon,3.829
2012-03-19,GASREGW,US,gasoline,all formulations,weekly-mon,3.867
2012-03-26,GASREGW,US,gasoline,all formulations,weekly-mon,3.918
2012-04-02,GASREGW,US,gasoline,all formulations,weekly-mon,3.941
2012-04-09,GASREGW,US,gasoline,all formulations,weekly-mon,3.939
2012-04-16,GASREGW,US,gasoline,all formulations,weekly-mon,3.922
2012-04-23,GASREGW,US,gasoline,all formulations,weekly-mon,3.87
2012-04-30,GASREGW,US,gasoline,all formulations,weekly-mon,3.83
2012-05-07,GASREGW,US,gasoline,all formulations,weekly-mon,3.79
2012-05-14,GASREGW,US,gasoline,all formulations,weekly-mon,3.754
2012-05-21,GASREGW,US,gasoline,all formulations,weekly-mon,3.715
2012-05-28,GASREGW,US,gasoline,all formulations,weekly-mon,3.67
2012-06-04,GASREGW,US,gasoline,all formulations,weekly-mon,3.613
2012-06-11,GASREGW,US,gasoline,all formulations,weekly-mon,3.572
2012-06-18,GASREGW,US,gasoline,all formulations,weekly-mon,3.533
2012-06-25,GASREGW,US,gasoline,all formulations,weekly-mon,3.437
2012-07-02,GASREGW,US,gasoline,all formulations,weekly-mon,3.356
2012-07-09,GASREGW,US,gasoline,all formulations,weekly-mon,3.411
2012-07-16,GASREGW,US,gasoline,all formulations,weekly-mon,3.427
2012-07-23,GASREGW,US,gasoline,all formulations,weekly-mon,3.494
2012-07-30,GASREGW,US,gasoline,all formulations,weekly-mon,3.508
2012-08-06,GASREGW,US,gasoline,all formulations,weekly-mon,3.645
2012-08-13,GASREGW,US,gasoline,all formulations,weekly-mon,3.721
2012-08-20,GASREGW,US,gasoline,all formulations,weekly-mon,3.744
2012-08-27,GASREGW,US,gasoline,all formulations,weekly-mon,3.776
2012-09-03,GASREGW,US,gasoline,all formulations,weekly-mon,3.843
2012-09-10,GASREGW,US,gasoline,all formulations,weekly-mon,3.847
2012-09-17,GASREGW,US,gasoline,all formulations,weekly-mon,3.878
2012-09-24,GASREGW,US,gasoline,all formulations,weekly-mon,3.826
2012-10-01,GASREGW,US,gasoline,all formulations,weekly-mon,3.804
2012-10-08,GASREGW,US,gasoline,all formulations,weekly-mon,3.85
2012-10-15,GASREGW,US,gasoline,all formulations,weekly-mon,3.819
2012-10-22,GASREGW,US,gasoline,all formulations,weekly-mon,3.687
2012-10-29,GASREGW,US,gasoline,all formulations,weekly-mon,3.568
2012-11-05,GASREGW,US,gasoline,all formulations,weekly-mon,3.492
2012-11-12,GASREGW,US,gasoline,all formulations,weekly-mon,3.449
2012-11-19,GASREGW,US,gasoline,all formulations,weekly-mon,3.429
2012-11-26,GASREGW,US,gasoline,all formulations,weekly-mon,3.437
2012-12-03,GASREGW,US,gasoline,all formulations,weekly-mon,3.394
2012-12-10,GASREGW,US,gasoline,all formulations,weekly-mon,3.349
2012-12-17,GASREGW,US,gasoline,all formulations,weekly-mon,3.254
2012-12-24,GASREGW,US,gasoline,all formulations,weekly-mon,3.257
2012-12-31,GASREGW,US,gasoline,all formulations,weekly-mon,3.298
2013-01-07,GASREGW,US,gasoline,all formulations,weekly-mon,3.299
2013-01-14,GASREGW,US,gasoline,all formulations,weekly-mon,3.303
2013-01-21,GASREGW,US,gasoline,all formulations,weekly-mon,3.315
2013-01-28,GASREGW,US,gasoline,all formulations,weekly-mon,3.357
2013-02-04,GASREGW,US,gasoline,all formulations,weekly-mon,3.538
2013-02-11,GASREGW,US,gasoline,all formulations,weekly-mon,3.611
2013-02-18,GASREGW,US,gasoline,all formulations,weekly-mon,3.747
2013-02-25,GASREGW,US,gasoline,all formulations,weekly-mon,3.784
2013-03-04,GASREGW,US,gasoline,all formulations,weekly-mon,3.759
2013-03-11,GASREGW,US,gasoline,all formulations,weekly-mon,3.71
2013-03-18,GASREGW,US,gasoline,all formulations,weekly-mon,3.696
2013-03-25,GASREGW,US,gasoline,all formulations,weekly-mon,3.68
2013-04-01,GASREGW,US,gasoline,all formulations,weekly-mon,3.645
2013-04-08,GASREGW,US,gasoline,all formulations,weekly-mon,3.608
2013-04-15,GASREGW,US,gasoline,all formulations,weekly-mon,3.542
2013-04-22,GASREGW,US,gasoline,all formulations,weekly-mon,3.536
2013-04-29,GASREGW,US,gasoline,all formulations,weekly-mon,3.52
2013-05-06,GASREGW,US,gasoline,all formulations,weekly-mon,3.538
2013-05-13,GASREGW,US,gasoline,all formulations,weekly-mon,3.603
2013-05-20,GASREGW,US,gasoline,all formulations,weekly-mon,3.673
2013-05-27,GASREGW,US,gasoline,all formulations,weekly-mon,3.645
2013-06-03,GASREGW,US,gasoline,all formulations,weekly-mon,3.646
2013-06-10,GASREGW,US,gasoline,all formulations,weekly-mon,3.655
2013-06-17,GASREGW,US,gasoline,all formulations,weekly-mon,3.626
2013-06-24,GASREGW,US,gasoline,all formulations,weekly-mon,3.577
2013-07-01,GASREGW,US,gasoline,all formulations,weekly-mon,3.496
2013-07-08,GASREGW,US,gasoline,all formulations,weekly-mon,3.492
2013-07-15,GASREGW,US,gasoline,all formulations,weekly-mon,3.639
2013-07-22,GASREGW,US,gasoline,all formulations,weekly-mon,3.682
2013-07-29,GASREGW,US,gasoline,all formulations,weekly-mon,3.646
2013-08-05,GASREGW,US,gasoline,all formulations,weekly-mon,3.632
2013-08-12,GASREGW,US,gasoline,all formulations,weekly-mon,3.561
2013-08-19,GASREGW,US,gasoline,all formulations,weekly-mon,3.55
2013-08-26,GASREGW,US,gasoline,all formulations,weekly-mon,3.552
2013-09-02,GASREGW,US,gasoline,all formulations,weekly-mon,3.608
2013-09-09,GASREGW,US,gasoline,all formulations,weekly-mon,3.587
2013-09-16,GASREGW,US,gasoline,all formulations,weekly-mon,3.547
2013-09-23,GASREGW,US,gasoline,all formulations,weekly-mon,3.495
2013-09-30,GASREGW,US,gasoline,all formulations,weekly-mon,3.425
2013-10-07,GASREGW,US,gasoline,all formulations,weekly-mon,3.367
2013-10-14,GASREGW,US,gasoline,all formulations,weekly-mon,3.354
2013-10-21,GASREGW,US,gasoline,all formulations,weekly-mon,3.36
2013-10-28,GASREGW,US,gasoline,all formulations,weekly-mon,3.294
2013-11-04,GASREGW,US,gasoline,all formulations,weekly-mon,3.265
2013-11-11,GASREGW,US,gasoline,all formulations,weekly-mon,3.194
2013-11-18,GASREGW,US,gasoline,all formulations,weekly-mon,3.219
2013-11-25,GASREGW,US,gasoline,all formulations,weekly-mon,3.293
2013-12-02,GASREGW,US,gasoline,all formulations,weekly-mon,3.272
2013-12-09,GASREGW,US,gasoline,all formulations,weekly-mon,3.269
2013-12-16,GASREGW,US,gasoline,all formulations,weekly-mon,3.239
2013-12-23,GASREGW,US,gasoline,all formulations,weekly-mon,3.271
2013-12-30,GASREGW,US,gasoline,all formulations,weekly-mon,3.331
2014-01-06,GASREGW,US,gasoline,all formulations,weekly-mon,3.332
2014-01-13,GASREGW,US,gasoline,all formulations,weekly-mon,3.327
2014-01-20,GASREGW,US,gasoline,all formulations,weekly-mon,3.296
2014-01-27,GASREGW,US,gasoline,all formulations,weekly-mon,3.295
2014-02-03,GASREGW,US,gasoline,all formulations,weekly-mon,3.292
2014-02-10,GASREGW,US,gasoline,all formulations,weekly-mon,3.309
2014-02-17,GASREGW,US,gasoline,all formulations,weekly-mon,3.38
2014-02-24,GASREGW,US,gasoline,all formulations,weekly-mon,3.444
2014-03-03,GASREGW,US,gasoline,all formulations,weekly-mon,3.479
2014-03-10,GASREGW,US,gasoline,all formulations,weekly-mon,3.512
2014-03-17,GASREGW,US,gasoline,all formulations,weekly-mon,3.547
2014-03-24,GASREGW,US,gasoline,all formulations,weekly-mon,3.549
2014-03-31,GASREGW,US,gasoline,all formulations,weekly-mon,3.579
2014-04-07,GASREGW,US,gasoline,all formulations,weekly-mon,3.596
2014-04-14,GASREGW,US,gasoline,all formulations,weekly-mon,3.651
2014-04-21,GASREGW,US,gasoline,all formulations,weekly-mon,3.683
2014-04-28,GASREGW,US,gasoline,all formulations,weekly-mon,3.713
2014-05-05,GASREGW,US,gasoline,all formulations,weekly-mon,3.684
2014-05-12,GASREGW,US,gasoline,all formulations,weekly-mon,3.668
2014-05-19,GASREGW,US,gasoline,all formulations,weekly-mon,3.665
2014-05-26,GASREGW,US,gasoline,all formulations,weekly-mon,3.674
2014-06-02,GASREGW,US,gasoline,all formulations,weekly-mon,3.69
2014-06-09,GASREGW,US,gasoline,all formulations,weekly-mon,3.674
2014-06-16,GASREGW,US,gasoline,all formulations,weekly-mon,3.686
2014-06-23,GASREGW,US,gasoline,all formulations,weekly-mon,3.704
2014-06-30,GASREGW,US,gasoline,all formulations,weekly-mon,3.704
2014-07-07,GASREGW,US,gasoline,all formulations,weekly-mon,3.678
2014-07-14,GASREGW,US,gasoline,all formulations,weekly-mon,3.635
2014-07-21,GASREGW,US,gasoline,all formulations,weekly-mon,3.593
2014-07-28,GASREGW,US,gasoline,all formulations,weekly-mon,3.539
2014-08-04,GASREGW,US,gasoline,all formulations,weekly-mon,3.515
2014-08-11,GASREGW,US,gasoline,all formulations,weekly-mon,3.505
2014-08-18,GASREGW,US,gasoline,all formulations,weekly-mon,3.472
2014-08-25,GASREGW,US,gasoline,all formulations,weekly-mon,3.454
2014-09-01,GASREGW,US,gasoline,all formulations,weekly-mon,3.459
2014-09-08,GASREGW,US,gasoline,all formulations,weekly-mon,3.457
2014-09-15,GASREGW,US,gasoline,all formulations,weekly-mon,3.408
2014-09-22,GASREGW,US,gasoline,all formulations,weekly-mon,3.353
2014-09-29,GASREGW,US,gasoline,all formulations,weekly-mon,3.354
2014-10-06,GASREGW,US,gasoline,all formulations,weekly-mon,3.299
2014-10-13,GASREGW,US,gasoline,all formulations,weekly-mon,3.207
2014-10-20,GASREGW,US,gasoline,all formulations,weekly-mon,3.12
2014-10-27,GASREGW,US,gasoline,all formulations,weekly-mon,3.056
2014-11-03,GASREGW,US,gasoline,all formulations,weekly-mon,2.993
2014-11-10,GASREGW,US,gasoline,all formulations,weekly-mon,2.941
2014-11-17,GASREGW,US,gasoline,all formulations,weekly-mon,2.894
2014-11-24,GASREGW,US,gasoline,all formulations,weekly-mon,2.821
2014-12-01,GASREGW,US,gasoline,all formulations,weekly-mon,2.778
2014-12-08,GASREGW,US,gasoline,all formulations,weekly-mon,2.679
2014-12-15,GASREGW,US,gasoline,all formulations,weekly-mon,2.554
2014-12-22,GASREGW,US,gasoline,all formulations,weekly-mon,2.403
2014-12-29,GASREGW,US,gasoline,all formulations,weekly-mon,2.299
2015-01-05,GASREGW,US,gasoline,all formulations,weekly-mon,2.214
2015-01-12,GASREGW,US,gasoline,all formulations,weekly-mon,2.139
2015-01-19,GASREGW,US,gasoline,all formulations,weekly-mon,2.066
2015-01-26,GASREGW,US,gasoline,all formulations,weekly-mon,2.044
2015-02-02,GASREGW,US,gasoline,all formulations,weekly-mon,2.068
2015-02-09,GASREGW,US,gasoline,all formulations,weekly-mon,2.191
2015-02-16,GASREGW,US,gasoline,all formulations,weekly-mon,2.274
2015-02-23,GASREGW,US,gasoline,all formulations,weekly-mon,2.332
2015-03-02,GASREGW,US,gasoline,all formulations,weekly-mon,2.473
2015-03-09,GASREGW,US,gasoline,all formulations,weekly-mon,2.487
2015-03-16,GASREGW,US,gasoline,all formulations,weekly-mon,2.453
2015-03-23,GASREGW,US,gasoline,all formulations,weekly-mon,2.457
2015-03-30,GASREGW,US,gasoline,all formulations,weekly-mon,2.448
2015-04-06,GASREGW,US,gasoline,all formulations,weekly-mon,2.413
2015-04-13,GASREGW,US,gasoline,all formulations,weekly-mon,2.408
2015-04-20,GASREGW,US,gasoline,all formulations,weekly-mon,2.485
2015-04-27,GASREGW,US,gasoline,all formulations,weekly-mon,2.57
2015-05-04,GASREGW,US,gasoline,all formulations,weekly-mon,2.664
2015-05-11,GASREGW,US,gasoline,all formulations,weekly-mon,2.691
2015-05-18,GASREGW,US,gasoline,all formulations,weekly-mon,2.744
2015-05-25,GASREGW,US,gasoline,all formulations,weekly-mon,2.774
2015-06-01,GASREGW,US,gasoline,all formulations,weekly-mon,2.78
2015-06-08,GASREGW,US,gasoline,all formulations,weekly-mon,2.78
2015-06-15,GASREGW,US,gasoline,all formulations,weekly-mon,2.835
2015-06-22,GASREGW,US,gasoline,all formulations,weekly-mon,2.812
2015-06-29,GASREGW,US,gasoline,all formulations,weekly-mon,2.801
2015-07-06,GASREGW,US,gasoline,all formulations,weekly-mon,2.793
2015-07-13,GASREGW,US,gasoline,all formulations,weekly-mon,2.834
2015-07-20,GASREGW,US,gasoline,all formulations,weekly-mon,2.802
2015-07-27,GASREGW,US,gasoline,all formulations,weekly-mon,2.745
2015-08-03,GASREGW,US,gasoline,all formulations,weekly-mon,2.689
2015-08-10,GASREGW,US,gasoline,all formulations,weekly-mon,2.629
2015-08-17,GASREGW,US,gasoline,all formulations,weekly-mon,2.716
2015-08-24,GASREGW,US,gasoline,all formulations,weekly-mon,2.637
2015-08-31,GASREGW,US,gasoline,all formulations,weekly-mon,2.51
2015-09-07,GASREGW,US,gasoline,all formulations,weekly-mon,2.437
2015-09-14,GASREGW,US,gasoline,all formulations,weekly-mon,2.375
2015-09-21,GASREGW,US,gasoline,all formulations,weekly-mon,2.327
2015-09-28,GASREGW,US,gasoline,all formulations,weekly-mon,2.322
2015-10-05,GASREGW,US,gasoline,all formulations,weekly-mon,2.318
2015-10-12,GASREGW,US,gasoline,all formulations,weekly-mon,2.337
2015-10-19,GASREGW,US,gasoline,all formulations,weekly-mon,2.277
2015-10-26,GASREGW,US,gasoline,all formulations,weekly-mon,2.228
2015-11-02,GASREGW,US,gasoline,all formulations,weekly-mon,2.224
2015-11-09,GASREGW,US,gasoline,all formulations,weekly-mon,2.235
2015-11-16,GASREGW,US,gasoline,all formulations,weekly-mon,2.178
2015-11-23,GASREGW,US,gasoline,all formulations,weekly-mon,2.094
2015-11-30,GASREGW,US,gasoline,all formulations,weekly-mon,2.059
2015-12-07,GASREGW,US,gasoline,all formulations,weekly-mon,2.053
2015-12-14,GASREGW,US,gasoline,all formulations,weekly-mon,2.037
2015-12-21,GASREGW,US,gasoline,all formulations,weekly-mon,2.026
2015-12-28,GASREGW,US,gasoline,all formulations,weekly-mon,2.034
2016-01-04,GASREGW,US,gasoline,all formulations,weekly-mon,2.028
2016-01-11,GASREGW,US,gasoline,all formulations,weekly-mon,1.996
2016-01-18,GASREGW,US,gasoline,all formulations,weekly-mon,1.914
2016-01-25,GASREGW,US,gasoline,all formulations,weekly-mon,1.856
2016-02-01,GASREGW,US,gasoline,all formulations,weekly-mon,1.822
2016-02-08,GASREGW,US,gasoline,all formulations,weekly-mon,1.759
2016-02-15,GASREGW,US,gasoline,all formulations,weekly-mon,1.724
2016-02-22,GASREGW,US,gasoline,all formulations,weekly-mon,1.73
2016-02-29,GASREGW,US,gasoline,all formulations,weekly-mon,1.783
2016-03-07,GASREGW,US,gasoline,all formulations,weekly-mon,1.841
2016-03-14,GASREGW,US,gasoline,all formulations,weekly-mon,1.961
2016-03-21,GASREGW,US,gasoline,all formulations,weekly-mon,2.007
2016-03-28,GASREGW,US,gasoline,all formulations,weekly-mon,2.066
2016-04-04,GASREGW,US,gasoline,all formulations,weekly-mon,2.083
2016-04-11,GASREGW,US,gasoline,all formulations,weekly-mon,2.069
2016-04-18,GASREGW,US,gasoline,all formulations,weekly-mon,2.137
2016-04-25,GASREGW,US,gasoline,all formulations,weekly-mon,2.162
2016-05-02,GASREGW,US,gasoline,all formulations,weekly-mon,2.24
2016-05-09,GASREGW,US,gasoline,all formulations,weekly-mon,2.22
2016-05-16,GASREGW,US,gasoline,all formulations,weekly-mon,2.242
2016-05-23,GASREGW,US,gasoline,all formulations,weekly-mon,2.3
2016-05-30,GASREGW,US,gasoline,all formulations,weekly-mon,2.339
2016-06-06,GASREGW,US,gasoline,all formulations,weekly-mon,2.381
2016-06-13,GASREGW,US,gasoline,all formulations,weekly-mon,2.399
2016-06-20,GASREGW,US,gasoline,all formulations,weekly-mon,2.353
2016-06-27,GASREGW,US,gasoline,all formulations,weekly-mon,2.329
2016-07-04,GASREGW,US,gasoline,all formulations,weekly-mon,2.291
2016-07-11,GASREGW,US,gasoline,all formulations,weekly-mon,2.253
2016-07-18,GASREGW,US,gasoline,all formulations,weekly-mon,2.23
2016-07-25,GASREGW,US,gasoline,all formulations,weekly-mon,2.182
2016-08-01,GASREGW,US,gasoline,all formulations,weekly-mon,2.159
2016-08-08,GASREGW,US,gasoline,all formulations,weekly-mon,2.15
2016-08-15,GASREGW,US,gasoline,all formulations,weekly-mon,2.149
2016-08-22,GASREGW,US,gasoline,all formulations,weekly-mon,2.193
2016-08-29,GASREGW,US,gasoline,all formulations,weekly-mon,2.237
2016-09-05,GASREGW,US,gasoline,all formulations,weekly-mon,2.223
2016-09-12,GASREGW,US,gasoline,all formulations,weekly-mon,2.202
2016-09-19,GASREGW,US,gasoline,all formulations,weekly-mon,2.225
2016-09-26,GASREGW,US,gasoline,all formulations,weekly-mon,2.224
2016-10-03,GASREGW,US,gasoline,all formulations,weekly-mon,2.245
2016-10-10,GASREGW,US,gasoline,all formulations,weekly-mon,2.272
2016-10-17,GASREGW,US,gasoline,all formulations,weekly-mon,2.257
2016-10-24,GASREGW,US,gasoline,all formulations,weekly-mon,2.243
2016-10-31,GASREGW,US,gasoline,all formulations,weekly-mon,2.23
2016-11-07,GASREGW,US,gasoline,all formulations,weekly-mon,2.233
2016-11-14,GASREGW,US,gasoline,all formulations,weekly-mon,2.184
2016-11-21,GASREGW,US,gasoline,all formulations,weekly-mon,2.155
2016-11-28,GASREGW,US,gasoline,all formulations,weekly-mon,2.154
2016-12-05,GASREGW,US,gasoline,all formulations,weekly-mon,2.208
2016-12-12,GASREGW,US,gasoline,all formulations,weekly-mon,2.236
2016-12-19,GASREGW,US,gasoline,all formulations,weekly-mon,2.264
2016-12-26,GASREGW,US,gasoline,all formulations,weekly-mon,2.309
2017-01-02,GASREGW,US,gasoline,all formulations,weekly-mon,2.377
2017-01-09,GASREGW,US,gasoline,all formulations,weekly-mon,2.388
2017-01-16,GASREGW,US,gasoline,all formulations,weekly-mon,2.358
2017-01-23,GASREGW,US,gasoline,all formulations,weekly-mon,2.326
2017-01-30,GASREGW,US,gasoline,all formulations,weekly-mon,2.296
2017-02-06,GASREGW,US,gasoline,all formulations,weekly-mon,2.293
2017-02-13,GASREGW,US,gasoline,all formulations,weekly-mon,2.307
2017-02-20,GASREGW,US,gasoline,all formulations,weekly-mon,2.302
2017-02-27,GASREGW,US,gasoline,all formulations,weekly-mon,2.314
2017-03-06,GASREGW,US,gasoline,all formulations,weekly-mon,2.341
2017-03-13,GASREGW,US,gasoline,all formulations,weekly-mon,2.323
2017-03-20,GASREGW,US,gasoline,all formulations,weekly-mon,2.321
2017-03-27,GASREGW,US,gasoline,all formulations,weekly-mon,2.315
2017-04-03,GASREGW,US,gasoline,all formulations,weekly-mon,2.36
2017-04-10,GASREGW,US,gasoline,all formulations,weekly-mon,2.424
2017-04-17,GASREGW,US,gasoline,all formulations,weekly-mon,2.436
2017-04-24,GASREGW,US,gasoline,all formulations,weekly-mon,2.449
2017-05-01,GASREGW,US,gasoline,all formulations,weekly-mon,2.411
2017-05-08,GASREGW,US,gasoline,all formulations,weekly-mon,2.372
2017-05-15,GASREGW,US,gasoline,all formulations,weekly-mon,2.369
2017-05-22,GASREGW,US,gasoline,all formulations,weekly-mon,2.399
2017-05-29,GASREGW,US,gasoline,all formulations,weekly-mon,2.406
2017-06-05,GASREGW,US,gasoline,all formulations,weekly-mon,2.414
2017-06-12,GASREGW,US,gasoline,all formulations,weekly-mon,2.366
2017-06-19,GASREGW,US,gasoline,all formulations,weekly-mon,2.318
2017-06-26,GASREGW,US,gasoline,all formulations,weekly-mon,2.288
2017-07-03,GASREGW,US,gasoline,all formulations,weekly-mon,2.26
2017-07-10,GASREGW,US,gasoline,all formulations,weekly-mon,2.297
2017-07-17,GASREGW,US,gasoline,all formulations,weekly-mon,2.278
2017-07-24,GASREGW,US,gasoline,all formulations,weekly-mon,2.312
2017-07-31,GASREGW,US,gasoline,all formulations,weekly-mon,2.352
2017-08-07,GASREGW,US,gasoline,all formulations,weekly-mon,2.378
2017-08-14,GASREGW,US,gasoline,all formulations,weekly-mon,2.384
2017-08-21,GASREGW,US,gasoline,all formulations,weekly-mon,2.36
2017-08-28,GASREGW,US,gasoline,all formulations,weekly-mon,2.399
2017-09-04,GASREGW,US,gasoline,all formulations,weekly-mon,2.679
2017-09-11,GASREGW,US,gasoline,all formulations,weekly-mon,2.685
2017-09-18,GASREGW,US,gasoline,all formulations,weekly-mon,2.634
2017-09-25,GASREGW,US,gasoline,all formulations,weekly-mon,2.583
2017-10-02,GASREGW,US,gasoline,all formulations,weekly-mon,2.565
2017-10-09,GASREGW,US,gasoline,all formulations,weekly-mon,2.504
2017-10-16,GASREGW,US,gasoline,all formulations,weekly-mon,2.489
2017-10-23,GASREGW,US,gasoline,all formulations,weekly-mon,2.479
2017-10-30,GASREGW,US,gasoline,all formulations,weekly-mon,2.488
2017-11-06,GASREGW,US,gasoline,all formulations,weekly-mon,2.561
2017-11-13,GASREGW,US,gasoline,all formulations,weekly-mon,2.592
2017-11-20,GASREGW,US,gasoline,all formulations,weekly-mon,2.568
2017-11-27,GASREGW,US,gasoline,all formulations,weekly-mon,2.533
2017-12-04,GASREGW,US,gasoline,all formulations,weekly-mon,2.5
2017-12-11,GASREGW,US,gasoline,all formulations,weekly-mon,2.485
2017-12-18,GASREGW,US,gasoline,all formulations,weekly-mon,2.45
2017-12-25,GASREGW,US,gasoline,all formulations,weekly-mon,2.472
2018-01-01,GASREGW,US,gasoline,all formulations,weekly-mon,2.52
2018-01-08,GASREGW,US,gasoline,all formulations,weekly-mon,2.522
2018-01-15,GASREGW,US,gasoline,all formulations,weekly-mon,2.557
2018-01-22,GASREGW,US,gasoline,all formulations,weekly-mon,2.567
2018-01-29,GASREGW,US,gasoline,all formulations,weekly-mon,2.607
2018-02-05,GASREGW,US,gasoline,all formulations,weekly-mon,2.637
2018-02-12,GASREGW,US,gasoline,all formulations,weekly-mon,2.607
2018-02-19,GASREGW,US,gasoline,all formulations,weekly-mon,2.557
2018-02-26,GASREGW,US,gasoline,all formulations,weekly-mon,2.548
2018-03-05,GASREGW,US,gasoline,all formulations,weekly-mon,2.56
2018-03-12,GASREGW,US,gasoline,all formulations,weekly-mon,2.559
2018-03-19,GASREGW,US,gasoline,all formulations,weekly-mon,2.598
2018-03-26,GASREGW,US,gasoline,all formulations,weekly-mon,2.648
2018-04-02,GASREGW,US,gasoline,all formulations,weekly-mon,2.7
2018-04-09,GASREGW,US,gasoline,all formulations,weekly-mon,2.694
2018-04-16,GASREGW,US,gasoline,all formulations,weekly-mon,2.747
2018-04-23,GASREGW,US,gasoline,all formulations,weekly-mon,2.798
2018-04-30,GASREGW,US,gasoline,all formulations,weekly-mon,2.846
2018-05-07,GASREGW,US,gasoline,all formulations,weekly-mon,2.845
2018-05-14,GASREGW,US,gasoline,all formulations,weekly-mon,2.873
2018-05-21,GASREGW,US,gasoline,all formulations,weekly-mon,2.923
2018-05-28,GASREGW,US,gasoline,all formulations,weekly-mon,2.962
2018-06-04,GASREGW,US,gasoline,all formulations,weekly-mon,2.94
2018-06-11,GASREGW,US,gasoline,all formulations,weekly-mon,2.911
2018-06-18,GASREGW,US,gasoline,all formulations,weekly-mon,2.879
2018-06-25,GASREGW,US,gasoline,all formulations,weekly-mon,2.833
2018-07-02,GASREGW,US,gasoline,all formulations,weekly-mon,2.844
2018-07-09,GASREGW,US,gasoline,all formulations,weekly-mon,2.857
2018-07-16,GASREGW,US,gasoline,all formulations,weekly-mon,2.865
2018-07-23,GASREGW,US,gasoline,all formulations,weekly-mon,2.831
2018-07-30,GASREGW,US,gasoline,all formulations,weekly-mon,2.846
2018-08-06,GASREGW,US,gasoline,all formulations,weekly-mon,2.852
2018-08-13,GASREGW,US,gasoline,all formulations,weekly-mon,2.843
2018-08-20,GASREGW,US,gasoline,all formulations,weekly-mon,2.821
2018-08-27,GASREGW,US,gasoline,all formulations,weekly-mon,2.827
2018-09-03,GASREGW,US,gasoline,all formulations,weekly-mon,2.824
2018-09-10,GASREGW,US,gasoline,all formulations,weekly-mon,2.833
2018-09-17,GASREGW,US,gasoline,all formulations,weekly-mon,2.841
2018-09-24,GASREGW,US,gasoline,all formulations,weekly-mon,2.844
2018-10-01,GASREGW,US,gasoline,all formulations,weekly-mon,2.866
2018-10-08,GASREGW,US,gasoline,all formulations,weekly-mon,2.903
2018-10-15,GASREGW,US,gasoline,all formulations,weekly-mon,2.879
2018-10-22,GASREGW,US,gasoline,all formulations,weekly-mon,2.841
2018-10-29,GASREGW,US,gasoline,all formulations,weekly-mon,2.811
2018-11-05,GASREGW,US,gasoline,all formulations,weekly-mon,2.753
2018-11-12,GASREGW,US,gasoline,all formulations,weekly-mon,2.686
2018-11-19,GASREGW,US,gasoline,all formulations,weekly-mon,2.611
2018-11-26,GASREGW,US,gasoline,all formulations,weekly-mon,2.539
2018-12-03,GASREGW,US,gasoline,all formulations,weekly-mon,2.451
2018-12-10,GASREGW,US,gasoline,all formulations,weekly-mon,2.421
2018-12-17,GASREGW,US,gasoline,all formulations,weekly-mon,2.369
2018-12-24,GASREGW,US,gasoline,all formulations,weekly-mon,2.321
2018-12-31,GASREGW,US,gasoline,all formulations,weekly-mon,2.266
2019-01-07,GASREGW,US,gasoline,all formulations,weekly-mon,2.237
2019-01-14,GASREGW,US,gasoline,all formulations,weekly-mon,2.247
2019-01-21,GASREGW,US,gasoline,all formulations,weekly-mon,2.251
2019-01-28,GASREGW,US,gasoline,all formulations,weekly-mon,2.256
2019-02-04,GASREGW,US,gasoline,all formulations,weekly-mon,2.254
2019-02-11,GASREGW,US,gasoline,all formulations,weekly-mon,2.276
2019-02-18,GASREGW,US,gasoline,all formulations,weekly-mon,2.317
2019-02-25,GASREGW,US,gasoline,all formulations,weekly-mon,2.39
2019-03-04,GASREGW,US,gasoline,all formulations,weekly-mon,2.422
2019-03-11,GASREGW,US,gasoline,all formulations,weekly-mon,2.471
2019-03-18,GASREGW,US,gasoline,all formulations,weekly-mon,2.548
2019-03-25,GASREGW,US,gasoline,all formulations,weekly-mon,2.623
2019-04-01,GASREGW,US,gasoline,all formulations,weekly-mon,2.691
2019-04-08,GASREGW,US,gasoline,all formulations,weekly-mon,2.745
2019-04-15,GASREGW,US,gasoline,all formulations,weekly-mon,2.828
2019-04-22,GASREGW,US,gasoline,all formulations,weekly-mon,2.841
2019-04-29,GASREGW,US,gasoline,all formulations,weekly-mon,2.887
2019-05-06,GASREGW,US,gasoline,all formulations,weekly-mon,2.897
2019-05-13,GASREGW,US,gasoline,all formulations,weekly-mon,2.866
2019-05-20,GASREGW,US,gasoline,all formulations,weekly-mon,2.852
2019-05-27,GASREGW,US,gasoline,all formulations,weekly-mon,2.822
2019-06-03,GASREGW,US,gasoline,all formulations,weekly-mon,2.807
2019-06-10,GASREGW,US,gasoline,all formulations,weekly-mon,2.732
2019-06-17,GASREGW,US,gasoline,all formulations,weekly-mon,2.67
2019-06-24,GASREGW,US,gasoline,all formulations,weekly-mon,2.654
2019-07-01,GASREGW,US,gasoline,all formulations,weekly-mon,2.713
2019-07-08,GASREGW,US,gasoline,all formulations,weekly-mon,2.743
2019-07-15,GASREGW,US,gasoline,all formulations,weekly-mon,2.779
2019-07-22,GASREGW,US,gasoline,all formulations,weekly-mon,2.75
2019-07-29,GASREGW,US,gasoline,all formulations,weekly-mon,2.715
2019-08-05,GASREGW,US,gasoline,all formulations,weekly-mon,2.688
2019-08-12,GASREGW,US,gasoline,all formulations,weekly-mon,2.624
2019-08-19,GASREGW,US,gasoline,all formulations,weekly-mon,2.598
2019-08-26,GASREGW,US,gasoline,all formulations,weekly-mon,2.574
2019-09-02,GASREGW,US,gasoline,all formulations,weekly-mon,2.563
2019-09-09,GASREGW,US,gasoline,all formulations,weekly-mon,2.55
2019-09-16,GASREGW,US,gasoline,all formulations,weekly-mon,2.552
2019-09-23,GASREGW,US,gasoline,all formulations,weekly-mon,2.654
2019-09-30,GASREGW,US,gasoline,all formulations,weekly-mon,2.642
2019-10-07,GASREGW,US,gasoline,all formulations,weekly-mon,2.645
2019-10-14,GASREGW,US,gasoline,all formulations,weekly-mon,2.629
2019-10-21,GASREGW,US,gasoline,all formulations,weekly-mon,2.638
2019-10-28,GASREGW,US,gasoline,all formulations,weekly-mon,2.596
2019-11-04,GASREGW,US,gasoline,all formulations,weekly-mon,2.605
2019-11-11,GASREGW,US,gasoline,all formulations,weekly-mon,2.615
2019-11-18,GASREGW,US,gasoline,all formulations,weekly-mon,2.592
2019-11-25,GASREGW,US,gasoline,all formulations,weekly-mon,2.579
2019-12-02,GASREGW,US,gasoline,all formulations,weekly-mon,2.575
2019-12-09,GASREGW,US,gasoline,all formulations,weekly-mon,2.561
2019-12-16,GASREGW,US,gasoline,all formulations,weekly-mon,2.536
2019-12-23,GASREGW,US,gasoline,all formulations,weekly-mon,2.532
2019-12-30,GASREGW,US,gasoline,all formulations,weekly-mon,2.571
2020-01-06,GASREGW,US,gasoline,all formulations,weekly-mon,2.578
2020-01-13,GASREGW,US,gasoline,all formulations,weekly-mon,2.57
2020-01-20,GASREGW,US,gasoline,all formulations,weekly-mon,2.537
2020-01-27,GASREGW,US,gasoline,all formulations,weekly-mon,2.506
2020-02-03,GASREGW,US,gasoline,all formulations,weekly-mon,2.455
2020-02-10,GASREGW,US,gasoline,all formulations,weekly-mon,2.419
2020-02-17,GASREGW,US,gasoline,all formulations,weekly-mon,2.428
2020-02-24,GASREGW,US,gasoline,all formulations,weekly-mon,2.466
2020-03-02,GASREGW,US,gasoline,all formulations,weekly-mon,2.423
2020-03-09,GASREGW,US,gasoline,all formulations,weekly-mon,2.375
2020-03-16,GASREGW,US,gasoline,all formulations,weekly-mon,2.248
2020-03-23,GASREGW,US,gasoline,all formulations,weekly-mon,2.12
2020-03-30,GASREGW,US,gasoline,all formulations,weekly-mon,2.005
2020-04-06,GASREGW,US,gasoline,all formulations,weekly-mon,1.924
2020-04-13,GASREGW,US,gasoline,all formulations,weekly-mon,1.853
2020-04-20,GASREGW,US,gasoline,all formulations,weekly-mon,1.812
2020-04-27,GASREGW,US,gasoline,all formulations,weekly-mon,1.773
2020-05-04,GASREGW,US,gasoline,all formulations,weekly-mon,1.789
2020-05-11,GASREGW,US,gasoline,all formulations,weekly-mon,1.851
2020-05-18,GASREGW,US,gasoline,all formulations,weekly-mon,1.878
2020-05-25,GASREGW,US,gasoline,all formulations,weekly-mon,1.96
2020-06-01,GASREGW,US,gasoline,all formulations,weekly-mon,1.974
2020-06-08,GASREGW,US,gasoline,all formulations,weekly-mon,2.036
2020-06-15,GASREGW,US,gasoline,all formulations,weekly-mon,2.098
2020-06-22,GASREGW,US,gasoline,all formulations,weekly-mon,2.129
2020-06-29,GASREGW,US,gasoline,all formulations,weekly-mon,2.174
2020-07-06,GASREGW,US,gasoline,all formulations,weekly-mon,2.177
2020-07-13,GASREGW,US,gasoline,all formulations,weekly-mon,2.195
2020-07-20,GASREGW,US,gasoline,all formulations,weekly-mon,2.186
2020-07-27,GASREGW,US,gasoline,all formulations,weekly-mon,2.175
2020-08-03,GASREGW,US,gasoline,all formulations,weekly-mon,2.176
2020-08-10,GASREGW,US,gasoline,all formulations,weekly-mon,2.166
2020-08-17,GASREGW,US,gasoline,all formulations,weekly-mon,2.166
2020-08-24,GASREGW,US,gasoline,all formulations,weekly-mon,2.182
2020-08-31,GASREGW,US,gasoline,all formulations,weekly-mon,2.222
2020-09-07,GASREGW,US,gasoline,all formulations,weekly-mon,2.211
2020-09-14,GASREGW,US,gasoline,all formulations,weekly-mon,2.183
2020-09-21,GASREGW,US,gasoline,all formulations,weekly-mon,2.168
2020-09-28,GASREGW,US,gasoline,all formulations,weekly-mon,2.169
2020-10-05,GASREGW,US,gasoline,all formulations,weekly-mon,2.172
2020-10-12,GASREGW,US,gasoline,all formulations,weekly-mon,2.167
2020-10-19,GASREGW,US,gasoline,all formulations,weekly-mon,2.15
2020-10-26,GASREGW,US,gasoline,all formulations,weekly-mon,2.143
2020-11-02,GASREGW,US,gasoline,all formulations,weekly-mon,2.112
2020-11-09,GASREGW,US,gasoline,all formulations,weekly-mon,2.096
2020-11-16,GASREGW,US,gasoline,all formulations,weekly-mon,2.111
2020-11-23,GASREGW,US,gasoline,all formulations,weekly-mon,2.102
2020-11-30,GASREGW,US,gasoline,all formulations,weekly-mon,2.12
2020-12-07,GASREGW,US,gasoline,all formulations,weekly-mon,2.156
2020-12-14,GASREGW,US,gasoline,all formulations,weekly-mon,2.158
2020-12-21,GASREGW,US,gasoline,all formulations,weekly-mon,2.224
2020-12-28,GASREGW,US,gasoline,all formulations,weekly-mon,2.243
2021-01-04,GASREGW,US,gasoline,all formulations,weekly-mon,2.249
2021-01-11,GASREGW,US,gasoline,all formulations,weekly-mon,2.317
2021-01-18,GASREGW,US,gasoline,all formulations,weekly-mon,2.379
2021-01-25,GASREGW,US,gasoline,all formulations,weekly-mon,2.392
2021-02-01,GASREGW,US,gasoline,all formulations,weekly-mon,2.409
2021-02-08,GASREGW,US,gasoline,all formulations,weekly-mon,2.461
2021-02-15,GASREGW,US,gasoline,all formulations,weekly-mon,2.501
2021-02-22,GASREGW,US,gasoline,all formulations,weekly-mon,2.633
2021-03-01,GASREGW,US,gasoline,all formulations,weekly-mon,2.711
2021-03-08,GASREGW,US,gasoline,all formulations,weekly-mon,2.771
2021-03-15,GASREGW,US,gasoline,all formulations,weekly-mon,2.853
2021-03-22,GASREGW,US,gasoline,all formulations,weekly-mon,2.865
2021-03-29,GASREGW,US,gasoline,all formulations,weekly-mon,2.852
2021-04-05,GASREGW,US,gasoline,all formulations,weekly-mon,2.857
2021-04-12,GASREGW,US,gasoline,all formulations,weekly-mon,2.849
2021-04-19,GASREGW,US,gasoline,all formulations,weekly-mon,2.855
2021-04-26,GASREGW,US,gasoline,all formulations,weekly-mon,2.872
2021-05-03,GASREGW,US,gasoline,all formulations,weekly-mon,2.89
2021-05-10,GASREGW,US,gasoline,all formulations,weekly-mon,2.961
2021-05-17,GASREGW,US,gasoline,all formulations,weekly-mon,3.028
2021-05-24,GASREGW,US,gasoline,all formulations,weekly-mon,3.02
2021-05-31,GASREGW,US,gasoline,all formulations,weekly-mon,3.027
2021-06-07,GASREGW,US,gasoline,all formulations,weekly-mon,3.035
2021-06-14,GASREGW,US,gasoline,all formulations,weekly-mon,3.069
2021-06-21,GASREGW,US,gasoline,all formulations,weekly-mon,3.06
2021-06-28,GASREGW,US,gasoline,all formulations,weekly-mon,3.091
2021-07-05,GASREGW,US,gasoline,all formulations,weekly-mon,3.122
2021-07-12,GASREGW,US,gasoline,all formulations,weekly-mon,3.133
2021-07-19,GASREGW,US,gasoline,all formulations,weekly-mon,3.153
2021-07-26,GASREGW,US,gasoline,all formulations,weekly-mon,3.136
2021-08-02,GASREGW,US,gasoline,all formulations,weekly-mon,3.159
2021-08-09,GASREGW,US,gasoline,all formulations,weekly-mon,3.172
2021-08-16,GASREGW,US,gasoline,all formulations,weekly-mon,3.174
2021-08-23,GASREGW,US,gasoline,all formulations,weekly-mon,3.145
2021-08-30,GASREGW,US,gasoline,all formulations,weekly-mon,3.139
2021-09-06,GASREGW,US,gasoline,all formulations,weekly-mon,3.176
2021-09-13,GASREGW,US,gasoline,all formulations,weekly-mon,3.165
2021-09-20,GASREGW,US,gasoline,all formulations,weekly-mon,3.184
2021-09-27,GASREGW,US,gasoline,all formulations,weekly-mon,3.175
2021-10-04,GASREGW,US,gasoline,all formulations,weekly-mon,3.19
2021-10-11,GASREGW,US,gasoline,all formulations,weekly-mon,3.267
2021-10-18,GASREGW,US,gasoline,all formulations,weekly-mon,3.322
2021-10-25,GASREGW,US,gasoline,all formulations,weekly-mon,3.383
2021-11-01,GASREGW,US,gasoline,all formulations,weekly-mon,3.39
2021-11-08,GASREGW,US,gasoline,all formulations,weekly-mon,3.41
2021-11-15,GASREGW,US,gasoline,all formulations,weekly-mon,3.399
2021-11-22,GASREGW,US,gasoline,all formulations,weekly-mon,3.395
2021-11-29,GASREGW,US,gasoline,all formulations,weekly-mon,3.38
2021-12-06,GASREGW,US,gasoline,all formulations,weekly-mon,3.341
2021-12-13,GASREGW,US,gasoline,all formulations,weekly-mon,3.315
2021-12-20,GASREGW,US,gasoline,all formulations,weekly-mon,3.295
2021-12-27,GASREGW,US,gasoline,all formulations,weekly-mon,3.275
2022-01-03,GASREGW,US,gasoline,all formulations,weekly-mon,3.281
2022-01-10,GASREGW,US,gasoline,all formulations,weekly-mon,3.295
2022-01-17,GASREGW,US,gasoline,all formulations,weekly-mon,3.306
2022-01-24,GASREGW,US,gasoline,all formulations,weekly-mon,3.323
2022-01-31,GASREGW,US,gasoline,all formulations,weekly-mon,3.368
2022-02-07,GASREGW,US,gasoline,all formulations,weekly-mon,3.444
2022-02-14,GASREGW,US,gasoline,all formulations,weekly-mon,3.487
2022-02-21,GASREGW,US,gasoline,all formulations,weekly-mon,3.53
2022-02-28,GASREGW,US,gasoline,all formulations,weekly-mon,3.608
2022-03-07,GASREGW,US,gasoline,all formulations,weekly-mon,4.102
2022-03-14,GASREGW,US,gasoline,all formulations,weekly-mon,4.315
2022-03-21,GASREGW,US,gasoline,all formulations,weekly-mon,4.239
2022-03-28,GASREGW,US,gasoline,all formulations,weekly-mon,4.231
2022-04-04,GASREGW,US,gasoline,all formulations,weekly-mon,4.17
2022-04-11,GASREGW,US,gasoline,all formulations,weekly-mon,4.091
2022-04-18,GASREGW,US,gasoline,all formulations,weekly-mon,4.066
2022-04-25,GASREGW,US,gasoline,all formulations,weekly-mon,4.107
2022-05-02,GASREGW,US,gasoline,all formulations,weekly-mon,4.182
2022-05-09,GASREGW,US,gasoline,all formulations,weekly-mon,4.328
2022-05-16,GASREGW,US,gasoline,all formulations,weekly-mon,4.491
2022-05-23,GASREGW,US,gasoline,all formulations,weekly-mon,4.593
2022-05-30,GASREGW,US,gasoline,all formulations,weekly-mon,4.624
2022-06-06,GASREGW,US,gasoline,all formulations,weekly-mon,4.876
2022-06-13,GASREGW,US,gasoline,all formulations,weekly-mon,5.006
2022-06-20,GASREGW,US,gasoline,all formulations,weekly-mon,4.962
2022-06-27,GASREGW,US,gasoline,all formulations,weekly-mon,4.872
2022-07-04,GASREGW,US,gasoline,all formulations,weekly-mon,4.771
2022-07-11,GASREGW,US,gasoline,all formulations,weekly-mon,4.646
2022-07-18,GASREGW,US,gasoline,all formulations,weekly-mon,4.49
2022-07-25,GASREGW,US,gasoline,all formulations,weekly-mon,4.33
2022-08-01,GASREGW,US,gasoline,all formulations,weekly-mon,4.192
2022-08-08,GASREGW,US,gasoline,all formulations,weekly-mon,4.038
2022-08-15,GASREGW,US,gasoline,all formulations,weekly-mon,3.938
2022-08-22,GASREGW,US,gasoline,all formulations,weekly-mon,3.88
2022-08-29,GASREGW,US,gasoline,all formulations,weekly-mon,3.827
2022-09-05,GASREGW,US,gasoline,all formulations,weekly-mon,3.746
2022-09-12,GASREGW,US,gasoline,all formulations,weekly-mon,3.69
2022-09-19,GASREGW,US,gasoline,all formulations,weekly-mon,3.654
2022-09-26,GASREGW,US,gasoline,all formulations,weekly-mon,3.711
2022-10-03,GASREGW,US,gasoline,all formulations,weekly-mon,3.782
2022-10-10,GASREGW,US,gasoline,all formulations,weekly-mon,3.912
2022-10-17,GASREGW,US,gasoline,all formulations,weekly-mon,3.871
2022-10-24,GASREGW,US,gasoline,all formulations,weekly-mon,3.769
2022-10-31,GASREGW,US,gasoline,all formulations,weekly-mon,3.742
2022-11-07,GASREGW,US,gasoline,all formulations,weekly-mon,3.796
2022-11-14,GASREGW,US,gasoline,all formulations,weekly-mon,3.762
2022-11-21,GASREGW,US,gasoline,all formulations,weekly-mon,3.648
2022-11-28,GASREGW,US,gasoline,all formulations,weekly-mon,3.534
2022-12-05,GASREGW,US,gasoline,all formulations,weekly-mon,3.39
2022-12-12,GASREGW,US,gasoline,all formulations,weekly-mon,3.239
2022-12-19,GASREGW,US,gasoline,all formulations,weekly-mon,3.12
2022-12-26,GASREGW,US,gasoline,all formulations,weekly-mon,3.091
2023-01-02,GASREGW,US,gasoline,all formulations,weekly-mon,3.223
2023-01-09,GASREGW,US,gasoline,all formulations,weekly-mon,3.259
2023-01-16,GASREGW,US,gasoline,all formulations,weekly-mon,3.31
2023-01-23,GASREGW,US,gasoline,all formulations,weekly-mon,3.415
2023-01-30,GASREGW,US,gasoline,all formulations,weekly-mon,3.489
2023-02-06,GASREGW,US,gasoline,all formulations,weekly-mon,3.444
2023-02-13,GASREGW,US,gasoline,all formulations,weekly-mon,3.39
2023-02-20,GASREGW,US,gasoline,all formulations,weekly-mon,3.379
2023-02-27,GASREGW,US,gasoline,all formulations,weekly-mon,3.342
2023-03-06,GASREGW,US,gasoline,all formulations,weekly-mon,3.389
2023-03-13,GASREGW,US,gasoline,all formulations,weekly-mon,3.456
2023-03-20,GASREGW,US,gasoline,all formulations,weekly-mon,3.422
2023-03-27,GASREGW,US,gasoline,all formulations,weekly-mon,3.421
2023-04-03,GASREGW,US,gasoline,all formulations,weekly-mon,3.497
2023-04-10,GASREGW,US,gasoline,all formulations,weekly-mon,3.596
2023-04-17,GASREGW,US,gasoline,all formulations,weekly-mon,3.663
2023-04-24,GASREGW,US,gasoline,all formulations,weekly-mon,3.656
2023-05-01,GASREGW,US,gasoline,all formulations,weekly-mon,3.6
2023-05-08,GASREGW,US,gasoline,all formulations,weekly-mon,3.533
2023-05-15,GASREGW,US,gasoline,all formulations,weekly-mon,3.536
2023-05-22,GASREGW,US,gasoline,all formulations,weekly-mon,3.534
2023-05-29,GASREGW,US,gasoline,all formulations,weekly-mon,3.571
2023-06-05,GASREGW,US,gasoline,all formulations,weekly-mon,3.541
2023-06-12,GASREGW,US,gasoline,all formulations,weekly-mon,3.595
2023-06-19,GASREGW,US,gasoline,all formulations,weekly-mon,3.577
2023-06-26,GASREGW,US,gasoline,all formulations,weekly-mon,3.571
2023-07-03,GASREGW,US,gasoline,all formulations,weekly-mon,3.527
2023-07-10,GASREGW,US,gasoline,all formulations,weekly-mon,3.546
2023-07-17,GASREGW,US,gasoline,all formulations,weekly-mon,3.559
2023-07-24,GASREGW,US,gasoline,all formulations,weekly-mon,3.596
2023-07-31,GASREGW,US,gasoline,all formulations,weekly-mon,3.757
2023-08-07,GASREGW,US,gasoline,all formulations,weekly-mon,3.828
2023-08-14,GASREGW,US,gasoline,all formulations,weekly-mon,3.85
2023-08-21,GASREGW,US,gasoline,all formulations,weekly-mon,3.868
2023-08-28,GASREGW,US,gasoline,all formulations,weekly-mon,3.813
2023-09-04,GASREGW,US,gasoline,all formulations,weekly-mon,3.807
2023-09-11,GASREGW,US,gasoline,all formulations,weekly-mon,3.822
2023-09-18,GASREGW,US,gasoline,all formulations,weekly-mon,3.878
2023-09-25,GASREGW,US,gasoline,all formulations,weekly-mon,3.837
2023-10-02,GASREGW,US,gasoline,all formulations,weekly-mon,3.798
2023-10-09,GASREGW,US,gasoline,all formulations,weekly-mon,3.684
2023-10-16,GASREGW,US,gasoline,all formulations,weekly-mon,3.576
2023-10-23,GASREGW,US,gasoline,all formulations,weekly-mon,3.533
2023-10-30,GASREGW,US,gasoline,all formulations,weekly-mon,3.473
2023-11-06,GASREGW,US,gasoline,all formulations,weekly-mon,3.396
2023-11-13,GASREGW,US,gasoline,all formulations,weekly-mon,3.349
2023-11-20,GASREGW,US,gasoline,all formulations,weekly-mon,3.289
2023-11-27,GASREGW,US,gasoline,all formulations,weekly-mon,3.238
2023-12-04,GASREGW,US,gasoline,all formulations,weekly-mon,3.231
2023-12-11,GASREGW,US,gasoline,all formulations,weekly-mon,3.136
2023-12-18,GASREGW,US,gasoline,all formulations,weekly-mon,3.053
2023-12-25,GASREGW,US,gasoline,all formulations,weekly-mon,3.116
2024-01-01,GASREGW,US,gasoline,all formulations,weekly-mon,3.089
2024-01-08,GASREGW,US,gasoline,all formulations,weekly-mon,3.073
2024-01-15,GASREGW,US,gasoline,all formulations,weekly-mon,3.058
2024-01-22,GASREGW,US,gasoline,all formulations,weekly-mon,3.062
2024-01-29,GASREGW,US,gasoline,all formulations,weekly-mon,3.095
2024-02-05,GASREGW,US,gasoline,all formulations,weekly-mon,3.136
2024-02-12,GASREGW,US,gasoline,all formulations,weekly-mon,3.192
2024-02-19,GASREGW,US,gasoline,all formulations,weekly-mon,3.269
2024-02-26,GASREGW,US,gasoline,all formulations,weekly-mon,3.249
2024-03-04,GASREGW,US,gasoline,all formulations,weekly-mon,3.35
2024-03-11,GASREGW,US,gasoline,all formulations,weekly-mon,3.376
2024-03-18,GASREGW,US,gasoline,all formulations,weekly-mon,3.453
2024-03-25,GASREGW,US,gasoline,all formulations,weekly-mon,3.523
2024-04-01,GASREGW,US,gasoline,all formulations,weekly-mon,3.517
2024-04-08,GASREGW,US,gasoline,all formulations,weekly-mon,3.591
2024-04-15,GASREGW,US,gasoline,all formulations,weekly-mon,3.628
2024-04-22,GASREGW,US,gasoline,all formulations,weekly-mon,3.668
2024-04-29,GASREGW,US,gasoline,all formulations,weekly-mon,3.653
2024-05-06,GASREGW,US,gasoline,all formulations,weekly-mon,3.643
2024-05-13,GASREGW,US,gasoline,all formulations,weekly-mon,3.608
2024-05-20,GASREGW,US,gasoline,all formulations,weekly-mon,3.584
2024-05-27,GASREGW,US,gasoline,all formulations,weekly-mon,3.577
2024-06-03,GASREGW,US,gasoline,all formulations,weekly-mon,3.516
2024-06-10,GASREGW,US,gasoline,all formulations,weekly-mon,3.429
2024-06-17,GASREGW,US,gasoline,all formulations,weekly-mon,3.435
2024-06-24,GASREGW,US,gasoline,all formulations,weekly-mon,3.438
2024-07-01,GASREGW,US,gasoline,all formulations,weekly-mon,3.479
2024-07-08,GASREGW,US,gasoline,all formulations,weekly-mon,3.489
2024-07-15,GASREGW,US,gasoline,all formulations,weekly-mon,3.496
2024-07-22,GASREGW,US,gasoline,all formulations,weekly-mon,3.471
2024-07-29,GASREGW,US,gasoline,all formulations,weekly-mon,3.484
2024-08-05,GASREGW,US,gasoline,all formulations,weekly-mon,3.448
2024-08-12,GASREGW,US,gasoline,all formulations,weekly-mon,3.414
2024-08-19,GASREGW,US,gasoline,all formulations,weekly-mon,3.382
2024-08-26,GASREGW,US,gasoline,all formulations,weekly-mon,3.313
2024-09-02,GASREGW,US,gasoline,all formulations,weekly-mon,3.289
2024-09-09,GASREGW,US,gasoline,all formulations,weekly-mon,3.236
2024-09-16,GASREGW,US,gasoline,all formulations,weekly-mon,3.18
2024-09-23,GASREGW,US,gasoline,all formulations,weekly-mon,3.185
2024-09-30,GASREGW,US,gasoline,all formulations,weekly-mon,3.179
2024-10-07,GASREGW,US,gasoline,all formulations,weekly-mon,3.136
2024-10-14,GASREGW,US,gasoline,all formulations,weekly-mon,3.171
2024-10-21,GASREGW,US,gasoline,all formulations,weekly-mon,3.144
2024-10-28,GASREGW,US,gasoline,all formulations,weekly-mon,3.097
2024-11-04,GASREGW,US,gasoline,all formulations,weekly-mon,3.069
2024-11-11,GASREGW,US,gasoline,all formulations,weekly-mon,3.052
2024-11-18,GASREGW,US,gasoline,all formulations,weekly-mon,3.046
2024-11-25,GASREGW,US,gasoline,all formulations,weekly-mon,3.044
2024-12-02,GASREGW,US,gasoline,all formulations,weekly-mon,3.034
2024-12-09,GASREGW,US,gasoline,all formulations,weekly-mon,3.008
2024-12-16,GASREGW,US,gasoline,all formulations,weekly-mon,3.016
2024-12-23,GASREGW,US,gasoline,all formulations,weekly-mon,3.024
2024-12-30,GASREGW,US,gasoline,all formulations,weekly-mon,3.006
2025-01-06,GASREGW,US,gasoline,all formulations,weekly-mon,3.047
2025-01-13,GASREGW,US,gasoline,all formulations,weekly-mon,3.043
2025-01-20,GASREGW,US,gasoline,all formulations,weekly-mon,3.109
2025-01-27,GASREGW,US,gasoline,all formulations,weekly-mon,3.103
2025-02-03,GASREGW,US,gasoline,all formulations,weekly-mon,3.082
2025-02-10,GASREGW,US,gasoline,all formulations,weekly-mon,3.128
2025-02-17,GASREGW,US,gasoline,all formulations,weekly-mon,3.148
2025-02-24,GASREGW,US,gasoline,all formulations,weekly-mon,3.125
2025-03-03,GASREGW,US,gasoline,all formulations,weekly-mon,3.078
2025-03-10,GASREGW,US,gasoline,all formulations,weekly-mon,3.069
2025-03-17,GASREGW,US,gasoline,all formulations,weekly-mon,3.058
2025-03-24,GASREGW,US,gasoline,all formulations,weekly-mon,3.115
2025-03-31,GASREGW,US,gasoline,all formulations,weekly-mon,3.162
2025-04-07,GASREGW,US,gasoline,all formulations,weekly-mon,3.243
2025-04-14,GASREGW,US,gasoline,all formulations,weekly-mon,3.168
2025-04-21,GASREGW,US,gasoline,all formulations,weekly-mon,3.141
2025-04-28,GASREGW,US,gasoline,all formulations,weekly-mon,3.133
2025-05-05,GASREGW,US,gasoline,all formulations,weekly-mon,3.147
2025-05-12,GASREGW,US,gasoline,all formulations,weekly-mon,3.12
2025-05-19,GASREGW,US,gasoline,all formulations,weekly-mon,3.173
2025-05-26,GASREGW,US,gasoline,all formulations,weekly-mon,3.16
2025-06-02,GASREGW,US,gasoline,all formulations,weekly-mon,3.127
2025-06-09,GASREGW,US,gasoline,all formulations,weekly-mon,3.108
2025-06-16,GASREGW,US,gasoline,all formulations,weekly-mon,3.139
2025-06-23,GASREGW,US,gasoline,all formulations,weekly-mon,3.213
2025-06-30,GASREGW,US,gasoline,all formulations,weekly-mon,3.164
2025-07-07,GASREGW,US,gasoline,all formulations,weekly-mon,3.125
2025-07-14,GASREGW,US,gasoline,all formulations,weekly-mon,3.13
2025-07-21,GASREGW,US,gasoline,all formulations,weekly-mon,3.121
2025-07-28,GASREGW,US,gasoline,all formulations,weekly-mon,3.123
2025-08-04,GASREGW,US,gasoline,all formulations,weekly-mon,3.14
2025-08-11,GASREGW,US,gasoline,all formulations,weekly-mon,3.118
2025-08-18,GASREGW,US,gasoline,all formulations,weekly-mon,3.125
2025-08-25,GASREGW,US,gasoline,all formulations,weekly-mon,3.147
2025-09-01,GASREGW,US,gasoline,all formulations,weekly-mon,3.177
2025-09-08,GASREGW,US,gasoline,all formulations,weekly-mon,3.192
2025-09-15,GASREGW,US,gasoline,all formulations,weekly-mon,3.168
2025-09-22,GASREGW,US,gasoline,all formulations,weekly-mon,3.173
2025-09-29,GASREGW,US,gasoline,all formulations,weekly-mon,3.118
2025-10-06,GASREGW,US,gasoline,all formulations,weekly-mon,3.124
2025-10-13,GASREGW,US,gasoline,all formulations,weekly-mon,3.061
2025-10-20,GASREGW,US,gasoline,all formulations,weekly-mon,3.019
2025-10-27,GASREGW,US,gasoline,all formulations,weekly-mon,3.035
2025-11-03,GASREGW,US,gasoline,all formulations,weekly-mon,3.019
2025-11-10,GASREGW,US,gasoline,all formulations,weekly-mon,3.056
2025-11-17,GASREGW,US,gasoline,all formulations,weekly-mon,3.062
2025-11-24,GASREGW,US,gasoline,all formulations,weekly-mon,3.061
2025-12-01,GASREGW,US,gasoline,all formulations,weekly-mon,2.985
2025-12-08,GASREGW,US,gasoline,all formulations,weekly-mon,2.94
2025-12-15,GASREGW,US,gasoline,all formulations,weekly-mon,2.895
2025-12-22,GASREGW,US,gasoline,all formulations,weekly-mon,2.841
2025-12-29,GASREGW,US,gasoline,all formulations,weekly-mon,2.811
2026-01-05,GASREGW,US,gasoline,all formulations,weekly-mon,2.796
2026-01-12,GASREGW,US,gasoline,all formulations,weekly-mon,2.779
2026-01-19,GASREGW,US,gasoline,all formulations,weekly-mon,2.806
2026-01-26,GASREGW,US,gasoline,all formulations,weekly-mon,2.853
2026-02-02,GASREGW,US,gasoline,all formulations,weekly-mon,2.867
2026-02-09,GASREGW,US,gasoline,all formulations,weekly-mon,2.902
2026-02-16,GASREGW,US,gasoline,all formulations,weekly-mon,2.924
2026-02-23,GASREGW,US,gasoline,all formulations,weekly-mon,2.937
2026-03-02,GASREGW,US,gasoline,all formulations,weekly-mon,3.015
2026-03-09,GASREGW,US,gasoline,all formulations,weekly-mon,3.502
2026-03-16,GASREGW,US,gasoline,all formulations,weekly-mon,3.72
2026-03-23,GASREGW,US,gasoline,all formulations,weekly-mon,3.961
2026-03-30,GASREGW,US,gasoline,all formulations,weekly-mon,3.99
2026-04-06,GASREGW,US,gasoline,all formulations,weekly-mon,4.12
2026-04-13,GASREGW,US,gasoline,all formulations,weekly-mon,4.123
2026-04-20,GASREGW,US,gasoline,all formulations,weekly-mon,4.044
2026-04-27,GASREGW,US,gasoline,all formulations,weekly-mon,4.123
2026-05-04,GASREGW,US,gasoline,all formulations,weekly-mon,4.452
2026-05-11,GASREGW,US,gasoline,all formulations,weekly-mon,4.5
2026-05-18,GASREGW,US,gasoline,all formulations,weekly-mon,4.49
2026-05-25,GASREGW,US,gasoline,all formulations,weekly-mon,4.475
2026-06-01,GASREGW,US,gasoline,all formulations,weekly-mon,4.305
2026-06-08,GASREGW,US,gasoline,all formulations,weekly-mon,4.146
2026-06-15,GASREGW,US,gasoline,all formulations,weekly-mon,4.052
2026-06-22,GASREGW,US,gasoline,all formulations,weekly-mon,3.914
2026-06-29,GASREGW,US,gasoline,all formulations,weekly-mon,3.831
2026-07-06,GASREGW,US,gasoline,all formulations,weekly-mon,3.777
2026-07-13,GASREGW,US,gasoline,all formulations,weekly-mon,3.855
2026-07-20,GASREGW,US,gasoline,all formulations,weekly-mon,4.001
2026-07-27,GASREGW,US,gasoline,all formulations,weekly-mon,4.096
2026-08-03,GASREGW,US,gasoline,all formulations,weekly-mon,4.079
2010-01-04,GASREGWCW,PADD 5,gasoline,all formulations,weekly-mon,2.9
2010-01-11,GASREGWCW,PADD 5,gasoline,all formulations,weekly-mon,2.966
2010-01-18,GASREGWCW,PADD 5,gasoline,all formulations,weekly-mon,2.953
2010-01-25,GASREGWCW,PADD 5,gasoline,all formulations,weekly-mon,2.94
2010-02-01,GASREGWCW,PADD 5,gasoline,all formulations,weekly-mon,2.911
2010-02-08,GASREGWCW,PADD 5,gasoline,all formulations,weekly-mon,2.895
2010-02-15,GASREGWCW,PADD 5,gasoline,all formulations,weekly-mon,2.864
2010-02-22,GASREGWCW,PADD 5,gasoline,all formulations,weekly-mon,2.866
2010-03-01,GASREGWCW,PADD 5,gasoline,all formulations,weekly-mon,2.937
2010-03-08,GASREGWCW,PADD 5,gasoline,all formulations,weekly-mon,2.984
2010-03-15,GASREGWCW,PADD 5,gasoline,all formulations,weekly-mon,3.005
2010-03-22,GASREGWCW,PADD 5,gasoline,all formulations,weekly-mon,3.033
2010-03-29,GASREGWCW,PADD 5,gasoline,all formulations,weekly-mon,3.037
2010-04-05,GASREGWCW,PADD 5,gasoline,all formulations,weekly-mon,3.04
2010-04-12,GASREGWCW,PADD 5,gasoline,all formulations,weekly-mon,3.06
2010-04-19,GASREGWCW,PADD 5,gasoline,all formulations,weekly-mon,3.058
2010-04-26,GASREGWCW,PADD 5,gasoline,all formulations,weekly-mon,3.056
2010-05-03,GASREGWCW,PADD 5,gasoline,all formulations,weekly-mon,3.079
2010-05-10,GASREGWCW,PADD 5,gasoline,all formulations,weekly-mon,3.096
2010-05-17,GASREGWCW,PADD 5,gasoline,all formulations,weekly-mon,3.071
2010-05-24,GASREGWCW,PADD 5,gasoline,all formulations,weekly-mon,3.009
2010-05-31,GASREGWCW,PADD 5,gasoline,all formulations,weekly-mon,2.976
2010-06-07,GASREGWCW,PADD 5,gasoline,all formulations,weekly-mon,3.007
2010-06-14,GASREGWCW,PADD 5,gasoline,all formulations,weekly-mon,2.992
2010-06-21,GASREGWCW,PADD 5,gasoline,all formulations,weekly-mon,3.034
2010-06-28,GASREGWCW,PADD 5,gasoline,all formulations,weekly-mon,3.055
2010-07-05,GASREGWCW,PADD 5,gasoline,all formulations,weekly-mon,3.05
2010-07-12,GASREGWCW,PADD 5,gasoline,all formulations,weekly-mon,3.044
2010-07-19,GASREGWCW,PADD 5,gasoline,all formulations,weekly-mon,3.062
2010-07-26,GASREGWCW,PADD 5,gasoline,all formulations,weekly-mon,3.074
2010-08-02,GASREGWCW,PADD 5,gasoline,all formulations,weekly-mon,3.073
2010-08-09,GASREGWCW,PADD 5,gasoline,all formulations,weekly-mon,3.11
2010-08-16,GASREGWCW,PADD 5,gasoline,all formulations,weekly-mon,3.102
2010-08-23,GASREGWCW,PADD 5,gasoline,all formulations,weekly-mon,3.079
2010-08-30,GASREGWCW,PADD 5,gasoline,all formulations,weekly-mon,3.038
2010-09-06,GASREGWCW,PADD 5,gasoline,all formulations,weekly-mon,2.995
2010-09-13,GASREGWCW,PADD 5,gasoline,all formulations,weekly-mon,2.979
2010-09-20,GASREGWCW,PADD 5,gasoline,all formulations,weekly-mon,2.963
2010-09-27,GASREGWCW,PADD 5,gasoline,all formulations,weekly-mon,2.951
2010-10-04,GASREGWCW,PADD 5,gasoline,all formulations,weekly-mon,2.963
2010-10-11,GASREGWCW,PADD 5,gasoline,all formulations,weekly-mon,3.03
2010-10-18,GASREGWCW,PADD 5,gasoline,all formulations,weekly-mon,3.081
2010-10-25,GASREGWCW,PADD 5,gasoline,all formulations,weekly-mon,3.079
2010-11-01,GASREGWCW,PADD 5,gasoline,all formulations,weekly-mon,3.078
2010-11-08,GASREGWCW,PADD 5,gasoline,all formulations,weekly-mon,3.079
2010-11-15,GASREGWCW,PADD 5,gasoline,all formulations,weekly-mon,3.111
2010-11-22,GASREGWCW,PADD 5,gasoline,all formulations,weekly-mon,3.112
2010-11-29,GASREGWCW,PADD 5,gasoline,all formulations,weekly-mon,3.094
2010-12-06,GASREGWCW,PADD 5,gasoline,all formulations,weekly-mon,3.153
2010-12-13,GASREGWCW,PADD 5,gasoline,all formulations,weekly-mon,3.187
2010-12-20,GASREGWCW,PADD 5,gasoline,all formulations,weekly-mon,3.186
2010-12-27,GASREGWCW,PADD 5,gasoline,all formulations,weekly-mon,3.219
2011-01-03,GASREGWCW,PADD 5,gasoline,all formulations,weekly-mon,3.236
2011-01-10,GASREGWCW,PADD 5,gasoline,all formulations,weekly-mon,3.261
2011-01-17,GASREGWCW,PADD 5,gasoline,all formulations,weekly-mon,3.286
2011-01-24,GASREGWCW,PADD 5,gasoline,all formulations,weekly-mon,3.293
2011-01-31,GASREGWCW,PADD 5,gasoline,all formulations,weekly-mon,3.299
2011-02-07,GASREGWCW,PADD 5,gasoline,all formulations,weekly-mon,3.332
2011-02-14,GASREGWCW,PADD 5,gasoline,all formulations,weekly-mon,3.381
2011-02-21,GASREGWCW,PADD 5,gasoline,all formulations,weekly-mon,3.481
2011-02-28,GASREGWCW,PADD 5,gasoline,all formulations,weekly-mon,3.623
2011-03-07,GASREGWCW,PADD 5,gasoline,all formulations,weekly-mon,3.767
2011-03-14,GASREGWCW,PADD 5,gasoline,all formulations,weekly-mon,3.841
2011-03-21,GASREGWCW,PADD 5,gasoline,all formulations,weekly-mon,3.857
2011-03-28,GASREGWCW,PADD 5,gasoline,all formulations,weekly-mon,3.916
2011-04-04,GASREGWCW,PADD 5,gasoline,all formulations,weekly-mon,3.951
2011-04-11,GASREGWCW,PADD 5,gasoline,all formulations,weekly-mon,4.035
2011-04-18,GASREGWCW,PADD 5,gasoline,all formulations,weekly-mon,4.081
2011-04-25,GASREGWCW,PADD 5,gasoline,all formulations,weekly-mon,4.098
2011-05-02,GASREGWCW,PADD 5,gasoline,all formulations,weekly-mon,4.14
2011-05-09,GASREGWCW,PADD 5,gasoline,all formulations,weekly-mon,4.149
2011-05-16,GASREGWCW,PADD 5,gasoline,all formulations,weekly-mon,4.117
2011-05-23,GASREGWCW,PADD 5,gasoline,all formulations,weekly-mon,4.036
2011-05-30,GASREGWCW,PADD 5,gasoline,all formulations,weekly-mon,3.98
2011-06-06,GASREGWCW,PADD 5,gasoline,all formulations,weekly-mon,3.931
2011-06-13,GASREGWCW,PADD 5,gasoline,all formulations,weekly-mon,3.886
2011-06-20,GASREGWCW,PADD 5,gasoline,all formulations,weekly-mon,3.849
2011-06-27,GASREGWCW,PADD 5,gasoline,all formulations,weekly-mon,3.793
2011-07-04,GASREGWCW,PADD 5,gasoline,all formulations,weekly-mon,3.745
2011-07-11,GASREGWCW,PADD 5,gasoline,all formulations,weekly-mon,3.73
2011-07-18,GASREGWCW,PADD 5,gasoline,all formulations,weekly-mon,3.746
2011-07-25,GASREGWCW,PADD 5,gasoline,all formulations,weekly-mon,3.756
2011-08-01,GASREGWCW,PADD 5,gasoline,all formulations,weekly-mon,3.754
2011-08-08,GASREGWCW,PADD 5,gasoline,all formulations,weekly-mon,3.745
2011-08-15,GASREGWCW,PADD 5,gasoline,all formulations,weekly-mon,3.694
2011-08-22,GASREGWCW,PADD 5,gasoline,all formulations,weekly-mon,3.691
2011-08-29,GASREGWCW,PADD 5,gasoline,all formulations,weekly-mon,3.749
2011-09-05,GASREGWCW,PADD 5,gasoline,all formulations,weekly-mon,3.864
2011-09-12,GASREGWCW,PADD 5,gasoline,all formulations,weekly-mon,3.868
2011-09-19,GASREGWCW,PADD 5,gasoline,all formulations,weekly-mon,3.856
2011-09-26,GASREGWCW,PADD 5,gasoline,all formulations,weekly-mon,3.827
2011-10-03,GASREGWCW,PADD 5,gasoline,all formulations,weekly-mon,3.777
2011-10-10,GASREGWCW,PADD 5,gasoline,all formulations,weekly-mon,3.754
2011-10-17,GASREGWCW,PADD 5,gasoline,all formulations,weekly-mon,3.791
2011-10-24,GASREGWCW,PADD 5,gasoline,all formulations,weekly-mon,3.792
2011-10-31,GASREGWCW,PADD 5,gasoline,all formulations,weekly-mon,3.776
2011-11-07,GASREGWCW,PADD 5,gasoline,all formulations,weekly-mon,3.772
2011-11-14,GASREGWCW,PADD 5,gasoline,all formulations,weekly-mon,3.759
2011-11-21,GASREGWCW,PADD 5,gasoline,all formulations,weekly-mon,3.708
2011-11-28,GASREGWCW,PADD 5,gasoline,all formulations,weekly-mon,3.648
2011-12-05,GASREGWCW,PADD 5,gasoline,all formulations,weekly-mon,3.591
2011-12-12,GASREGWCW,PADD 5,gasoline,all formulations,weekly-mon,3.548
2011-12-19,GASREGWCW,PADD 5,gasoline,all formulations,weekly-mon,3.49
2011-12-26,GASREGWCW,PADD 5,gasoline,all formulations,weekly-mon,3.503
2012-01-02,GASREGWCW,PADD 5,gasoline,all formulations,weekly-mon,3.546
2012-01-09,GASREGWCW,PADD 5,gasoline,all formulations,weekly-mon,3.605
2012-01-16,GASREGWCW,PADD 5,gasoline,all formulations,weekly-mon,3.607
2012-01-23,GASREGWCW,PADD 5,gasoline,all formulations,weekly-mon,3.623
2012-01-30,GASREGWCW,PADD 5,gasoline,all formulations,weekly-mon,3.65
2012-02-06,GASREGWCW,PADD 5,gasoline,all formulations,weekly-mon,3.669
2012-02-13,GASREGWCW,PADD 5,gasoline,all formulations,weekly-mon,3.727
2012-02-20,GASREGWCW,PADD 5,gasoline,all formulations,weekly-mon,3.896
2012-02-27,GASREGWCW,PADD 5,gasoline,all formulations,weekly-mon,4.124
2012-03-05,GASREGWCW,PADD 5,gasoline,all formulations,weekly-mon,4.196
2012-03-12,GASREGWCW,PADD 5,gasoline,all formulations,weekly-mon,4.218
2012-03-19,GASREGWCW,PADD 5,gasoline,all formulations,weekly-mon,4.234
2012-03-26,GASREGWCW,PADD 5,gasoline,all formulations,weekly-mon,4.242
2012-04-02,GASREGWCW,PADD 5,gasoline,all formulations,weekly-mon,4.231
2012-04-09,GASREGWCW,PADD 5,gasoline,all formulations,weekly-mon,4.203
2012-04-16,GASREGWCW,PADD 5,gasoline,all formulations,weekly-mon,4.171
2012-04-23,GASREGWCW,PADD 5,gasoline,all formulations,weekly-mon,4.143
2012-04-30,GASREGWCW,PADD 5,gasoline,all formulations,weekly-mon,4.121
2012-05-07,GASREGWCW,PADD 5,gasoline,all formulations,weekly-mon,4.135
2012-05-14,GASREGWCW,PADD 5,gasoline,all formulations,weekly-mon,4.255
2012-05-21,GASREGWCW,PADD 5,gasoline,all formulations,weekly-mon,4.242
2012-05-28,GASREGWCW,PADD 5,gasoline,all formulations,weekly-mon,4.227
2012-06-04,GASREGWCW,PADD 5,gasoline,all formulations,weekly-mon,4.185
2012-06-11,GASREGWCW,PADD 5,gasoline,all formulations,weekly-mon,4.093
2012-06-18,GASREGWCW,PADD 5,gasoline,all formulations,weekly-mon,3.964
2012-06-25,GASREGWCW,PADD 5,gasoline,all formulations,weekly-mon,3.823
2012-07-02,GASREGWCW,PADD 5,gasoline,all formulations,weekly-mon,3.715
2012-07-09,GASREGWCW,PADD 5,gasoline,all formulations,weekly-mon,3.672
2012-07-16,GASREGWCW,PADD 5,gasoline,all formulations,weekly-mon,3.674
2012-07-23,GASREGWCW,PADD 5,gasoline,all formulations,weekly-mon,3.715
2012-07-30,GASREGWCW,PADD 5,gasoline,all formulations,weekly-mon,3.708
2012-08-06,GASREGWCW,PADD 5,gasoline,all formulations,weekly-mon,3.758
2012-08-13,GASREGWCW,PADD 5,gasoline,all formulations,weekly-mon,3.948
2012-08-20,GASREGWCW,PADD 5,gasoline,all formulations,weekly-mon,4.002
2012-08-27,GASREGWCW,PADD 5,gasoline,all formulations,weekly-mon,4.04
2012-09-03,GASREGWCW,PADD 5,gasoline,all formulations,weekly-mon,4.073
2012-09-10,GASREGWCW,PADD 5,gasoline,all formulations,weekly-mon,4.083
2012-09-17,GASREGWCW,PADD 5,gasoline,all formulations,weekly-mon,4.074
2012-09-24,GASREGWCW,PADD 5,gasoline,all formulations,weekly-mon,4.065
2012-10-01,GASREGWCW,PADD 5,gasoline,all formulations,weekly-mon,4.081
2012-10-08,GASREGWCW,PADD 5,gasoline,all formulations,weekly-mon,4.409
2012-10-15,GASREGWCW,PADD 5,gasoline,all formulations,weekly-mon,4.391
2012-10-22,GASREGWCW,PADD 5,gasoline,all formulations,weekly-mon,4.245
2012-10-29,GASREGWCW,PADD 5,gasoline,all formulations,weekly-mon,4.045
2012-11-05,GASREGWCW,PADD 5,gasoline,all formulations,weekly-mon,3.899
2012-11-12,GASREGWCW,PADD 5,gasoline,all formulations,weekly-mon,3.783
2012-11-19,GASREGWCW,PADD 5,gasoline,all formulations,weekly-mon,3.707
2012-11-26,GASREGWCW,PADD 5,gasoline,all formulations,weekly-mon,3.668
2012-12-03,GASREGWCW,PADD 5,gasoline,all formulations,weekly-mon,3.615
2012-12-10,GASREGWCW,PADD 5,gasoline,all formulations,weekly-mon,3.544
2012-12-17,GASREGWCW,PADD 5,gasoline,all formulations,weekly-mon,3.457
2012-12-24,GASREGWCW,PADD 5,gasoline,all formulations,weekly-mon,3.427
2012-12-31,GASREGWCW,PADD 5,gasoline,all formulations,weekly-mon,3.457
2013-01-07,GASREGWCW,PADD 5,gasoline,all formulations,weekly-mon,3.488
2013-01-14,GASREGWCW,PADD 5,gasoline,all formulations,weekly-mon,3.491
2013-01-21,GASREGWCW,PADD 5,gasoline,all formulations,weekly-mon,3.503
2013-01-28,GASREGWCW,PADD 5,gasoline,all formulations,weekly-mon,3.545
2013-02-04,GASREGWCW,PADD 5,gasoline,all formulations,weekly-mon,3.738
2013-02-11,GASREGWCW,PADD 5,gasoline,all formulations,weekly-mon,3.867
2013-02-18,GASREGWCW,PADD 5,gasoline,all formulations,weekly-mon,3.973
2013-02-25,GASREGWCW,PADD 5,gasoline,all formulations,weekly-mon,4.053
2013-03-04,GASREGWCW,PADD 5,gasoline,all formulations,weekly-mon,4.069
2013-03-11,GASREGWCW,PADD 5,gasoline,all formulations,weekly-mon,4.049
2013-03-18,GASREGWCW,PADD 5,gasoline,all formulations,weekly-mon,4.007
2013-03-25,GASREGWCW,PADD 5,gasoline,all formulations,weekly-mon,3.962
2013-04-01,GASREGWCW,PADD 5,gasoline,all formulations,weekly-mon,3.945
2013-04-08,GASREGWCW,PADD 5,gasoline,all formulations,weekly-mon,3.928
2013-04-15,GASREGWCW,PADD 5,gasoline,all formulations,weekly-mon,3.888
2013-04-22,GASREGWCW,PADD 5,gasoline,all formulations,weekly-mon,3.836
2013-04-29,GASREGWCW,PADD 5,gasoline,all formulations,weekly-mon,3.8
2013-05-06,GASREGWCW,PADD 5,gasoline,all formulations,weekly-mon,3.811
2013-05-13,GASREGWCW,PADD 5,gasoline,all formulations,weekly-mon,3.938
2013-05-20,GASREGWCW,PADD 5,gasoline,all formulations,weekly-mon,3.952
2013-05-27,GASREGWCW,PADD 5,gasoline,all formulations,weekly-mon,3.933
2013-06-03,GASREGWCW,PADD 5,gasoline,all formulations,weekly-mon,3.889
2013-06-10,GASREGWCW,PADD 5,gasoline,all formulations,weekly-mon,3.878
2013-06-17,GASREGWCW,PADD 5,gasoline,all formulations,weekly-mon,3.888
2013-06-24,GASREGWCW,PADD 5,gasoline,all formulations,weekly-mon,3.948
2013-07-01,GASREGWCW,PADD 5,gasoline,all formulations,weekly-mon,3.892
2013-07-08,GASREGWCW,PADD 5,gasoline,all formulations,weekly-mon,3.875
2013-07-15,GASREGWCW,PADD 5,gasoline,all formulations,weekly-mon,3.925
2013-07-22,GASREGWCW,PADD 5,gasoline,all formulations,weekly-mon,3.954
2013-07-29,GASREGWCW,PADD 5,gasoline,all formulations,weekly-mon,3.929
2013-08-05,GASREGWCW,PADD 5,gasoline,all formulations,weekly-mon,3.887
2013-08-12,GASREGWCW,PADD 5,gasoline,all formulations,weekly-mon,3.84
2013-08-19,GASREGWCW,PADD 5,gasoline,all formulations,weekly-mon,3.778
2013-08-26,GASREGWCW,PADD 5,gasoline,all formulations,weekly-mon,3.745
2013-09-02,GASREGWCW,PADD 5,gasoline,all formulations,weekly-mon,3.75
2013-09-09,GASREGWCW,PADD 5,gasoline,all formulations,weekly-mon,3.797
2013-09-16,GASREGWCW,PADD 5,gasoline,all formulations,weekly-mon,3.9
2013-09-23,GASREGWCW,PADD 5,gasoline,all formulations,weekly-mon,3.866
2013-09-30,GASREGWCW,PADD 5,gasoline,all formulations,weekly-mon,3.802
2013-10-07,GASREGWCW,PADD 5,gasoline,all formulations,weekly-mon,3.737
2013-10-14,GASREGWCW,PADD 5,gasoline,all formulations,weekly-mon,3.684
2013-10-21,GASREGWCW,PADD 5,gasoline,all formulations,weekly-mon,3.655
2013-10-28,GASREGWCW,PADD 5,gasoline,all formulations,weekly-mon,3.609
2013-11-04,GASREGWCW,PADD 5,gasoline,all formulations,weekly-mon,3.564
2013-11-11,GASREGWCW,PADD 5,gasoline,all formulations,weekly-mon,3.507
2013-11-18,GASREGWCW,PADD 5,gasoline,all formulations,weekly-mon,3.467
2013-11-25,GASREGWCW,PADD 5,gasoline,all formulations,weekly-mon,3.457
2013-12-02,GASREGWCW,PADD 5,gasoline,all formulations,weekly-mon,3.475
2013-12-09,GASREGWCW,PADD 5,gasoline,all formulations,weekly-mon,3.477
2013-12-16,GASREGWCW,PADD 5,gasoline,all formulations,weekly-mon,3.472
2013-12-23,GASREGWCW,PADD 5,gasoline,all formulations,weekly-mon,3.483
2013-12-30,GASREGWCW,PADD 5,gasoline,all formulations,weekly-mon,3.526
2014-01-06,GASREGWCW,PADD 5,gasoline,all formulations,weekly-mon,3.547
2014-01-13,GASREGWCW,PADD 5,gasoline,all formulations,weekly-mon,3.526
2014-01-20,GASREGWCW,PADD 5,gasoline,all formulations,weekly-mon,3.492
2014-01-27,GASREGWCW,PADD 5,gasoline,all formulations,weekly-mon,3.486
2014-02-03,GASREGWCW,PADD 5,gasoline,all formulations,weekly-mon,3.492
2014-02-10,GASREGWCW,PADD 5,gasoline,all formulations,weekly-mon,3.517
2014-02-17,GASREGWCW,PADD 5,gasoline,all formulations,weekly-mon,3.572
2014-02-24,GASREGWCW,PADD 5,gasoline,all formulations,weekly-mon,3.652
2014-03-03,GASREGWCW,PADD 5,gasoline,all formulations,weekly-mon,3.708
2014-03-10,GASREGWCW,PADD 5,gasoline,all formulations,weekly-mon,3.755
2014-03-17,GASREGWCW,PADD 5,gasoline,all formulations,weekly-mon,3.81
2014-03-24,GASREGWCW,PADD 5,gasoline,all formulations,weekly-mon,3.823
2014-03-31,GASREGWCW,PADD 5,gasoline,all formulations,weekly-mon,3.852
2014-04-07,GASREGWCW,PADD 5,gasoline,all formulations,weekly-mon,3.88
2014-04-14,GASREGWCW,PADD 5,gasoline,all formulations,weekly-mon,3.977
2014-04-21,GASREGWCW,PADD 5,gasoline,all formulations,weekly-mon,4.027
2014-04-28,GASREGWCW,PADD 5,gasoline,all formulations,weekly-mon,4.073
2014-05-05,GASREGWCW,PADD 5,gasoline,all formulations,weekly-mon,4.055
2014-05-12,GASREGWCW,PADD 5,gasoline,all formulations,weekly-mon,4.022
2014-05-19,GASREGWCW,PADD 5,gasoline,all formulations,weekly-mon,4.015
2014-05-26,GASREGWCW,PADD 5,gasoline,all formulations,weekly-mon,4.004
2014-06-02,GASREGWCW,PADD 5,gasoline,all formulations,weekly-mon,4.007
2014-06-09,GASREGWCW,PADD 5,gasoline,all formulations,weekly-mon,3.995
2014-06-16,GASREGWCW,PADD 5,gasoline,all formulations,weekly-mon,3.999
2014-06-23,GASREGWCW,PADD 5,gasoline,all formulations,weekly-mon,4.011
2014-06-30,GASREGWCW,PADD 5,gasoline,all formulations,weekly-mon,4.036
2014-07-07,GASREGWCW,PADD 5,gasoline,all formulations,weekly-mon,4.037
2014-07-14,GASREGWCW,PADD 5,gasoline,all formulations,weekly-mon,4.001
2014-07-21,GASREGWCW,PADD 5,gasoline,all formulations,weekly-mon,3.957
2014-07-28,GASREGWCW,PADD 5,gasoline,all formulations,weekly-mon,3.922
2014-08-04,GASREGWCW,PADD 5,gasoline,all formulations,weekly-mon,3.891
2014-08-11,GASREGWCW,PADD 5,gasoline,all formulations,weekly-mon,3.87
2014-08-18,GASREGWCW,PADD 5,gasoline,all formulations,weekly-mon,3.845
2014-08-25,GASREGWCW,PADD 5,gasoline,all formulations,weekly-mon,3.825
2014-09-01,GASREGWCW,PADD 5,gasoline,all formulations,weekly-mon,3.797
2014-09-08,GASREGWCW,PADD 5,gasoline,all formulations,weekly-mon,3.774
2014-09-15,GASREGWCW,PADD 5,gasoline,all formulations,weekly-mon,3.741
2014-09-22,GASREGWCW,PADD 5,gasoline,all formulations,weekly-mon,3.683
2014-09-29,GASREGWCW,PADD 5,gasoline,all formulations,weekly-mon,3.645
2014-10-06,GASREGWCW,PADD 5,gasoline,all formulations,weekly-mon,3.61
2014-10-13,GASREGWCW,PADD 5,gasoline,all formulations,weekly-mon,3.536
2014-10-20,GASREGWCW,PADD 5,gasoline,all formulations,weekly-mon,3.424
2014-10-27,GASREGWCW,PADD 5,gasoline,all formulations,weekly-mon,3.324
2014-11-03,GASREGWCW,PADD 5,gasoline,all formulations,weekly-mon,3.237
2014-11-10,GASREGWCW,PADD 5,gasoline,all formulations,weekly-mon,3.168
2014-11-17,GASREGWCW,PADD 5,gasoline,all formulations,weekly-mon,3.114
2014-11-24,GASREGWCW,PADD 5,gasoline,all formulations,weekly-mon,3.048
2014-12-01,GASREGWCW,PADD 5,gasoline,all formulations,weekly-mon,3.016
2014-12-08,GASREGWCW,PADD 5,gasoline,all formulations,weekly-mon,2.94
2014-12-15,GASREGWCW,PADD 5,gasoline,all formulations,weekly-mon,2.833
2014-12-22,GASREGWCW,PADD 5,gasoline,all formulations,weekly-mon,2.699
2014-12-29,GASREGWCW,PADD 5,gasoline,all formulations,weekly-mon,2.617
2015-01-05,GASREGWCW,PADD 5,gasoline,all formulations,weekly-mon,2.582
2015-01-12,GASREGWCW,PADD 5,gasoline,all formulations,weekly-mon,2.49
2015-01-19,GASREGWCW,PADD 5,gasoline,all formulations,weekly-mon,2.382
2015-01-26,GASREGWCW,PADD 5,gasoline,all formulations,weekly-mon,2.329
2015-02-02,GASREGWCW,PADD 5,gasoline,all formulations,weekly-mon,2.328
2015-02-09,GASREGWCW,PADD 5,gasoline,all formulations,weekly-mon,2.474
2015-02-16,GASREGWCW,PADD 5,gasoline,all formulations,weekly-mon,2.622
2015-02-23,GASREGWCW,PADD 5,gasoline,all formulations,weekly-mon,2.758
2015-03-02,GASREGWCW,PADD 5,gasoline,all formulations,weekly-mon,3.13
2015-03-09,GASREGWCW,PADD 5,gasoline,all formulations,weekly-mon,3.182
2015-03-16,GASREGWCW,PADD 5,gasoline,all formulations,weekly-mon,3.116
2015-03-23,GASREGWCW,PADD 5,gasoline,all formulations,weekly-mon,3.047
2015-03-30,GASREGWCW,PADD 5,gasoline,all formulations,weekly-mon,3.0
2015-04-06,GASREGWCW,PADD 5,gasoline,all formulations,weekly-mon,2.954
2015-04-13,GASREGWCW,PADD 5,gasoline,all formulations,weekly-mon,2.922
2015-04-20,GASREGWCW,PADD 5,gasoline,all formulations,weekly-mon,2.968
2015-04-27,GASREGWCW,PADD 5,gasoline,all formulations,weekly-mon,3.182
2015-05-04,GASREGWCW,PADD 5,gasoline,all formulations,weekly-mon,3.416
2015-05-11,GASREGWCW,PADD 5,gasoline,all formulations,weekly-mon,3.444
2015-05-18,GASREGWCW,PADD 5,gasoline,all formulations,weekly-mon,3.513
2015-05-25,GASREGWCW,PADD 5,gasoline,all formulations,weekly-mon,3.487
2015-06-01,GASREGWCW,PADD 5,gasoline,all formulations,weekly-mon,3.444
2015-06-08,GASREGWCW,PADD 5,gasoline,all formulations,weekly-mon,3.377
2015-06-15,GASREGWCW,PADD 5,gasoline,all formulations,weekly-mon,3.334
2015-06-22,GASREGWCW,PADD 5,gasoline,all formulations,weekly-mon,3.329
2015-06-29,GASREGWCW,PADD 5,gasoline,all formulations,weekly-mon,3.309
2015-07-06,GASREGWCW,PADD 5,gasoline,all formulations,weekly-mon,3.297
2015-07-13,GASREGWCW,PADD 5,gasoline,all formulations,weekly-mon,3.589
2015-07-20,GASREGWCW,PADD 5,gasoline,all formulations,weekly-mon,3.604
2015-07-27,GASREGWCW,PADD 5,gasoline,all formulations,weekly-mon,3.545
2015-08-03,GASREGWCW,PADD 5,gasoline,all formulations,weekly-mon,3.48
2015-08-10,GASREGWCW,PADD 5,gasoline,all formulations,weekly-mon,3.361
2015-08-17,GASREGWCW,PADD 5,gasoline,all formulations,weekly-mon,3.363
2015-08-24,GASREGWCW,PADD 5,gasoline,all formulations,weekly-mon,3.283
2015-08-31,GASREGWCW,PADD 5,gasoline,all formulations,weekly-mon,3.162
2015-09-07,GASREGWCW,PADD 5,gasoline,all formulations,weekly-mon,3.091
2015-09-14,GASREGWCW,PADD 5,gasoline,all formulations,weekly-mon,2.992
2015-09-21,GASREGWCW,PADD 5,gasoline,all formulations,weekly-mon,2.911
2015-09-28,GASREGWCW,PADD 5,gasoline,all formulations,weekly-mon,2.836
2015-10-05,GASREGWCW,PADD 5,gasoline,all formulations,weekly-mon,2.785
2015-10-12,GASREGWCW,PADD 5,gasoline,all formulations,weekly-mon,2.748
2015-10-19,GASREGWCW,PADD 5,gasoline,all formulations,weekly-mon,2.699
2015-10-26,GASREGWCW,PADD 5,gasoline,all formulations,weekly-mon,2.677
2015-11-02,GASREGWCW,PADD 5,gasoline,all formulations,weekly-mon,2.646
2015-11-09,GASREGWCW,PADD 5,gasoline,all formulations,weekly-mon,2.667
2015-11-16,GASREGWCW,PADD 5,gasoline,all formulations,weekly-mon,2.636
2015-11-23,GASREGWCW,PADD 5,gasoline,all formulations,weekly-mon,2.579
2015-11-30,GASREGWCW,PADD 5,gasoline,all formulations,weekly-mon,2.551
2015-12-07,GASREGWCW,PADD 5,gasoline,all formulations,weekly-mon,2.537
2015-12-14,GASREGWCW,PADD 5,gasoline,all formulations,weekly-mon,2.514
2015-12-21,GASREGWCW,PADD 5,gasoline,all formulations,weekly-mon,2.57
2015-12-28,GASREGWCW,PADD 5,gasoline,all formulations,weekly-mon,2.63
2016-01-04,GASREGWCW,PADD 5,gasoline,all formulations,weekly-mon,2.663
2016-01-11,GASREGWCW,PADD 5,gasoline,all formulations,weekly-mon,2.63
2016-01-18,GASREGWCW,PADD 5,gasoline,all formulations,weekly-mon,2.523
2016-01-25,GASREGWCW,PADD 5,gasoline,all formulations,weekly-mon,2.459
2016-02-01,GASREGWCW,PADD 5,gasoline,all formulations,weekly-mon,2.375
2016-02-08,GASREGWCW,PADD 5,gasoline,all formulations,weekly-mon,2.312
2016-02-15,GASREGWCW,PADD 5,gasoline,all formulations,weekly-mon,2.217
2016-02-22,GASREGWCW,PADD 5,gasoline,all formulations,weekly-mon,2.141
2016-02-29,GASREGWCW,PADD 5,gasoline,all formulations,weekly-mon,2.208
2016-03-07,GASREGWCW,PADD 5,gasoline,all formulations,weekly-mon,2.244
2016-03-14,GASREGWCW,PADD 5,gasoline,all formulations,weekly-mon,2.394
2016-03-21,GASREGWCW,PADD 5,gasoline,all formulations,weekly-mon,2.48
2016-03-28,GASREGWCW,PADD 5,gasoline,all formulations,weekly-mon,2.57
2016-04-04,GASREGWCW,PADD 5,gasoline,all formulations,weekly-mon,2.58
2016-04-11,GASREGWCW,PADD 5,gasoline,all formulations,weekly-mon,2.563
2016-04-18,GASREGWCW,PADD 5,gasoline,all formulations,weekly-mon,2.591
2016-04-25,GASREGWCW,PADD 5,gasoline,all formulations,weekly-mon,2.596
2016-05-02,GASREGWCW,PADD 5,gasoline,all formulations,weekly-mon,2.635
2016-05-09,GASREGWCW,PADD 5,gasoline,all formulations,weekly-mon,2.634
2016-05-16,GASREGWCW,PADD 5,gasoline,all formulations,weekly-mon,2.644
2016-05-23,GASREGWCW,PADD 5,gasoline,all formulations,weekly-mon,2.658
2016-05-30,GASREGWCW,PADD 5,gasoline,all formulations,weekly-mon,2.673
2016-06-06,GASREGWCW,PADD 5,gasoline,all formulations,weekly-mon,2.698
2016-06-13,GASREGWCW,PADD 5,gasoline,all formulations,weekly-mon,2.721
2016-06-20,GASREGWCW,PADD 5,gasoline,all formulations,weekly-mon,2.72
2016-06-27,GASREGWCW,PADD 5,gasoline,all formulations,weekly-mon,2.764
2016-07-04,GASREGWCW,PADD 5,gasoline,all formulations,weekly-mon,2.759
2016-07-11,GASREGWCW,PADD 5,gasoline,all formulations,weekly-mon,2.731
2016-07-18,GASREGWCW,PADD 5,gasoline,all formulations,weekly-mon,2.721
2016-07-25,GASREGWCW,PADD 5,gasoline,all formulations,weekly-mon,2.67
2016-08-01,GASREGWCW,PADD 5,gasoline,all formulations,weekly-mon,2.614
2016-08-08,GASREGWCW,PADD 5,gasoline,all formulations,weekly-mon,2.573
2016-08-15,GASREGWCW,PADD 5,gasoline,all formulations,weekly-mon,2.534
2016-08-22,GASREGWCW,PADD 5,gasoline,all formulations,weekly-mon,2.573
2016-08-29,GASREGWCW,PADD 5,gasoline,all formulations,weekly-mon,2.592
2016-09-05,GASREGWCW,PADD 5,gasoline,all formulations,weekly-mon,2.594
2016-09-12,GASREGWCW,PADD 5,gasoline,all formulations,weekly-mon,2.632
2016-09-19,GASREGWCW,PADD 5,gasoline,all formulations,weekly-mon,2.65
2016-09-26,GASREGWCW,PADD 5,gasoline,all formulations,weekly-mon,2.651
2016-10-03,GASREGWCW,PADD 5,gasoline,all formulations,weekly-mon,2.679
2016-10-10,GASREGWCW,PADD 5,gasoline,all formulations,weekly-mon,2.675
2016-10-17,GASREGWCW,PADD 5,gasoline,all formulations,weekly-mon,2.679
2016-10-24,GASREGWCW,PADD 5,gasoline,all formulations,weekly-mon,2.68
2016-10-31,GASREGWCW,PADD 5,gasoline,all formulations,weekly-mon,2.697
2016-11-07,GASREGWCW,PADD 5,gasoline,all formulations,weekly-mon,2.686
2016-11-14,GASREGWCW,PADD 5,gasoline,all formulations,weekly-mon,2.645
2016-11-21,GASREGWCW,PADD 5,gasoline,all formulations,weekly-mon,2.591
2016-11-28,GASREGWCW,PADD 5,gasoline,all formulations,weekly-mon,2.572
2016-12-05,GASREGWCW,PADD 5,gasoline,all formulations,weekly-mon,2.571
2016-12-12,GASREGWCW,PADD 5,gasoline,all formulations,weekly-mon,2.556
2016-12-19,GASREGWCW,PADD 5,gasoline,all formulations,weekly-mon,2.563
2016-12-26,GASREGWCW,PADD 5,gasoline,all formulations,weekly-mon,2.592
2017-01-02,GASREGWCW,PADD 5,gasoline,all formulations,weekly-mon,2.651
2017-01-09,GASREGWCW,PADD 5,gasoline,all formulations,weekly-mon,2.68
2017-01-16,GASREGWCW,PADD 5,gasoline,all formulations,weekly-mon,2.683
2017-01-23,GASREGWCW,PADD 5,gasoline,all formulations,weekly-mon,2.676
2017-01-30,GASREGWCW,PADD 5,gasoline,all formulations,weekly-mon,2.678
2017-02-06,GASREGWCW,PADD 5,gasoline,all formulations,weekly-mon,2.7
2017-02-13,GASREGWCW,PADD 5,gasoline,all formulations,weekly-mon,2.732
2017-02-20,GASREGWCW,PADD 5,gasoline,all formulations,weekly-mon,2.75
2017-02-27,GASREGWCW,PADD 5,gasoline,all formulations,weekly-mon,2.796
2017-03-06,GASREGWCW,PADD 5,gasoline,all formulations,weekly-mon,2.832
2017-03-13,GASREGWCW,PADD 5,gasoline,all formulations,weekly-mon,2.851
2017-03-20,GASREGWCW,PADD 5,gasoline,all formulations,weekly-mon,2.849
2017-03-27,GASREGWCW,PADD 5,gasoline,all formulations,weekly-mon,2.848
2017-04-03,GASREGWCW,PADD 5,gasoline,all formulations,weekly-mon,2.853
2017-04-10,GASREGWCW,PADD 5,gasoline,all formulations,weekly-mon,2.873
2017-04-17,GASREGWCW,PADD 5,gasoline,all formulations,weekly-mon,2.883
2017-04-24,GASREGWCW,PADD 5,gasoline,all formulations,weekly-mon,2.891
2017-05-01,GASREGWCW,PADD 5,gasoline,all formulations,weekly-mon,2.879
2017-05-08,GASREGWCW,PADD 5,gasoline,all formulations,weekly-mon,2.863
2017-05-15,GASREGWCW,PADD 5,gasoline,all formulations,weekly-mon,2.872
2017-05-22,GASREGWCW,PADD 5,gasoline,all formulations,weekly-mon,2.933
2017-05-29,GASREGWCW,PADD 5,gasoline,all formulations,weekly-mon,2.959
2017-06-05,GASREGWCW,PADD 5,gasoline,all formulations,weekly-mon,2.942
2017-06-12,GASREGWCW,PADD 5,gasoline,all formulations,weekly-mon,2.892
2017-06-19,GASREGWCW,PADD 5,gasoline,all formulations,weekly-mon,2.86
2017-06-26,GASREGWCW,PADD 5,gasoline,all formulations,weekly-mon,2.826
2017-07-03,GASREGWCW,PADD 5,gasoline,all formulations,weekly-mon,2.816
2017-07-10,GASREGWCW,PADD 5,gasoline,all formulations,weekly-mon,2.819
2017-07-17,GASREGWCW,PADD 5,gasoline,all formulations,weekly-mon,2.807
2017-07-24,GASREGWCW,PADD 5,gasoline,all formulations,weekly-mon,2.807
2017-07-31,GASREGWCW,PADD 5,gasoline,all formulations,weekly-mon,2.833
2017-08-07,GASREGWCW,PADD 5,gasoline,all formulations,weekly-mon,2.842
2017-08-14,GASREGWCW,PADD 5,gasoline,all formulations,weekly-mon,2.865
2017-08-21,GASREGWCW,PADD 5,gasoline,all formulations,weekly-mon,2.886
2017-08-28,GASREGWCW,PADD 5,gasoline,all formulations,weekly-mon,2.903
2017-09-04,GASREGWCW,PADD 5,gasoline,all formulations,weekly-mon,3.017
2017-09-11,GASREGWCW,PADD 5,gasoline,all formulations,weekly-mon,3.038
2017-09-18,GASREGWCW,PADD 5,gasoline,all formulations,weekly-mon,3.022
2017-09-25,GASREGWCW,PADD 5,gasoline,all formulations,weekly-mon,3.004
2017-10-02,GASREGWCW,PADD 5,gasoline,all formulations,weekly-mon,2.975
2017-10-09,GASREGWCW,PADD 5,gasoline,all formulations,weekly-mon,2.947
2017-10-16,GASREGWCW,PADD 5,gasoline,all formulations,weekly-mon,2.938
2017-10-23,GASREGWCW,PADD 5,gasoline,all formulations,weekly-mon,2.925
2017-10-30,GASREGWCW,PADD 5,gasoline,all formulations,weekly-mon,2.928
2017-11-06,GASREGWCW,PADD 5,gasoline,all formulations,weekly-mon,3.049
2017-11-13,GASREGWCW,PADD 5,gasoline,all formulations,weekly-mon,3.084
2017-11-20,GASREGWCW,PADD 5,gasoline,all formulations,weekly-mon,3.051
2017-11-27,GASREGWCW,PADD 5,gasoline,all formulations,weekly-mon,3.035
2017-12-04,GASREGWCW,PADD 5,gasoline,all formulations,weekly-mon,3.006
2017-12-11,GASREGWCW,PADD 5,gasoline,all formulations,weekly-mon,2.974
2017-12-18,GASREGWCW,PADD 5,gasoline,all formulations,weekly-mon,2.961
2017-12-25,GASREGWCW,PADD 5,gasoline,all formulations,weekly-mon,2.966
2018-01-01,GASREGWCW,PADD 5,gasoline,all formulations,weekly-mon,2.975
2018-01-08,GASREGWCW,PADD 5,gasoline,all formulations,weekly-mon,3.011
2018-01-15,GASREGWCW,PADD 5,gasoline,all formulations,weekly-mon,3.011
2018-01-22,GASREGWCW,PADD 5,gasoline,all formulations,weekly-mon,3.024
2018-01-29,GASREGWCW,PADD 5,gasoline,all formulations,weekly-mon,3.088
2018-02-05,GASREGWCW,PADD 5,gasoline,all formulations,weekly-mon,3.145
2018-02-12,GASREGWCW,PADD 5,gasoline,all formulations,weekly-mon,3.142
2018-02-19,GASREGWCW,PADD 5,gasoline,all formulations,weekly-mon,3.13
2018-02-26,GASREGWCW,PADD 5,gasoline,all formulations,weekly-mon,3.136
2018-03-05,GASREGWCW,PADD 5,gasoline,all formulations,weekly-mon,3.141
2018-03-12,GASREGWCW,PADD 5,gasoline,all formulations,weekly-mon,3.17
2018-03-19,GASREGWCW,PADD 5,gasoline,all formulations,weekly-mon,3.215
2018-03-26,GASREGWCW,PADD 5,gasoline,all formulations,weekly-mon,3.274
2018-04-02,GASREGWCW,PADD 5,gasoline,all formulations,weekly-mon,3.327
2018-04-09,GASREGWCW,PADD 5,gasoline,all formulations,weekly-mon,3.33
2018-04-16,GASREGWCW,PADD 5,gasoline,all formulations,weekly-mon,3.367
2018-04-23,GASREGWCW,PADD 5,gasoline,all formulations,weekly-mon,3.391
2018-04-30,GASREGWCW,PADD 5,gasoline,all formulations,weekly-mon,3.432
2018-05-07,GASREGWCW,PADD 5,gasoline,all formulations,weekly-mon,3.464
2018-05-14,GASREGWCW,PADD 5,gasoline,all formulations,weekly-mon,3.405
2018-05-21,GASREGWCW,PADD 5,gasoline,all formulations,weekly-mon,3.435
2018-05-28,GASREGWCW,PADD 5,gasoline,all formulations,weekly-mon,3.463
2018-06-04,GASREGWCW,PADD 5,gasoline,all formulations,weekly-mon,3.46
2018-06-11,GASREGWCW,PADD 5,gasoline,all formulations,weekly-mon,3.452
2018-06-18,GASREGWCW,PADD 5,gasoline,all formulations,weekly-mon,3.434
2018-06-25,GASREGWCW,PADD 5,gasoline,all formulations,weekly-mon,3.409
2018-07-02,GASREGWCW,PADD 5,gasoline,all formulations,weekly-mon,3.393
2018-07-09,GASREGWCW,PADD 5,gasoline,all formulations,weekly-mon,3.394
2018-07-16,GASREGWCW,PADD 5,gasoline,all formulations,weekly-mon,3.378
2018-07-23,GASREGWCW,PADD 5,gasoline,all formulations,weekly-mon,3.358
2018-07-30,GASREGWCW,PADD 5,gasoline,all formulations,weekly-mon,3.349
2018-08-06,GASREGWCW,PADD 5,gasoline,all formulations,weekly-mon,3.342
2018-08-13,GASREGWCW,PADD 5,gasoline,all formulations,weekly-mon,3.329
2018-08-20,GASREGWCW,PADD 5,gasoline,all formulations,weekly-mon,3.307
2018-08-27,GASREGWCW,PADD 5,gasoline,all formulations,weekly-mon,3.31
2018-09-03,GASREGWCW,PADD 5,gasoline,all formulations,weekly-mon,3.329
2018-09-10,GASREGWCW,PADD 5,gasoline,all formulations,weekly-mon,3.336
2018-09-17,GASREGWCW,PADD 5,gasoline,all formulations,weekly-mon,3.344
2018-09-24,GASREGWCW,PADD 5,gasoline,all formulations,weekly-mon,3.35
2018-10-01,GASREGWCW,PADD 5,gasoline,all formulations,weekly-mon,3.412
2018-10-08,GASREGWCW,PADD 5,gasoline,all formulations,weekly-mon,3.475
2018-10-15,GASREGWCW,PADD 5,gasoline,all formulations,weekly-mon,3.494
2018-10-22,GASREGWCW,PADD 5,gasoline,all formulations,weekly-mon,3.499
2018-10-29,GASREGWCW,PADD 5,gasoline,all formulations,weekly-mon,3.482
2018-11-05,GASREGWCW,PADD 5,gasoline,all formulations,weekly-mon,3.45
2018-11-12,GASREGWCW,PADD 5,gasoline,all formulations,weekly-mon,3.401
2018-11-19,GASREGWCW,PADD 5,gasoline,all formulations,weekly-mon,3.348
2018-11-26,GASREGWCW,PADD 5,gasoline,all formulations,weekly-mon,3.308
2018-12-03,GASREGWCW,PADD 5,gasoline,all formulations,weekly-mon,3.241
2018-12-10,GASREGWCW,PADD 5,gasoline,all formulations,weekly-mon,3.171
2018-12-17,GASREGWCW,PADD 5,gasoline,all formulations,weekly-mon,3.114
2018-12-24,GASREGWCW,PADD 5,gasoline,all formulations,weekly-mon,3.084
2018-12-31,GASREGWCW,PADD 5,gasoline,all formulations,weekly-mon,3.053
2019-01-07,GASREGWCW,PADD 5,gasoline,all formulations,weekly-mon,3.012
2019-01-14,GASREGWCW,PADD 5,gasoline,all formulations,weekly-mon,2.98
2019-01-21,GASREGWCW,PADD 5,gasoline,all formulations,weekly-mon,2.957
2019-01-28,GASREGWCW,PADD 5,gasoline,all formulations,weekly-mon,2.928
2019-02-04,GASREGWCW,PADD 5,gasoline,all formulations,weekly-mon,2.912
2019-02-11,GASREGWCW,PADD 5,gasoline,all formulations,weekly-mon,2.921
2019-02-18,GASREGWCW,PADD 5,gasoline,all formulations,weekly-mon,2.922
2019-02-25,GASREGWCW,PADD 5,gasoline,all formulations,weekly-mon,2.934
2019-03-04,GASREGWCW,PADD 5,gasoline,all formulations,weekly-mon,2.945
2019-03-11,GASREGWCW,PADD 5,gasoline,all formulations,weekly-mon,2.978
2019-03-18,GASREGWCW,PADD 5,gasoline,all formulations,weekly-mon,3.027
2019-03-25,GASREGWCW,PADD 5,gasoline,all formulations,weekly-mon,3.144
2019-04-01,GASREGWCW,PADD 5,gasoline,all formulations,weekly-mon,3.265
2019-04-08,GASREGWCW,PADD 5,gasoline,all formulations,weekly-mon,3.418
2019-04-15,GASREGWCW,PADD 5,gasoline,all formulations,weekly-mon,3.579
2019-04-22,GASREGWCW,PADD 5,gasoline,all formulations,weekly-mon,3.629
2019-04-29,GASREGWCW,PADD 5,gasoline,all formulations,weekly-mon,3.671
2019-05-06,GASREGWCW,PADD 5,gasoline,all formulations,weekly-mon,3.707
2019-05-13,GASREGWCW,PADD 5,gasoline,all formulations,weekly-mon,3.69
2019-05-20,GASREGWCW,PADD 5,gasoline,all formulations,weekly-mon,3.667
2019-05-27,GASREGWCW,PADD 5,gasoline,all formulations,weekly-mon,3.632
2019-06-03,GASREGWCW,PADD 5,gasoline,all formulations,weekly-mon,3.596
2019-06-10,GASREGWCW,PADD 5,gasoline,all formulations,weekly-mon,3.521
2019-06-17,GASREGWCW,PADD 5,gasoline,all formulations,weekly-mon,3.452
2019-06-24,GASREGWCW,PADD 5,gasoline,all formulations,weekly-mon,3.389
2019-07-01,GASREGWCW,PADD 5,gasoline,all formulations,weekly-mon,3.386
2019-07-08,GASREGWCW,PADD 5,gasoline,all formulations,weekly-mon,3.379
2019-07-15,GASREGWCW,PADD 5,gasoline,all formulations,weekly-mon,3.356
2019-07-22,GASREGWCW,PADD 5,gasoline,all formulations,weekly-mon,3.328
2019-07-29,GASREGWCW,PADD 5,gasoline,all formulations,weekly-mon,3.306
2019-08-05,GASREGWCW,PADD 5,gasoline,all formulations,weekly-mon,3.292
2019-08-12,GASREGWCW,PADD 5,gasoline,all formulations,weekly-mon,3.259
2019-08-19,GASREGWCW,PADD 5,gasoline,all formulations,weekly-mon,3.242
2019-08-26,GASREGWCW,PADD 5,gasoline,all formulations,weekly-mon,3.227
2019-09-02,GASREGWCW,PADD 5,gasoline,all formulations,weekly-mon,3.249
2019-09-09,GASREGWCW,PADD 5,gasoline,all formulations,weekly-mon,3.254
2019-09-16,GASREGWCW,PADD 5,gasoline,all formulations,weekly-mon,3.254
2019-09-23,GASREGWCW,PADD 5,gasoline,all formulations,weekly-mon,3.337
2019-09-30,GASREGWCW,PADD 5,gasoline,all formulations,weekly-mon,3.547
2019-10-07,GASREGWCW,PADD 5,gasoline,all formulations,weekly-mon,3.642
2019-10-14,GASREGWCW,PADD 5,gasoline,all formulations,weekly-mon,3.665
2019-10-21,GASREGWCW,PADD 5,gasoline,all formulations,weekly-mon,3.649
2019-10-28,GASREGWCW,PADD 5,gasoline,all formulations,weekly-mon,3.602
2019-11-04,GASREGWCW,PADD 5,gasoline,all formulations,weekly-mon,3.602
2019-11-11,GASREGWCW,PADD 5,gasoline,all formulations,weekly-mon,3.591
2019-11-18,GASREGWCW,PADD 5,gasoline,all formulations,weekly-mon,3.54
2019-11-25,GASREGWCW,PADD 5,gasoline,all formulations,weekly-mon,3.471
2019-12-02,GASREGWCW,PADD 5,gasoline,all formulations,weekly-mon,3.407
2019-12-09,GASREGWCW,PADD 5,gasoline,all formulations,weekly-mon,3.337
2019-12-16,GASREGWCW,PADD 5,gasoline,all formulations,weekly-mon,3.274
2019-12-23,GASREGWCW,PADD 5,gasoline,all formulations,weekly-mon,3.228
2019-12-30,GASREGWCW,PADD 5,gasoline,all formulations,weekly-mon,3.219
2020-01-06,GASREGWCW,PADD 5,gasoline,all formulations,weekly-mon,3.208
2020-01-13,GASREGWCW,PADD 5,gasoline,all formulations,weekly-mon,3.199
2020-01-20,GASREGWCW,PADD 5,gasoline,all formulations,weekly-mon,3.184
2020-01-27,GASREGWCW,PADD 5,gasoline,all formulations,weekly-mon,3.17
2020-02-03,GASREGWCW,PADD 5,gasoline,all formulations,weekly-mon,3.155
2020-02-10,GASREGWCW,PADD 5,gasoline,all formulations,weekly-mon,3.145
2020-02-17,GASREGWCW,PADD 5,gasoline,all formulations,weekly-mon,3.135
2020-02-24,GASREGWCW,PADD 5,gasoline,all formulations,weekly-mon,3.14
2020-03-02,GASREGWCW,PADD 5,gasoline,all formulations,weekly-mon,3.132
2020-03-09,GASREGWCW,PADD 5,gasoline,all formulations,weekly-mon,3.111
2020-03-16,GASREGWCW,PADD 5,gasoline,all formulations,weekly-mon,3.023
2020-03-23,GASREGWCW,PADD 5,gasoline,all formulations,weekly-mon,2.878
2020-03-30,GASREGWCW,PADD 5,gasoline,all formulations,weekly-mon,2.759
2020-04-06,GASREGWCW,PADD 5,gasoline,all formulations,weekly-mon,2.682
2020-04-13,GASREGWCW,PADD 5,gasoline,all formulations,weekly-mon,2.58
2020-04-20,GASREGWCW,PADD 5,gasoline,all formulations,weekly-mon,2.515
2020-04-27,GASREGWCW,PADD 5,gasoline,all formulations,weekly-mon,2.454
2020-05-04,GASREGWCW,PADD 5,gasoline,all formulations,weekly-mon,2.441
2020-05-11,GASREGWCW,PADD 5,gasoline,all formulations,weekly-mon,2.452
2020-05-18,GASREGWCW,PADD 5,gasoline,all formulations,weekly-mon,2.479
2020-05-25,GASREGWCW,PADD 5,gasoline,all formulations,weekly-mon,2.552
2020-06-01,GASREGWCW,PADD 5,gasoline,all formulations,weekly-mon,2.578
2020-06-08,GASREGWCW,PADD 5,gasoline,all formulations,weekly-mon,2.632
2020-06-15,GASREGWCW,PADD 5,gasoline,all formulations,weekly-mon,2.68
2020-06-22,GASREGWCW,PADD 5,gasoline,all formulations,weekly-mon,2.72
2020-06-29,GASREGWCW,PADD 5,gasoline,all formulations,weekly-mon,2.754
2020-07-06,GASREGWCW,PADD 5,gasoline,all formulations,weekly-mon,2.768
2020-07-13,GASREGWCW,PADD 5,gasoline,all formulations,weekly-mon,2.8
2020-07-20,GASREGWCW,PADD 5,gasoline,all formulations,weekly-mon,2.816
2020-07-27,GASREGWCW,PADD 5,gasoline,all formulations,weekly-mon,2.824
2020-08-03,GASREGWCW,PADD 5,gasoline,all formulations,weekly-mon,2.832
2020-08-10,GASREGWCW,PADD 5,gasoline,all formulations,weekly-mon,2.825
2020-08-17,GASREGWCW,PADD 5,gasoline,all formulations,weekly-mon,2.832
2020-08-24,GASREGWCW,PADD 5,gasoline,all formulations,weekly-mon,2.855
2020-08-31,GASREGWCW,PADD 5,gasoline,all formulations,weekly-mon,2.858
2020-09-07,GASREGWCW,PADD 5,gasoline,all formulations,weekly-mon,2.858
2020-09-14,GASREGWCW,PADD 5,gasoline,all formulations,weekly-mon,2.855
2020-09-21,GASREGWCW,PADD 5,gasoline,all formulations,weekly-mon,2.836
2020-09-28,GASREGWCW,PADD 5,gasoline,all formulations,weekly-mon,2.817
2020-10-05,GASREGWCW,PADD 5,gasoline,all formulations,weekly-mon,2.807
2020-10-12,GASREGWCW,PADD 5,gasoline,all formulations,weekly-mon,2.798
2020-10-19,GASREGWCW,PADD 5,gasoline,all formulations,weekly-mon,2.79
2020-10-26,GASREGWCW,PADD 5,gasoline,all formulations,weekly-mon,2.786
2020-11-02,GASREGWCW,PADD 5,gasoline,all formulations,weekly-mon,2.772
2020-11-09,GASREGWCW,PADD 5,gasoline,all formulations,weekly-mon,2.765
2020-11-16,GASREGWCW,PADD 5,gasoline,all formulations,weekly-mon,2.765
2020-11-23,GASREGWCW,PADD 5,gasoline,all formulations,weekly-mon,2.765
2020-11-30,GASREGWCW,PADD 5,gasoline,all formulations,weekly-mon,2.77
2020-12-07,GASREGWCW,PADD 5,gasoline,all formulations,weekly-mon,2.773
2020-12-14,GASREGWCW,PADD 5,gasoline,all formulations,weekly-mon,2.768
2020-12-21,GASREGWCW,PADD 5,gasoline,all formulations,weekly-mon,2.777
2020-12-28,GASREGWCW,PADD 5,gasoline,all formulations,weekly-mon,2.792
2021-01-04,GASREGWCW,PADD 5,gasoline,all formulations,weekly-mon,2.807
2021-01-11,GASREGWCW,PADD 5,gasoline,all formulations,weekly-mon,2.85
2021-01-18,GASREGWCW,PADD 5,gasoline,all formulations,weekly-mon,2.91
2021-01-25,GASREGWCW,PADD 5,gasoline,all formulations,weekly-mon,2.934
2021-02-01,GASREGWCW,PADD 5,gasoline,all formulations,weekly-mon,2.958
2021-02-08,GASREGWCW,PADD 5,gasoline,all formulations,weekly-mon,3.001
2021-02-15,GASREGWCW,PADD 5,gasoline,all formulations,weekly-mon,3.043
2021-02-22,GASREGWCW,PADD 5,gasoline,all formulations,weekly-mon,3.15
2021-03-01,GASREGWCW,PADD 5,gasoline,all formulations,weekly-mon,3.276
2021-03-08,GASREGWCW,PADD 5,gasoline,all formulations,weekly-mon,3.344
2021-03-15,GASREGWCW,PADD 5,gasoline,all formulations,weekly-mon,3.432
2021-03-22,GASREGWCW,PADD 5,gasoline,all formulations,weekly-mon,3.468
2021-03-29,GASREGWCW,PADD 5,gasoline,all formulations,weekly-mon,3.473
2021-04-05,GASREGWCW,PADD 5,gasoline,all formulations,weekly-mon,3.487
2021-04-12,GASREGWCW,PADD 5,gasoline,all formulations,weekly-mon,3.507
2021-04-19,GASREGWCW,PADD 5,gasoline,all formulations,weekly-mon,3.527
2021-04-26,GASREGWCW,PADD 5,gasoline,all formulations,weekly-mon,3.552
2021-05-03,GASREGWCW,PADD 5,gasoline,all formulations,weekly-mon,3.598
2021-05-10,GASREGWCW,PADD 5,gasoline,all formulations,weekly-mon,3.647
2021-05-17,GASREGWCW,PADD 5,gasoline,all formulations,weekly-mon,3.675
2021-05-24,GASREGWCW,PADD 5,gasoline,all formulations,weekly-mon,3.698
2021-05-31,GASREGWCW,PADD 5,gasoline,all formulations,weekly-mon,3.724
2021-06-07,GASREGWCW,PADD 5,gasoline,all formulations,weekly-mon,3.747
2021-06-14,GASREGWCW,PADD 5,gasoline,all formulations,weekly-mon,3.756
2021-06-21,GASREGWCW,PADD 5,gasoline,all formulations,weekly-mon,3.764
2021-06-28,GASREGWCW,PADD 5,gasoline,all formulations,weekly-mon,3.811
2021-07-05,GASREGWCW,PADD 5,gasoline,all formulations,weekly-mon,3.842
2021-07-12,GASREGWCW,PADD 5,gasoline,all formulations,weekly-mon,3.867
2021-07-19,GASREGWCW,PADD 5,gasoline,all formulations,weekly-mon,3.881
2021-07-26,GASREGWCW,PADD 5,gasoline,all formulations,weekly-mon,3.883
2021-08-02,GASREGWCW,PADD 5,gasoline,all formulations,weekly-mon,3.914
2021-08-09,GASREGWCW,PADD 5,gasoline,all formulations,weekly-mon,3.936
2021-08-16,GASREGWCW,PADD 5,gasoline,all formulations,weekly-mon,3.957
2021-08-23,GASREGWCW,PADD 5,gasoline,all formulations,weekly-mon,3.945
2021-08-30,GASREGWCW,PADD 5,gasoline,all formulations,weekly-mon,3.935
2021-09-06,GASREGWCW,PADD 5,gasoline,all formulations,weekly-mon,3.934
2021-09-13,GASREGWCW,PADD 5,gasoline,all formulations,weekly-mon,3.936
2021-09-20,GASREGWCW,PADD 5,gasoline,all formulations,weekly-mon,3.929
2021-09-27,GASREGWCW,PADD 5,gasoline,all formulations,weekly-mon,3.919
2021-10-04,GASREGWCW,PADD 5,gasoline,all formulations,weekly-mon,3.941
2021-10-11,GASREGWCW,PADD 5,gasoline,all formulations,weekly-mon,3.968
2021-10-18,GASREGWCW,PADD 5,gasoline,all formulations,weekly-mon,4.013
2021-10-25,GASREGWCW,PADD 5,gasoline,all formulations,weekly-mon,4.069
2021-11-01,GASREGWCW,PADD 5,gasoline,all formulations,weekly-mon,4.104
2021-11-08,GASREGWCW,PADD 5,gasoline,all formulations,weekly-mon,4.129
2021-11-15,GASREGWCW,PADD 5,gasoline,all formulations,weekly-mon,4.169
2021-11-22,GASREGWCW,PADD 5,gasoline,all formulations,weekly-mon,4.192
2021-11-29,GASREGWCW,PADD 5,gasoline,all formulations,weekly-mon,4.197
2021-12-06,GASREGWCW,PADD 5,gasoline,all formulations,weekly-mon,4.182
2021-12-13,GASREGWCW,PADD 5,gasoline,all formulations,weekly-mon,4.161
2021-12-20,GASREGWCW,PADD 5,gasoline,all formulations,weekly-mon,4.146
2021-12-27,GASREGWCW,PADD 5,gasoline,all formulations,weekly-mon,4.129
2022-01-03,GASREGWCW,PADD 5,gasoline,all formulations,weekly-mon,4.143
2022-01-10,GASREGWCW,PADD 5,gasoline,all formulations,weekly-mon,4.157
2022-01-17,GASREGWCW,PADD 5,gasoline,all formulations,weekly-mon,4.161
2022-01-24,GASREGWCW,PADD 5,gasoline,all formulations,weekly-mon,4.156
2022-01-31,GASREGWCW,PADD 5,gasoline,all formulations,weekly-mon,4.156
2022-02-07,GASREGWCW,PADD 5,gasoline,all formulations,weekly-mon,4.179
2022-02-14,GASREGWCW,PADD 5,gasoline,all formulations,weekly-mon,4.19
2022-02-21,GASREGWCW,PADD 5,gasoline,all formulations,weekly-mon,4.233
2022-02-28,GASREGWCW,PADD 5,gasoline,all formulations,weekly-mon,4.311
2022-03-07,GASREGWCW,PADD 5,gasoline,all formulations,weekly-mon,4.777
2022-03-14,GASREGWCW,PADD 5,gasoline,all formulations,weekly-mon,5.155
2022-03-21,GASREGWCW,PADD 5,gasoline,all formulations,weekly-mon,5.222
2022-03-28,GASREGWCW,PADD 5,gasoline,all formulations,weekly-mon,5.267
2022-04-04,GASREGWCW,PADD 5,gasoline,all formulations,weekly-mon,5.218
2022-04-11,GASREGWCW,PADD 5,gasoline,all formulations,weekly-mon,5.139
2022-04-18,GASREGWCW,PADD 5,gasoline,all formulations,weekly-mon,5.095
2022-04-25,GASREGWCW,PADD 5,gasoline,all formulations,weekly-mon,5.083
2022-05-02,GASREGWCW,PADD 5,gasoline,all formulations,weekly-mon,5.099
2022-05-09,GASREGWCW,PADD 5,gasoline,all formulations,weekly-mon,5.222
2022-05-16,GASREGWCW,PADD 5,gasoline,all formulations,weekly-mon,5.364
2022-05-23,GASREGWCW,PADD 5,gasoline,all formulations,weekly-mon,5.493
2022-05-30,GASREGWCW,PADD 5,gasoline,all formulations,weekly-mon,5.559
2022-06-06,GASREGWCW,PADD 5,gasoline,all formulations,weekly-mon,5.751
2022-06-13,GASREGWCW,PADD 5,gasoline,all formulations,weekly-mon,5.868
2022-06-20,GASREGWCW,PADD 5,gasoline,all formulations,weekly-mon,5.855
2022-06-27,GASREGWCW,PADD 5,gasoline,all formulations,weekly-mon,5.786
2022-07-04,GASREGWCW,PADD 5,gasoline,all formulations,weekly-mon,5.694
2022-07-11,GASREGWCW,PADD 5,gasoline,all formulations,weekly-mon,5.571
2022-07-18,GASREGWCW,PADD 5,gasoline,all formulations,weekly-mon,5.394
2022-07-25,GASREGWCW,PADD 5,gasoline,all formulations,weekly-mon,5.266
2022-08-01,GASREGWCW,PADD 5,gasoline,all formulations,weekly-mon,5.159
2022-08-08,GASREGWCW,PADD 5,gasoline,all formulations,weekly-mon,4.999
2022-08-15,GASREGWCW,PADD 5,gasoline,all formulations,weekly-mon,4.914
2022-08-22,GASREGWCW,PADD 5,gasoline,all formulations,weekly-mon,4.849
2022-08-29,GASREGWCW,PADD 5,gasoline,all formulations,weekly-mon,4.783
2022-09-05,GASREGWCW,PADD 5,gasoline,all formulations,weekly-mon,4.741
2022-09-12,GASREGWCW,PADD 5,gasoline,all formulations,weekly-mon,4.825
2022-09-19,GASREGWCW,PADD 5,gasoline,all formulations,weekly-mon,4.845
2022-09-26,GASREGWCW,PADD 5,gasoline,all formulations,weekly-mon,5.172
2022-10-03,GASREGWCW,PADD 5,gasoline,all formulations,weekly-mon,5.687
2022-10-10,GASREGWCW,PADD 5,gasoline,all formulations,weekly-mon,5.673
2022-10-17,GASREGWCW,PADD 5,gasoline,all formulations,weekly-mon,5.442
2022-10-24,GASREGWCW,PADD 5,gasoline,all formulations,weekly-mon,5.179
2022-10-31,GASREGWCW,PADD 5,gasoline,all formulations,weekly-mon,5.028
2022-11-07,GASREGWCW,PADD 5,gasoline,all formulations,weekly-mon,4.945
2022-11-14,GASREGWCW,PADD 5,gasoline,all formulations,weekly-mon,4.924
2022-11-21,GASREGWCW,PADD 5,gasoline,all formulations,weekly-mon,4.779
2022-11-28,GASREGWCW,PADD 5,gasoline,all formulations,weekly-mon,4.592
2022-12-05,GASREGWCW,PADD 5,gasoline,all formulations,weekly-mon,4.369
2022-12-12,GASREGWCW,PADD 5,gasoline,all formulations,weekly-mon,4.147
2022-12-19,GASREGWCW,PADD 5,gasoline,all formulations,weekly-mon,3.983
2022-12-26,GASREGWCW,PADD 5,gasoline,all formulations,weekly-mon,3.91
2023-01-02,GASREGWCW,PADD 5,gasoline,all formulations,weekly-mon,3.939
2023-01-09,GASREGWCW,PADD 5,gasoline,all formulations,weekly-mon,3.961
2023-01-16,GASREGWCW,PADD 5,gasoline,all formulations,weekly-mon,3.967
2023-01-23,GASREGWCW,PADD 5,gasoline,all formulations,weekly-mon,4.008
2023-01-30,GASREGWCW,PADD 5,gasoline,all formulations,weekly-mon,4.085
2023-02-06,GASREGWCW,PADD 5,gasoline,all formulations,weekly-mon,4.107
2023-02-13,GASREGWCW,PADD 5,gasoline,all formulations,weekly-mon,4.106
2023-02-20,GASREGWCW,PADD 5,gasoline,all formulations,weekly-mon,4.189
2023-02-27,GASREGWCW,PADD 5,gasoline,all formulations,weekly-mon,4.25
2023-03-06,GASREGWCW,PADD 5,gasoline,all formulations,weekly-mon,4.341
2023-03-13,GASREGWCW,PADD 5,gasoline,all formulations,weekly-mon,4.402
2023-03-20,GASREGWCW,PADD 5,gasoline,all formulations,weekly-mon,4.365
2023-03-27,GASREGWCW,PADD 5,gasoline,all formulations,weekly-mon,4.378
2023-04-03,GASREGWCW,PADD 5,gasoline,all formulations,weekly-mon,4.396
2023-04-10,GASREGWCW,PADD 5,gasoline,all formulations,weekly-mon,4.457
2023-04-17,GASREGWCW,PADD 5,gasoline,all formulations,weekly-mon,4.525
2023-04-24,GASREGWCW,PADD 5,gasoline,all formulations,weekly-mon,4.548
2023-05-01,GASREGWCW,PADD 5,gasoline,all formulations,weekly-mon,4.547
2023-05-08,GASREGWCW,PADD 5,gasoline,all formulations,weekly-mon,4.53
2023-05-15,GASREGWCW,PADD 5,gasoline,all formulations,weekly-mon,4.519
2023-05-22,GASREGWCW,PADD 5,gasoline,all formulations,weekly-mon,4.514
2023-05-29,GASREGWCW,PADD 5,gasoline,all formulations,weekly-mon,4.534
2023-06-05,GASREGWCW,PADD 5,gasoline,all formulations,weekly-mon,4.523
2023-06-12,GASREGWCW,PADD 5,gasoline,all formulations,weekly-mon,4.584
2023-06-19,GASREGWCW,PADD 5,gasoline,all formulations,weekly-mon,4.569
2023-06-26,GASREGWCW,PADD 5,gasoline,all formulations,weekly-mon,4.556
2023-07-03,GASREGWCW,PADD 5,gasoline,all formulations,weekly-mon,4.533
2023-07-10,GASREGWCW,PADD 5,gasoline,all formulations,weekly-mon,4.534
2023-07-17,GASREGWCW,PADD 5,gasoline,all formulations,weekly-mon,4.549
2023-07-24,GASREGWCW,PADD 5,gasoline,all formulations,weekly-mon,4.539
2023-07-31,GASREGWCW,PADD 5,gasoline,all formulations,weekly-mon,4.616
2023-08-07,GASREGWCW,PADD 5,gasoline,all formulations,weekly-mon,4.685
2023-08-14,GASREGWCW,PADD 5,gasoline,all formulations,weekly-mon,4.759
2023-08-21,GASREGWCW,PADD 5,gasoline,all formulations,weekly-mon,4.866
2023-08-28,GASREGWCW,PADD 5,gasoline,all formulations,weekly-mon,4.88
2023-09-04,GASREGWCW,PADD 5,gasoline,all formulations,weekly-mon,4.912
2023-09-11,GASREGWCW,PADD 5,gasoline,all formulations,weekly-mon,4.969
2023-09-18,GASREGWCW,PADD 5,gasoline,all formulations,weekly-mon,5.163
2023-09-25,GASREGWCW,PADD 5,gasoline,all formulations,weekly-mon,5.258
2023-10-02,GASREGWCW,PADD 5,gasoline,all formulations,weekly-mon,5.391
2023-10-09,GASREGWCW,PADD 5,gasoline,all formulations,weekly-mon,5.167
2023-10-16,GASREGWCW,PADD 5,gasoline,all formulations,weekly-mon,4.997
2023-10-23,GASREGWCW,PADD 5,gasoline,all formulations,weekly-mon,4.858
2023-10-30,GASREGWCW,PADD 5,gasoline,all formulations,weekly-mon,4.723
2023-11-06,GASREGWCW,PADD 5,gasoline,all formulations,weekly-mon,4.597
2023-11-13,GASREGWCW,PADD 5,gasoline,all formulations,weekly-mon,4.52
2023-11-20,GASREGWCW,PADD 5,gasoline,all formulations,weekly-mon,4.417
2023-11-27,GASREGWCW,PADD 5,gasoline,all formulations,weekly-mon,4.363
2023-12-04,GASREGWCW,PADD 5,gasoline,all formulations,weekly-mon,4.252
2023-12-11,GASREGWCW,PADD 5,gasoline,all formulations,weekly-mon,4.141
2023-12-18,GASREGWCW,PADD 5,gasoline,all formulations,weekly-mon,4.055
2023-12-25,GASREGWCW,PADD 5,gasoline,all formulations,weekly-mon,4.051
2024-01-01,GASREGWCW,PADD 5,gasoline,all formulations,weekly-mon,4.115
2024-01-08,GASREGWCW,PADD 5,gasoline,all formulations,weekly-mon,4.072
2024-01-15,GASREGWCW,PADD 5,gasoline,all formulations,weekly-mon,3.976
2024-01-22,GASREGWCW,PADD 5,gasoline,all formulations,weekly-mon,3.926
2024-01-29,GASREGWCW,PADD 5,gasoline,all formulations,weekly-mon,3.937
2024-02-05,GASREGWCW,PADD 5,gasoline,all formulations,weekly-mon,3.983
2024-02-12,GASREGWCW,PADD 5,gasoline,all formulations,weekly-mon,4.011
2024-02-19,GASREGWCW,PADD 5,gasoline,all formulations,weekly-mon,4.057
2024-02-26,GASREGWCW,PADD 5,gasoline,all formulations,weekly-mon,4.082
2024-03-04,GASREGWCW,PADD 5,gasoline,all formulations,weekly-mon,4.229
2024-03-11,GASREGWCW,PADD 5,gasoline,all formulations,weekly-mon,4.296
2024-03-18,GASREGWCW,PADD 5,gasoline,all formulations,weekly-mon,4.38
2024-03-25,GASREGWCW,PADD 5,gasoline,all formulations,weekly-mon,4.46
2024-04-01,GASREGWCW,PADD 5,gasoline,all formulations,weekly-mon,4.556
2024-04-08,GASREGWCW,PADD 5,gasoline,all formulations,weekly-mon,4.748
2024-04-15,GASREGWCW,PADD 5,gasoline,all formulations,weekly-mon,4.853
2024-04-22,GASREGWCW,PADD 5,gasoline,all formulations,weekly-mon,4.832
2024-04-29,GASREGWCW,PADD 5,gasoline,all formulations,weekly-mon,4.796
2024-05-06,GASREGWCW,PADD 5,gasoline,all formulations,weekly-mon,4.754
2024-05-13,GASREGWCW,PADD 5,gasoline,all formulations,weekly-mon,4.694
2024-05-20,GASREGWCW,PADD 5,gasoline,all formulations,weekly-mon,4.624
2024-05-27,GASREGWCW,PADD 5,gasoline,all formulations,weekly-mon,4.571
2024-06-03,GASREGWCW,PADD 5,gasoline,all formulations,weekly-mon,4.487
2024-06-10,GASREGWCW,PADD 5,gasoline,all formulations,weekly-mon,4.371
2024-06-17,GASREGWCW,PADD 5,gasoline,all formulations,weekly-mon,4.293
2024-06-24,GASREGWCW,PADD 5,gasoline,all formulations,weekly-mon,4.268
2024-07-01,GASREGWCW,PADD 5,gasoline,all formulations,weekly-mon,4.236
2024-07-08,GASREGWCW,PADD 5,gasoline,all formulations,weekly-mon,4.226
2024-07-15,GASREGWCW,PADD 5,gasoline,all formulations,weekly-mon,4.191
2024-07-22,GASREGWCW,PADD 5,gasoline,all formulations,weekly-mon,4.137
2024-07-29,GASREGWCW,PADD 5,gasoline,all formulations,weekly-mon,4.106
2024-08-05,GASREGWCW,PADD 5,gasoline,all formulations,weekly-mon,4.08
2024-08-12,GASREGWCW,PADD 5,gasoline,all formulations,weekly-mon,4.072
2024-08-19,GASREGWCW,PADD 5,gasoline,all formulations,weekly-mon,4.058
2024-08-26,GASREGWCW,PADD 5,gasoline,all formulations,weekly-mon,4.05
2024-09-02,GASREGWCW,PADD 5,gasoline,all formulations,weekly-mon,4.101
2024-09-09,GASREGWCW,PADD 5,gasoline,all formulations,weekly-mon,4.104
2024-09-16,GASREGWCW,PADD 5,gasoline,all formulations,weekly-mon,4.136
2024-09-23,GASREGWCW,PADD 5,gasoline,all formulations,weekly-mon,4.111
2024-09-30,GASREGWCW,PADD 5,gasoline,all formulations,weekly-mon,4.042
2024-10-07,GASREGWCW,PADD 5,gasoline,all formulations,weekly-mon,4.027
2024-10-14,GASREGWCW,PADD 5,gasoline,all formulations,weekly-mon,4.047
2024-10-21,GASREGWCW,PADD 5,gasoline,all formulations,weekly-mon,4.034
2024-10-28,GASREGWCW,PADD 5,gasoline,all formulations,weekly-mon,3.973
2024-11-04,GASREGWCW,PADD 5,gasoline,all formulations,weekly-mon,3.945
2024-11-11,GASREGWCW,PADD 5,gasoline,all formulations,weekly-mon,3.924
2024-11-18,GASREGWCW,PADD 5,gasoline,all formulations,weekly-mon,3.875
2024-11-25,GASREGWCW,PADD 5,gasoline,all formulations,weekly-mon,3.884
2024-12-02,GASREGWCW,PADD 5,gasoline,all formulations,weekly-mon,3.863
2024-12-09,GASREGWCW,PADD 5,gasoline,all formulations,weekly-mon,3.827
2024-12-16,GASREGWCW,PADD 5,gasoline,all formulations,weekly-mon,3.785
2024-12-23,GASREGWCW,PADD 5,gasoline,all formulations,weekly-mon,3.775
2024-12-30,GASREGWCW,PADD 5,gasoline,all formulations,weekly-mon,3.77
2025-01-06,GASREGWCW,PADD 5,gasoline,all formulations,weekly-mon,3.793
2025-01-13,GASREGWCW,PADD 5,gasoline,all formulations,weekly-mon,3.81
2025-01-20,GASREGWCW,PADD 5,gasoline,all formulations,weekly-mon,3.871
2025-01-27,GASREGWCW,PADD 5,gasoline,all formulations,weekly-mon,3.881
2025-02-03,GASREGWCW,PADD 5,gasoline,all formulations,weekly-mon,3.924
2025-02-10,GASREGWCW,PADD 5,gasoline,all formulations,weekly-mon,4.031
2025-02-17,GASREGWCW,PADD 5,gasoline,all formulations,weekly-mon,4.187
2025-02-24,GASREGWCW,PADD 5,gasoline,all formulations,weekly-mon,4.188
2025-03-03,GASREGWCW,PADD 5,gasoline,all formulations,weekly-mon,4.141
2025-03-10,GASREGWCW,PADD 5,gasoline,all formulations,weekly-mon,4.099
2025-03-17,GASREGWCW,PADD 5,gasoline,all formulations,weekly-mon,4.061
2025-03-24,GASREGWCW,PADD 5,gasoline,all formulations,weekly-mon,4.055
2025-03-31,GASREGWCW,PADD 5,gasoline,all formulations,weekly-mon,4.181
2025-04-07,GASREGWCW,PADD 5,gasoline,all formulations,weekly-mon,4.32
2025-04-14,GASREGWCW,PADD 5,gasoline,all formulations,weekly-mon,4.267
2025-04-21,GASREGWCW,PADD 5,gasoline,all formulations,weekly-mon,4.22
2025-04-28,GASREGWCW,PADD 5,gasoline,all formulations,weekly-mon,4.192
2025-05-05,GASREGWCW,PADD 5,gasoline,all formulations,weekly-mon,4.156
2025-05-12,GASREGWCW,PADD 5,gasoline,all formulations,weekly-mon,4.224
2025-05-19,GASREGWCW,PADD 5,gasoline,all formulations,weekly-mon,4.287
2025-05-26,GASREGWCW,PADD 5,gasoline,all formulations,weekly-mon,4.258
2025-06-02,GASREGWCW,PADD 5,gasoline,all formulations,weekly-mon,4.207
2025-06-09,GASREGWCW,PADD 5,gasoline,all formulations,weekly-mon,4.154
2025-06-16,GASREGWCW,PADD 5,gasoline,all formulations,weekly-mon,4.127
2025-06-23,GASREGWCW,PADD 5,gasoline,all formulations,weekly-mon,4.162
2025-06-30,GASREGWCW,PADD 5,gasoline,all formulations,weekly-mon,4.109
2025-07-07,GASREGWCW,PADD 5,gasoline,all formulations,weekly-mon,4.075
2025-07-14,GASREGWCW,PADD 5,gasoline,all formulations,weekly-mon,4.041
2025-07-21,GASREGWCW,PADD 5,gasoline,all formulations,weekly-mon,4.022
2025-07-28,GASREGWCW,PADD 5,gasoline,all formulations,weekly-mon,3.995
2025-08-04,GASREGWCW,PADD 5,gasoline,all formulations,weekly-mon,4.023
2025-08-11,GASREGWCW,PADD 5,gasoline,all formulations,weekly-mon,4.032
2025-08-18,GASREGWCW,PADD 5,gasoline,all formulations,weekly-mon,4.044
2025-08-25,GASREGWCW,PADD 5,gasoline,all formulations,weekly-mon,4.106
2025-09-01,GASREGWCW,PADD 5,gasoline,all formulations,weekly-mon,4.148
2025-09-08,GASREGWCW,PADD 5,gasoline,all formulations,weekly-mon,4.194
2025-09-15,GASREGWCW,PADD 5,gasoline,all formulations,weekly-mon,4.273
2025-09-22,GASREGWCW,PADD 5,gasoline,all formulations,weekly-mon,4.272
2025-09-29,GASREGWCW,PADD 5,gasoline,all formulations,weekly-mon,4.238
2025-10-06,GASREGWCW,PADD 5,gasoline,all formulations,weekly-mon,4.226
2025-10-13,GASREGWCW,PADD 5,gasoline,all formulations,weekly-mon,4.213
2025-10-20,GASREGWCW,PADD 5,gasoline,all formulations,weekly-mon,4.166
2025-10-27,GASREGWCW,PADD 5,gasoline,all formulations,weekly-mon,4.106
2025-11-03,GASREGWCW,PADD 5,gasoline,all formulations,weekly-mon,4.128
2025-11-10,GASREGWCW,PADD 5,gasoline,all formulations,weekly-mon,4.159
2025-11-17,GASREGWCW,PADD 5,gasoline,all formulations,weekly-mon,4.12
2025-11-24,GASREGWCW,PADD 5,gasoline,all formulations,weekly-mon,4.07
2025-12-01,GASREGWCW,PADD 5,gasoline,all formulations,weekly-mon,4.031
2025-12-08,GASREGWCW,PADD 5,gasoline,all formulations,weekly-mon,3.956
2025-12-15,GASREGWCW,PADD 5,gasoline,all formulations,weekly-mon,3.851
2025-12-22,GASREGWCW,PADD 5,gasoline,all formulations,weekly-mon,3.768
2025-12-29,GASREGWCW,PADD 5,gasoline,all formulations,weekly-mon,3.731
2026-01-05,GASREGWCW,PADD 5,gasoline,all formulations,weekly-mon,3.708
2026-01-12,GASREGWCW,PADD 5,gasoline,all formulations,weekly-mon,3.649
2026-01-19,GASREGWCW,PADD 5,gasoline,all formulations,weekly-mon,3.657
2026-01-26,GASREGWCW,PADD 5,gasoline,all formulations,weekly-mon,3.705
2026-02-02,GASREGWCW,PADD 5,gasoline,all formulations,weekly-mon,3.827
2026-02-09,GASREGWCW,PADD 5,gasoline,all formulations,weekly-mon,3.938
2026-02-16,GASREGWCW,PADD 5,gasoline,all formulations,weekly-mon,4.045
2026-02-23,GASREGWCW,PADD 5,gasoline,all formulations,weekly-mon,4.111
2026-03-02,GASREGWCW,PADD 5,gasoline,all formulations,weekly-mon,4.16
2026-03-09,GASREGWCW,PADD 5,gasoline,all formulations,weekly-mon,4.69
2026-03-16,GASREGWCW,PADD 5,gasoline,all formulations,weekly-mon,4.987
2026-03-23,GASREGWCW,PADD 5,gasoline,all formulations,weekly-mon,5.262
2026-03-30,GASREGWCW,PADD 5,gasoline,all formulations,weekly-mon,5.334
2026-04-06,GASREGWCW,PADD 5,gasoline,all formulations,weekly-mon,5.396
2026-04-13,GASREGWCW,PADD 5,gasoline,all formulations,weekly-mon,5.377
2026-04-20,GASREGWCW,PADD 5,gasoline,all formulations,weekly-mon,5.32
2026-04-27,GASREGWCW,PADD 5,gasoline,all formulations,weekly-mon,5.412
2026-05-04,GASREGWCW,PADD 5,gasoline,all formulations,weekly-mon,5.583
2026-05-11,GASREGWCW,PADD 5,gasoline,all formulations,weekly-mon,5.613
2026-05-18,GASREGWCW,PADD 5,gasoline,all formulations,weekly-mon,5.605
2026-05-25,GASREGWCW,PADD 5,gasoline,all formulations,weekly-mon,5.569
2026-06-01,GASREGWCW,PADD 5,gasoline,all formulations,weekly-mon,5.5
2026-06-08,GASREGWCW,PADD 5,gasoline,all formulations,weekly-mon,5.358
2026-06-15,GASREGWCW,PADD 5,gasoline,all formulations,weekly-mon,5.229
2026-06-22,GASREGWCW,PADD 5,gasoline,all formulations,weekly-mon,5.057
2026-06-29,GASREGWCW,PADD 5,gasoline,all formulations,weekly-mon,4.919
2026-07-06,GASREGWCW,PADD 5,gasoline,all formulations,weekly-mon,4.831
2026-07-13,GASREGWCW,PADD 5,gasoline,all formulations,weekly-mon,4.832
2026-07-20,GASREGWCW,PADD 5,gasoline,all formulations,weekly-mon,4.983
2026-07-27,GASREGWCW,PADD 5,gasoline,all formulations,weekly-mon,5.117
2026-08-03,GASREGWCW,PADD 5,gasoline,all formulations,weekly-mon,5.13
