realtime_start,realtime_end,date,value
2026-08-03,2026-08-03,2010-01-01,.
2026-08-03,2026-08-03,2010-01-04,2.187
2026-08-03,2026-08-03,2010-01-05,2.181
2026-08-03,2026-08-03,2010-01-06,2.206
2026-08-03,2026-08-03,2010-01-07,2.178
2026-08-03,2026-08-03,2010-01-08,2.199
2026-08-03,2026-08-03,2010-01-11,2.171
2026-08-03,2026-08-03,2010-01-12,2.115
2026-08-03,2026-08-03,2010-01-13,2.092
2026-08-03,2026-08-03,2010-01-14,2.071
2026-08-03,2026-08-03,2010-01-15,2.042
2026-08-03,2026-08-03,2010-01-18,.
2026-08-03,2026-08-03,2010-01-19,2.038
2026-08-03,2026-08-03,2010-01-20,2.014
2026-08-03,2026-08-03,2010-01-21,1.988
2026-08-03,2026-08-03,2010-01-22,1.937
2026-08-03,2026-08-03,2010-01-25,1.982
2026-08-03,2026-08-03,2010-01-26,1.973
2026-08-03,2026-08-03,2010-01-27,1.956
2026-08-03,2026-08-03,2010-01-28,1.963
2026-08-03,2026-08-03,2010-01-29,1.953
2026-08-03,2026-08-03,2010-02-01,2.002
2026-08-03,2026-08-03,2010-02-02,2.070
2026-08-03,2026-08-03,2010-02-03,2.053
2026-08-03,2026-08-03,2010-02-04,1.960
2026-08-03,2026-08-03,2010-02-05,1.924
2026-08-03,2026-08-03,2010-02-08,1.929
2026-08-03,2026-08-03,2010-02-09,1.982
2026-08-03,2026-08-03,2010-02-10,1.990
2026-08-03,2026-08-03,2010-02-11,2.001
2026-08-03,2026-08-03,2010-02-12,1.967
2026-08-03,2026-08-03,2010-02-15,.
2026-08-03,2026-08-03,2010-02-16,2.039
2026-08-03,2026-08-03,2010-02-17,2.053
2026-08-03,2026-08-03,2010-02-18,2.095
2026-08-03,2026-08-03,2010-02-19,2.123
2026-08-03,2026-08-03,2010-02-22,2.123
2026-08-03,2026-08-03,2010-02-23,2.088
2026-08-03,2026-08-03,2010-02-24,2.107
2026-08-03,2026-08-03,2010-02-25,2.059
2026-08-03,2026-08-03,2010-02-26,2.097
2026-08-03,2026-08-03,2010-03-01,2.099
2026-08-03,2026-08-03,2010-03-02,2.117
2026-08-03,2026-08-03,2010-03-03,2.165
2026-08-03,2026-08-03,2010-03-04,2.144
2026-08-03,2026-08-03,2010-03-05,2.172
2026-08-03,2026-08-03,2010-03-08,2.166
2026-08-03,2026-08-03,2010-03-09,2.154
2026-08-03,2026-08-03,2010-03-10,2.170
2026-08-03,2026-08-03,2010-03-11,2.169
2026-08-03,2026-08-03,2010-03-12,2.142
2026-08-03,2026-08-03,2010-03-15,2.104
2026-08-03,2026-08-03,2010-03-16,2.169
2026-08-03,2026-08-03,2010-03-17,2.196
2026-08-03,2026-08-03,2010-03-18,2.187
2026-08-03,2026-08-03,2010-03-19,2.154
2026-08-03,2026-08-03,2010-03-22,2.159
2026-08-03,2026-08-03,2010-03-23,2.170
2026-08-03,2026-08-03,2010-03-24,2.133
2026-08-03,2026-08-03,2010-03-25,2.136
2026-08-03,2026-08-03,2010-03-26,2.145
2026-08-03,2026-08-03,2010-03-29,2.190
2026-08-03,2026-08-03,2010-03-30,2.200
2026-08-03,2026-08-03,2010-03-31,2.228
2026-08-03,2026-08-03,2010-04-01,2.281
2026-08-03,2026-08-03,2010-04-02,.
2026-08-03,2026-08-03,2010-04-05,2.325
2026-08-03,2026-08-03,2010-04-06,2.317
2026-08-03,2026-08-03,2010-04-07,2.287
2026-08-03,2026-08-03,2010-04-08,2.281
2026-08-03,2026-08-03,2010-04-09,2.269
2026-08-03,2026-08-03,2010-04-12,2.260
2026-08-03,2026-08-03,2010-04-13,2.251
2026-08-03,2026-08-03,2010-04-14,2.286
2026-08-03,2026-08-03,2010-04-15,2.302
2026-08-03,2026-08-03,2010-04-16,2.266
2026-08-03,2026-08-03,2010-04-19,2.205
2026-08-03,2026-08-03,2010-04-20,2.233
2026-08-03,2026-08-03,2010-04-21,2.261
2026-08-03,2026-08-03,2010-04-22,2.275
2026-08-03,2026-08-03,2010-04-23,2.328
2026-08-03,2026-08-03,2010-04-26,2.306
2026-08-03,2026-08-03,2010-04-27,2.281
2026-08-03,2026-08-03,2010-04-28,2.284
2026-08-03,2026-08-03,2010-04-29,2.318
2026-08-03,2026-08-03,2010-04-30,2.347
2026-08-03,2026-08-03,2010-05-03,2.429
2026-08-03,2026-08-03,2010-05-04,2.348
2026-08-03,2026-08-03,2010-05-05,2.247
2026-08-03,2026-08-03,2010-05-06,2.178
2026-08-03,2026-08-03,2010-05-07,2.183
2026-08-03,2026-08-03,2010-05-10,2.217
2026-08-03,2026-08-03,2010-05-11,2.232
2026-08-03,2026-08-03,2010-05-12,2.260
2026-08-03,2026-08-03,2010-05-13,2.224
2026-08-03,2026-08-03,2010-05-14,2.159
2026-08-03,2026-08-03,2010-05-17,2.086
2026-08-03,2026-08-03,2010-05-18,2.044
2026-08-03,2026-08-03,2010-05-19,2.029
2026-08-03,2026-08-03,2010-05-20,1.974
2026-08-03,2026-08-03,2010-05-21,1.979
2026-08-03,2026-08-03,2010-05-24,1.980
2026-08-03,2026-08-03,2010-05-25,1.965
2026-08-03,2026-08-03,2010-05-26,2.002
2026-08-03,2026-08-03,2010-05-27,2.086
2026-08-03,2026-08-03,2010-05-28,2.094
2026-08-03,2026-08-03,2010-05-31,.
2026-08-03,2026-08-03,2010-06-01,2.050
2026-08-03,2026-08-03,2010-06-02,2.098
2026-08-03,2026-08-03,2010-06-03,2.110
2026-08-03,2026-08-03,2010-06-04,2.027
2026-08-03,2026-08-03,2010-06-07,2.041
2026-08-03,2026-08-03,2010-06-08,2.039
2026-08-03,2026-08-03,2010-06-09,2.075
2026-08-03,2026-08-03,2010-06-10,2.110
2026-08-03,2026-08-03,2010-06-11,2.089
2026-08-03,2026-08-03,2010-06-14,2.089
2026-08-03,2026-08-03,2010-06-15,2.133
2026-08-03,2026-08-03,2010-06-16,2.167
2026-08-03,2026-08-03,2010-06-17,2.202
2026-08-03,2026-08-03,2010-06-18,2.192
2026-08-03,2026-08-03,2010-06-21,2.196
2026-08-03,2026-08-03,2010-06-22,2.163
2026-08-03,2026-08-03,2010-06-23,2.105
2026-08-03,2026-08-03,2010-06-24,2.101
2026-08-03,2026-08-03,2010-06-25,2.155
2026-08-03,2026-08-03,2010-06-28,2.135
2026-08-03,2026-08-03,2010-06-29,2.054
2026-08-03,2026-08-03,2010-06-30,2.048
2026-08-03,2026-08-03,2010-07-01,1.970
2026-08-03,2026-08-03,2010-07-02,1.955
2026-08-03,2026-08-03,2010-07-05,.
2026-08-03,2026-08-03,2010-07-06,1.963
2026-08-03,2026-08-03,2010-07-07,2.050
2026-08-03,2026-08-03,2010-07-08,2.076
2026-08-03,2026-08-03,2010-07-09,2.099
2026-08-03,2026-08-03,2010-07-12,2.051
2026-08-03,2026-08-03,2010-07-13,2.112
2026-08-03,2026-08-03,2010-07-14,2.094
2026-08-03,2026-08-03,2010-07-15,2.085
2026-08-03,2026-08-03,2010-07-16,2.068
2026-08-03,2026-08-03,2010-07-19,2.081
2026-08-03,2026-08-03,2010-07-20,2.089
2026-08-03,2026-08-03,2010-07-21,2.051
2026-08-03,2026-08-03,2010-07-22,2.113
2026-08-03,2026-08-03,2010-07-23,2.108
2026-08-03,2026-08-03,2010-07-26,2.099
2026-08-03,2026-08-03,2010-07-27,2.052
2026-08-03,2026-08-03,2010-07-28,2.050
2026-08-03,2026-08-03,2010-07-29,2.091
2026-08-03,2026-08-03,2010-07-30,2.138
2026-08-03,2026-08-03,2010-08-02,2.210
2026-08-03,2026-08-03,2010-08-03,2.245
2026-08-03,2026-08-03,2010-08-04,2.241
2026-08-03,2026-08-03,2010-08-05,2.242
2026-08-03,2026-08-03,2010-08-06,2.209
2026-08-03,2026-08-03,2010-08-09,2.209
2026-08-03,2026-08-03,2010-08-10,2.213
2026-08-03,2026-08-03,2010-08-11,2.147
2026-08-03,2026-08-03,2010-08-12,2.067
2026-08-03,2026-08-03,2010-08-13,2.069
2026-08-03,2026-08-03,2010-08-16,2.053
2026-08-03,2026-08-03,2010-08-17,2.084
2026-08-03,2026-08-03,2010-08-18,2.085
2026-08-03,2026-08-03,2010-08-19,2.077
2026-08-03,2026-08-03,2010-08-20,2.052
2026-08-03,2026-08-03,2010-08-23,2.031
2026-08-03,2026-08-03,2010-08-24,2.013
2026-08-03,2026-08-03,2010-08-25,2.056
2026-08-03,2026-08-03,2010-08-26,2.083
2026-08-03,2026-08-03,2010-08-27,2.139
2026-08-03,2026-08-03,2010-08-30,2.108
2026-08-03,2026-08-03,2010-08-31,2.063
2026-08-03,2026-08-03,2010-09-01,2.125
2026-08-03,2026-08-03,2010-09-02,2.136
2026-08-03,2026-08-03,2010-09-03,2.132
2026-08-03,2026-08-03,2010-09-06,.
2026-08-03,2026-08-03,2010-09-07,2.131
2026-08-03,2026-08-03,2010-09-08,2.149
2026-08-03,2026-08-03,2010-09-09,2.124
2026-08-03,2026-08-03,2010-09-10,2.179
2026-08-03,2026-08-03,2010-09-13,2.192
2026-08-03,2026-08-03,2010-09-14,2.188
2026-08-03,2026-08-03,2010-09-15,2.186
2026-08-03,2026-08-03,2010-09-16,2.154
2026-08-03,2026-08-03,2010-09-17,2.158
2026-08-03,2026-08-03,2010-09-20,2.198
2026-08-03,2026-08-03,2010-09-21,2.173
2026-08-03,2026-08-03,2010-09-22,2.162
2026-08-03,2026-08-03,2010-09-23,2.161
2026-08-03,2026-08-03,2010-09-24,2.187
2026-08-03,2026-08-03,2010-09-27,2.175
2026-08-03,2026-08-03,2010-09-28,2.177
2026-08-03,2026-08-03,2010-09-29,2.259
2026-08-03,2026-08-03,2010-09-30,2.329
2026-08-03,2026-08-03,2010-10-01,2.350
2026-08-03,2026-08-03,2010-10-04,2.344
2026-08-03,2026-08-03,2010-10-05,2.350
2026-08-03,2026-08-03,2010-10-06,2.358
2026-08-03,2026-08-03,2010-10-07,2.294
2026-08-03,2026-08-03,2010-10-08,2.329
2026-08-03,2026-08-03,2010-10-11,2.314
2026-08-03,2026-08-03,2010-10-12,2.301
2026-08-03,2026-08-03,2010-10-13,2.337
2026-08-03,2026-08-03,2010-10-14,2.326
2026-08-03,2026-08-03,2010-10-15,2.269
2026-08-03,2026-08-03,2010-10-18,2.310
2026-08-03,2026-08-03,2010-10-19,2.224
2026-08-03,2026-08-03,2010-10-20,2.284
2026-08-03,2026-08-03,2010-10-21,2.257
2026-08-03,2026-08-03,2010-10-22,2.300
2026-08-03,2026-08-03,2010-10-25,2.288
2026-08-03,2026-08-03,2010-10-26,2.286
2026-08-03,2026-08-03,2010-10-27,2.272
2026-08-03,2026-08-03,2010-10-28,2.273
2026-08-03,2026-08-03,2010-10-29,2.253
2026-08-03,2026-08-03,2010-11-01,2.326
2026-08-03,2026-08-03,2010-11-02,2.325
2026-08-03,2026-08-03,2010-11-03,2.362
2026-08-03,2026-08-03,2010-11-04,2.404
2026-08-03,2026-08-03,2010-11-05,2.416
2026-08-03,2026-08-03,2010-11-08,2.429
2026-08-03,2026-08-03,2010-11-09,2.445
2026-08-03,2026-08-03,2010-11-10,2.479
2026-08-03,2026-08-03,2010-11-11,2.479
2026-08-03,2026-08-03,2010-11-12,2.403
2026-08-03,2026-08-03,2010-11-13,.
2026-08-03,2026-08-03,2010-11-15,2.401
2026-08-03,2026-08-03,2010-11-16,2.348
2026-08-03,2026-08-03,2010-11-17,2.289
2026-08-03,2026-08-03,2010-11-18,2.343
2026-08-03,2026-08-03,2010-11-19,2.320
2026-08-03,2026-08-03,2010-11-20,.
2026-08-03,2026-08-03,2010-11-22,2.335
2026-08-03,2026-08-03,2010-11-23,2.313
2026-08-03,2026-08-03,2010-11-24,2.388
2026-08-03,2026-08-03,2010-11-25,.
2026-08-03,2026-08-03,2010-11-26,2.377
2026-08-03,2026-08-03,2010-11-29,2.417
2026-08-03,2026-08-03,2010-11-30,2.358
2026-08-03,2026-08-03,2010-12-01,2.443
2026-08-03,2026-08-03,2010-12-02,2.488
2026-08-03,2026-08-03,2010-12-03,2.536
2026-08-03,2026-08-03,2010-12-06,2.482
2026-08-03,2026-08-03,2010-12-07,2.472
2026-08-03,2026-08-03,2010-12-08,2.468
2026-08-03,2026-08-03,2010-12-09,2.485
2026-08-03,2026-08-03,2010-12-10,2.467
2026-08-03,2026-08-03,2010-12-13,2.468
2026-08-03,2026-08-03,2010-12-14,2.488
2026-08-03,2026-08-03,2010-12-15,2.488
2026-08-03,2026-08-03,2010-12-16,2.484
2026-08-03,2026-08-03,2010-12-17,2.481
2026-08-03,2026-08-03,2010-12-20,2.489
2026-08-03,2026-08-03,2010-12-21,2.518
2026-08-03,2026-08-03,2010-12-22,2.543
2026-08-03,2026-08-03,2010-12-23,2.558
2026-08-03,2026-08-03,2010-12-24,.
2026-08-03,2026-08-03,2010-12-27,2.523
2026-08-03,2026-08-03,2010-12-28,2.538
2026-08-03,2026-08-03,2010-12-29,2.536
2026-08-03,2026-08-03,2010-12-30,2.494
2026-08-03,2026-08-03,2010-12-31,2.553
2026-08-03,2026-08-03,2011-01-03,2.560
2026-08-03,2026-08-03,2011-01-04,2.519
2026-08-03,2026-08-03,2011-01-05,2.559
2026-08-03,2026-08-03,2011-01-06,2.529
2026-08-03,2026-08-03,2011-01-07,2.532
2026-08-03,2026-08-03,2011-01-10,2.607
2026-08-03,2026-08-03,2011-01-11,2.660
2026-08-03,2026-08-03,2011-01-12,2.658
2026-08-03,2026-08-03,2011-01-13,2.657
2026-08-03,2026-08-03,2011-01-14,2.675
2026-08-03,2026-08-03,2011-01-17,.
2026-08-03,2026-08-03,2011-01-18,2.688
2026-08-03,2026-08-03,2011-01-19,2.686
2026-08-03,2026-08-03,2011-01-20,2.662
2026-08-03,2026-08-03,2011-01-21,2.684
2026-08-03,2026-08-03,2011-01-24,2.648
2026-08-03,2026-08-03,2011-01-25,2.635
2026-08-03,2026-08-03,2011-01-26,2.714
2026-08-03,2026-08-03,2011-01-27,2.687
2026-08-03,2026-08-03,2011-01-28,2.719
2026-08-03,2026-08-03,2011-01-31,2.760
2026-08-03,2026-08-03,2011-02-01,2.785
2026-08-03,2026-08-03,2011-02-02,2.814
2026-08-03,2026-08-03,2011-02-03,2.800
2026-08-03,2026-08-03,2011-02-04,2.753
2026-08-03,2026-08-03,2011-02-07,2.742
2026-08-03,2026-08-03,2011-02-08,2.772
2026-08-03,2026-08-03,2011-02-09,2.823
2026-08-03,2026-08-03,2011-02-10,2.787
2026-08-03,2026-08-03,2011-02-11,2.763
2026-08-03,2026-08-03,2011-02-14,2.802
2026-08-03,2026-08-03,2011-02-15,2.790
2026-08-03,2026-08-03,2011-02-16,2.843
2026-08-03,2026-08-03,2011-02-17,2.804
2026-08-03,2026-08-03,2011-02-18,2.802
2026-08-03,2026-08-03,2011-02-21,.
2026-08-03,2026-08-03,2011-02-22,2.880
2026-08-03,2026-08-03,2011-02-23,3.003
2026-08-03,2026-08-03,2011-02-24,2.952
2026-08-03,2026-08-03,2011-02-25,3.037
2026-08-03,2026-08-03,2011-02-28,3.016
2026-08-03,2026-08-03,2011-03-01,3.117
2026-08-03,2026-08-03,2011-03-02,3.135
2026-08-03,2026-08-03,2011-03-03,3.124
2026-08-03,2026-08-03,2011-03-04,3.171
2026-08-03,2026-08-03,2011-03-07,3.131
2026-08-03,2026-08-03,2011-03-08,3.100
2026-08-03,2026-08-03,2011-03-09,3.163
2026-08-03,2026-08-03,2011-03-10,3.127
2026-08-03,2026-08-03,2011-03-11,3.101
2026-08-03,2026-08-03,2011-03-14,3.154
2026-08-03,2026-08-03,2011-03-15,3.046
2026-08-03,2026-08-03,2011-03-16,3.087
2026-08-03,2026-08-03,2011-03-17,3.164
2026-08-03,2026-08-03,2011-03-18,3.127
2026-08-03,2026-08-03,2011-03-21,3.140
2026-08-03,2026-08-03,2011-03-22,3.159
2026-08-03,2026-08-03,2011-03-23,3.137
2026-08-03,2026-08-03,2011-03-24,3.146
2026-08-03,2026-08-03,2011-03-25,3.141
2026-08-03,2026-08-03,2011-03-28,3.107
2026-08-03,2026-08-03,2011-03-29,3.126
2026-08-03,2026-08-03,2011-03-30,3.116
2026-08-03,2026-08-03,2011-03-31,3.186
2026-08-03,2026-08-03,2011-04-01,3.211
2026-08-03,2026-08-03,2011-04-04,3.233
2026-08-03,2026-08-03,2011-04-05,3.243
2026-08-03,2026-08-03,2011-04-06,3.266
2026-08-03,2026-08-03,2011-04-07,3.270
2026-08-03,2026-08-03,2011-04-08,3.383
2026-08-03,2026-08-03,2011-04-11,3.299
2026-08-03,2026-08-03,2011-04-12,3.231
2026-08-03,2026-08-03,2011-04-13,3.261
2026-08-03,2026-08-03,2011-04-14,3.261
2026-08-03,2026-08-03,2011-04-15,3.289
2026-08-03,2026-08-03,2011-04-18,3.249
2026-08-03,2026-08-03,2011-04-19,3.215
2026-08-03,2026-08-03,2011-04-20,3.280
2026-08-03,2026-08-03,2011-04-21,3.262
2026-08-03,2026-08-03,2011-04-22,.
2026-08-03,2026-08-03,2011-04-25,3.249
2026-08-03,2026-08-03,2011-04-26,3.279
2026-08-03,2026-08-03,2011-04-27,3.311
2026-08-03,2026-08-03,2011-04-28,3.301
2026-08-03,2026-08-03,2011-04-29,3.341
2026-08-03,2026-08-03,2011-05-02,3.308
2026-08-03,2026-08-03,2011-05-03,3.261
2026-08-03,2026-08-03,2011-05-04,3.205
2026-08-03,2026-08-03,2011-05-05,2.953
2026-08-03,2026-08-03,2011-05-06,2.933
2026-08-03,2026-08-03,2011-05-09,3.051
2026-08-03,2026-08-03,2011-05-10,3.084
2026-08-03,2026-08-03,2011-05-11,3.002
2026-08-03,2026-08-03,2011-05-12,2.992
2026-08-03,2026-08-03,2011-05-13,3.024
2026-08-03,2026-08-03,2011-05-16,2.945
2026-08-03,2026-08-03,2011-05-17,2.938
2026-08-03,2026-08-03,2011-05-18,2.960
2026-08-03,2026-08-03,2011-05-19,2.958
2026-08-03,2026-08-03,2011-05-20,2.978
2026-08-03,2026-08-03,2011-05-23,2.909
2026-08-03,2026-08-03,2011-05-24,2.964
2026-08-03,2026-08-03,2011-05-25,3.046
2026-08-03,2026-08-03,2011-05-26,3.047
2026-08-03,2026-08-03,2011-05-27,3.059
2026-08-03,2026-08-03,2011-05-30,.
2026-08-03,2026-08-03,2011-05-31,3.114
2026-08-03,2026-08-03,2011-06-01,3.071
2026-08-03,2026-08-03,2011-06-02,3.110
2026-08-03,2026-08-03,2011-06-03,3.137
2026-08-03,2026-08-03,2011-06-06,3.089
2026-08-03,2026-08-03,2011-06-07,3.155
2026-08-03,2026-08-03,2011-06-08,3.166
2026-08-03,2026-08-03,2011-06-09,3.211
2026-08-03,2026-08-03,2011-06-10,3.175
2026-08-03,2026-08-03,2011-06-13,3.167
2026-08-03,2026-08-03,2011-06-14,3.198
2026-08-03,2026-08-03,2011-06-15,3.075
2026-08-03,2026-08-03,2011-06-16,3.079
2026-08-03,2026-08-03,2011-06-17,3.060
2026-08-03,2026-08-03,2011-06-20,3.001
2026-08-03,2026-08-03,2011-06-21,2.945
2026-08-03,2026-08-03,2011-06-22,3.019
2026-08-03,2026-08-03,2011-06-23,2.898
2026-08-03,2026-08-03,2011-06-24,2.846
2026-08-03,2026-08-03,2011-06-27,2.869
2026-08-03,2026-08-03,2011-06-28,2.900
2026-08-03,2026-08-03,2011-06-29,3.014
2026-08-03,2026-08-03,2011-06-30,3.008
2026-08-03,2026-08-03,2011-07-01,3.006
2026-08-03,2026-08-03,2011-07-04,.
2026-08-03,2026-08-03,2011-07-05,3.047
2026-08-03,2026-08-03,2011-07-06,3.068
2026-08-03,2026-08-03,2011-07-07,3.197
2026-08-03,2026-08-03,2011-07-08,3.194
2026-08-03,2026-08-03,2011-07-11,3.185
2026-08-03,2026-08-03,2011-07-12,3.182
2026-08-03,2026-08-03,2011-07-13,3.207
2026-08-03,2026-08-03,2011-07-14,3.205
2026-08-03,2026-08-03,2011-07-15,3.229
2026-08-03,2026-08-03,2011-07-18,3.179
2026-08-03,2026-08-03,2011-07-19,3.194
2026-08-03,2026-08-03,2011-07-20,3.208
2026-08-03,2026-08-03,2011-07-21,3.198
2026-08-03,2026-08-03,2011-07-22,3.215
2026-08-03,2026-08-03,2011-07-25,3.186
2026-08-03,2026-08-03,2011-07-26,3.195
2026-08-03,2026-08-03,2011-07-27,3.176
2026-08-03,2026-08-03,2011-07-28,3.174
2026-08-03,2026-08-03,2011-07-29,3.167
2026-08-03,2026-08-03,2011-08-01,3.165
2026-08-03,2026-08-03,2011-08-02,3.149
2026-08-03,2026-08-03,2011-08-03,3.108
2026-08-03,2026-08-03,2011-08-04,2.967
2026-08-03,2026-08-03,2011-08-05,2.995
2026-08-03,2026-08-03,2011-08-08,2.868
2026-08-03,2026-08-03,2011-08-09,2.866
2026-08-03,2026-08-03,2011-08-10,2.895
2026-08-03,2026-08-03,2011-08-11,2.949
2026-08-03,2026-08-03,2011-08-12,2.961
2026-08-03,2026-08-03,2011-08-15,3.001
2026-08-03,2026-08-03,2011-08-16,3.001
2026-08-03,2026-08-03,2011-08-17,3.022
2026-08-03,2026-08-03,2011-08-18,2.930
2026-08-03,2026-08-03,2011-08-19,2.978
2026-08-03,2026-08-03,2011-08-22,2.967
2026-08-03,2026-08-03,2011-08-23,3.013
2026-08-03,2026-08-03,2011-08-24,3.001
2026-08-03,2026-08-03,2011-08-25,3.022
2026-08-03,2026-08-03,2011-08-26,3.042
2026-08-03,2026-08-03,2011-08-29,3.069
2026-08-03,2026-08-03,2011-08-30,3.117
2026-08-03,2026-08-03,2011-08-31,3.136
2026-08-03,2026-08-03,2011-09-01,3.110
2026-08-03,2026-08-03,2011-09-02,3.055
2026-08-03,2026-08-03,2011-09-05,.
2026-08-03,2026-08-03,2011-09-06,3.071
2026-08-03,2026-08-03,2011-09-07,3.133
2026-08-03,2026-08-03,2011-09-08,3.085
2026-08-03,2026-08-03,2011-09-09,3.025
2026-08-03,2026-08-03,2011-09-12,2.988
2026-08-03,2026-08-03,2011-09-13,2.967
2026-08-03,2026-08-03,2011-09-14,2.960
2026-08-03,2026-08-03,2011-09-15,3.049
2026-08-03,2026-08-03,2011-09-16,3.032
2026-08-03,2026-08-03,2011-09-19,2.986
2026-08-03,2026-08-03,2011-09-20,2.991
2026-08-03,2026-08-03,2011-09-21,2.947
2026-08-03,2026-08-03,2011-09-22,2.903
2026-08-03,2026-08-03,2011-09-23,2.857
2026-08-03,2026-08-03,2011-09-26,2.864
2026-08-03,2026-08-03,2011-09-27,2.922
2026-08-03,2026-08-03,2011-09-28,2.874
2026-08-03,2026-08-03,2011-09-29,2.914
2026-08-03,2026-08-03,2011-09-30,2.857
2026-08-03,2026-08-03,2011-10-03,2.815
2026-08-03,2026-08-03,2011-10-04,2.838
2026-08-03,2026-08-03,2011-10-05,2.845
2026-08-03,2026-08-03,2011-10-06,2.923
2026-08-03,2026-08-03,2011-10-07,2.928
2026-08-03,2026-08-03,2011-10-10,2.978
2026-08-03,2026-08-03,2011-10-11,2.949
2026-08-03,2026-08-03,2011-10-12,2.959
2026-08-03,2026-08-03,2011-10-13,3.019
2026-08-03,2026-08-03,2011-10-14,3.115
2026-08-03,2026-08-03,2011-10-17,3.049
2026-08-03,2026-08-03,2011-10-18,3.070
2026-08-03,2026-08-03,2011-10-19,3.022
2026-08-03,2026-08-03,2011-10-20,3.063
2026-08-03,2026-08-03,2011-10-21,3.067
2026-08-03,2026-08-03,2011-10-24,3.084
2026-08-03,2026-08-03,2011-10-25,3.073
2026-08-03,2026-08-03,2011-10-26,3.054
2026-08-03,2026-08-03,2011-10-27,3.133
2026-08-03,2026-08-03,2011-10-28,3.101
2026-08-03,2026-08-03,2011-10-31,3.081
2026-08-03,2026-08-03,2011-11-01,3.057
2026-08-03,2026-08-03,2011-11-02,3.031
2026-08-03,2026-08-03,2011-11-03,3.078
2026-08-03,2026-08-03,2011-11-04,3.121
2026-08-03,2026-08-03,2011-11-07,3.162
2026-08-03,2026-08-03,2011-11-08,3.159
2026-08-03,2026-08-03,2011-11-09,3.140
2026-08-03,2026-08-03,2011-11-10,3.173
2026-08-03,2026-08-03,2011-11-11,3.218
2026-08-03,2026-08-03,2011-11-14,3.198
2026-08-03,2026-08-03,2011-11-15,3.204
2026-08-03,2026-08-03,2011-11-16,3.126
2026-08-03,2026-08-03,2011-11-17,3.102
2026-08-03,2026-08-03,2011-11-18,3.062
2026-08-03,2026-08-03,2011-11-21,3.024
2026-08-03,2026-08-03,2011-11-22,3.063
2026-08-03,2026-08-03,2011-11-23,2.991
2026-08-03,2026-08-03,2011-11-24,.
2026-08-03,2026-08-03,2011-11-25,2.969
2026-08-03,2026-08-03,2011-11-28,2.997
2026-08-03,2026-08-03,2011-11-29,3.065
2026-08-03,2026-08-03,2011-11-30,3.054
2026-08-03,2026-08-03,2011-12-01,3.022
2026-08-03,2026-08-03,2011-12-02,3.011
2026-08-03,2026-08-03,2011-12-05,3.001
2026-08-03,2026-08-03,2011-12-06,3.035
2026-08-03,2026-08-03,2011-12-07,3.005
2026-08-03,2026-08-03,2011-12-08,2.940
2026-08-03,2026-08-03,2011-12-09,2.928
2026-08-03,2026-08-03,2011-12-12,2.904
2026-08-03,2026-08-03,2011-12-13,2.942
2026-08-03,2026-08-03,2011-12-14,2.854
2026-08-03,2026-08-03,2011-12-15,2.848
2026-08-03,2026-08-03,2011-12-16,2.848
2026-08-03,2026-08-03,2011-12-19,2.825
2026-08-03,2026-08-03,2011-12-20,2.899
2026-08-03,2026-08-03,2011-12-21,2.939
2026-08-03,2026-08-03,2011-12-22,2.930
2026-08-03,2026-08-03,2011-12-23,2.931
2026-08-03,2026-08-03,2011-12-26,.
2026-08-03,2026-08-03,2011-12-27,2.939
2026-08-03,2026-08-03,2011-12-28,2.936
2026-08-03,2026-08-03,2011-12-29,2.973
2026-08-03,2026-08-03,2011-12-30,2.964
2026-08-03,2026-08-03,2012-01-02,.
2026-08-03,2026-08-03,2012-01-03,3.087
2026-08-03,2026-08-03,2012-01-04,3.135
2026-08-03,2026-08-03,2012-01-05,3.082
2026-08-03,2026-08-03,2012-01-06,3.117
2026-08-03,2026-08-03,2012-01-09,3.104
2026-08-03,2026-08-03,2012-01-10,3.133
2026-08-03,2026-08-03,2012-01-11,3.091
2026-08-03,2026-08-03,2012-01-12,3.074
2026-08-03,2026-08-03,2012-01-13,3.071
2026-08-03,2026-08-03,2012-01-16,.
2026-08-03,2026-08-03,2012-01-17,3.062
2026-08-03,2026-08-03,2012-01-18,3.051
2026-08-03,2026-08-03,2012-01-19,3.068
2026-08-03,2026-08-03,2012-01-20,3.030
2026-08-03,2026-08-03,2012-01-23,3.045
2026-08-03,2026-08-03,2012-01-24,3.060
2026-08-03,2026-08-03,2012-01-25,3.060
2026-08-03,2026-08-03,2012-01-26,3.089
2026-08-03,2026-08-03,2012-01-27,3.105
2026-08-03,2026-08-03,2012-01-30,3.063
2026-08-03,2026-08-03,2012-01-31,3.075
2026-08-03,2026-08-03,2012-02-01,3.070
2026-08-03,2026-08-03,2012-02-02,3.075
2026-08-03,2026-08-03,2012-02-03,3.134
2026-08-03,2026-08-03,2012-02-06,3.217
2026-08-03,2026-08-03,2012-02-07,3.203
2026-08-03,2026-08-03,2012-02-08,3.212
2026-08-03,2026-08-03,2012-02-09,3.231
2026-08-03,2026-08-03,2012-02-10,3.202
2026-08-03,2026-08-03,2012-02-13,3.176
2026-08-03,2026-08-03,2012-02-14,3.200
2026-08-03,2026-08-03,2012-02-15,3.219
2026-08-03,2026-08-03,2012-02-16,3.232
2026-08-03,2026-08-03,2012-02-17,3.225
2026-08-03,2026-08-03,2012-02-20,.
2026-08-03,2026-08-03,2012-02-21,3.272
2026-08-03,2026-08-03,2012-02-22,3.307
2026-08-03,2026-08-03,2012-02-23,3.326
2026-08-03,2026-08-03,2012-02-24,3.335
2026-08-03,2026-08-03,2012-02-27,3.304
2026-08-03,2026-08-03,2012-02-28,3.267
2026-08-03,2026-08-03,2012-02-29,3.254
2026-08-03,2026-08-03,2012-03-01,3.321
2026-08-03,2026-08-03,2012-03-02,3.260
2026-08-03,2026-08-03,2012-03-05,3.279
2026-08-03,2026-08-03,2012-03-06,3.254
2026-08-03,2026-08-03,2012-03-07,3.286
2026-08-03,2026-08-03,2012-03-08,3.323
2026-08-03,2026-08-03,2012-03-09,3.329
2026-08-03,2026-08-03,2012-03-12,3.313
2026-08-03,2026-08-03,2012-03-13,3.338
2026-08-03,2026-08-03,2012-03-14,3.329
2026-08-03,2026-08-03,2012-03-15,3.296
2026-08-03,2026-08-03,2012-03-16,3.364
2026-08-03,2026-08-03,2012-03-19,3.333
2026-08-03,2026-08-03,2012-03-20,3.316
2026-08-03,2026-08-03,2012-03-21,3.288
2026-08-03,2026-08-03,2012-03-22,3.258
2026-08-03,2026-08-03,2012-03-23,3.288
2026-08-03,2026-08-03,2012-03-26,3.319
2026-08-03,2026-08-03,2012-03-27,3.307
2026-08-03,2026-08-03,2012-03-28,3.308
2026-08-03,2026-08-03,2012-03-29,3.268
2026-08-03,2026-08-03,2012-03-30,3.269
2026-08-03,2026-08-03,2012-04-02,3.350
2026-08-03,2026-08-03,2012-04-03,3.337
2026-08-03,2026-08-03,2012-04-04,3.264
2026-08-03,2026-08-03,2012-04-05,3.260
2026-08-03,2026-08-03,2012-04-06,.
2026-08-03,2026-08-03,2012-04-09,3.237
2026-08-03,2026-08-03,2012-04-10,3.185
2026-08-03,2026-08-03,2012-04-11,3.202
2026-08-03,2026-08-03,2012-04-12,3.263
2026-08-03,2026-08-03,2012-04-13,3.271
2026-08-03,2026-08-03,2012-04-16,3.205
2026-08-03,2026-08-03,2012-04-17,3.213
2026-08-03,2026-08-03,2012-04-18,3.203
2026-08-03,2026-08-03,2012-04-19,3.205
2026-08-03,2026-08-03,2012-04-20,3.199
2026-08-03,2026-08-03,2012-04-23,3.201
2026-08-03,2026-08-03,2012-04-24,3.205
2026-08-03,2026-08-03,2012-04-25,3.250
2026-08-03,2026-08-03,2012-04-26,3.276
2026-08-03,2026-08-03,2012-04-27,3.266
2026-08-03,2026-08-03,2012-04-30,3.257
2026-08-03,2026-08-03,2012-05-01,3.259
2026-08-03,2026-08-03,2012-05-02,3.227
2026-08-03,2026-08-03,2012-05-03,3.168
2026-08-03,2026-08-03,2012-05-04,3.083
2026-08-03,2026-08-03,2012-05-07,3.055
2026-08-03,2026-08-03,2012-05-08,3.064
2026-08-03,2026-08-03,2012-05-09,3.068
2026-08-03,2026-08-03,2012-05-10,3.053
2026-08-03,2026-08-03,2012-05-11,3.038
2026-08-03,2026-08-03,2012-05-14,2.996
2026-08-03,2026-08-03,2012-05-15,3.003
2026-08-03,2026-08-03,2012-05-16,2.957
2026-08-03,2026-08-03,2012-05-17,2.910
2026-08-03,2026-08-03,2012-05-18,2.884
2026-08-03,2026-08-03,2012-05-21,2.921
2026-08-03,2026-08-03,2012-05-22,2.913
2026-08-03,2026-08-03,2012-05-23,2.881
2026-08-03,2026-08-03,2012-05-24,2.888
2026-08-03,2026-08-03,2012-05-25,2.890
2026-08-03,2026-08-03,2012-05-28,.
2026-08-03,2026-08-03,2012-05-29,2.875
2026-08-03,2026-08-03,2012-05-30,2.804
2026-08-03,2026-08-03,2012-05-31,2.780
2026-08-03,2026-08-03,2012-06-01,2.712
2026-08-03,2026-08-03,2012-06-04,2.696
2026-08-03,2026-08-03,2012-06-05,2.702
2026-08-03,2026-08-03,2012-06-06,2.747
2026-08-03,2026-08-03,2012-06-07,2.725
2026-08-03,2026-08-03,2012-06-08,2.754
2026-08-03,2026-08-03,2012-06-11,2.686
2026-08-03,2026-08-03,2012-06-12,2.701
2026-08-03,2026-08-03,2012-06-13,2.697
2026-08-03,2026-08-03,2012-06-14,2.736
2026-08-03,2026-08-03,2012-06-15,2.753
2026-08-03,2026-08-03,2012-06-18,2.726
2026-08-03,2026-08-03,2012-06-19,2.734
2026-08-03,2026-08-03,2012-06-20,2.694
2026-08-03,2026-08-03,2012-06-21,2.635
2026-08-03,2026-08-03,2012-06-22,2.667
2026-08-03,2026-08-03,2012-06-25,2.656
2026-08-03,2026-08-03,2012-06-26,2.693
2026-08-03,2026-08-03,2012-06-27,2.708
2026-08-03,2026-08-03,2012-06-28,2.668
2026-08-03,2026-08-03,2012-06-29,2.819
2026-08-03,2026-08-03,2012-07-02,2.794
2026-08-03,2026-08-03,2012-07-03,2.882
2026-08-03,2026-08-03,2012-07-04,.
2026-08-03,2026-08-03,2012-07-05,2.875
2026-08-03,2026-08-03,2012-07-06,2.849
2026-08-03,2026-08-03,2012-07-09,2.883
2026-08-03,2026-08-03,2012-07-10,2.863
2026-08-03,2026-08-03,2012-07-11,2.901
2026-08-03,2026-08-03,2012-07-12,2.901
2026-08-03,2026-08-03,2012-07-13,2.922
2026-08-03,2026-08-03,2012-07-16,2.939
2026-08-03,2026-08-03,2012-07-17,2.945
2026-08-03,2026-08-03,2012-07-18,2.978
2026-08-03,2026-08-03,2012-07-19,3.036
2026-08-03,2026-08-03,2012-07-20,3.021
2026-08-03,2026-08-03,2012-07-23,2.920
2026-08-03,2026-08-03,2012-07-24,2.908
2026-08-03,2026-08-03,2012-07-25,2.926
2026-08-03,2026-08-03,2012-07-26,2.947
2026-08-03,2026-08-03,2012-07-27,2.976
2026-08-03,2026-08-03,2012-07-30,2.953
2026-08-03,2026-08-03,2012-07-31,2.919
2026-08-03,2026-08-03,2012-08-01,2.955
2026-08-03,2026-08-03,2012-08-02,2.959
2026-08-03,2026-08-03,2012-08-03,3.048
2026-08-03,2026-08-03,2012-08-06,3.046
2026-08-03,2026-08-03,2012-08-07,3.096
2026-08-03,2026-08-03,2012-08-08,3.121
2026-08-03,2026-08-03,2012-08-09,3.162
2026-08-03,2026-08-03,2012-08-10,3.147
2026-08-03,2026-08-03,2012-08-13,3.144
2026-08-03,2026-08-03,2012-08-14,3.164
2026-08-03,2026-08-03,2012-08-15,3.218
2026-08-03,2026-08-03,2012-08-16,3.235
2026-08-03,2026-08-03,2012-08-17,3.218
2026-08-03,2026-08-03,2012-08-20,3.215
2026-08-03,2026-08-03,2012-08-21,3.247
2026-08-03,2026-08-03,2012-08-22,3.258
2026-08-03,2026-08-03,2012-08-23,3.252
2026-08-03,2026-08-03,2012-08-24,3.244
2026-08-03,2026-08-03,2012-08-27,3.260
2026-08-03,2026-08-03,2012-08-28,3.273
2026-08-03,2026-08-03,2012-08-29,3.259
2026-08-03,2026-08-03,2012-08-30,3.276
2026-08-03,2026-08-03,2012-08-31,3.324
2026-08-03,2026-08-03,2012-09-03,.
2026-08-03,2026-08-03,2012-09-04,3.290
2026-08-03,2026-08-03,2012-09-05,3.260
2026-08-03,2026-08-03,2012-09-06,3.243
2026-08-03,2026-08-03,2012-09-07,3.257
2026-08-03,2026-08-03,2012-09-10,3.250
2026-08-03,2026-08-03,2012-09-11,3.274
2026-08-03,2026-08-03,2012-09-12,3.295
2026-08-03,2026-08-03,2012-09-13,3.288
2026-08-03,2026-08-03,2012-09-14,3.311
2026-08-03,2026-08-03,2012-09-17,3.215
2026-08-03,2026-08-03,2012-09-18,3.179
2026-08-03,2026-08-03,2012-09-19,3.108
2026-08-03,2026-08-03,2012-09-20,3.175
2026-08-03,2026-08-03,2012-09-21,3.222
2026-08-03,2026-08-03,2012-09-24,3.177
2026-08-03,2026-08-03,2012-09-25,3.183
2026-08-03,2026-08-03,2012-09-26,3.173
2026-08-03,2026-08-03,2012-09-27,3.226
2026-08-03,2026-08-03,2012-09-28,3.231
2026-08-03,2026-08-03,2012-10-01,3.221
2026-08-03,2026-08-03,2012-10-02,.
2026-08-03,2026-08-03,2012-10-03,3.187
2026-08-03,2026-08-03,2012-10-04,3.299
2026-08-03,2026-08-03,2012-10-05,3.273
2026-08-03,2026-08-03,2012-10-08,3.274
2026-08-03,2026-08-03,2012-10-09,3.301
2026-08-03,2026-08-03,2012-10-10,3.331
2026-08-03,2026-08-03,2012-10-11,3.378
2026-08-03,2026-08-03,2012-10-12,3.328
2026-08-03,2026-08-03,2012-10-15,3.304
2026-08-03,2026-08-03,2012-10-16,3.274
2026-08-03,2026-08-03,2012-10-17,3.282
2026-08-03,2026-08-03,2012-10-18,3.287
2026-08-03,2026-08-03,2012-10-19,3.221
2026-08-03,2026-08-03,2012-10-22,3.153
2026-08-03,2026-08-03,2012-10-23,3.111
2026-08-03,2026-08-03,2012-10-24,3.113
2026-08-03,2026-08-03,2012-10-25,3.143
2026-08-03,2026-08-03,2012-10-26,3.190
2026-08-03,2026-08-03,2012-10-29,3.195
2026-08-03,2026-08-03,2012-10-30,3.164
2026-08-03,2026-08-03,2012-10-31,3.155
2026-08-03,2026-08-03,2012-11-01,3.160
2026-08-03,2026-08-03,2012-11-02,3.098
2026-08-03,2026-08-03,2012-11-05,3.138
2026-08-03,2026-08-03,2012-11-06,3.182
2026-08-03,2026-08-03,2012-11-07,3.095
2026-08-03,2026-08-03,2012-11-08,3.136
2026-08-03,2026-08-03,2012-11-09,3.167
2026-08-03,2026-08-03,2012-11-12,3.161
2026-08-03,2026-08-03,2012-11-13,3.154
2026-08-03,2026-08-03,2012-11-14,3.193
2026-08-03,2026-08-03,2012-11-15,3.156
2026-08-03,2026-08-03,2012-11-16,3.194
2026-08-03,2026-08-03,2012-11-19,3.280
2026-08-03,2026-08-03,2012-11-20,3.248
2026-08-03,2026-08-03,2012-11-21,3.274
2026-08-03,2026-08-03,2012-11-22,.
2026-08-03,2026-08-03,2012-11-23,3.270
2026-08-03,2026-08-03,2012-11-26,3.243
2026-08-03,2026-08-03,2012-11-27,3.163
2026-08-03,2026-08-03,2012-11-28,3.153
2026-08-03,2026-08-03,2012-11-29,3.158
2026-08-03,2026-08-03,2012-11-30,3.166
2026-08-03,2026-08-03,2012-12-03,3.125
2026-08-03,2026-08-03,2012-12-04,3.060
2026-08-03,2026-08-03,2012-12-05,3.050
2026-08-03,2026-08-03,2012-12-06,3.011
2026-08-03,2026-08-03,2012-12-07,2.978
2026-08-03,2026-08-03,2012-12-10,3.016
2026-08-03,2026-08-03,2012-12-11,3.060
2026-08-03,2026-08-03,2012-12-12,3.093
2026-08-03,2026-08-03,2012-12-13,3.039
2026-08-03,2026-08-03,2012-12-14,3.061
2026-08-03,2026-08-03,2012-12-17,3.043
2026-08-03,2026-08-03,2012-12-18,3.063
2026-08-03,2026-08-03,2012-12-19,3.091
2026-08-03,2026-08-03,2012-12-20,3.119
2026-08-03,2026-08-03,2012-12-21,3.095
2026-08-03,2026-08-03,2012-12-24,3.075
2026-08-03,2026-08-03,2012-12-25,.
2026-08-03,2026-08-03,2012-12-26,3.119
2026-08-03,2026-08-03,2012-12-27,3.129
2026-08-03,2026-08-03,2012-12-28,3.101
2026-08-03,2026-08-03,2012-12-31,3.074
2026-08-03,2026-08-03,2013-01-01,.
2026-08-03,2026-08-03,2013-01-02,3.083
2026-08-03,2026-08-03,2013-01-03,3.061
2026-08-03,2026-08-03,2013-01-04,3.061
2026-08-03,2026-08-03,2013-01-07,3.078
2026-08-03,2026-08-03,2013-01-08,3.098
2026-08-03,2026-08-03,2013-01-09,3.101
2026-08-03,2026-08-03,2013-01-10,3.097
2026-08-03,2026-08-03,2013-01-11,3.081
2026-08-03,2026-08-03,2013-01-14,3.121
2026-08-03,2026-08-03,2013-01-15,3.065
2026-08-03,2026-08-03,2013-01-16,3.049
2026-08-03,2026-08-03,2013-01-17,3.057
2026-08-03,2026-08-03,2013-01-18,3.107
2026-08-03,2026-08-03,2013-01-21,.
2026-08-03,2026-08-03,2013-01-22,3.123
2026-08-03,2026-08-03,2013-01-23,3.125
2026-08-03,2026-08-03,2013-01-24,3.133
2026-08-03,2026-08-03,2013-01-25,3.118
2026-08-03,2026-08-03,2013-01-28,3.098
2026-08-03,2026-08-03,2013-01-29,3.157
2026-08-03,2026-08-03,2013-01-30,3.172
2026-08-03,2026-08-03,2013-01-31,3.181
2026-08-03,2026-08-03,2013-02-01,3.230
2026-08-03,2026-08-03,2013-02-04,3.222
2026-08-03,2026-08-03,2013-02-05,3.238
2026-08-03,2026-08-03,2013-02-06,3.241
2026-08-03,2026-08-03,2013-02-07,3.261
2026-08-03,2026-08-03,2013-02-08,3.295
2026-08-03,2026-08-03,2013-02-11,3.289
2026-08-03,2026-08-03,2013-02-12,3.305
2026-08-03,2026-08-03,2013-02-13,3.318
2026-08-03,2026-08-03,2013-02-14,3.301
2026-08-03,2026-08-03,2013-02-15,3.306
2026-08-03,2026-08-03,2013-02-18,.
2026-08-03,2026-08-03,2013-02-19,3.280
2026-08-03,2026-08-03,2013-02-20,3.255
2026-08-03,2026-08-03,2013-02-21,3.208
2026-08-03,2026-08-03,2013-02-22,3.217
2026-08-03,2026-08-03,2013-02-25,3.207
2026-08-03,2026-08-03,2013-02-26,3.167
2026-08-03,2026-08-03,2013-02-27,3.103
2026-08-03,2026-08-03,2013-02-28,3.067
2026-08-03,2026-08-03,2013-03-01,3.052
2026-08-03,2026-08-03,2013-03-04,3.043
2026-08-03,2026-08-03,2013-03-05,3.101
2026-08-03,2026-08-03,2013-03-06,3.096
2026-08-03,2026-08-03,2013-03-07,3.096
2026-08-03,2026-08-03,2013-03-08,3.092
2026-08-03,2026-08-03,2013-03-11,3.093
2026-08-03,2026-08-03,2013-03-12,3.056
2026-08-03,2026-08-03,2013-03-13,3.025
2026-08-03,2026-08-03,2013-03-14,3.023
2026-08-03,2026-08-03,2013-03-15,3.030
2026-08-03,2026-08-03,2013-03-18,3.007
2026-08-03,2026-08-03,2013-03-19,2.961
2026-08-03,2026-08-03,2013-03-20,2.996
2026-08-03,2026-08-03,2013-03-21,2.991
2026-08-03,2026-08-03,2013-03-22,2.985
2026-08-03,2026-08-03,2013-03-25,2.984
2026-08-03,2026-08-03,2013-03-26,3.011
2026-08-03,2026-08-03,2013-03-27,3.038
2026-08-03,2026-08-03,2013-03-28,3.069
2026-08-03,2026-08-03,2013-03-29,.
2026-08-03,2026-08-03,2013-04-01,3.094
2026-08-03,2026-08-03,2013-04-02,3.116
2026-08-03,2026-08-03,2013-04-03,3.035
2026-08-03,2026-08-03,2013-04-04,3.003
2026-08-03,2026-08-03,2013-04-05,2.945
2026-08-03,2026-08-03,2013-04-08,2.977
2026-08-03,2026-08-03,2013-04-09,2.981
2026-08-03,2026-08-03,2013-04-10,2.969
2026-08-03,2026-08-03,2013-04-11,2.909
2026-08-03,2026-08-03,2013-04-12,2.874
2026-08-03,2026-08-03,2013-04-15,2.794
2026-08-03,2026-08-03,2013-04-16,2.804
2026-08-03,2026-08-03,2013-04-17,2.729
2026-08-03,2026-08-03,2013-04-18,2.779
2026-08-03,2026-08-03,2013-04-19,2.794
2026-08-03,2026-08-03,2013-04-22,2.813
2026-08-03,2026-08-03,2013-04-23,2.819
2026-08-03,2026-08-03,2013-04-24,2.855
2026-08-03,2026-08-03,2013-04-25,2.896
2026-08-03,2026-08-03,2013-04-26,2.882
2026-08-03,2026-08-03,2013-04-29,2.875
2026-08-03,2026-08-03,2013-04-30,2.853
2026-08-03,2026-08-03,2013-05-01,2.799
2026-08-03,2026-08-03,2013-05-02,2.875
2026-08-03,2026-08-03,2013-05-03,2.891
2026-08-03,2026-08-03,2013-05-06,2.915
2026-08-03,2026-08-03,2013-05-07,2.934
2026-08-03,2026-08-03,2013-05-08,2.930
2026-08-03,2026-08-03,2013-05-09,2.937
2026-08-03,2026-08-03,2013-05-10,2.904
2026-08-03,2026-08-03,2013-05-13,2.891
2026-08-03,2026-08-03,2013-05-14,2.880
2026-08-03,2026-08-03,2013-05-15,2.876
2026-08-03,2026-08-03,2013-05-16,2.908
2026-08-03,2026-08-03,2013-05-17,2.936
2026-08-03,2026-08-03,2013-05-20,2.950
2026-08-03,2026-08-03,2013-05-21,2.924
2026-08-03,2026-08-03,2013-05-22,2.872
2026-08-03,2026-08-03,2013-05-23,2.860
2026-08-03,2026-08-03,2013-05-24,2.858
2026-08-03,2026-08-03,2013-05-27,.
2026-08-03,2026-08-03,2013-05-28,2.908
2026-08-03,2026-08-03,2013-05-29,2.868
2026-08-03,2026-08-03,2013-05-30,2.842
2026-08-03,2026-08-03,2013-05-31,2.782
2026-08-03,2026-08-03,2013-06-03,2.843
2026-08-03,2026-08-03,2013-06-04,2.872
2026-08-03,2026-08-03,2013-06-05,2.856
2026-08-03,2026-08-03,2013-06-06,2.872
2026-08-03,2026-08-03,2013-06-07,2.904
2026-08-03,2026-08-03,2013-06-10,2.883
2026-08-03,2026-08-03,2013-06-11,2.856
2026-08-03,2026-08-03,2013-06-12,2.896
2026-08-03,2026-08-03,2013-06-13,2.939
2026-08-03,2026-08-03,2013-06-14,2.966
2026-08-03,2026-08-03,2013-06-17,2.957
2026-08-03,2026-08-03,2013-06-18,2.963
2026-08-03,2026-08-03,2013-06-19,2.965
2026-08-03,2026-08-03,2013-06-20,2.880
2026-08-03,2026-08-03,2013-06-21,2.855
2026-08-03,2026-08-03,2013-06-24,2.857
2026-08-03,2026-08-03,2013-06-25,2.858
2026-08-03,2026-08-03,2013-06-26,2.857
2026-08-03,2026-08-03,2013-06-27,2.885
2026-08-03,2026-08-03,2013-06-28,2.865
2026-08-03,2026-08-03,2013-07-01,2.882
2026-08-03,2026-08-03,2013-07-02,2.904
2026-08-03,2026-08-03,2013-07-03,2.954
2026-08-03,2026-08-03,2013-07-04,.
2026-08-03,2026-08-03,2013-07-05,2.998
2026-08-03,2026-08-03,2013-07-08,2.977
2026-08-03,2026-08-03,2013-07-09,2.988
2026-08-03,2026-08-03,2013-07-10,3.000
2026-08-03,2026-08-03,2013-07-11,2.998
2026-08-03,2026-08-03,2013-07-12,3.030
2026-08-03,2026-08-03,2013-07-15,3.030
2026-08-03,2026-08-03,2013-07-16,3.045
2026-08-03,2026-08-03,2013-07-17,3.073
2026-08-03,2026-08-03,2013-07-18,3.105
2026-08-03,2026-08-03,2013-07-19,3.091
2026-08-03,2026-08-03,2013-07-22,3.066
2026-08-03,2026-08-03,2013-07-23,3.076
2026-08-03,2026-08-03,2013-07-24,3.042
2026-08-03,2026-08-03,2013-07-25,3.035
2026-08-03,2026-08-03,2013-07-26,3.010
2026-08-03,2026-08-03,2013-07-29,3.024
2026-08-03,2026-08-03,2013-07-30,3.012
2026-08-03,2026-08-03,2013-07-31,3.055
2026-08-03,2026-08-03,2013-08-01,3.091
2026-08-03,2026-08-03,2013-08-02,3.067
2026-08-03,2026-08-03,2013-08-05,3.043
2026-08-03,2026-08-03,2013-08-06,3.005
2026-08-03,2026-08-03,2013-08-07,2.959
2026-08-03,2026-08-03,2013-08-08,2.948
2026-08-03,2026-08-03,2013-08-09,2.985
2026-08-03,2026-08-03,2013-08-12,3.019
2026-08-03,2026-08-03,2013-08-13,3.039
2026-08-03,2026-08-03,2013-08-14,3.042
2026-08-03,2026-08-03,2013-08-15,3.072
2026-08-03,2026-08-03,2013-08-16,3.091
2026-08-03,2026-08-03,2013-08-19,3.065
2026-08-03,2026-08-03,2013-08-20,3.083
2026-08-03,2026-08-03,2013-08-21,3.070
2026-08-03,2026-08-03,2013-08-22,3.065
2026-08-03,2026-08-03,2013-08-23,3.103
2026-08-03,2026-08-03,2013-08-26,3.091
2026-08-03,2026-08-03,2013-08-27,3.165
2026-08-03,2026-08-03,2013-08-28,3.190
2026-08-03,2026-08-03,2013-08-29,3.171
2026-08-03,2026-08-03,2013-08-30,3.135
2026-08-03,2026-08-03,2013-09-02,.
2026-08-03,2026-08-03,2013-09-03,3.146
2026-08-03,2026-08-03,2013-09-04,3.127
2026-08-03,2026-08-03,2013-09-05,3.133
2026-08-03,2026-08-03,2013-09-06,3.155
2026-08-03,2026-08-03,2013-09-09,3.110
2026-08-03,2026-08-03,2013-09-10,3.069
2026-08-03,2026-08-03,2013-09-11,3.076
2026-08-03,2026-08-03,2013-09-12,3.125
2026-08-03,2026-08-03,2013-09-13,3.112
2026-08-03,2026-08-03,2013-09-16,3.053
2026-08-03,2026-08-03,2013-09-17,2.984
2026-08-03,2026-08-03,2013-09-18,3.036
2026-08-03,2026-08-03,2013-09-19,3.007
2026-08-03,2026-08-03,2013-09-20,3.006
2026-08-03,2026-08-03,2013-09-23,2.948
2026-08-03,2026-08-03,2013-09-24,2.964
2026-08-03,2026-08-03,2013-09-25,2.966
2026-08-03,2026-08-03,2013-09-26,2.995
2026-08-03,2026-08-03,2013-09-27,2.985
2026-08-03,2026-08-03,2013-09-30,2.971
2026-08-03,2026-08-03,2013-10-01,2.956
2026-08-03,2026-08-03,2013-10-02,2.997
2026-08-03,2026-08-03,2013-10-03,3.001
2026-08-03,2026-08-03,2013-10-04,3.009
2026-08-03,2026-08-03,2013-10-07,3.015
2026-08-03,2026-08-03,2013-10-08,3.038
2026-08-03,2026-08-03,2013-10-09,3.021
2026-08-03,2026-08-03,2013-10-10,3.076
2026-08-03,2026-08-03,2013-10-11,3.040
2026-08-03,2026-08-03,2013-10-14,3.035
2026-08-03,2026-08-03,2013-10-15,3.014
2026-08-03,2026-08-03,2013-10-16,3.044
2026-08-03,2026-08-03,2013-10-17,2.992
2026-08-03,2026-08-03,2013-10-18,3.038
2026-08-03,2026-08-03,2013-10-21,3.015
2026-08-03,2026-08-03,2013-10-22,3.000
2026-08-03,2026-08-03,2013-10-23,2.922
2026-08-03,2026-08-03,2013-10-24,2.904
2026-08-03,2026-08-03,2013-10-25,2.919
2026-08-03,2026-08-03,2013-10-28,2.963
2026-08-03,2026-08-03,2013-10-29,2.958
2026-08-03,2026-08-03,2013-10-30,2.981
2026-08-03,2026-08-03,2013-10-31,2.959
2026-08-03,2026-08-03,2013-11-01,2.888
2026-08-03,2026-08-03,2013-11-04,2.874
2026-08-03,2026-08-03,2013-11-05,2.865
2026-08-03,2026-08-03,2013-11-06,2.868
2026-08-03,2026-08-03,2013-11-07,2.847
2026-08-03,2026-08-03,2013-11-08,2.875
2026-08-03,2026-08-03,2013-11-11,2.898
2026-08-03,2026-08-03,2013-11-12,2.861
2026-08-03,2026-08-03,2013-11-13,2.899
2026-08-03,2026-08-03,2013-11-14,2.930
2026-08-03,2026-08-03,2013-11-15,2.947
2026-08-03,2026-08-03,2013-11-18,2.921
2026-08-03,2026-08-03,2013-11-19,2.917
2026-08-03,2026-08-03,2013-11-20,2.957
2026-08-03,2026-08-03,2013-11-21,3.010
2026-08-03,2026-08-03,2013-11-22,3.036
2026-08-03,2026-08-03,2013-11-25,3.032
2026-08-03,2026-08-03,2013-11-26,3.049
2026-08-03,2026-08-03,2013-11-27,3.053
2026-08-03,2026-08-03,2013-11-28,.
2026-08-03,2026-08-03,2013-11-29,3.034
2026-08-03,2026-08-03,2013-12-02,3.050
2026-08-03,2026-08-03,2013-12-03,3.060
2026-08-03,2026-08-03,2013-12-04,3.050
2026-08-03,2026-08-03,2013-12-05,3.049
2026-08-03,2026-08-03,2013-12-06,3.053
2026-08-03,2026-08-03,2013-12-09,3.011
2026-08-03,2026-08-03,2013-12-10,3.027
2026-08-03,2026-08-03,2013-12-11,3.020
2026-08-03,2026-08-03,2013-12-12,2.978
2026-08-03,2026-08-03,2013-12-13,2.974
2026-08-03,2026-08-03,2013-12-16,2.986
2026-08-03,2026-08-03,2013-12-17,2.960
2026-08-03,2026-08-03,2013-12-18,3.007
2026-08-03,2026-08-03,2013-12-19,3.033
2026-08-03,2026-08-03,2013-12-20,3.083
2026-08-03,2026-08-03,2013-12-23,3.074
2026-08-03,2026-08-03,2013-12-24,3.096
2026-08-03,2026-08-03,2013-12-25,.
2026-08-03,2026-08-03,2013-12-26,3.113
2026-08-03,2026-08-03,2013-12-27,3.142
2026-08-03,2026-08-03,2013-12-30,3.090
2026-08-03,2026-08-03,2013-12-31,3.087
2026-08-03,2026-08-03,2014-01-01,.
2026-08-03,2026-08-03,2014-01-02,3.013
2026-08-03,2026-08-03,2014-01-03,2.972
2026-08-03,2026-08-03,2014-01-06,2.977
2026-08-03,2026-08-03,2014-01-07,2.991
2026-08-03,2026-08-03,2014-01-08,2.983
2026-08-03,2026-08-03,2014-01-09,2.953
2026-08-03,2026-08-03,2014-01-10,2.977
2026-08-03,2026-08-03,2014-01-13,2.957
2026-08-03,2026-08-03,2014-01-14,2.976
2026-08-03,2026-08-03,2014-01-15,3.048
2026-08-03,2026-08-03,2014-01-16,3.064
2026-08-03,2026-08-03,2014-01-17,3.124
2026-08-03,2026-08-03,2014-01-20,.
2026-08-03,2026-08-03,2014-01-21,3.141
2026-08-03,2026-08-03,2014-01-22,3.161
2026-08-03,2026-08-03,2014-01-23,3.195
2026-08-03,2026-08-03,2014-01-24,3.400
2026-08-03,2026-08-03,2014-01-27,3.374
2026-08-03,2026-08-03,2014-01-28,3.324
2026-08-03,2026-08-03,2014-01-29,3.248
2026-08-03,2026-08-03,2014-01-30,3.302
2026-08-03,2026-08-03,2014-01-31,3.272
2026-08-03,2026-08-03,2014-02-03,3.350
2026-08-03,2026-08-03,2014-02-04,3.386
2026-08-03,2026-08-03,2014-02-05,3.379
2026-08-03,2026-08-03,2014-02-06,3.394
2026-08-03,2026-08-03,2014-02-07,3.437
2026-08-03,2026-08-03,2014-02-10,3.161
2026-08-03,2026-08-03,2014-02-11,3.168
2026-08-03,2026-08-03,2014-02-12,3.093
2026-08-03,2026-08-03,2014-02-13,3.122
2026-08-03,2026-08-03,2014-02-14,3.159
2026-08-03,2026-08-03,2014-02-17,.
2026-08-03,2026-08-03,2014-02-18,3.185
2026-08-03,2026-08-03,2014-02-19,3.237
2026-08-03,2026-08-03,2014-02-20,3.254
2026-08-03,2026-08-03,2014-02-21,3.175
2026-08-03,2026-08-03,2014-02-24,3.166
2026-08-03,2026-08-03,2014-02-25,3.177
2026-08-03,2026-08-03,2014-02-26,3.202
2026-08-03,2026-08-03,2014-02-27,3.158
2026-08-03,2026-08-03,2014-02-28,3.118
2026-08-03,2026-08-03,2014-03-03,3.170
2026-08-03,2026-08-03,2014-03-04,3.131
2026-08-03,2026-08-03,2014-03-05,3.082
2026-08-03,2026-08-03,2014-03-06,3.089
2026-08-03,2026-08-03,2014-03-07,3.096
2026-08-03,2026-08-03,2014-03-10,3.051
2026-08-03,2026-08-03,2014-03-11,3.022
2026-08-03,2026-08-03,2014-03-12,2.992
2026-08-03,2026-08-03,2014-03-13,2.976
2026-08-03,2026-08-03,2014-03-14,2.992
2026-08-03,2026-08-03,2014-03-17,2.938
2026-08-03,2026-08-03,2014-03-18,2.926
2026-08-03,2026-08-03,2014-03-19,2.914
2026-08-03,2026-08-03,2014-03-20,2.929
2026-08-03,2026-08-03,2014-03-21,2.932
2026-08-03,2026-08-03,2014-03-24,2.913
2026-08-03,2026-08-03,2014-03-25,2.929
2026-08-03,2026-08-03,2014-03-26,2.926
2026-08-03,2026-08-03,2014-03-27,2.952
2026-08-03,2026-08-03,2014-03-28,2.956
2026-08-03,2026-08-03,2014-03-31,2.936
2026-08-03,2026-08-03,2014-04-01,2.886
2026-08-03,2026-08-03,2014-04-02,2.874
2026-08-03,2026-08-03,2014-04-03,2.912
2026-08-03,2026-08-03,2014-04-04,2.917
2026-08-03,2026-08-03,2014-04-07,2.886
2026-08-03,2026-08-03,2014-04-08,2.937
2026-08-03,2026-08-03,2014-04-09,2.958
2026-08-03,2026-08-03,2014-04-10,2.944
2026-08-03,2026-08-03,2014-04-11,2.935
2026-08-03,2026-08-03,2014-04-14,2.981
2026-08-03,2026-08-03,2014-04-15,2.990
2026-08-03,2026-08-03,2014-04-16,3.016
2026-08-03,2026-08-03,2014-04-17,3.016
2026-08-03,2026-08-03,2014-04-18,.
2026-08-03,2026-08-03,2014-04-21,3.018
2026-08-03,2026-08-03,2014-04-22,3.009
2026-08-03,2026-08-03,2014-04-23,2.982
2026-08-03,2026-08-03,2014-04-24,3.015
2026-08-03,2026-08-03,2014-04-25,2.985
2026-08-03,2026-08-03,2014-04-28,2.955
2026-08-03,2026-08-03,2014-04-29,2.972
2026-08-03,2026-08-03,2014-04-30,2.940
2026-08-03,2026-08-03,2014-05-01,2.924
2026-08-03,2026-08-03,2014-05-02,2.934
2026-08-03,2026-08-03,2014-05-05,2.913
2026-08-03,2026-08-03,2014-05-06,2.899
2026-08-03,2026-08-03,2014-05-07,2.935
2026-08-03,2026-08-03,2014-05-08,2.927
2026-08-03,2026-08-03,2014-05-09,2.920
2026-08-03,2026-08-03,2014-05-12,2.929
2026-08-03,2026-08-03,2014-05-13,2.958
2026-08-03,2026-08-03,2014-05-14,2.974
2026-08-03,2026-08-03,2014-05-15,2.952
2026-08-03,2026-08-03,2014-05-16,2.956
2026-08-03,2026-08-03,2014-05-19,2.941
2026-08-03,2026-08-03,2014-05-20,2.949
2026-08-03,2026-08-03,2014-05-21,2.951
2026-08-03,2026-08-03,2014-05-22,2.954
2026-08-03,2026-08-03,2014-05-23,2.959
2026-08-03,2026-08-03,2014-05-26,.
2026-08-03,2026-08-03,2014-05-27,2.942
2026-08-03,2026-08-03,2014-05-28,2.937
2026-08-03,2026-08-03,2014-05-29,2.924
2026-08-03,2026-08-03,2014-05-30,2.889
2026-08-03,2026-08-03,2014-06-02,2.879
2026-08-03,2026-08-03,2014-06-03,2.867
2026-08-03,2026-08-03,2014-06-04,2.854
2026-08-03,2026-08-03,2014-06-05,2.879
2026-08-03,2026-08-03,2014-06-06,2.872
2026-08-03,2026-08-03,2014-06-09,2.886
2026-08-03,2026-08-03,2014-06-10,2.883
2026-08-03,2026-08-03,2014-06-11,2.898
2026-08-03,2026-08-03,2014-06-12,2.985
2026-08-03,2026-08-03,2014-06-13,2.983
2026-08-03,2026-08-03,2014-06-16,2.995
2026-08-03,2026-08-03,2014-06-17,3.011
2026-08-03,2026-08-03,2014-06-18,3.039
2026-08-03,2026-08-03,2014-06-19,3.044
2026-08-03,2026-08-03,2014-06-20,3.050
2026-08-03,2026-08-03,2014-06-23,3.031
2026-08-03,2026-08-03,2014-06-24,3.040
2026-08-03,2026-08-03,2014-06-25,3.031
2026-08-03,2026-08-03,2014-06-26,3.015
2026-08-03,2026-08-03,2014-06-27,2.995
2026-08-03,2026-08-03,2014-06-30,2.964
2026-08-03,2026-08-03,2014-07-01,2.966
2026-08-03,2026-08-03,2014-07-02,2.931
2026-08-03,2026-08-03,2014-07-03,2.917
2026-08-03,2026-08-03,2014-07-04,.
2026-08-03,2026-08-03,2014-07-07,2.892
2026-08-03,2026-08-03,2014-07-08,2.862
2026-08-03,2026-08-03,2014-07-09,2.860
2026-08-03,2026-08-03,2014-07-10,2.884
2026-08-03,2026-08-03,2014-07-11,2.851
2026-08-03,2026-08-03,2014-07-14,2.867
2026-08-03,2026-08-03,2014-07-15,2.849
2026-08-03,2026-08-03,2014-07-16,2.853
2026-08-03,2026-08-03,2014-07-17,2.860
2026-08-03,2026-08-03,2014-07-18,2.847
2026-08-03,2026-08-03,2014-07-21,2.856
2026-08-03,2026-08-03,2014-07-22,2.848
2026-08-03,2026-08-03,2014-07-23,2.875
2026-08-03,2026-08-03,2014-07-24,2.871
2026-08-03,2026-08-03,2014-07-25,2.912
2026-08-03,2026-08-03,2014-07-28,2.885
2026-08-03,2026-08-03,2014-07-29,2.898
2026-08-03,2026-08-03,2014-07-30,2.876
2026-08-03,2026-08-03,2014-07-31,2.879
2026-08-03,2026-08-03,2014-08-01,2.856
2026-08-03,2026-08-03,2014-08-04,2.868
2026-08-03,2026-08-03,2014-08-05,2.844
2026-08-03,2026-08-03,2014-08-06,2.875
2026-08-03,2026-08-03,2014-08-07,2.903
2026-08-03,2026-08-03,2014-08-08,2.875
2026-08-03,2026-08-03,2014-08-11,2.883
2026-08-03,2026-08-03,2014-08-12,2.845
2026-08-03,2026-08-03,2014-08-13,2.898
2026-08-03,2026-08-03,2014-08-14,2.825
2026-08-03,2026-08-03,2014-08-15,2.841
2026-08-03,2026-08-03,2014-08-18,2.810
2026-08-03,2026-08-03,2014-08-19,2.816
2026-08-03,2026-08-03,2014-08-20,2.820
2026-08-03,2026-08-03,2014-08-21,2.833
2026-08-03,2026-08-03,2014-08-22,2.828
2026-08-03,2026-08-03,2014-08-25,2.836
2026-08-03,2026-08-03,2014-08-26,2.842
2026-08-03,2026-08-03,2014-08-27,2.859
2026-08-03,2026-08-03,2014-08-28,2.844
2026-08-03,2026-08-03,2014-08-29,2.852
2026-08-03,2026-08-03,2014-09-01,.
2026-08-03,2026-08-03,2014-09-02,2.794
2026-08-03,2026-08-03,2014-09-03,2.852
2026-08-03,2026-08-03,2014-09-04,2.835
2026-08-03,2026-08-03,2014-09-05,2.820
2026-08-03,2026-08-03,2014-09-08,2.807
2026-08-03,2026-08-03,2014-09-09,2.788
2026-08-03,2026-08-03,2014-09-10,2.753
2026-08-03,2026-08-03,2014-09-11,2.750
2026-08-03,2026-08-03,2014-09-12,2.734
2026-08-03,2026-08-03,2014-09-15,2.734
2026-08-03,2026-08-03,2014-09-16,2.744
2026-08-03,2026-08-03,2014-09-17,2.731
2026-08-03,2026-08-03,2014-09-18,2.705
2026-08-03,2026-08-03,2014-09-19,2.707
2026-08-03,2026-08-03,2014-09-22,2.684
2026-08-03,2026-08-03,2014-09-23,2.679
2026-08-03,2026-08-03,2014-09-24,2.689
2026-08-03,2026-08-03,2014-09-25,2.695
2026-08-03,2026-08-03,2014-09-26,2.698
2026-08-03,2026-08-03,2014-09-29,2.698
2026-08-03,2026-08-03,2014-09-30,2.645
2026-08-03,2026-08-03,2014-10-01,2.666
2026-08-03,2026-08-03,2014-10-02,2.650
2026-08-03,2026-08-03,2014-10-03,2.610
2026-08-03,2026-08-03,2014-10-06,2.623
2026-08-03,2026-08-03,2014-10-07,2.603
2026-08-03,2026-08-03,2014-10-08,2.580
2026-08-03,2026-08-03,2014-10-09,2.519
2026-08-03,2026-08-03,2014-10-10,2.559
2026-08-03,2026-08-03,2014-10-13,2.542
2026-08-03,2026-08-03,2014-10-14,2.478
2026-08-03,2026-08-03,2014-10-15,2.460
2026-08-03,2026-08-03,2014-10-16,2.472
2026-08-03,2026-08-03,2014-10-17,2.507
2026-08-03,2026-08-03,2014-10-20,2.488
2026-08-03,2026-08-03,2014-10-21,2.522
2026-08-03,2026-08-03,2014-10-22,2.471
2026-08-03,2026-08-03,2014-10-23,2.499
2026-08-03,2026-08-03,2014-10-24,2.487
2026-08-03,2026-08-03,2014-10-27,2.468
2026-08-03,2026-08-03,2014-10-28,2.484
2026-08-03,2026-08-03,2014-10-29,2.528
2026-08-03,2026-08-03,2014-10-30,2.509
2026-08-03,2026-08-03,2014-10-31,2.526
2026-08-03,2026-08-03,2014-11-03,2.484
2026-08-03,2026-08-03,2014-11-04,2.450
2026-08-03,2026-08-03,2014-11-05,2.453
2026-08-03,2026-08-03,2014-11-06,2.469
2026-08-03,2026-08-03,2014-11-07,2.508
2026-08-03,2026-08-03,2014-11-10,2.482
2026-08-03,2026-08-03,2014-11-11,2.478
2026-08-03,2026-08-03,2014-11-12,2.454
2026-08-03,2026-08-03,2014-11-13,2.382
2026-08-03,2026-08-03,2014-11-14,2.472
2026-08-03,2026-08-03,2014-11-17,2.443
2026-08-03,2026-08-03,2014-11-18,2.413
2026-08-03,2026-08-03,2014-11-19,2.391
2026-08-03,2026-08-03,2014-11-20,2.412
2026-08-03,2026-08-03,2014-11-21,2.437
2026-08-03,2026-08-03,2014-11-24,2.415
2026-08-03,2026-08-03,2014-11-25,2.426
2026-08-03,2026-08-03,2014-11-26,2.400
2026-08-03,2026-08-03,2014-11-27,.
2026-08-03,2026-08-03,2014-11-28,2.211
2026-08-03,2026-08-03,2014-12-01,2.272
2026-08-03,2026-08-03,2014-12-02,2.207
2026-08-03,2026-08-03,2014-12-03,2.155
2026-08-03,2026-08-03,2014-12-04,2.129
2026-08-03,2026-08-03,2014-12-05,2.124
2026-08-03,2026-08-03,2014-12-08,2.073
2026-08-03,2026-08-03,2014-12-09,2.121
2026-08-03,2026-08-03,2014-12-10,2.090
2026-08-03,2026-08-03,2014-12-11,2.112
2026-08-03,2026-08-03,2014-12-12,2.080
2026-08-03,2026-08-03,2014-12-15,2.037
2026-08-03,2026-08-03,2014-12-16,2.010
2026-08-03,2026-08-03,2014-12-17,2.044
2026-08-03,2026-08-03,2014-12-18,1.974
2026-08-03,2026-08-03,2014-12-19,1.994
2026-08-03,2026-08-03,2014-12-22,1.953
2026-08-03,2026-08-03,2014-12-23,1.994
2026-08-03,2026-08-03,2014-12-24,1.927
2026-08-03,2026-08-03,2014-12-25,.
2026-08-03,2026-08-03,2014-12-26,1.917
2026-08-03,2026-08-03,2014-12-29,1.858
2026-08-03,2026-08-03,2014-12-30,1.861
2026-08-03,2026-08-03,2014-12-31,1.822
2026-08-03,2026-08-03,2015-01-01,.
2026-08-03,2026-08-03,2015-01-02,1.805
2026-08-03,2026-08-03,2015-01-05,1.768
2026-08-03,2026-08-03,2015-01-06,1.722
2026-08-03,2026-08-03,2015-01-07,1.711
2026-08-03,2026-08-03,2015-01-08,1.721
2026-08-03,2026-08-03,2015-01-09,1.723
2026-08-03,2026-08-03,2015-01-12,1.677
2026-08-03,2026-08-03,2015-01-13,1.647
2026-08-03,2026-08-03,2015-01-14,1.665
2026-08-03,2026-08-03,2015-01-15,1.624
2026-08-03,2026-08-03,2015-01-16,1.665
2026-08-03,2026-08-03,2015-01-19,.
2026-08-03,2026-08-03,2015-01-20,1.638
2026-08-03,2026-08-03,2015-01-21,1.639
2026-08-03,2026-08-03,2015-01-22,1.644
2026-08-03,2026-08-03,2015-01-23,1.645
2026-08-03,2026-08-03,2015-01-26,1.642
2026-08-03,2026-08-03,2015-01-27,1.654
2026-08-03,2026-08-03,2015-01-28,1.630
2026-08-03,2026-08-03,2015-01-29,1.624
2026-08-03,2026-08-03,2015-01-30,1.718
2026-08-03,2026-08-03,2015-02-02,1.782
2026-08-03,2026-08-03,2015-02-03,1.846
2026-08-03,2026-08-03,2015-02-04,1.790
2026-08-03,2026-08-03,2015-02-05,1.820
2026-08-03,2026-08-03,2015-02-06,1.853
2026-08-03,2026-08-03,2015-02-09,1.890
2026-08-03,2026-08-03,2015-02-10,1.857
2026-08-03,2026-08-03,2015-02-11,1.840
2026-08-03,2026-08-03,2015-02-12,1.950
2026-08-03,2026-08-03,2015-02-13,2.005
2026-08-03,2026-08-03,2015-02-16,.
2026-08-03,2026-08-03,2015-02-17,2.003
2026-08-03,2026-08-03,2015-02-18,1.992
2026-08-03,2026-08-03,2015-02-19,2.057
2026-08-03,2026-08-03,2015-02-20,2.191
2026-08-03,2026-08-03,2015-02-23,2.306
2026-08-03,2026-08-03,2015-02-24,2.111
2026-08-03,2026-08-03,2015-02-25,2.124
2026-08-03,2026-08-03,2015-02-26,2.194
2026-08-03,2026-08-03,2015-02-27,2.223
2026-08-03,2026-08-03,2015-03-02,2.276
2026-08-03,2026-08-03,2015-03-03,2.289
2026-08-03,2026-08-03,2015-03-04,2.091
2026-08-03,2026-08-03,2015-03-05,1.952
2026-08-03,2026-08-03,2015-03-06,1.936
2026-08-03,2026-08-03,2015-03-09,1.899
2026-08-03,2026-08-03,2015-03-10,1.882
2026-08-03,2026-08-03,2015-03-11,1.910
2026-08-03,2026-08-03,2015-03-12,1.861
2026-08-03,2026-08-03,2015-03-13,1.771
2026-08-03,2026-08-03,2015-03-16,1.779
2026-08-03,2026-08-03,2015-03-17,1.711
2026-08-03,2026-08-03,2015-03-18,1.814
2026-08-03,2026-08-03,2015-03-19,1.738
2026-08-03,2026-08-03,2015-03-20,1.766
2026-08-03,2026-08-03,2015-03-23,1.751
2026-08-03,2026-08-03,2015-03-24,1.714
2026-08-03,2026-08-03,2015-03-25,1.724
2026-08-03,2026-08-03,2015-03-26,1.796
2026-08-03,2026-08-03,2015-03-27,1.735
2026-08-03,2026-08-03,2015-03-30,1.736
2026-08-03,2026-08-03,2015-03-31,1.710
2026-08-03,2026-08-03,2015-04-01,1.741
2026-08-03,2026-08-03,2015-04-02,1.689
2026-08-03,2026-08-03,2015-04-03,.
2026-08-03,2026-08-03,2015-04-06,1.763
2026-08-03,2026-08-03,2015-04-07,1.790
2026-08-03,2026-08-03,2015-04-08,1.708
2026-08-03,2026-08-03,2015-04-09,1.728
2026-08-03,2026-08-03,2015-04-10,1.769
2026-08-03,2026-08-03,2015-04-13,1.790
2026-08-03,2026-08-03,2015-04-14,1.809
2026-08-03,2026-08-03,2015-04-15,1.878
2026-08-03,2026-08-03,2015-04-16,1.912
2026-08-03,2026-08-03,2015-04-17,1.893
2026-08-03,2026-08-03,2015-04-20,1.881
2026-08-03,2026-08-03,2015-04-21,1.857
2026-08-03,2026-08-03,2015-04-22,1.876
2026-08-03,2026-08-03,2015-04-23,1.926
2026-08-03,2026-08-03,2015-04-24,1.932
2026-08-03,2026-08-03,2015-04-27,1.922
2026-08-03,2026-08-03,2015-04-28,1.920
2026-08-03,2026-08-03,2015-04-29,1.944
2026-08-03,2026-08-03,2015-04-30,1.977
2026-08-03,2026-08-03,2015-05-01,1.984
2026-08-03,2026-08-03,2015-05-04,1.983
2026-08-03,2026-08-03,2015-05-05,2.017
2026-08-03,2026-08-03,2015-05-06,2.013
2026-08-03,2026-08-03,2015-05-07,1.964
2026-08-03,2026-08-03,2015-05-08,1.960
2026-08-03,2026-08-03,2015-05-11,1.947
2026-08-03,2026-08-03,2015-05-12,1.996
2026-08-03,2026-08-03,2015-05-13,2.000
2026-08-03,2026-08-03,2015-05-14,2.008
2026-08-03,2026-08-03,2015-05-15,2.010
2026-08-03,2026-08-03,2015-05-18,1.994
2026-08-03,2026-08-03,2015-05-19,1.937
2026-08-03,2026-08-03,2015-05-20,1.943
2026-08-03,2026-08-03,2015-05-21,1.988
2026-08-03,2026-08-03,2015-05-22,1.957
2026-08-03,2026-08-03,2015-05-25,.
2026-08-03,2026-08-03,2015-05-26,1.905
2026-08-03,2026-08-03,2015-05-27,1.864
2026-08-03,2026-08-03,2015-05-28,1.881
2026-08-03,2026-08-03,2015-05-29,1.949
2026-08-03,2026-08-03,2015-06-01,1.929
2026-08-03,2026-08-03,2015-06-02,1.950
2026-08-03,2026-08-03,2015-06-03,1.894
2026-08-03,2026-08-03,2015-06-04,1.846
2026-08-03,2026-08-03,2015-06-05,1.866
2026-08-03,2026-08-03,2015-06-08,1.855
2026-08-03,2026-08-03,2015-06-09,1.910
2026-08-03,2026-08-03,2015-06-10,1.941
2026-08-03,2026-08-03,2015-06-11,1.917
2026-08-03,2026-08-03,2015-06-12,1.888
2026-08-03,2026-08-03,2015-06-15,1.869
2026-08-03,2026-08-03,2015-06-16,1.882
2026-08-03,2026-08-03,2015-06-17,1.903
2026-08-03,2026-08-03,2015-06-18,1.915
2026-08-03,2026-08-03,2015-06-19,1.863
2026-08-03,2026-08-03,2015-06-22,1.869
2026-08-03,2026-08-03,2015-06-23,1.916
2026-08-03,2026-08-03,2015-06-24,1.883
2026-08-03,2026-08-03,2015-06-25,1.862
2026-08-03,2026-08-03,2015-06-26,1.861
2026-08-03,2026-08-03,2015-06-29,1.838
2026-08-03,2026-08-03,2015-06-30,1.879
2026-08-03,2026-08-03,2015-07-01,1.838
2026-08-03,2026-08-03,2015-07-02,1.827
2026-08-03,2026-08-03,2015-07-03,.
2026-08-03,2026-08-03,2015-07-06,1.708
2026-08-03,2026-08-03,2015-07-07,1.711
2026-08-03,2026-08-03,2015-07-08,1.706
2026-08-03,2026-08-03,2015-07-09,1.722
2026-08-03,2026-08-03,2015-07-10,1.725
2026-08-03,2026-08-03,2015-07-13,1.708
2026-08-03,2026-08-03,2015-07-14,1.712
2026-08-03,2026-08-03,2015-07-15,1.665
2026-08-03,2026-08-03,2015-07-16,1.660
2026-08-03,2026-08-03,2015-07-17,1.654
2026-08-03,2026-08-03,2015-07-20,1.649
2026-08-03,2026-08-03,2015-07-21,1.676
2026-08-03,2026-08-03,2015-07-22,1.668
2026-08-03,2026-08-03,2015-07-23,1.663
2026-08-03,2026-08-03,2015-07-24,1.631
2026-08-03,2026-08-03,2015-07-27,1.584
2026-08-03,2026-08-03,2015-07-28,1.600
2026-08-03,2026-08-03,2015-07-29,1.601
2026-08-03,2026-08-03,2015-07-30,1.600
2026-08-03,2026-08-03,2015-07-31,1.586
2026-08-03,2026-08-03,2015-08-03,1.518
2026-08-03,2026-08-03,2015-08-04,1.538
2026-08-03,2026-08-03,2015-08-05,1.532
2026-08-03,2026-08-03,2015-08-06,1.543
2026-08-03,2026-08-03,2015-08-07,1.529
2026-08-03,2026-08-03,2015-08-10,1.576
2026-08-03,2026-08-03,2015-08-11,1.558
2026-08-03,2026-08-03,2015-08-12,1.584
2026-08-03,2026-08-03,2015-08-13,1.562
2026-08-03,2026-08-03,2015-08-14,1.536
2026-08-03,2026-08-03,2015-08-17,1.541
2026-08-03,2026-08-03,2015-08-18,1.540
2026-08-03,2026-08-03,2015-08-19,1.500
2026-08-03,2026-08-03,2015-08-20,1.477
2026-08-03,2026-08-03,2015-08-21,1.452
2026-08-03,2026-08-03,2015-08-24,1.383
2026-08-03,2026-08-03,2015-08-25,1.373
2026-08-03,2026-08-03,2015-08-26,1.377
2026-08-03,2026-08-03,2015-08-27,1.488
2026-08-03,2026-08-03,2015-08-28,1.554
2026-08-03,2026-08-03,2015-08-31,1.669
2026-08-03,2026-08-03,2015-09-01,1.550
2026-08-03,2026-08-03,2015-09-02,1.578
2026-08-03,2026-08-03,2015-09-03,1.595
2026-08-03,2026-08-03,2015-09-04,1.565
2026-08-03,2026-08-03,2015-09-07,.
2026-08-03,2026-08-03,2015-09-08,1.562
2026-08-03,2026-08-03,2015-09-09,1.514
2026-08-03,2026-08-03,2015-09-10,1.539
2026-08-03,2026-08-03,2015-09-11,1.510
2026-08-03,2026-08-03,2015-09-14,1.477
2026-08-03,2026-08-03,2015-09-15,1.478
2026-08-03,2026-08-03,2015-09-16,1.520
2026-08-03,2026-08-03,2015-09-17,1.502
2026-08-03,2026-08-03,2015-09-18,1.465
2026-08-03,2026-08-03,2015-09-21,1.475
2026-08-03,2026-08-03,2015-09-22,1.499
2026-08-03,2026-08-03,2015-09-23,1.481
2026-08-03,2026-08-03,2015-09-24,1.510
2026-08-03,2026-08-03,2015-09-25,1.495
2026-08-03,2026-08-03,2015-09-28,1.466
2026-08-03,2026-08-03,2015-09-29,1.487
2026-08-03,2026-08-03,2015-09-30,1.509
2026-08-03,2026-08-03,2015-10-01,1.488
2026-08-03,2026-08-03,2015-10-02,1.482
2026-08-03,2026-08-03,2015-10-05,1.512
2026-08-03,2026-08-03,2015-10-06,1.573
2026-08-03,2026-08-03,2015-10-07,1.546
2026-08-03,2026-08-03,2015-10-08,1.566
2026-08-03,2026-08-03,2015-10-09,1.545
2026-08-03,2026-08-03,2015-10-12,1.472
2026-08-03,2026-08-03,2015-10-13,1.432
2026-08-03,2026-08-03,2015-10-14,1.434
2026-08-03,2026-08-03,2015-10-15,1.456
2026-08-03,2026-08-03,2015-10-16,1.453
2026-08-03,2026-08-03,2015-10-19,1.410
2026-08-03,2026-08-03,2015-10-20,1.418
2026-08-03,2026-08-03,2015-10-21,1.421
2026-08-03,2026-08-03,2015-10-22,1.465
2026-08-03,2026-08-03,2015-10-23,1.444
2026-08-03,2026-08-03,2015-10-26,1.416
2026-08-03,2026-08-03,2015-10-27,1.407
2026-08-03,2026-08-03,2015-10-28,1.482
2026-08-03,2026-08-03,2015-10-29,1.466
2026-08-03,2026-08-03,2015-10-30,1.488
2026-08-03,2026-08-03,2015-11-02,1.505
2026-08-03,2026-08-03,2015-11-03,1.562
2026-08-03,2026-08-03,2015-11-04,1.500
2026-08-03,2026-08-03,2015-11-05,1.480
2026-08-03,2026-08-03,2015-11-06,1.494
2026-08-03,2026-08-03,2015-11-09,1.468
2026-08-03,2026-08-03,2015-11-10,1.472
2026-08-03,2026-08-03,2015-11-11,1.440
2026-08-03,2026-08-03,2015-11-12,1.393
2026-08-03,2026-08-03,2015-11-13,1.369
2026-08-03,2026-08-03,2015-11-16,1.378
2026-08-03,2026-08-03,2015-11-17,1.355
2026-08-03,2026-08-03,2015-11-18,1.365
2026-08-03,2026-08-03,2015-11-19,1.351
2026-08-03,2026-08-03,2015-11-20,1.343
2026-08-03,2026-08-03,2015-11-23,1.359
2026-08-03,2026-08-03,2015-11-24,1.384
2026-08-03,2026-08-03,2015-11-25,1.383
2026-08-03,2026-08-03,2015-11-26,.
2026-08-03,2026-08-03,2015-11-27,1.338
2026-08-03,2026-08-03,2015-11-30,1.345
2026-08-03,2026-08-03,2015-12-01,1.351
2026-08-03,2026-08-03,2015-12-02,1.268
2026-08-03,2026-08-03,2015-12-03,1.306
2026-08-03,2026-08-03,2015-12-04,1.301
2026-08-03,2026-08-03,2015-12-07,1.240
2026-08-03,2026-08-03,2015-12-08,1.224
2026-08-03,2026-08-03,2015-12-09,1.208
2026-08-03,2026-08-03,2015-12-10,1.178
2026-08-03,2026-08-03,2015-12-11,1.105
2026-08-03,2026-08-03,2015-12-14,1.084
2026-08-03,2026-08-03,2015-12-15,1.106
2026-08-03,2026-08-03,2015-12-16,1.080
2026-08-03,2026-08-03,2015-12-17,1.062
2026-08-03,2026-08-03,2015-12-18,1.068
2026-08-03,2026-08-03,2015-12-21,1.053
2026-08-03,2026-08-03,2015-12-22,1.049
2026-08-03,2026-08-03,2015-12-23,1.095
2026-08-03,2026-08-03,2015-12-24,1.079
2026-08-03,2026-08-03,2015-12-25,.
2026-08-03,2026-08-03,2015-12-28,1.063
2026-08-03,2026-08-03,2015-12-29,1.104
2026-08-03,2026-08-03,2015-12-30,1.041
2026-08-03,2026-08-03,2015-12-31,1.042
2026-08-03,2026-08-03,2016-01-01,.
2026-08-03,2026-08-03,2016-01-04,1.089
2026-08-03,2026-08-03,2016-01-05,1.085
2026-08-03,2026-08-03,2016-01-06,1.044
2026-08-03,2026-08-03,2016-01-07,1.049
2026-08-03,2026-08-03,2016-01-08,1.011
2026-08-03,2026-08-03,2016-01-11,0.975
2026-08-03,2026-08-03,2016-01-12,0.962
2026-08-03,2026-08-03,2016-01-13,0.927
2026-08-03,2026-08-03,2016-01-14,0.932
2026-08-03,2026-08-03,2016-01-15,0.906
2026-08-03,2026-08-03,2016-01-18,.
2026-08-03,2026-08-03,2016-01-19,0.883
2026-08-03,2026-08-03,2016-01-20,0.862
2026-08-03,2026-08-03,2016-01-21,0.891
2026-08-03,2026-08-03,2016-01-22,0.995
2026-08-03,2026-08-03,2016-01-25,0.923
2026-08-03,2026-08-03,2016-01-26,0.960
2026-08-03,2026-08-03,2016-01-27,1.018
2026-08-03,2026-08-03,2016-01-28,1.048
2026-08-03,2026-08-03,2016-01-29,1.062
2026-08-03,2026-08-03,2016-02-01,1.037
2026-08-03,2026-08-03,2016-02-02,0.996
2026-08-03,2026-08-03,2016-02-03,1.077
2026-08-03,2026-08-03,2016-02-04,1.074
2026-08-03,2026-08-03,2016-02-05,1.059
2026-08-03,2026-08-03,2016-02-08,1.043
2026-08-03,2026-08-03,2016-02-09,0.978
2026-08-03,2026-08-03,2016-02-10,0.970
2026-08-03,2026-08-03,2016-02-11,0.987
2026-08-03,2026-08-03,2016-02-12,1.043
2026-08-03,2026-08-03,2016-02-15,.
2026-08-03,2026-08-03,2016-02-16,1.027
2026-08-03,2026-08-03,2016-02-17,1.074
2026-08-03,2026-08-03,2016-02-18,1.066
2026-08-03,2026-08-03,2016-02-19,1.022
2026-08-03,2026-08-03,2016-02-22,1.044
2026-08-03,2026-08-03,2016-02-23,1.012
2026-08-03,2026-08-03,2016-02-24,1.034
2026-08-03,2026-08-03,2016-02-25,1.051
2026-08-03,2026-08-03,2016-02-26,1.045
2026-08-03,2026-08-03,2016-02-29,1.070
2026-08-03,2026-08-03,2016-03-01,1.084
2026-08-03,2026-08-03,2016-03-02,1.093
2026-08-03,2026-08-03,2016-03-03,1.110
2026-08-03,2026-08-03,2016-03-04,1.155
2026-08-03,2026-08-03,2016-03-07,1.211
2026-08-03,2026-08-03,2016-03-08,1.187
2026-08-03,2026-08-03,2016-03-09,1.219
2026-08-03,2026-08-03,2016-03-10,1.220
2026-08-03,2026-08-03,2016-03-11,1.219
2026-08-03,2026-08-03,2016-03-14,1.198
2026-08-03,2026-08-03,2016-03-15,1.181
2026-08-03,2026-08-03,2016-03-16,1.228
2026-08-03,2026-08-03,2016-03-17,1.248
2026-08-03,2026-08-03,2016-03-18,1.250
2026-08-03,2026-08-03,2016-03-21,1.241
2026-08-03,2026-08-03,2016-03-22,1.250
2026-08-03,2026-08-03,2016-03-23,1.205
2026-08-03,2026-08-03,2016-03-24,1.199
2026-08-03,2026-08-03,2016-03-25,.
2026-08-03,2026-08-03,2016-03-28,1.181
2026-08-03,2026-08-03,2016-03-29,1.162
2026-08-03,2026-08-03,2016-03-30,1.162
2026-08-03,2026-08-03,2016-03-31,1.176
2026-08-03,2026-08-03,2016-04-01,1.134
2026-08-03,2026-08-03,2016-04-04,1.074
2026-08-03,2026-08-03,2016-04-05,1.063
2026-08-03,2026-08-03,2016-04-06,1.127
2026-08-03,2026-08-03,2016-04-07,1.103
2026-08-03,2026-08-03,2016-04-08,1.186
2026-08-03,2026-08-03,2016-04-11,1.207
2026-08-03,2026-08-03,2016-04-12,1.275
2026-08-03,2026-08-03,2016-04-13,1.261
2026-08-03,2026-08-03,2016-04-14,1.256
2026-08-03,2026-08-03,2016-04-15,1.237
2026-08-03,2026-08-03,2016-04-18,1.246
2026-08-03,2026-08-03,2016-04-19,1.267
2026-08-03,2026-08-03,2016-04-20,1.331
2026-08-03,2026-08-03,2016-04-21,1.312
2026-08-03,2026-08-03,2016-04-22,1.314
2026-08-03,2026-08-03,2016-04-25,1.305
2026-08-03,2026-08-03,2016-04-26,1.337
2026-08-03,2026-08-03,2016-04-27,1.381
2026-08-03,2026-08-03,2016-04-28,1.395
2026-08-03,2026-08-03,2016-04-29,1.385
2026-08-03,2026-08-03,2016-05-02,1.356
2026-08-03,2026-08-03,2016-05-03,1.336
2026-08-03,2026-08-03,2016-05-04,1.337
2026-08-03,2026-08-03,2016-05-05,1.330
2026-08-03,2026-08-03,2016-05-06,1.334
2026-08-03,2026-08-03,2016-05-09,1.280
2026-08-03,2026-08-03,2016-05-10,1.340
2026-08-03,2026-08-03,2016-05-11,1.393
2026-08-03,2026-08-03,2016-05-12,1.391
2026-08-03,2026-08-03,2016-05-13,1.402
2026-08-03,2026-08-03,2016-05-16,1.441
2026-08-03,2026-08-03,2016-05-17,1.472
2026-08-03,2026-08-03,2016-05-18,1.477
2026-08-03,2026-08-03,2016-05-19,1.470
2026-08-03,2026-08-03,2016-05-20,1.490
2026-08-03,2026-08-03,2016-05-23,1.475
2026-08-03,2026-08-03,2016-05-24,1.500
2026-08-03,2026-08-03,2016-05-25,1.511
2026-08-03,2026-08-03,2016-05-26,1.494
2026-08-03,2026-08-03,2016-05-27,1.492
2026-08-03,2026-08-03,2016-05-30,.
2026-08-03,2026-08-03,2016-05-31,1.485
2026-08-03,2026-08-03,2016-06-01,1.503
2026-08-03,2026-08-03,2016-06-02,1.488
2026-08-03,2026-08-03,2016-06-03,1.482
2026-08-03,2026-08-03,2016-06-06,1.490
2026-08-03,2026-08-03,2016-06-07,1.535
2026-08-03,2026-08-03,2016-06-08,1.571
2026-08-03,2026-08-03,2016-06-09,1.546
2026-08-03,2026-08-03,2016-06-10,1.512
2026-08-03,2026-08-03,2016-06-13,1.503
2026-08-03,2026-08-03,2016-06-14,1.497
2026-08-03,2026-08-03,2016-06-15,1.467
2026-08-03,2026-08-03,2016-06-16,1.419
2026-08-03,2026-08-03,2016-06-17,1.481
2026-08-03,2026-08-03,2016-06-20,1.515
2026-08-03,2026-08-03,2016-06-21,1.502
2026-08-03,2026-08-03,2016-06-22,1.487
2026-08-03,2026-08-03,2016-06-23,1.517
2026-08-03,2026-08-03,2016-06-24,1.456
2026-08-03,2026-08-03,2016-06-27,1.418
2026-08-03,2026-08-03,2016-06-28,1.451
2026-08-03,2026-08-03,2016-06-29,1.513
2026-08-03,2026-08-03,2016-06-30,1.456
2026-08-03,2026-08-03,2016-07-01,1.496
2026-08-03,2026-08-03,2016-07-04,.
2026-08-03,2026-08-03,2016-07-05,1.431
2026-08-03,2026-08-03,2016-07-06,1.459
2026-08-03,2026-08-03,2016-07-07,1.397
2026-08-03,2026-08-03,2016-07-08,1.375
2026-08-03,2026-08-03,2016-07-11,1.373
2026-08-03,2026-08-03,2016-07-12,1.438
2026-08-03,2026-08-03,2016-07-13,1.438
2026-08-03,2026-08-03,2016-07-14,1.382
2026-08-03,2026-08-03,2016-07-15,1.376
2026-08-03,2026-08-03,2016-07-18,1.357
2026-08-03,2026-08-03,2016-07-19,1.360
2026-08-03,2026-08-03,2016-07-20,1.370
2026-08-03,2026-08-03,2016-07-21,1.337
2026-08-03,2026-08-03,2016-07-22,1.331
2026-08-03,2026-08-03,2016-07-25,1.282
2026-08-03,2026-08-03,2016-07-26,1.282
2026-08-03,2026-08-03,2016-07-27,1.278
2026-08-03,2026-08-03,2016-07-28,1.258
2026-08-03,2026-08-03,2016-07-29,1.262
2026-08-03,2026-08-03,2016-08-01,1.250
2026-08-03,2026-08-03,2016-08-02,1.226
2026-08-03,2026-08-03,2016-08-03,1.261
2026-08-03,2026-08-03,2016-08-04,1.305
2026-08-03,2026-08-03,2016-08-05,1.306
2026-08-03,2026-08-03,2016-08-08,1.325
2026-08-03,2026-08-03,2016-08-09,1.317
2026-08-03,2026-08-03,2016-08-10,1.295
2026-08-03,2026-08-03,2016-08-11,1.357
2026-08-03,2026-08-03,2016-08-12,1.390
2026-08-03,2026-08-03,2016-08-15,1.440
2026-08-03,2026-08-03,2016-08-16,1.452
2026-08-03,2026-08-03,2016-08-17,1.479
2026-08-03,2026-08-03,2016-08-18,1.514
2026-08-03,2026-08-03,2016-08-19,1.502
2026-08-03,2026-08-03,2016-08-22,1.472
2026-08-03,2026-08-03,2016-08-23,1.480
2026-08-03,2026-08-03,2016-08-24,1.473
2026-08-03,2026-08-03,2016-08-25,1.502
2026-08-03,2026-08-03,2016-08-26,1.487
2026-08-03,2026-08-03,2016-08-29,1.480
2026-08-03,2026-08-03,2016-08-30,1.464
2026-08-03,2026-08-03,2016-08-31,1.398
2026-08-03,2026-08-03,2016-09-01,1.377
2026-08-03,2026-08-03,2016-09-02,1.390
2026-08-03,2026-08-03,2016-09-05,.
2026-08-03,2026-08-03,2016-09-06,1.395
2026-08-03,2026-08-03,2016-09-07,1.410
2026-08-03,2026-08-03,2016-09-08,1.455
2026-08-03,2026-08-03,2016-09-09,1.414
2026-08-03,2026-08-03,2016-09-12,1.417
2026-08-03,2026-08-03,2016-09-13,1.409
2026-08-03,2026-08-03,2016-09-14,1.372
2026-08-03,2026-08-03,2016-09-15,1.394
2026-08-03,2026-08-03,2016-09-16,1.393
2026-08-03,2026-08-03,2016-09-19,1.394
2026-08-03,2026-08-03,2016-09-20,1.396
2026-08-03,2026-08-03,2016-09-21,1.427
2026-08-03,2026-08-03,2016-09-22,1.437
2026-08-03,2026-08-03,2016-09-23,1.399
2026-08-03,2026-08-03,2016-09-26,1.427
2026-08-03,2026-08-03,2016-09-27,1.398
2026-08-03,2026-08-03,2016-09-28,1.476
2026-08-03,2026-08-03,2016-09-29,1.502
2026-08-03,2026-08-03,2016-09-30,1.523
2026-08-03,2026-08-03,2016-10-03,1.545
2026-08-03,2026-08-03,2016-10-04,1.547
2026-08-03,2026-08-03,2016-10-05,1.570
2026-08-03,2026-08-03,2016-10-06,1.600
2026-08-03,2026-08-03,2016-10-07,1.572
2026-08-03,2026-08-03,2016-10-10,1.572
2026-08-03,2026-08-03,2016-10-11,1.581
2026-08-03,2026-08-03,2016-10-12,1.560
2026-08-03,2026-08-03,2016-10-13,1.563
2026-08-03,2026-08-03,2016-10-14,1.555
2026-08-03,2026-08-03,2016-10-17,1.545
2026-08-03,2026-08-03,2016-10-18,1.559
2026-08-03,2026-08-03,2016-10-19,1.576
2026-08-03,2026-08-03,2016-10-20,1.551
2026-08-03,2026-08-03,2016-10-21,1.566
2026-08-03,2026-08-03,2016-10-24,1.574
2026-08-03,2026-08-03,2016-10-25,1.565
2026-08-03,2026-08-03,2016-10-26,1.554
2026-08-03,2026-08-03,2016-10-27,1.563
2026-08-03,2026-08-03,2016-10-28,1.543
2026-08-03,2026-08-03,2016-10-31,1.484
2026-08-03,2026-08-03,2016-11-01,1.512
2026-08-03,2026-08-03,2016-11-02,1.472
2026-08-03,2026-08-03,2016-11-03,1.451
2026-08-03,2026-08-03,2016-11-04,1.426
2026-08-03,2026-08-03,2016-11-07,1.438
2026-08-03,2026-08-03,2016-11-08,1.428
2026-08-03,2026-08-03,2016-11-09,1.436
2026-08-03,2026-08-03,2016-11-10,1.416
2026-08-03,2026-08-03,2016-11-11,1.388
2026-08-03,2026-08-03,2016-11-14,1.379
2026-08-03,2026-08-03,2016-11-15,1.437
2026-08-03,2026-08-03,2016-11-16,1.421
2026-08-03,2026-08-03,2016-11-17,1.431
2026-08-03,2026-08-03,2016-11-18,1.449
2026-08-03,2026-08-03,2016-11-21,1.523
2026-08-03,2026-08-03,2016-11-22,1.527
2026-08-03,2026-08-03,2016-11-23,1.510
2026-08-03,2026-08-03,2016-11-24,.
2026-08-03,2026-08-03,2016-11-25,1.510
2026-08-03,2026-08-03,2016-11-28,1.501
2026-08-03,2026-08-03,2016-11-29,1.463
2026-08-03,2026-08-03,2016-11-30,1.556
2026-08-03,2026-08-03,2016-12-01,1.636
2026-08-03,2026-08-03,2016-12-02,1.650
2026-08-03,2026-08-03,2016-12-05,1.628
2026-08-03,2026-08-03,2016-12-06,1.604
2026-08-03,2026-08-03,2016-12-07,1.588
2026-08-03,2026-08-03,2016-12-08,1.596
2026-08-03,2026-08-03,2016-12-09,1.609
2026-08-03,2026-08-03,2016-12-12,1.646
2026-08-03,2026-08-03,2016-12-13,1.640
2026-08-03,2026-08-03,2016-12-14,1.614
2026-08-03,2026-08-03,2016-12-15,1.618
2026-08-03,2026-08-03,2016-12-16,1.650
2026-08-03,2026-08-03,2016-12-19,1.637
2026-08-03,2026-08-03,2016-12-20,1.643
2026-08-03,2026-08-03,2016-12-21,1.618
2026-08-03,2026-08-03,2016-12-22,1.643
2026-08-03,2026-08-03,2016-12-23,1.659
2026-08-03,2026-08-03,2016-12-26,.
2026-08-03,2026-08-03,2016-12-27,1.691
2026-08-03,2026-08-03,2016-12-28,1.694
2026-08-03,2026-08-03,2016-12-29,1.700
2026-08-03,2026-08-03,2016-12-30,1.707
2026-08-03,2026-08-03,2017-01-02,.
2026-08-03,2026-08-03,2017-01-03,1.661
2026-08-03,2026-08-03,2017-01-04,1.666
2026-08-03,2026-08-03,2017-01-05,1.674
2026-08-03,2026-08-03,2017-01-06,1.675
2026-08-03,2026-08-03,2017-01-09,1.613
2026-08-03,2026-08-03,2017-01-10,1.585
2026-08-03,2026-08-03,2017-01-11,1.631
2026-08-03,2026-08-03,2017-01-12,1.651
2026-08-03,2026-08-03,2017-01-13,1.634
2026-08-03,2026-08-03,2017-01-16,.
2026-08-03,2026-08-03,2017-01-17,1.629
2026-08-03,2026-08-03,2017-01-18,1.594
2026-08-03,2026-08-03,2017-01-19,1.588
2026-08-03,2026-08-03,2017-01-20,1.613
2026-08-03,2026-08-03,2017-01-23,1.596
2026-08-03,2026-08-03,2017-01-24,1.605
2026-08-03,2026-08-03,2017-01-25,1.583
2026-08-03,2026-08-03,2017-01-26,1.607
2026-08-03,2026-08-03,2017-01-27,1.579
2026-08-03,2026-08-03,2017-01-30,1.578
2026-08-03,2026-08-03,2017-01-31,1.594
2026-08-03,2026-08-03,2017-02-01,1.648
2026-08-03,2026-08-03,2017-02-02,1.638
2026-08-03,2026-08-03,2017-02-03,1.647
2026-08-03,2026-08-03,2017-02-06,1.620
2026-08-03,2026-08-03,2017-02-07,1.593
2026-08-03,2026-08-03,2017-02-08,1.607
2026-08-03,2026-08-03,2017-02-09,1.622
2026-08-03,2026-08-03,2017-02-10,1.645
2026-08-03,2026-08-03,2017-02-13,1.604
2026-08-03,2026-08-03,2017-02-14,1.612
2026-08-03,2026-08-03,2017-02-15,1.603
2026-08-03,2026-08-03,2017-02-16,1.600
2026-08-03,2026-08-03,2017-02-17,1.615
2026-08-03,2026-08-03,2017-02-20,.
2026-08-03,2026-08-03,2017-02-21,1.632
2026-08-03,2026-08-03,2017-02-22,1.619
2026-08-03,2026-08-03,2017-02-23,1.644
2026-08-03,2026-08-03,2017-02-24,1.641
2026-08-03,2026-08-03,2017-02-27,1.642
2026-08-03,2026-08-03,2017-02-28,1.638
2026-08-03,2026-08-03,2017-03-01,1.607
2026-08-03,2026-08-03,2017-03-02,1.564
2026-08-03,2026-08-03,2017-03-03,1.579
2026-08-03,2026-08-03,2017-03-06,1.588
2026-08-03,2026-08-03,2017-03-07,1.593
2026-08-03,2026-08-03,2017-03-08,1.552
2026-08-03,2026-08-03,2017-03-09,1.530
2026-08-03,2026-08-03,2017-03-10,1.499
2026-08-03,2026-08-03,2017-03-13,1.493
2026-08-03,2026-08-03,2017-03-14,1.493
2026-08-03,2026-08-03,2017-03-15,1.513
2026-08-03,2026-08-03,2017-03-16,1.499
2026-08-03,2026-08-03,2017-03-17,1.494
2026-08-03,2026-08-03,2017-03-20,1.505
2026-08-03,2026-08-03,2017-03-21,1.497
2026-08-03,2026-08-03,2017-03-22,1.491
2026-08-03,2026-08-03,2017-03-23,1.482
2026-08-03,2026-08-03,2017-03-24,1.501
2026-08-03,2026-08-03,2017-03-27,1.497
2026-08-03,2026-08-03,2017-03-28,1.513
2026-08-03,2026-08-03,2017-03-29,1.534
2026-08-03,2026-08-03,2017-03-30,1.560
2026-08-03,2026-08-03,2017-03-31,1.572
2026-08-03,2026-08-03,2017-04-03,1.563
2026-08-03,2026-08-03,2017-04-04,1.592
2026-08-03,2026-08-03,2017-04-05,1.594
2026-08-03,2026-08-03,2017-04-06,1.578
2026-08-03,2026-08-03,2017-04-07,1.623
2026-08-03,2026-08-03,2017-04-10,1.646
2026-08-03,2026-08-03,2017-04-11,1.648
2026-08-03,2026-08-03,2017-04-12,1.643
2026-08-03,2026-08-03,2017-04-13,1.643
2026-08-03,2026-08-03,2017-04-14,.
2026-08-03,2026-08-03,2017-04-17,1.630
2026-08-03,2026-08-03,2017-04-18,1.618
2026-08-03,2026-08-03,2017-04-19,1.578
2026-08-03,2026-08-03,2017-04-20,1.571
2026-08-03,2026-08-03,2017-04-21,1.542
2026-08-03,2026-08-03,2017-04-24,1.531
2026-08-03,2026-08-03,2017-04-25,1.542
2026-08-03,2026-08-03,2017-04-26,1.522
2026-08-03,2026-08-03,2017-04-27,1.508
2026-08-03,2026-08-03,2017-04-28,1.502
2026-08-03,2026-08-03,2017-05-01,1.486
2026-08-03,2026-08-03,2017-05-02,1.471
2026-08-03,2026-08-03,2017-05-03,1.467
2026-08-03,2026-08-03,2017-05-04,1.409
2026-08-03,2026-08-03,2017-05-05,1.445
2026-08-03,2026-08-03,2017-05-08,1.457
2026-08-03,2026-08-03,2017-05-09,1.440
2026-08-03,2026-08-03,2017-05-10,1.473
2026-08-03,2026-08-03,2017-05-11,1.490
2026-08-03,2026-08-03,2017-05-12,1.489
2026-08-03,2026-08-03,2017-05-15,1.504
2026-08-03,2026-08-03,2017-05-16,1.514
2026-08-03,2026-08-03,2017-05-17,1.528
2026-08-03,2026-08-03,2017-05-18,1.536
2026-08-03,2026-08-03,2017-05-19,1.574
2026-08-03,2026-08-03,2017-05-22,1.593
2026-08-03,2026-08-03,2017-05-23,1.605
2026-08-03,2026-08-03,2017-05-24,1.606
2026-08-03,2026-08-03,2017-05-25,1.549
2026-08-03,2026-08-03,2017-05-26,1.567
2026-08-03,2026-08-03,2017-05-29,.
2026-08-03,2026-08-03,2017-05-30,1.546
2026-08-03,2026-08-03,2017-05-31,1.507
2026-08-03,2026-08-03,2017-06-01,1.491
2026-08-03,2026-08-03,2017-06-02,1.480
2026-08-03,2026-08-03,2017-06-05,1.449
2026-08-03,2026-08-03,2017-06-06,1.459
2026-08-03,2026-08-03,2017-06-07,1.416
2026-08-03,2026-08-03,2017-06-08,1.412
2026-08-03,2026-08-03,2017-06-09,1.423
2026-08-03,2026-08-03,2017-06-12,1.413
2026-08-03,2026-08-03,2017-06-13,1.438
2026-08-03,2026-08-03,2017-06-14,1.402
2026-08-03,2026-08-03,2017-06-15,1.402
2026-08-03,2026-08-03,2017-06-16,1.418
2026-08-03,2026-08-03,2017-06-19,1.402
2026-08-03,2026-08-03,2017-06-20,1.389
2026-08-03,2026-08-03,2017-06-21,1.350
2026-08-03,2026-08-03,2017-06-22,1.358
2026-08-03,2026-08-03,2017-06-23,1.371
2026-08-03,2026-08-03,2017-06-26,1.377
2026-08-03,2026-08-03,2017-06-27,1.396
2026-08-03,2026-08-03,2017-06-28,1.425
2026-08-03,2026-08-03,2017-06-29,1.440
2026-08-03,2026-08-03,2017-06-30,1.473
2026-08-03,2026-08-03,2017-07-03,.
2026-08-03,2026-08-03,2017-07-04,.
2026-08-03,2026-08-03,2017-07-05,1.468
2026-08-03,2026-08-03,2017-07-06,1.467
2026-08-03,2026-08-03,2017-07-07,1.443
2026-08-03,2026-08-03,2017-07-10,1.448
2026-08-03,2026-08-03,2017-07-11,1.473
2026-08-03,2026-08-03,2017-07-12,1.469
2026-08-03,2026-08-03,2017-07-13,1.489
2026-08-03,2026-08-03,2017-07-14,1.514
2026-08-03,2026-08-03,2017-07-17,1.500
2026-08-03,2026-08-03,2017-07-18,1.511
2026-08-03,2026-08-03,2017-07-19,1.554
2026-08-03,2026-08-03,2017-07-20,1.547
2026-08-03,2026-08-03,2017-07-21,1.516
2026-08-03,2026-08-03,2017-07-24,1.518
2026-08-03,2026-08-03,2017-07-25,1.567
2026-08-03,2026-08-03,2017-07-26,1.595
2026-08-03,2026-08-03,2017-07-27,1.605
2026-08-03,2026-08-03,2017-07-28,1.640
2026-08-03,2026-08-03,2017-07-31,1.663
2026-08-03,2026-08-03,2017-08-01,1.639
2026-08-03,2026-08-03,2017-08-02,1.648
2026-08-03,2026-08-03,2017-08-03,1.636
2026-08-03,2026-08-03,2017-08-04,1.643
2026-08-03,2026-08-03,2017-08-07,1.630
2026-08-03,2026-08-03,2017-08-08,1.619
2026-08-03,2026-08-03,2017-08-09,1.646
2026-08-03,2026-08-03,2017-08-10,1.621
2026-08-03,2026-08-03,2017-08-11,1.633
2026-08-03,2026-08-03,2017-08-14,1.604
2026-08-03,2026-08-03,2017-08-15,1.598
2026-08-03,2026-08-03,2017-08-16,1.568
2026-08-03,2026-08-03,2017-08-17,1.573
2026-08-03,2026-08-03,2017-08-18,1.616
2026-08-03,2026-08-03,2017-08-21,1.564
2026-08-03,2026-08-03,2017-08-22,1.583
2026-08-03,2026-08-03,2017-08-23,1.621
2026-08-03,2026-08-03,2017-08-24,1.634
2026-08-03,2026-08-03,2017-08-25,1.628
2026-08-03,2026-08-03,2017-08-28,1.637
2026-08-03,2026-08-03,2017-08-29,1.682
2026-08-03,2026-08-03,2017-08-30,1.685
2026-08-03,2026-08-03,2017-08-31,1.809
2026-08-03,2026-08-03,2017-09-01,1.777
2026-08-03,2026-08-03,2017-09-04,.
2026-08-03,2026-08-03,2017-09-05,1.773
2026-08-03,2026-08-03,2017-09-06,1.780
2026-08-03,2026-08-03,2017-09-07,1.812
2026-08-03,2026-08-03,2017-09-08,1.792
2026-08-03,2026-08-03,2017-09-11,1.750
2026-08-03,2026-08-03,2017-09-12,1.751
2026-08-03,2026-08-03,2017-09-13,1.707
2026-08-03,2026-08-03,2017-09-14,1.714
2026-08-03,2026-08-03,2017-09-15,1.795
2026-08-03,2026-08-03,2017-09-18,1.775
2026-08-03,2026-08-03,2017-09-19,1.773
2026-08-03,2026-08-03,2017-09-20,1.810
2026-08-03,2026-08-03,2017-09-21,1.820
2026-08-03,2026-08-03,2017-09-22,1.815
2026-08-03,2026-08-03,2017-09-25,1.858
2026-08-03,2026-08-03,2017-09-26,1.846
2026-08-03,2026-08-03,2017-09-27,1.849
2026-08-03,2026-08-03,2017-09-28,1.826
2026-08-03,2026-08-03,2017-09-29,1.808
2026-08-03,2026-08-03,2017-10-02,1.759
2026-08-03,2026-08-03,2017-10-03,1.752
2026-08-03,2026-08-03,2017-10-04,1.773
2026-08-03,2026-08-03,2017-10-05,1.789
2026-08-03,2026-08-03,2017-10-06,1.745
2026-08-03,2026-08-03,2017-10-09,1.735
2026-08-03,2026-08-03,2017-10-10,1.766
2026-08-03,2026-08-03,2017-10-11,1.785
2026-08-03,2026-08-03,2017-10-12,1.767
2026-08-03,2026-08-03,2017-10-13,1.795
2026-08-03,2026-08-03,2017-10-16,1.813
2026-08-03,2026-08-03,2017-10-17,1.81
2026-08-03,2026-08-03,2017-10-18,1.806
2026-08-03,2026-08-03,2017-10-19,1.778
2026-08-03,2026-08-03,2017-10-20,1.805
2026-08-03,2026-08-03,2017-10-23,1.787
2026-08-03,2026-08-03,2017-10-24,1.822
2026-08-03,2026-08-03,2017-10-25,1.817
2026-08-03,2026-08-03,2017-10-26,1.848
2026-08-03,2026-08-03,2017-10-27,1.868
2026-08-03,2026-08-03,2017-10-30,1.88
2026-08-03,2026-08-03,2017-10-31,1.881
2026-08-03,2026-08-03,2017-11-01,1.86
2026-08-03,2026-08-03,2017-11-02,1.867
2026-08-03,2026-08-03,2017-11-03,1.886
2026-08-03,2026-08-03,2017-11-06,1.937
2026-08-03,2026-08-03,2017-11-07,1.919
2026-08-03,2026-08-03,2017-11-08,1.913
2026-08-03,2026-08-03,2017-11-09,1.938
2026-08-03,2026-08-03,2017-11-10,1.934
2026-08-03,2026-08-03,2017-11-13,1.929
2026-08-03,2026-08-03,2017-11-14,1.89
2026-08-03,2026-08-03,2017-11-15,1.903
2026-08-03,2026-08-03,2017-11-16,1.9
2026-08-03,2026-08-03,2017-11-17,1.926
2026-08-03,2026-08-03,2017-11-20,1.926
2026-08-03,2026-08-03,2017-11-21,1.929
2026-08-03,2026-08-03,2017-11-22,1.929
2026-08-03,2026-08-03,2017-11-23,.
2026-08-03,2026-08-03,2017-11-24,1.948
2026-08-03,2026-08-03,2017-11-27,1.944
2026-08-03,2026-08-03,2017-11-28,1.943
2026-08-03,2026-08-03,2017-11-29,1.923
2026-08-03,2026-08-03,2017-11-30,1.892
2026-08-03,2026-08-03,2017-12-01,1.935
2026-08-03,2026-08-03,2017-12-04,1.895
2026-08-03,2026-08-03,2017-12-05,1.911
2026-08-03,2026-08-03,2017-12-06,1.855
2026-08-03,2026-08-03,2017-12-07,1.886
2026-08-03,2026-08-03,2017-12-08,1.924
2026-08-03,2026-08-03,2017-12-11,1.945
2026-08-03,2026-08-03,2017-12-12,1.929
2026-08-03,2026-08-03,2017-12-13,1.904
2026-08-03,2026-08-03,2017-12-14,1.906
2026-08-03,2026-08-03,2017-12-15,1.898
2026-08-03,2026-08-03,2017-12-18,1.92
2026-08-03,2026-08-03,2017-12-19,1.935
2026-08-03,2026-08-03,2017-12-20,1.94
2026-08-03,2026-08-03,2017-12-21,1.943
2026-08-03,2026-08-03,2017-12-22,1.959
2026-08-03,2026-08-03,2017-12-25,.
2026-08-03,2026-08-03,2017-12-26,2.035
2026-08-03,2026-08-03,2017-12-27,2.024
2026-08-03,2026-08-03,2017-12-28,2.045
2026-08-03,2026-08-03,2017-12-29,2.068
2026-08-03,2026-08-03,2018-01-01,.
2026-08-03,2026-08-03,2018-01-02,2.058
2026-08-03,2026-08-03,2018-01-03,2.09
2026-08-03,2026-08-03,2018-01-04,2.075
2026-08-03,2026-08-03,2018-01-05,2.06
2026-08-03,2026-08-03,2018-01-08,2.048
2026-08-03,2026-08-03,2018-01-09,2.066
2026-08-03,2026-08-03,2018-01-10,2.079
2026-08-03,2026-08-03,2018-01-11,2.07
2026-08-03,2026-08-03,2018-01-12,2.084
2026-08-03,2026-08-03,2018-01-15,.
2026-08-03,2026-08-03,2018-01-16,2.062
2026-08-03,2026-08-03,2018-01-17,2.061
2026-08-03,2026-08-03,2018-01-18,2.06
2026-08-03,2026-08-03,2018-01-19,2.059
2026-08-03,2026-08-03,2018-01-22,2.047
2026-08-03,2026-08-03,2018-01-23,2.086
2026-08-03,2026-08-03,2018-01-24,2.098
2026-08-03,2026-08-03,2018-01-25,2.099
2026-08-03,2026-08-03,2018-01-26,2.127
2026-08-03,2026-08-03,2018-01-29,2.091
2026-08-03,2026-08-03,2018-01-30,2.065
2026-08-03,2026-08-03,2018-01-31,2.069
2026-08-03,2026-08-03,2018-02-01,2.091
2026-08-03,2026-08-03,2018-02-02,2.057
2026-08-03,2026-08-03,2018-02-05,2.022
2026-08-03,2026-08-03,2018-02-06,1.995
2026-08-03,2026-08-03,2018-02-07,1.937
2026-08-03,2026-08-03,2018-02-08,1.909
2026-08-03,2026-08-03,2018-02-09,1.858
2026-08-03,2026-08-03,2018-02-12,1.845
2026-08-03,2026-08-03,2018-02-13,1.84
2026-08-03,2026-08-03,2018-02-14,1.882
2026-08-03,2026-08-03,2018-02-15,1.891
2026-08-03,2026-08-03,2018-02-16,1.912
2026-08-03,2026-08-03,2018-02-19,.
2026-08-03,2026-08-03,2018-02-20,1.925
2026-08-03,2026-08-03,2018-02-21,1.923
2026-08-03,2026-08-03,2018-02-22,1.944
2026-08-03,2026-08-03,2018-02-23,1.968
2026-08-03,2026-08-03,2018-02-26,1.985
2026-08-03,2026-08-03,2018-02-27,1.961
2026-08-03,2026-08-03,2018-02-28,1.887
2026-08-03,2026-08-03,2018-03-01,1.878
2026-08-03,2026-08-03,2018-03-02,1.872
2026-08-03,2026-08-03,2018-03-05,1.884
2026-08-03,2026-08-03,2018-03-06,1.887
2026-08-03,2026-08-03,2018-03-07,1.87
2026-08-03,2026-08-03,2018-03-08,1.856
2026-08-03,2026-08-03,2018-03-09,1.872
2026-08-03,2026-08-03,2018-03-12,1.855
2026-08-03,2026-08-03,2018-03-13,1.865
2026-08-03,2026-08-03,2018-03-14,1.879
2026-08-03,2026-08-03,2018-03-15,1.888
2026-08-03,2026-08-03,2018-03-16,1.909
2026-08-03,2026-08-03,2018-03-19,1.908
2026-08-03,2026-08-03,2018-03-20,1.945
2026-08-03,2026-08-03,2018-03-21,2.014
2026-08-03,2026-08-03,2018-03-22,1.978
2026-08-03,2026-08-03,2018-03-23,2.016
2026-08-03,2026-08-03,2018-03-26,2.013
2026-08-03,2026-08-03,2018-03-27,2.01
2026-08-03,2026-08-03,2018-03-28,2.018
2026-08-03,2026-08-03,2018-03-29,2.022
2026-08-03,2026-08-03,2018-03-30,.
2026-08-03,2026-08-03,2018-04-02,1.983
2026-08-03,2026-08-03,2018-04-03,1.997
2026-08-03,2026-08-03,2018-04-04,1.985
2026-08-03,2026-08-03,2018-04-05,1.981
2026-08-03,2026-08-03,2018-04-06,1.955
2026-08-03,2026-08-03,2018-04-09,1.997
2026-08-03,2026-08-03,2018-04-10,2.069
2026-08-03,2026-08-03,2018-04-11,2.097
2026-08-03,2026-08-03,2018-04-12,2.087
2026-08-03,2026-08-03,2018-04-13,2.106
2026-08-03,2026-08-03,2018-04-16,2.081
2026-08-03,2026-08-03,2018-04-17,2.063
2026-08-03,2026-08-03,2018-04-18,2.109
2026-08-03,2026-08-03,2018-04-19,2.12
2026-08-03,2026-08-03,2018-04-20,2.126
2026-08-03,2026-08-03,2018-04-23,2.121
2026-08-03,2026-08-03,2018-04-24,2.137
2026-08-03,2026-08-03,2018-04-25,2.144
2026-08-03,2026-08-03,2018-04-26,2.166
2026-08-03,2026-08-03,2018-04-27,2.155
2026-08-03,2026-08-03,2018-04-30,2.173
2026-08-03,2026-08-03,2018-05-01,2.123
2026-08-03,2026-08-03,2018-05-02,2.132
2026-08-03,2026-08-03,2018-05-03,2.135
2026-08-03,2026-08-03,2018-05-04,2.173
2026-08-03,2026-08-03,2018-05-07,2.189
2026-08-03,2026-08-03,2018-05-08,2.188
2026-08-03,2026-08-03,2018-05-09,2.237
2026-08-03,2026-08-03,2018-05-10,2.241
2026-08-03,2026-08-03,2018-05-11,2.239
2026-08-03,2026-08-03,2018-05-14,2.272
2026-08-03,2026-08-03,2018-05-15,2.268
2026-08-03,2026-08-03,2018-05-16,2.286
2026-08-03,2026-08-03,2018-05-17,2.299
2026-08-03,2026-08-03,2018-05-18,2.282
2026-08-03,2026-08-03,2018-05-21,2.292
2026-08-03,2026-08-03,2018-05-22,2.285
2026-08-03,2026-08-03,2018-05-23,2.297
2026-08-03,2026-08-03,2018-05-24,2.266
2026-08-03,2026-08-03,2018-05-25,2.21
2026-08-03,2026-08-03,2018-05-28,.
2026-08-03,2026-08-03,2018-05-29,2.193
2026-08-03,2026-08-03,2018-05-30,2.245
2026-08-03,2026-08-03,2018-05-31,2.227
2026-08-03,2026-08-03,2018-06-01,2.182
2026-08-03,2026-08-03,2018-06-04,2.16
2026-08-03,2026-08-03,2018-06-05,2.139
2026-08-03,2026-08-03,2018-06-06,2.142
2026-08-03,2026-08-03,2018-06-07,2.184
2026-08-03,2026-08-03,2018-06-08,2.162
2026-08-03,2026-08-03,2018-06-11,2.161
2026-08-03,2026-08-03,2018-06-12,2.16
2026-08-03,2026-08-03,2018-06-13,2.179
2026-08-03,2026-08-03,2018-06-14,2.156
2026-08-03,2026-08-03,2018-06-15,2.079
2026-08-03,2026-08-03,2018-06-18,2.133
2026-08-03,2026-08-03,2018-06-19,2.123
2026-08-03,2026-08-03,2018-06-20,2.102
2026-08-03,2026-08-03,2018-06-21,2.081
2026-08-03,2026-08-03,2018-06-22,2.127
2026-08-03,2026-08-03,2018-06-25,2.107
2026-08-03,2026-08-03,2018-06-26,2.133
2026-08-03,2026-08-03,2018-06-27,2.17
2026-08-03,2026-08-03,2018-06-28,2.177
2026-08-03,2026-08-03,2018-06-29,2.203
2026-08-03,2026-08-03,2018-07-02,2.157
2026-08-03,2026-08-03,2018-07-03,2.164
2026-08-03,2026-08-03,2018-07-04,.
2026-08-03,2026-08-03,2018-07-05,2.188
2026-08-03,2026-08-03,2018-07-06,2.175
2026-08-03,2026-08-03,2018-07-09,2.194
2026-08-03,2026-08-03,2018-07-10,2.22
2026-08-03,2026-08-03,2018-07-11,2.112
2026-08-03,2026-08-03,2018-07-12,2.118
2026-08-03,2026-08-03,2018-07-13,2.128
2026-08-03,2026-08-03,2018-07-16,2.057
2026-08-03,2026-08-03,2018-07-17,2.067
2026-08-03,2026-08-03,2018-07-18,2.093
2026-08-03,2026-08-03,2018-07-19,2.096
2026-08-03,2026-08-03,2018-07-20,2.106
2026-08-03,2026-08-03,2018-07-23,2.12
2026-08-03,2026-08-03,2018-07-24,2.133
2026-08-03,2026-08-03,2018-07-25,2.154
2026-08-03,2026-08-03,2018-07-26,2.172
2026-08-03,2026-08-03,2018-07-27,2.157
2026-08-03,2026-08-03,2018-07-30,2.168
2026-08-03,2026-08-03,2018-07-31,2.136
2026-08-03,2026-08-03,2018-08-01,2.096
2026-08-03,2026-08-03,2018-08-02,2.127
2026-08-03,2026-08-03,2018-08-03,2.13
2026-08-03,2026-08-03,2018-08-06,2.139
2026-08-03,2026-08-03,2018-08-07,2.162
2026-08-03,2026-08-03,2018-08-08,2.111
2026-08-03,2026-08-03,2018-08-09,2.112
2026-08-03,2026-08-03,2018-08-10,2.142
2026-08-03,2026-08-03,2018-08-13,2.142
2026-08-03,2026-08-03,2018-08-14,2.126
2026-08-03,2026-08-03,2018-08-15,2.087
2026-08-03,2026-08-03,2018-08-16,2.094
2026-08-03,2026-08-03,2018-08-17,2.099
2026-08-03,2026-08-03,2018-08-20,2.112
2026-08-03,2026-08-03,2018-08-21,2.123
2026-08-03,2026-08-03,2018-08-22,2.169
2026-08-03,2026-08-03,2018-08-23,2.177
2026-08-03,2026-08-03,2018-08-24,2.199
2026-08-03,2026-08-03,2018-08-27,2.218
2026-08-03,2026-08-03,2018-08-28,2.214
2026-08-03,2026-08-03,2018-08-29,2.246
2026-08-03,2026-08-03,2018-08-30,2.246
2026-08-03,2026-08-03,2018-08-31,2.24
2026-08-03,2026-08-03,2018-09-03,.
2026-08-03,2026-08-03,2018-09-04,2.244
2026-08-03,2026-08-03,2018-09-05,2.237
2026-08-03,2026-08-03,2018-09-06,2.213
2026-08-03,2026-08-03,2018-09-07,2.218
2026-08-03,2026-08-03,2018-09-10,2.222
2026-08-03,2026-08-03,2018-09-11,2.259
2026-08-03,2026-08-03,2018-09-12,2.261
2026-08-03,2026-08-03,2018-09-13,2.227
2026-08-03,2026-08-03,2018-09-14,2.21
2026-08-03,2026-08-03,2018-09-17,2.205
2026-08-03,2026-08-03,2018-09-18,2.234
2026-08-03,2026-08-03,2018-09-19,2.241
2026-08-03,2026-08-03,2018-09-20,2.224
2026-08-03,2026-08-03,2018-09-21,2.222
2026-08-03,2026-08-03,2018-09-24,2.288
2026-08-03,2026-08-03,2018-09-25,2.302
2026-08-03,2026-08-03,2018-09-26,2.313
2026-08-03,2026-08-03,2018-09-27,2.321
2026-08-03,2026-08-03,2018-09-28,2.352
2026-08-03,2026-08-03,2018-10-01,2.412
2026-08-03,2026-08-03,2018-10-02,2.397
2026-08-03,2026-08-03,2018-10-03,2.432
2026-08-03,2026-08-03,2018-10-04,2.399
2026-08-03,2026-08-03,2018-10-05,2.388
2026-08-03,2026-08-03,2018-10-08,2.392
2026-08-03,2026-08-03,2018-10-09,2.419
2026-08-03,2026-08-03,2018-10-10,2.385
2026-08-03,2026-08-03,2018-10-11,2.326
2026-08-03,2026-08-03,2018-10-12,2.327
2026-08-03,2026-08-03,2018-10-15,2.326
2026-08-03,2026-08-03,2018-10-16,2.34
2026-08-03,2026-08-03,2018-10-17,2.318
2026-08-03,2026-08-03,2018-10-18,2.299
2026-08-03,2026-08-03,2018-10-19,2.309
2026-08-03,2026-08-03,2018-10-22,2.325
2026-08-03,2026-08-03,2018-10-23,2.246
2026-08-03,2026-08-03,2018-10-24,2.237
2026-08-03,2026-08-03,2018-10-25,2.275
2026-08-03,2026-08-03,2018-10-26,2.304
2026-08-03,2026-08-03,2018-10-29,2.278
2026-08-03,2026-08-03,2018-10-30,2.263
2026-08-03,2026-08-03,2018-10-31,2.251
2026-08-03,2026-08-03,2018-11-01,2.197
2026-08-03,2026-08-03,2018-11-02,2.168
2026-08-03,2026-08-03,2018-11-05,2.189
2026-08-03,2026-08-03,2018-11-06,2.189
2026-08-03,2026-08-03,2018-11-07,2.241
2026-08-03,2026-08-03,2018-11-08,2.171
2026-08-03,2026-08-03,2018-11-09,2.157
2026-08-03,2026-08-03,2018-11-12,2.138
2026-08-03,2026-08-03,2018-11-13,2.063
2026-08-03,2026-08-03,2018-11-14,2.098
2026-08-03,2026-08-03,2018-11-15,2.08
2026-08-03,2026-08-03,2018-11-16,2.082
2026-08-03,2026-08-03,2018-11-19,2.089
2026-08-03,2026-08-03,2018-11-20,1.985
2026-08-03,2026-08-03,2018-11-21,1.974
2026-08-03,2026-08-03,2018-11-22,.
2026-08-03,2026-08-03,2018-11-23,.
2026-08-03,2026-08-03,2018-11-26,1.892
2026-08-03,2026-08-03,2018-11-27,1.89
2026-08-03,2026-08-03,2018-11-28,1.835
2026-08-03,2026-08-03,2018-11-29,1.837
2026-08-03,2026-08-03,2018-11-30,1.829
2026-08-03,2026-08-03,2018-12-03,1.892
2026-08-03,2026-08-03,2018-12-04,1.892
2026-08-03,2026-08-03,2018-12-05,1.891
2026-08-03,2026-08-03,2018-12-06,1.865
2026-08-03,2026-08-03,2018-12-07,1.883
2026-08-03,2026-08-03,2018-12-10,1.845
2026-08-03,2026-08-03,2018-12-11,1.849
2026-08-03,2026-08-03,2018-12-12,1.851
2026-08-03,2026-08-03,2018-12-13,1.889
2026-08-03,2026-08-03,2018-12-14,1.848
2026-08-03,2026-08-03,2018-12-17,1.806
2026-08-03,2026-08-03,2018-12-18,1.763
2026-08-03,2026-08-03,2018-12-19,1.799
2026-08-03,2026-08-03,2018-12-20,1.762
2026-08-03,2026-08-03,2018-12-21,1.734
2026-08-03,2026-08-03,2018-12-24,.
2026-08-03,2026-08-03,2018-12-25,.
2026-08-03,2026-08-03,2018-12-26,1.752
2026-08-03,2026-08-03,2018-12-27,1.706
2026-08-03,2026-08-03,2018-12-28,1.663
2026-08-03,2026-08-03,2018-12-31,.
2026-08-03,2026-08-03,2019-01-01,.
2026-08-03,2026-08-03,2019-01-02,1.705
2026-08-03,2026-08-03,2019-01-03,1.738
2026-08-03,2026-08-03,2019-01-04,1.778
2026-08-03,2026-08-03,2019-01-07,1.803
2026-08-03,2026-08-03,2019-01-08,1.822
2026-08-03,2026-08-03,2019-01-09,1.878
2026-08-03,2026-08-03,2019-01-10,1.895
2026-08-03,2026-08-03,2019-01-11,1.881
2026-08-03,2026-08-03,2019-01-14,1.851
2026-08-03,2026-08-03,2019-01-15,1.867
2026-08-03,2026-08-03,2019-01-16,1.889
2026-08-03,2026-08-03,2019-01-17,1.878
2026-08-03,2026-08-03,2019-01-18,1.908
2026-08-03,2026-08-03,2019-01-21,.
2026-08-03,2026-08-03,2019-01-22,1.898
2026-08-03,2026-08-03,2019-01-23,1.881
2026-08-03,2026-08-03,2019-01-24,1.88
2026-08-03,2026-08-03,2019-01-25,1.882
2026-08-03,2026-08-03,2019-01-28,1.837
2026-08-03,2026-08-03,2019-01-29,1.887
2026-08-03,2026-08-03,2019-01-30,1.892
2026-08-03,2026-08-03,2019-01-31,1.869
2026-08-03,2026-08-03,2019-02-01,1.911
2026-08-03,2026-08-03,2019-02-04,1.906
2026-08-03,2026-08-03,2019-02-05,1.896
2026-08-03,2026-08-03,2019-02-06,1.909
2026-08-03,2026-08-03,2019-02-07,1.898
2026-08-03,2026-08-03,2019-02-08,1.906
2026-08-03,2026-08-03,2019-02-11,1.891
2026-08-03,2026-08-03,2019-02-12,1.905
2026-08-03,2026-08-03,2019-02-13,1.937
2026-08-03,2026-08-03,2019-02-14,1.972
2026-08-03,2026-08-03,2019-02-15,2.019
2026-08-03,2026-08-03,2019-02-18,.
2026-08-03,2026-08-03,2019-02-19,1.993
2026-08-03,2026-08-03,2019-02-20,2.009
2026-08-03,2026-08-03,2019-02-21,2.026
2026-08-03,2026-08-03,2019-02-22,2.026
2026-08-03,2026-08-03,2019-02-25,1.973
2026-08-03,2026-08-03,2019-02-26,1.999
2026-08-03,2026-08-03,2019-02-27,2.017
2026-08-03,2026-08-03,2019-02-28,2.027
2026-08-03,2026-08-03,2019-03-01,1.997
2026-08-03,2026-08-03,2019-03-04,2.012
2026-08-03,2026-08-03,2019-03-05,2.018
2026-08-03,2026-08-03,2019-03-06,2.016
2026-08-03,2026-08-03,2019-03-07,2.008
2026-08-03,2026-08-03,2019-03-08,1.999
2026-08-03,2026-08-03,2019-03-11,1.999
2026-08-03,2026-08-03,2019-03-12,1.984
2026-08-03,2026-08-03,2019-03-13,1.996
2026-08-03,2026-08-03,2019-03-14,1.979
2026-08-03,2026-08-03,2019-03-15,1.963
2026-08-03,2026-08-03,2019-03-18,1.964
2026-08-03,2026-08-03,2019-03-19,1.983
2026-08-03,2026-08-03,2019-03-20,2.001
2026-08-03,2026-08-03,2019-03-21,1.982
2026-08-03,2026-08-03,2019-03-22,1.963
2026-08-03,2026-08-03,2019-03-25,1.981
2026-08-03,2026-08-03,2019-03-26,1.991
2026-08-03,2026-08-03,2019-03-27,1.982
2026-08-03,2026-08-03,2019-03-28,1.971
2026-08-03,2026-08-03,2019-03-29,1.97
2026-08-03,2026-08-03,2019-04-01,1.99
2026-08-03,2026-08-03,2019-04-02,2.012
2026-08-03,2026-08-03,2019-04-03,2.011
2026-08-03,2026-08-03,2019-04-04,2.012
2026-08-03,2026-08-03,2019-04-05,2.044
2026-08-03,2026-08-03,2019-04-08,2.057
2026-08-03,2026-08-03,2019-04-09,2.047
2026-08-03,2026-08-03,2019-04-10,2.081
2026-08-03,2026-08-03,2019-04-11,2.074
2026-08-03,2026-08-03,2019-04-12,2.067
2026-08-03,2026-08-03,2019-04-15,2.063
2026-08-03,2026-08-03,2019-04-16,2.084
2026-08-03,2026-08-03,2019-04-17,2.074
2026-08-03,2026-08-03,2019-04-18,2.073
2026-08-03,2026-08-03,2019-04-19,.
2026-08-03,2026-08-03,2019-04-22,2.11
2026-08-03,2026-08-03,2019-04-23,2.121
2026-08-03,2026-08-03,2019-04-24,2.096
2026-08-03,2026-08-03,2019-04-25,2.1
2026-08-03,2026-08-03,2019-04-26,2.044
2026-08-03,2026-08-03,2019-04-29,2.06
2026-08-03,2026-08-03,2019-04-30,2.078
2026-08-03,2026-08-03,2019-05-01,2.091
2026-08-03,2026-08-03,2019-05-02,2.069
2026-08-03,2026-08-03,2019-05-03,2.065
2026-08-03,2026-08-03,2019-05-06,2.075
2026-08-03,2026-08-03,2019-05-07,2.03
2026-08-03,2026-08-03,2019-05-08,2.056
2026-08-03,2026-08-03,2019-05-09,2.037
2026-08-03,2026-08-03,2019-05-10,2.053
2026-08-03,2026-08-03,2019-05-13,2.028
2026-08-03,2026-08-03,2019-05-14,2.052
2026-08-03,2026-08-03,2019-05-15,2.085
2026-08-03,2026-08-03,2019-05-16,2.125
2026-08-03,2026-08-03,2019-05-17,2.092
2026-08-03,2026-08-03,2019-05-20,2.078
2026-08-03,2026-08-03,2019-05-21,2.079
2026-08-03,2026-08-03,2019-05-22,2.042
2026-08-03,2026-08-03,2019-05-23,1.968
2026-08-03,2026-08-03,2019-05-24,1.985
2026-08-03,2026-08-03,2019-05-27,.
2026-08-03,2026-08-03,2019-05-28,1.992
2026-08-03,2026-08-03,2019-05-29,1.972
2026-08-03,2026-08-03,2019-05-30,1.91
2026-08-03,2026-08-03,2019-05-31,1.836
2026-08-03,2026-08-03,2019-06-03,1.801
2026-08-03,2026-08-03,2019-06-04,1.822
2026-08-03,2026-08-03,2019-06-05,1.771
2026-08-03,2026-08-03,2019-06-06,1.803
2026-08-03,2026-08-03,2019-06-07,1.819
2026-08-03,2026-08-03,2019-06-10,1.803
2026-08-03,2026-08-03,2019-06-11,1.815
2026-08-03,2026-08-03,2019-06-12,1.764
2026-08-03,2026-08-03,2019-06-13,1.798
2026-08-03,2026-08-03,2019-06-14,1.821
2026-08-03,2026-08-03,2019-06-17,1.792
2026-08-03,2026-08-03,2019-06-18,1.824
2026-08-03,2026-08-03,2019-06-19,1.823
2026-08-03,2026-08-03,2019-06-20,1.882
2026-08-03,2026-08-03,2019-06-21,1.912
2026-08-03,2026-08-03,2019-06-24,1.9
2026-08-03,2026-08-03,2019-06-25,1.918
2026-08-03,2026-08-03,2019-06-26,1.965
2026-08-03,2026-08-03,2019-06-27,1.949
2026-08-03,2026-08-03,2019-06-28,1.931
2026-08-03,2026-08-03,2019-07-01,1.95
2026-08-03,2026-08-03,2019-07-02,1.892
2026-08-03,2026-08-03,2019-07-03,1.902
2026-08-03,2026-08-03,2019-07-04,.
2026-08-03,2026-08-03,2019-07-05,.
2026-08-03,2026-08-03,2019-07-08,1.89
2026-08-03,2026-08-03,2019-07-09,1.915
2026-08-03,2026-08-03,2019-07-10,1.976
2026-08-03,2026-08-03,2019-07-11,1.98
2026-08-03,2026-08-03,2019-07-12,1.981
2026-08-03,2026-08-03,2019-07-15,1.944
2026-08-03,2026-08-03,2019-07-16,1.91
2026-08-03,2026-08-03,2019-07-17,1.883
2026-08-03,2026-08-03,2019-07-18,1.877
2026-08-03,2026-08-03,2019-07-19,1.894
2026-08-03,2026-08-03,2019-07-22,1.899
2026-08-03,2026-08-03,2019-07-23,1.918
2026-08-03,2026-08-03,2019-07-24,1.904
2026-08-03,2026-08-03,2019-07-25,1.903
2026-08-03,2026-08-03,2019-07-26,1.904
2026-08-03,2026-08-03,2019-07-29,1.912
2026-08-03,2026-08-03,2019-07-30,1.948
2026-08-03,2026-08-03,2019-07-31,1.961
2026-08-03,2026-08-03,2019-08-01,1.86
2026-08-03,2026-08-03,2019-08-02,1.864
2026-08-03,2026-08-03,2019-08-05,1.832
2026-08-03,2026-08-03,2019-08-06,1.822
2026-08-03,2026-08-03,2019-08-07,1.773
2026-08-03,2026-08-03,2019-08-08,1.779
2026-08-03,2026-08-03,2019-08-09,1.796
2026-08-03,2026-08-03,2019-08-12,1.802
2026-08-03,2026-08-03,2019-08-13,1.858
2026-08-03,2026-08-03,2019-08-14,1.823
2026-08-03,2026-08-03,2019-08-15,1.793
2026-08-03,2026-08-03,2019-08-16,1.809
2026-08-03,2026-08-03,2019-08-19,1.822
2026-08-03,2026-08-03,2019-08-20,1.841
2026-08-03,2026-08-03,2019-08-21,1.857
2026-08-03,2026-08-03,2019-08-22,1.839
2026-08-03,2026-08-03,2019-08-23,1.812
2026-08-03,2026-08-03,2019-08-26,1.794
2026-08-03,2026-08-03,2019-08-27,1.811
2026-08-03,2026-08-03,2019-08-28,1.856
2026-08-03,2026-08-03,2019-08-29,1.866
2026-08-03,2026-08-03,2019-08-30,1.826
2026-08-03,2026-08-03,2019-09-02,.
2026-08-03,2026-08-03,2019-09-03,1.799
2026-08-03,2026-08-03,2019-09-04,1.884
2026-08-03,2026-08-03,2019-09-05,1.883
2026-08-03,2026-08-03,2019-09-06,1.893
2026-08-03,2026-08-03,2019-09-09,1.924
2026-08-03,2026-08-03,2019-09-10,1.928
2026-08-03,2026-08-03,2019-09-11,1.906
2026-08-03,2026-08-03,2019-09-12,1.894
2026-08-03,2026-08-03,2019-09-13,1.893
2026-08-03,2026-08-03,2019-09-16,2.069
2026-08-03,2026-08-03,2019-09-17,2.003
2026-08-03,2026-08-03,2019-09-18,1.991
2026-08-03,2026-08-03,2019-09-19,2.027
2026-08-03,2026-08-03,2019-09-20,2.0
2026-08-03,2026-08-03,2019-09-23,1.993
2026-08-03,2026-08-03,2019-09-24,1.959
2026-08-03,2026-08-03,2019-09-25,1.956
2026-08-03,2026-08-03,2019-09-26,1.956
2026-08-03,2026-08-03,2019-09-27,1.948
2026-08-03,2026-08-03,2019-09-30,1.903
2026-08-03,2026-08-03,2019-10-01,1.905
2026-08-03,2026-08-03,2019-10-02,1.873
2026-08-03,2026-08-03,2019-10-03,1.884
2026-08-03,2026-08-03,2019-10-04,1.902
2026-08-03,2026-08-03,2019-10-07,1.914
2026-08-03,2026-08-03,2019-10-08,1.906
2026-08-03,2026-08-03,2019-10-09,1.924
2026-08-03,2026-08-03,2019-10-10,1.936
2026-08-03,2026-08-03,2019-10-11,1.966
2026-08-03,2026-08-03,2019-10-14,1.92
2026-08-03,2026-08-03,2019-10-15,1.932
2026-08-03,2026-08-03,2019-10-16,1.958
2026-08-03,2026-08-03,2019-10-17,1.969
2026-08-03,2026-08-03,2019-10-18,1.961
2026-08-03,2026-08-03,2019-10-21,1.964
2026-08-03,2026-08-03,2019-10-22,1.956
2026-08-03,2026-08-03,2019-10-23,1.978
2026-08-03,2026-08-03,2019-10-24,1.998
2026-08-03,2026-08-03,2019-10-25,1.983
2026-08-03,2026-08-03,2019-10-28,1.966
2026-08-03,2026-08-03,2019-10-29,1.958
2026-08-03,2026-08-03,2019-10-30,1.919
2026-08-03,2026-08-03,2019-10-31,1.889
2026-08-03,2026-08-03,2019-11-01,1.93
2026-08-03,2026-08-03,2019-11-04,1.954
2026-08-03,2026-08-03,2019-11-05,1.966
2026-08-03,2026-08-03,2019-11-06,1.936
2026-08-03,2026-08-03,2019-11-07,1.924
2026-08-03,2026-08-03,2019-11-08,1.919
2026-08-03,2026-08-03,2019-11-11,.
2026-08-03,2026-08-03,2019-11-12,1.904
2026-08-03,2026-08-03,2019-11-13,1.926
2026-08-03,2026-08-03,2019-11-14,1.931
2026-08-03,2026-08-03,2019-11-15,1.96
2026-08-03,2026-08-03,2019-11-18,1.908
2026-08-03,2026-08-03,2019-11-19,1.865
2026-08-03,2026-08-03,2019-11-20,1.904
2026-08-03,2026-08-03,2019-11-21,1.946
2026-08-03,2026-08-03,2019-11-22,1.942
2026-08-03,2026-08-03,2019-11-25,1.95
2026-08-03,2026-08-03,2019-11-26,1.966
2026-08-03,2026-08-03,2019-11-27,1.949
2026-08-03,2026-08-03,2019-11-28,.
2026-08-03,2026-08-03,2019-11-29,.
2026-08-03,2026-08-03,2019-12-02,1.891
2026-08-03,2026-08-03,2019-12-03,1.886
2026-08-03,2026-08-03,2019-12-04,1.926
2026-08-03,2026-08-03,2019-12-05,1.938
2026-08-03,2026-08-03,2019-12-06,1.954
2026-08-03,2026-08-03,2019-12-09,1.945
2026-08-03,2026-08-03,2019-12-10,1.967
2026-08-03,2026-08-03,2019-12-11,1.935
2026-08-03,2026-08-03,2019-12-12,1.956
2026-08-03,2026-08-03,2019-12-13,1.982
2026-08-03,2026-08-03,2019-12-16,2.01
2026-08-03,2026-08-03,2019-12-17,2.036
2026-08-03,2026-08-03,2019-12-18,2.026
2026-08-03,2026-08-03,2019-12-19,2.031
2026-08-03,2026-08-03,2019-12-20,2.019
2026-08-03,2026-08-03,2019-12-23,2.021
2026-08-03,2026-08-03,2019-12-24,2.034
2026-08-03,2026-08-03,2019-12-25,.
2026-08-03,2026-08-03,2019-12-26,2.048
2026-08-03,2026-08-03,2019-12-27,2.046
2026-08-03,2026-08-03,2019-12-30,2.034
2026-08-03,2026-08-03,2019-12-31,2.022
2026-08-03,2026-08-03,2020-01-01,.
2026-08-03,2026-08-03,2020-01-02,2.019
2026-08-03,2026-08-03,2020-01-03,2.054
2026-08-03,2026-08-03,2020-01-06,2.019
2026-08-03,2026-08-03,2020-01-07,2.024
2026-08-03,2026-08-03,2020-01-08,1.967
2026-08-03,2026-08-03,2020-01-09,1.946
2026-08-03,2026-08-03,2020-01-10,1.929
2026-08-03,2026-08-03,2020-01-13,1.894
2026-08-03,2026-08-03,2020-01-14,1.912
2026-08-03,2026-08-03,2020-01-15,1.882
2026-08-03,2026-08-03,2020-01-16,1.859
2026-08-03,2026-08-03,2020-01-17,1.86
2026-08-03,2026-08-03,2020-01-20,.
2026-08-03,2026-08-03,2020-01-21,1.824
2026-08-03,2026-08-03,2020-01-22,1.794
2026-08-03,2026-08-03,2020-01-23,1.787
2026-08-03,2026-08-03,2020-01-24,1.729
2026-08-03,2026-08-03,2020-01-27,1.661
2026-08-03,2026-08-03,2020-01-28,1.708
2026-08-03,2026-08-03,2020-01-29,1.677
2026-08-03,2026-08-03,2020-01-30,1.644
2026-08-03,2026-08-03,2020-01-31,1.62
2026-08-03,2026-08-03,2020-02-03,1.57
2026-08-03,2026-08-03,2020-02-04,1.586
2026-08-03,2026-08-03,2020-02-05,1.648
2026-08-03,2026-08-03,2020-02-06,1.667
2026-08-03,2026-08-03,2020-02-07,1.641
2026-08-03,2026-08-03,2020-02-10,1.611
2026-08-03,2026-08-03,2020-02-11,1.627
2026-08-03,2026-08-03,2020-02-12,1.678
2026-08-03,2026-08-03,2020-02-13,1.682
2026-08-03,2026-08-03,2020-02-14,1.7
2026-08-03,2026-08-03,2020-02-17,.
2026-08-03,2026-08-03,2020-02-18,1.675
2026-08-03,2026-08-03,2020-02-19,1.705
2026-08-03,2026-08-03,2020-02-20,1.695
2026-08-03,2026-08-03,2020-02-21,1.687
2026-08-03,2026-08-03,2020-02-24,1.613
2026-08-03,2026-08-03,2020-02-25,1.569
2026-08-03,2026-08-03,2020-02-26,1.506
2026-08-03,2026-08-03,2020-02-27,1.48
2026-08-03,2026-08-03,2020-02-28,1.485
2026-08-03,2026-08-03,2020-03-02,1.556
2026-08-03,2026-08-03,2020-03-03,1.545
2026-08-03,2026-08-03,2020-03-04,1.553
2026-08-03,2026-08-03,2020-03-05,1.502
2026-08-03,2026-08-03,2020-03-06,1.405
2026-08-03,2026-08-03,2020-03-09,1.182
2026-08-03,2026-08-03,2020-03-10,1.272
2026-08-03,2026-08-03,2020-03-11,1.247
2026-08-03,2026-08-03,2020-03-12,1.15
2026-08-03,2026-08-03,2020-03-13,1.175
2026-08-03,2026-08-03,2020-03-16,1.042
2026-08-03,2026-08-03,2020-03-17,1.045
2026-08-03,2026-08-03,2020-03-18,0.996
2026-08-03,2026-08-03,2020-03-19,1.05
2026-08-03,2026-08-03,2020-03-20,1.021
2026-08-03,2026-08-03,2020-03-23,1.04
2026-08-03,2026-08-03,2020-03-24,1.087
2026-08-03,2026-08-03,2020-03-25,1.093
2026-08-03,2026-08-03,2020-03-26,1.069
2026-08-03,2026-08-03,2020-03-27,1.085
2026-08-03,2026-08-03,2020-03-30,1.043
2026-08-03,2026-08-03,2020-03-31,1.02
2026-08-03,2026-08-03,2020-04-01,0.95
2026-08-03,2026-08-03,2020-04-02,1.005
2026-08-03,2026-08-03,2020-04-03,1.108
2026-08-03,2026-08-03,2020-04-06,1.06
2026-08-03,2026-08-03,2020-04-07,1.024
2026-08-03,2026-08-03,2020-04-08,1.026
2026-08-03,2026-08-03,2020-04-09,0.993
2026-08-03,2026-08-03,2020-04-10,.
2026-08-03,2026-08-03,2020-04-13,1.007
2026-08-03,2026-08-03,2020-04-14,0.962
2026-08-03,2026-08-03,2020-04-15,0.925
2026-08-03,2026-08-03,2020-04-16,0.953
2026-08-03,2026-08-03,2020-04-17,0.967
2026-08-03,2026-08-03,2020-04-20,0.9
2026-08-03,2026-08-03,2020-04-21,0.753
2026-08-03,2026-08-03,2020-04-22,0.756
2026-08-03,2026-08-03,2020-04-23,0.735
2026-08-03,2026-08-03,2020-04-24,0.677
2026-08-03,2026-08-03,2020-04-27,0.602
2026-08-03,2026-08-03,2020-04-28,0.621
2026-08-03,2026-08-03,2020-04-29,0.69
2026-08-03,2026-08-03,2020-04-30,0.757
2026-08-03,2026-08-03,2020-05-01,0.792
2026-08-03,2026-08-03,2020-05-04,0.815
2026-08-03,2026-08-03,2020-05-05,0.887
2026-08-03,2026-08-03,2020-05-06,0.816
2026-08-03,2026-08-03,2020-05-07,0.83
2026-08-03,2026-08-03,2020-05-08,0.889
2026-08-03,2026-08-03,2020-05-11,0.867
2026-08-03,2026-08-03,2020-05-12,0.817
2026-08-03,2026-08-03,2020-05-13,0.825
2026-08-03,2026-08-03,2020-05-14,0.861
2026-08-03,2026-08-03,2020-05-15,0.882
2026-08-03,2026-08-03,2020-05-18,0.98
2026-08-03,2026-08-03,2020-05-19,0.931
2026-08-03,2026-08-03,2020-05-20,0.951
2026-08-03,2026-08-03,2020-05-21,0.951
2026-08-03,2026-08-03,2020-05-22,0.94
2026-08-03,2026-08-03,2020-05-25,.
2026-08-03,2026-08-03,2020-05-26,0.95
2026-08-03,2026-08-03,2020-05-27,0.923
2026-08-03,2026-08-03,2020-05-28,0.882
2026-08-03,2026-08-03,2020-05-29,0.955
2026-08-03,2026-08-03,2020-06-01,0.956
2026-08-03,2026-08-03,2020-06-02,1.025
2026-08-03,2026-08-03,2020-06-03,1.015
2026-08-03,2026-08-03,2020-06-04,1.034
2026-08-03,2026-08-03,2020-06-05,1.099
2026-08-03,2026-08-03,2020-06-08,1.076
2026-08-03,2026-08-03,2020-06-09,1.107
2026-08-03,2026-08-03,2020-06-10,1.119
2026-08-03,2026-08-03,2020-06-11,1.041
2026-08-03,2026-08-03,2020-06-12,1.102
2026-08-03,2026-08-03,2020-06-15,1.128
2026-08-03,2026-08-03,2020-06-16,1.184
2026-08-03,2026-08-03,2020-06-17,1.187
2026-08-03,2026-08-03,2020-06-18,1.206
2026-08-03,2026-08-03,2020-06-19,1.21
2026-08-03,2026-08-03,2020-06-22,1.225
2026-08-03,2026-08-03,2020-06-23,1.205
2026-08-03,2026-08-03,2020-06-24,1.159
2026-08-03,2026-08-03,2020-06-25,1.169
2026-08-03,2026-08-03,2020-06-26,1.13
2026-08-03,2026-08-03,2020-06-29,1.171
2026-08-03,2026-08-03,2020-06-30,1.179
2026-08-03,2026-08-03,2020-07-01,1.2
2026-08-03,2026-08-03,2020-07-02,1.225
2026-08-03,2026-08-03,2020-07-03,.
2026-08-03,2026-08-03,2020-07-06,1.251
2026-08-03,2026-08-03,2020-07-07,1.241
2026-08-03,2026-08-03,2020-07-08,1.242
2026-08-03,2026-08-03,2020-07-09,1.221
2026-08-03,2026-08-03,2020-07-10,1.238
2026-08-03,2026-08-03,2020-07-13,1.216
2026-08-03,2026-08-03,2020-07-14,1.215
2026-08-03,2026-08-03,2020-07-15,1.243
2026-08-03,2026-08-03,2020-07-16,1.231
2026-08-03,2026-08-03,2020-07-17,1.224
2026-08-03,2026-08-03,2020-07-20,1.239
2026-08-03,2026-08-03,2020-07-21,1.281
2026-08-03,2026-08-03,2020-07-22,1.279
2026-08-03,2026-08-03,2020-07-23,1.26
2026-08-03,2026-08-03,2020-07-24,1.262
2026-08-03,2026-08-03,2020-07-27,1.264
2026-08-03,2026-08-03,2020-07-28,1.249
2026-08-03,2026-08-03,2020-07-29,1.264
2026-08-03,2026-08-03,2020-07-30,1.219
2026-08-03,2026-08-03,2020-07-31,1.215
2026-08-03,2026-08-03,2020-08-03,1.238
2026-08-03,2026-08-03,2020-08-04,1.254
2026-08-03,2026-08-03,2020-08-05,1.262
2026-08-03,2026-08-03,2020-08-06,1.244
2026-08-03,2026-08-03,2020-08-07,1.214
2026-08-03,2026-08-03,2020-08-10,1.225
2026-08-03,2026-08-03,2020-08-11,1.225
2026-08-03,2026-08-03,2020-08-12,1.246
2026-08-03,2026-08-03,2020-08-13,1.225
2026-08-03,2026-08-03,2020-08-14,1.224
2026-08-03,2026-08-03,2020-08-17,1.218
2026-08-03,2026-08-03,2020-08-18,1.235
2026-08-03,2026-08-03,2020-08-19,1.229
2026-08-03,2026-08-03,2020-08-20,1.229
2026-08-03,2026-08-03,2020-08-21,1.203
2026-08-03,2026-08-03,2020-08-24,1.236
2026-08-03,2026-08-03,2020-08-25,1.241
2026-08-03,2026-08-03,2020-08-26,1.223
2026-08-03,2026-08-03,2020-08-27,1.193
2026-08-03,2026-08-03,2020-08-28,1.204
2026-08-03,2026-08-03,2020-08-31,1.186
2026-08-03,2026-08-03,2020-09-01,1.214
2026-08-03,2026-08-03,2020-09-02,1.169
2026-08-03,2026-08-03,2020-09-03,1.136
2026-08-03,2026-08-03,2020-09-04,1.126
2026-08-03,2026-08-03,2020-09-07,.
2026-08-03,2026-08-03,2020-09-08,1.063
2026-08-03,2026-08-03,2020-09-09,1.085
2026-08-03,2026-08-03,2020-09-10,1.072
2026-08-03,2026-08-03,2020-09-11,1.087
2026-08-03,2026-08-03,2020-09-14,1.088
2026-08-03,2026-08-03,2020-09-15,1.096
2026-08-03,2026-08-03,2020-09-16,1.114
2026-08-03,2026-08-03,2020-09-17,1.158
2026-08-03,2026-08-03,2020-09-18,1.171
2026-08-03,2026-08-03,2020-09-21,1.128
2026-08-03,2026-08-03,2020-09-22,1.111
2026-08-03,2026-08-03,2020-09-23,1.103
2026-08-03,2026-08-03,2020-09-24,1.117
2026-08-03,2026-08-03,2020-09-25,1.127
2026-08-03,2026-08-03,2020-09-28,1.144
2026-08-03,2026-08-03,2020-09-29,1.109
2026-08-03,2026-08-03,2020-09-30,1.152
2026-08-03,2026-08-03,2020-10-01,1.128
2026-08-03,2026-08-03,2020-10-02,1.088
2026-08-03,2026-08-03,2020-10-05,1.14
2026-08-03,2026-08-03,2020-10-06,1.18
2026-08-03,2026-08-03,2020-10-07,1.168
2026-08-03,2026-08-03,2020-10-08,1.197
2026-08-03,2026-08-03,2020-10-09,1.194
2026-08-03,2026-08-03,2020-10-12,1.163
2026-08-03,2026-08-03,2020-10-13,1.174
2026-08-03,2026-08-03,2020-10-14,1.2
2026-08-03,2026-08-03,2020-10-15,1.196
2026-08-03,2026-08-03,2020-10-16,1.183
2026-08-03,2026-08-03,2020-10-19,1.16
2026-08-03,2026-08-03,2020-10-20,1.177
2026-08-03,2026-08-03,2020-10-21,1.141
2026-08-03,2026-08-03,2020-10-22,1.159
2026-08-03,2026-08-03,2020-10-23,1.152
2026-08-03,2026-08-03,2020-10-26,1.127
2026-08-03,2026-08-03,2020-10-27,1.159
2026-08-03,2026-08-03,2020-10-28,1.119
2026-08-03,2026-08-03,2020-10-29,1.093
2026-08-03,2026-08-03,2020-10-30,1.089
2026-08-03,2026-08-03,2020-11-02,1.113
2026-08-03,2026-08-03,2020-11-03,1.132
2026-08-03,2026-08-03,2020-11-04,1.167
2026-08-03,2026-08-03,2020-11-05,1.162
2026-08-03,2026-08-03,2020-11-06,1.145
2026-08-03,2026-08-03,2020-11-09,1.213
2026-08-03,2026-08-03,2020-11-10,1.249
2026-08-03,2026-08-03,2020-11-11,1.242
2026-08-03,2026-08-03,2020-11-12,1.223
2026-08-03,2026-08-03,2020-11-13,1.201
2026-08-03,2026-08-03,2020-11-16,1.223
2026-08-03,2026-08-03,2020-11-17,1.239
2026-08-03,2026-08-03,2020-11-18,1.262
2026-08-03,2026-08-03,2020-11-19,1.278
2026-08-03,2026-08-03,2020-11-20,1.288
2026-08-03,2026-08-03,2020-11-23,1.306
2026-08-03,2026-08-03,2020-11-24,1.371
2026-08-03,2026-08-03,2020-11-25,1.401
2026-08-03,2026-08-03,2020-11-26,.
2026-08-03,2026-08-03,2020-11-27,.
2026-08-03,2026-08-03,2020-11-30,1.366
2026-08-03,2026-08-03,2020-12-01,1.337
2026-08-03,2026-08-03,2020-12-02,1.358
2026-08-03,2026-08-03,2020-12-03,1.384
2026-08-03,2026-08-03,2020-12-04,1.397
2026-08-03,2026-08-03,2020-12-07,1.396
2026-08-03,2026-08-03,2020-12-08,1.405
2026-08-03,2026-08-03,2020-12-09,1.398
2026-08-03,2026-08-03,2020-12-10,1.433
2026-08-03,2026-08-03,2020-12-11,1.431
2026-08-03,2026-08-03,2020-12-14,1.451
2026-08-03,2026-08-03,2020-12-15,1.461
2026-08-03,2026-08-03,2020-12-16,1.478
2026-08-03,2026-08-03,2020-12-17,1.491
2026-08-03,2026-08-03,2020-12-18,1.513
2026-08-03,2026-08-03,2020-12-21,1.468
2026-08-03,2026-08-03,2020-12-22,1.46
2026-08-03,2026-08-03,2020-12-23,1.495
2026-08-03,2026-08-03,2020-12-24,1.494
2026-08-03,2026-08-03,2020-12-25,.
2026-08-03,2026-08-03,2020-12-28,1.48
2026-08-03,2026-08-03,2020-12-29,1.484
2026-08-03,2026-08-03,2020-12-30,1.475
2026-08-03,2026-08-03,2020-12-31,1.473
2026-08-03,2026-08-03,2021-01-01,.
2026-08-03,2026-08-03,2021-01-04,1.459
2026-08-03,2026-08-03,2021-01-05,1.521
2026-08-03,2026-08-03,2021-01-06,1.524
2026-08-03,2026-08-03,2021-01-07,1.537
2026-08-03,2026-08-03,2021-01-08,1.582
2026-08-03,2026-08-03,2021-01-11,1.57
2026-08-03,2026-08-03,2021-01-12,1.594
2026-08-03,2026-08-03,2021-01-13,1.594
2026-08-03,2026-08-03,2021-01-14,1.615
2026-08-03,2026-08-03,2021-01-15,1.585
2026-08-03,2026-08-03,2021-01-18,.
2026-08-03,2026-08-03,2021-01-19,1.594
2026-08-03,2026-08-03,2021-01-20,1.591
2026-08-03,2026-08-03,2021-01-21,1.594
2026-08-03,2026-08-03,2021-01-22,1.569
2026-08-03,2026-08-03,2021-01-25,1.59
2026-08-03,2026-08-03,2021-01-26,1.594
2026-08-03,2026-08-03,2021-01-27,1.605
2026-08-03,2026-08-03,2021-01-28,1.599
2026-08-03,2026-08-03,2021-01-29,1.599
2026-08-03,2026-08-03,2021-02-01,1.649
2026-08-03,2026-08-03,2021-02-02,1.682
2026-08-03,2026-08-03,2021-02-03,1.694
2026-08-03,2026-08-03,2021-02-04,1.707
2026-08-03,2026-08-03,2021-02-05,1.716
2026-08-03,2026-08-03,2021-02-08,1.753
2026-08-03,2026-08-03,2021-02-09,1.757
2026-08-03,2026-08-03,2021-02-10,1.757
2026-08-03,2026-08-03,2021-02-11,1.741
2026-08-03,2026-08-03,2021-02-12,1.778
2026-08-03,2026-08-03,2021-02-15,.
2026-08-03,2026-08-03,2021-02-16,1.819
2026-08-03,2026-08-03,2021-02-17,1.846
2026-08-03,2026-08-03,2021-02-18,1.825
2026-08-03,2026-08-03,2021-02-19,1.818
2026-08-03,2026-08-03,2021-02-22,1.866
2026-08-03,2026-08-03,2021-02-23,1.884
2026-08-03,2026-08-03,2021-02-24,1.921
2026-08-03,2026-08-03,2021-02-25,1.903
2026-08-03,2026-08-03,2021-02-26,1.851
2026-08-03,2026-08-03,2021-03-01,1.823
2026-08-03,2026-08-03,2021-03-02,1.811
2026-08-03,2026-08-03,2021-03-03,1.837
2026-08-03,2026-08-03,2021-03-04,1.901
2026-08-03,2026-08-03,2021-03-05,1.951
2026-08-03,2026-08-03,2021-03-08,1.906
2026-08-03,2026-08-03,2021-03-09,1.895
2026-08-03,2026-08-03,2021-03-10,1.915
2026-08-03,2026-08-03,2021-03-11,1.959
2026-08-03,2026-08-03,2021-03-12,1.958
2026-08-03,2026-08-03,2021-03-15,1.944
2026-08-03,2026-08-03,2021-03-16,1.931
2026-08-03,2026-08-03,2021-03-17,1.901
2026-08-03,2026-08-03,2021-03-18,1.766
2026-08-03,2026-08-03,2021-03-19,1.822
2026-08-03,2026-08-03,2021-03-22,1.823
2026-08-03,2026-08-03,2021-03-23,1.737
2026-08-03,2026-08-03,2021-03-24,1.818
2026-08-03,2026-08-03,2021-03-25,1.746
2026-08-03,2026-08-03,2021-03-26,1.802
2026-08-03,2026-08-03,2021-03-29,1.808
2026-08-03,2026-08-03,2021-03-30,1.787
2026-08-03,2026-08-03,2021-03-31,1.771
2026-08-03,2026-08-03,2021-04-01,1.824
2026-08-03,2026-08-03,2021-04-02,.
2026-08-03,2026-08-03,2021-04-05,1.774
2026-08-03,2026-08-03,2021-04-06,1.797
2026-08-03,2026-08-03,2021-04-07,1.805
2026-08-03,2026-08-03,2021-04-08,1.813
2026-08-03,2026-08-03,2021-04-09,1.81
2026-08-03,2026-08-03,2021-04-12,1.814
2026-08-03,2026-08-03,2021-04-13,1.817
2026-08-03,2026-08-03,2021-04-14,1.881
2026-08-03,2026-08-03,2021-04-15,1.897
2026-08-03,2026-08-03,2021-04-16,1.894
2026-08-03,2026-08-03,2021-04-19,1.896
2026-08-03,2026-08-03,2021-04-20,1.878
2026-08-03,2026-08-03,2021-04-21,1.848
2026-08-03,2026-08-03,2021-04-22,1.864
2026-08-03,2026-08-03,2021-04-23,1.874
2026-08-03,2026-08-03,2021-04-26,1.878
2026-08-03,2026-08-03,2021-04-27,1.913
2026-08-03,2026-08-03,2021-04-28,1.934
2026-08-03,2026-08-03,2021-04-29,1.958
2026-08-03,2026-08-03,2021-04-30,1.919
2026-08-03,2026-08-03,2021-05-03,1.952
2026-08-03,2026-08-03,2021-05-04,2.002
2026-08-03,2026-08-03,2021-05-05,1.999
2026-08-03,2026-08-03,2021-05-06,1.997
2026-08-03,2026-08-03,2021-05-07,2.013
2026-08-03,2026-08-03,2021-05-10,2.02
2026-08-03,2026-08-03,2021-05-11,2.053
2026-08-03,2026-08-03,2021-05-12,2.08
2026-08-03,2026-08-03,2021-05-13,2.006
2026-08-03,2026-08-03,2021-05-14,2.045
2026-08-03,2026-08-03,2021-05-17,2.067
2026-08-03,2026-08-03,2021-05-18,2.062
2026-08-03,2026-08-03,2021-05-19,2.013
2026-08-03,2026-08-03,2021-05-20,1.96
2026-08-03,2026-08-03,2021-05-21,1.997
2026-08-03,2026-08-03,2021-05-24,2.044
2026-08-03,2026-08-03,2021-05-25,2.028
2026-08-03,2026-08-03,2021-05-26,2.048
2026-08-03,2026-08-03,2021-05-27,2.059
2026-08-03,2026-08-03,2021-05-28,2.04
2026-08-03,2026-08-03,2021-05-31,.
2026-08-03,2026-08-03,2021-06-01,2.082
2026-08-03,2026-08-03,2021-06-02,2.109
2026-08-03,2026-08-03,2021-06-03,2.106
2026-08-03,2026-08-03,2021-06-04,2.116
2026-08-03,2026-08-03,2021-06-07,2.116
2026-08-03,2026-08-03,2021-06-08,2.141
2026-08-03,2026-08-03,2021-06-09,2.126
2026-08-03,2026-08-03,2021-06-10,2.144
2026-08-03,2026-08-03,2021-06-11,2.12
2026-08-03,2026-08-03,2021-06-14,2.115
2026-08-03,2026-08-03,2021-06-15,2.116
2026-08-03,2026-08-03,2021-06-16,2.095
2026-08-03,2026-08-03,2021-06-17,2.066
2026-08-03,2026-08-03,2021-06-18,2.088
2026-08-03,2026-08-03,2021-06-21,2.124
2026-08-03,2026-08-03,2021-06-22,2.154
2026-08-03,2026-08-03,2021-06-23,2.157
2026-08-03,2026-08-03,2021-06-24,2.164
2026-08-03,2026-08-03,2021-06-25,2.145
2026-08-03,2026-08-03,2021-06-28,2.118
2026-08-03,2026-08-03,2021-06-29,2.132
2026-08-03,2026-08-03,2021-06-30,2.126
2026-08-03,2026-08-03,2021-07-01,2.147
2026-08-03,2026-08-03,2021-07-02,2.179
2026-08-03,2026-08-03,2021-07-05,.
2026-08-03,2026-08-03,2021-07-06,2.12
2026-08-03,2026-08-03,2021-07-07,2.087
2026-08-03,2026-08-03,2021-07-08,2.128
2026-08-03,2026-08-03,2021-07-09,2.152
2026-08-03,2026-08-03,2021-07-12,2.15
2026-08-03,2026-08-03,2021-07-13,2.18
2026-08-03,2026-08-03,2021-07-14,2.136
2026-08-03,2026-08-03,2021-07-15,2.103
2026-08-03,2026-08-03,2021-07-16,2.102
2026-08-03,2026-08-03,2021-07-19,1.984
2026-08-03,2026-08-03,2021-07-20,2.015
2026-08-03,2026-08-03,2021-07-21,2.084
2026-08-03,2026-08-03,2021-07-22,2.127
2026-08-03,2026-08-03,2021-07-23,2.133
2026-08-03,2026-08-03,2021-07-26,2.156
2026-08-03,2026-08-03,2021-07-27,2.146
2026-08-03,2026-08-03,2021-07-28,2.151
2026-08-03,2026-08-03,2021-07-29,2.19
2026-08-03,2026-08-03,2021-07-30,2.191
2026-08-03,2026-08-03,2021-08-02,2.142
2026-08-03,2026-08-03,2021-08-03,2.123
2026-08-03,2026-08-03,2021-08-04,2.069
2026-08-03,2026-08-03,2021-08-05,2.101
2026-08-03,2026-08-03,2021-08-06,2.076
2026-08-03,2026-08-03,2021-08-09,2.044
2026-08-03,2026-08-03,2021-08-10,2.083
2026-08-03,2026-08-03,2021-08-11,2.108
2026-08-03,2026-08-03,2021-08-12,2.098
2026-08-03,2026-08-03,2021-08-13,2.063
2026-08-03,2026-08-03,2021-08-16,2.05
2026-08-03,2026-08-03,2021-08-17,2.037
2026-08-03,2026-08-03,2021-08-18,1.999
2026-08-03,2026-08-03,2021-08-19,1.969
2026-08-03,2026-08-03,2021-08-20,1.897
2026-08-03,2026-08-03,2021-08-23,1.996
2026-08-03,2026-08-03,2021-08-24,2.066
2026-08-03,2026-08-03,2021-08-25,2.113
2026-08-03,2026-08-03,2021-08-26,2.079
2026-08-03,2026-08-03,2021-08-27,2.107
2026-08-03,2026-08-03,2021-08-30,2.14
2026-08-03,2026-08-03,2021-08-31,2.14
2026-08-03,2026-08-03,2021-09-01,2.12
2026-08-03,2026-08-03,2021-09-02,2.159
2026-08-03,2026-08-03,2021-09-03,2.157
2026-08-03,2026-08-03,2021-09-06,.
2026-08-03,2026-08-03,2021-09-07,2.122
2026-08-03,2026-08-03,2021-09-08,2.134
2026-08-03,2026-08-03,2021-09-09,2.111
2026-08-03,2026-08-03,2021-09-10,2.14
2026-08-03,2026-08-03,2021-09-13,2.16
2026-08-03,2026-08-03,2021-09-14,2.161
2026-08-03,2026-08-03,2021-09-15,2.207
2026-08-03,2026-08-03,2021-09-16,2.214
2026-08-03,2026-08-03,2021-09-17,2.208
2026-08-03,2026-08-03,2021-09-20,2.172
2026-08-03,2026-08-03,2021-09-21,2.184
2026-08-03,2026-08-03,2021-09-22,2.21
2026-08-03,2026-08-03,2021-09-23,2.248
2026-08-03,2026-08-03,2021-09-24,2.27
2026-08-03,2026-08-03,2021-09-27,2.297
2026-08-03,2026-08-03,2021-09-28,2.283
2026-08-03,2026-08-03,2021-09-29,2.312
2026-08-03,2026-08-03,2021-09-30,2.344
2026-08-03,2026-08-03,2021-10-01,2.381
2026-08-03,2026-08-03,2021-10-04,2.439
2026-08-03,2026-08-03,2021-10-05,2.503
2026-08-03,2026-08-03,2021-10-06,2.44
2026-08-03,2026-08-03,2021-10-07,2.472
2026-08-03,2026-08-03,2021-10-08,2.483
2026-08-03,2026-08-03,2021-10-11,2.529
2026-08-03,2026-08-03,2021-10-12,2.527
2026-08-03,2026-08-03,2021-10-13,2.542
2026-08-03,2026-08-03,2021-10-14,2.588
2026-08-03,2026-08-03,2021-10-15,2.588
2026-08-03,2026-08-03,2021-10-18,2.557
2026-08-03,2026-08-03,2021-10-19,2.567
2026-08-03,2026-08-03,2021-10-20,2.598
2026-08-03,2026-08-03,2021-10-21,2.558
2026-08-03,2026-08-03,2021-10-22,2.558
2026-08-03,2026-08-03,2021-10-25,2.572
2026-08-03,2026-08-03,2021-10-26,2.573
2026-08-03,2026-08-03,2021-10-27,2.505
2026-08-03,2026-08-03,2021-10-28,2.51
2026-08-03,2026-08-03,2021-10-29,2.487
2026-08-03,2026-08-03,2021-11-01,2.511
2026-08-03,2026-08-03,2021-11-02,2.51
2026-08-03,2026-08-03,2021-11-03,2.431
2026-08-03,2026-08-03,2021-11-04,2.415
2026-08-03,2026-08-03,2021-11-05,2.455
2026-08-03,2026-08-03,2021-11-08,2.478
2026-08-03,2026-08-03,2021-11-09,2.517
2026-08-03,2026-08-03,2021-11-10,2.455
2026-08-03,2026-08-03,2021-11-11,2.445
2026-08-03,2026-08-03,2021-11-12,2.411
2026-08-03,2026-08-03,2021-11-15,2.408
2026-08-03,2026-08-03,2021-11-16,2.434
2026-08-03,2026-08-03,2021-11-17,2.372
2026-08-03,2026-08-03,2021-11-18,2.387
2026-08-03,2026-08-03,2021-11-19,2.29
2026-08-03,2026-08-03,2021-11-22,2.323
2026-08-03,2026-08-03,2021-11-23,2.394
2026-08-03,2026-08-03,2021-11-24,2.373
2026-08-03,2026-08-03,2021-11-25,.
2026-08-03,2026-08-03,2021-11-26,.
2026-08-03,2026-08-03,2021-11-29,2.143
2026-08-03,2026-08-03,2021-11-30,2.062
2026-08-03,2026-08-03,2021-12-01,2.07
2026-08-03,2026-08-03,2021-12-02,2.111
2026-08-03,2026-08-03,2021-12-03,2.096
2026-08-03,2026-08-03,2021-12-06,2.178
2026-08-03,2026-08-03,2021-12-07,2.231
2026-08-03,2026-08-03,2021-12-08,2.272
2026-08-03,2026-08-03,2021-12-09,2.235
2026-08-03,2026-08-03,2021-12-10,2.258
2026-08-03,2026-08-03,2021-12-13,2.238
2026-08-03,2026-08-03,2021-12-14,2.211
2026-08-03,2026-08-03,2021-12-15,2.238
2026-08-03,2026-08-03,2021-12-16,2.257
2026-08-03,2026-08-03,2021-12-17,2.22
2026-08-03,2026-08-03,2021-12-20,2.188
2026-08-03,2026-08-03,2021-12-21,2.263
2026-08-03,2026-08-03,2021-12-22,2.311
2026-08-03,2026-08-03,2021-12-23,2.331
2026-08-03,2026-08-03,2021-12-24,.
2026-08-03,2026-08-03,2021-12-27,2.358
2026-08-03,2026-08-03,2021-12-28,2.371
2026-08-03,2026-08-03,2021-12-29,2.376
2026-08-03,2026-08-03,2021-12-30,2.379
2026-08-03,2026-08-03,2021-12-31,2.327
2026-08-03,2026-08-03,2022-01-03,2.361
2026-08-03,2026-08-03,2022-01-04,2.419
2026-08-03,2026-08-03,2022-01-05,2.435
2026-08-03,2026-08-03,2022-01-06,2.487
2026-08-03,2026-08-03,2022-01-07,2.496
2026-08-03,2026-08-03,2022-01-10,2.503
2026-08-03,2026-08-03,2022-01-11,2.581
2026-08-03,2026-08-03,2022-01-12,2.612
2026-08-03,2026-08-03,2022-01-13,2.611
2026-08-03,2026-08-03,2022-01-14,2.653
2026-08-03,2026-08-03,2022-01-17,.
2026-08-03,2026-08-03,2022-01-18,2.703
2026-08-03,2026-08-03,2022-01-19,2.685
2026-08-03,2026-08-03,2022-01-20,2.646
2026-08-03,2026-08-03,2022-01-21,2.689
2026-08-03,2026-08-03,2022-01-24,2.651
2026-08-03,2026-08-03,2022-01-25,2.669
2026-08-03,2026-08-03,2022-01-26,2.741
2026-08-03,2026-08-03,2022-01-27,2.828
2026-08-03,2026-08-03,2022-01-28,2.783
2026-08-03,2026-08-03,2022-01-31,2.762
2026-08-03,2026-08-03,2022-02-01,2.745
2026-08-03,2026-08-03,2022-02-02,2.762
2026-08-03,2026-08-03,2022-02-03,2.827
2026-08-03,2026-08-03,2022-02-04,2.861
2026-08-03,2026-08-03,2022-02-07,2.857
2026-08-03,2026-08-03,2022-02-08,2.872
2026-08-03,2026-08-03,2022-02-09,2.907
2026-08-03,2026-08-03,2022-02-10,2.892
2026-08-03,2026-08-03,2022-02-11,3.005
2026-08-03,2026-08-03,2022-02-14,3.022
2026-08-03,2026-08-03,2022-02-15,2.922
2026-08-03,2026-08-03,2022-02-16,2.833
2026-08-03,2026-08-03,2022-02-17,2.826
2026-08-03,2026-08-03,2022-02-18,2.802
2026-08-03,2026-08-03,2022-02-21,.
2026-08-03,2026-08-03,2022-02-22,2.802
2026-08-03,2026-08-03,2022-02-23,2.841
2026-08-03,2026-08-03,2022-02-24,2.906
2026-08-03,2026-08-03,2022-02-25,2.872
2026-08-03,2026-08-03,2022-02-28,3.011
2026-08-03,2026-08-03,2022-03-01,3.297
2026-08-03,2026-08-03,2022-03-02,3.648
2026-08-03,2026-08-03,2022-03-03,3.637
2026-08-03,2026-08-03,2022-03-04,3.908
2026-08-03,2026-08-03,2022-03-07,4.102
2026-08-03,2026-08-03,2022-03-08,4.573
2026-08-03,2026-08-03,2022-03-09,3.678
2026-08-03,2026-08-03,2022-03-10,3.452
2026-08-03,2026-08-03,2022-03-11,3.578
2026-08-03,2026-08-03,2022-03-14,3.382
2026-08-03,2026-08-03,2022-03-15,3.096
2026-08-03,2026-08-03,2022-03-16,3.234
2026-08-03,2026-08-03,2022-03-17,3.595
2026-08-03,2026-08-03,2022-03-18,3.739
2026-08-03,2026-08-03,2022-03-21,3.953
2026-08-03,2026-08-03,2022-03-22,4.0
2026-08-03,2026-08-03,2022-03-23,4.262
2026-08-03,2026-08-03,2022-03-24,4.327
2026-08-03,2026-08-03,2022-03-25,4.24
2026-08-03,2026-08-03,2022-03-28,3.896
2026-08-03,2026-08-03,2022-03-29,3.846
2026-08-03,2026-08-03,2022-03-30,3.875
2026-08-03,2026-08-03,2022-03-31,3.618
2026-08-03,2026-08-03,2022-04-01,3.408
2026-08-03,2026-08-03,2022-04-04,3.846
2026-08-03,2026-08-03,2022-04-05,3.784
2026-08-03,2026-08-03,2022-04-06,3.706
2026-08-03,2026-08-03,2022-04-07,3.572
2026-08-03,2026-08-03,2022-04-08,3.611
2026-08-03,2026-08-03,2022-04-11,3.483
2026-08-03,2026-08-03,2022-04-12,3.662
2026-08-03,2026-08-03,2022-04-13,3.894
2026-08-03,2026-08-03,2022-04-14,3.998
2026-08-03,2026-08-03,2022-04-15,.
2026-08-03,2026-08-03,2022-04-18,4.018
2026-08-03,2026-08-03,2022-04-19,4.074
2026-08-03,2026-08-03,2022-04-20,4.178
2026-08-03,2026-08-03,2022-04-21,4.085
2026-08-03,2026-08-03,2022-04-22,4.101
2026-08-03,2026-08-03,2022-04-25,4.272
2026-08-03,2026-08-03,2022-04-26,4.545
2026-08-03,2026-08-03,2022-04-27,4.789
2026-08-03,2026-08-03,2022-04-28,5.196
2026-08-03,2026-08-03,2022-04-29,4.624
2026-08-03,2026-08-03,2022-05-02,5.161
2026-08-03,2026-08-03,2022-05-03,4.983
2026-08-03,2026-08-03,2022-05-04,5.009
2026-08-03,2026-08-03,2022-05-05,4.963
2026-08-03,2026-08-03,2022-05-06,4.768
2026-08-03,2026-08-03,2022-05-09,4.858
2026-08-03,2026-08-03,2022-05-10,5.198
2026-08-03,2026-08-03,2022-05-11,5.339
2026-08-03,2026-08-03,2022-05-12,5.327
2026-08-03,2026-08-03,2022-05-13,5.339
2026-08-03,2026-08-03,2022-05-16,5.102
2026-08-03,2026-08-03,2022-05-17,5.04
2026-08-03,2026-08-03,2022-05-18,4.397
2026-08-03,2026-08-03,2022-05-19,4.019
2026-08-03,2026-08-03,2022-05-20,4.004
2026-08-03,2026-08-03,2022-05-23,3.964
2026-08-03,2026-08-03,2022-05-24,3.981
2026-08-03,2026-08-03,2022-05-25,4.064
2026-08-03,2026-08-03,2022-05-26,4.031
2026-08-03,2026-08-03,2022-05-27,4.022
2026-08-03,2026-08-03,2022-05-30,.
2026-08-03,2026-08-03,2022-05-31,3.994
2026-08-03,2026-08-03,2022-06-01,4.238
2026-08-03,2026-08-03,2022-06-02,4.342
2026-08-03,2026-08-03,2022-06-03,4.422
2026-08-03,2026-08-03,2022-06-06,4.459
2026-08-03,2026-08-03,2022-06-07,4.401
2026-08-03,2026-08-03,2022-06-08,4.395
2026-08-03,2026-08-03,2022-06-09,4.498
2026-08-03,2026-08-03,2022-06-10,4.445
2026-08-03,2026-08-03,2022-06-13,4.349
2026-08-03,2026-08-03,2022-06-14,4.451
2026-08-03,2026-08-03,2022-06-15,4.579
2026-08-03,2026-08-03,2022-06-16,4.623
2026-08-03,2026-08-03,2022-06-17,4.44
2026-08-03,2026-08-03,2022-06-20,.
2026-08-03,2026-08-03,2022-06-21,4.44
2026-08-03,2026-08-03,2022-06-22,4.412
2026-08-03,2026-08-03,2022-06-23,4.344
2026-08-03,2026-08-03,2022-06-24,4.366
2026-08-03,2026-08-03,2022-06-27,4.261
2026-08-03,2026-08-03,2022-06-28,4.19
2026-08-03,2026-08-03,2022-06-29,4.027
2026-08-03,2026-08-03,2022-06-30,3.918
2026-08-03,2026-08-03,2022-07-01,4.026
2026-08-03,2026-08-03,2022-07-04,.
2026-08-03,2026-08-03,2022-07-05,3.643
2026-08-03,2026-08-03,2022-07-06,3.503
2026-08-03,2026-08-03,2022-07-07,3.753
2026-08-03,2026-08-03,2022-07-08,3.764
2026-08-03,2026-08-03,2022-07-11,3.847
2026-08-03,2026-08-03,2022-07-12,3.733
2026-08-03,2026-08-03,2022-07-13,3.767
2026-08-03,2026-08-03,2022-07-14,3.753
2026-08-03,2026-08-03,2022-07-15,3.789
2026-08-03,2026-08-03,2022-07-18,3.713
2026-08-03,2026-08-03,2022-07-19,3.672
2026-08-03,2026-08-03,2022-07-20,3.642
2026-08-03,2026-08-03,2022-07-21,3.617
2026-08-03,2026-08-03,2022-07-22,3.527
2026-08-03,2026-08-03,2022-07-25,3.53
2026-08-03,2026-08-03,2022-07-26,3.593
2026-08-03,2026-08-03,2022-07-27,3.743
2026-08-03,2026-08-03,2022-07-28,3.693
2026-08-03,2026-08-03,2022-07-29,3.607
2026-08-03,2026-08-03,2022-08-01,3.51
2026-08-03,2026-08-03,2022-08-02,3.442
2026-08-03,2026-08-03,2022-08-03,3.45
2026-08-03,2026-08-03,2022-08-04,3.323
2026-08-03,2026-08-03,2022-08-05,3.205
2026-08-03,2026-08-03,2022-08-08,3.176
2026-08-03,2026-08-03,2022-08-09,3.335
2026-08-03,2026-08-03,2022-08-10,3.403
2026-08-03,2026-08-03,2022-08-11,3.484
2026-08-03,2026-08-03,2022-08-12,3.512
2026-08-03,2026-08-03,2022-08-15,3.455
2026-08-03,2026-08-03,2022-08-16,3.473
2026-08-03,2026-08-03,2022-08-17,3.602
2026-08-03,2026-08-03,2022-08-18,3.642
2026-08-03,2026-08-03,2022-08-19,3.689
2026-08-03,2026-08-03,2022-08-22,3.766
2026-08-03,2026-08-03,2022-08-23,3.831
2026-08-03,2026-08-03,2022-08-24,4.026
2026-08-03,2026-08-03,2022-08-25,3.949
2026-08-03,2026-08-03,2022-08-26,4.005
2026-08-03,2026-08-03,2022-08-29,3.921
2026-08-03,2026-08-03,2022-08-30,3.817
2026-08-03,2026-08-03,2022-08-31,3.702
2026-08-03,2026-08-03,2022-09-01,3.59
2026-08-03,2026-08-03,2022-09-02,3.667
2026-08-03,2026-08-03,2022-09-05,.
2026-08-03,2026-08-03,2022-09-06,3.618
2026-08-03,2026-08-03,2022-09-07,3.603
2026-08-03,2026-08-03,2022-09-08,3.569
2026-08-03,2026-08-03,2022-09-09,3.604
2026-08-03,2026-08-03,2022-09-12,3.637
2026-08-03,2026-08-03,2022-09-13,3.6
2026-08-03,2026-08-03,2022-09-14,3.415
2026-08-03,2026-08-03,2022-09-15,3.253
2026-08-03,2026-08-03,2022-09-16,3.194
2026-08-03,2026-08-03,2022-09-19,3.316
2026-08-03,2026-08-03,2022-09-20,3.377
2026-08-03,2026-08-03,2022-09-21,3.333
2026-08-03,2026-08-03,2022-09-22,3.415
2026-08-03,2026-08-03,2022-09-23,3.26
2026-08-03,2026-08-03,2022-09-26,3.15
2026-08-03,2026-08-03,2022-09-27,3.266
2026-08-03,2026-08-03,2022-09-28,3.463
2026-08-03,2026-08-03,2022-09-29,3.419
2026-08-03,2026-08-03,2022-09-30,3.39
2026-08-03,2026-08-03,2022-10-03,3.517
2026-08-03,2026-08-03,2022-10-04,3.66
2026-08-03,2026-08-03,2022-10-05,3.931
2026-08-03,2026-08-03,2022-10-06,4.1
2026-08-03,2026-08-03,2022-10-07,4.34
2026-08-03,2026-08-03,2022-10-10,.
2026-08-03,2026-08-03,2022-10-11,4.295
2026-08-03,2026-08-03,2022-10-12,4.283
2026-08-03,2026-08-03,2022-10-13,4.6
2026-08-03,2026-08-03,2022-10-14,4.737
2026-08-03,2026-08-03,2022-10-17,4.844
2026-08-03,2026-08-03,2022-10-18,4.734
2026-08-03,2026-08-03,2022-10-19,4.027
2026-08-03,2026-08-03,2022-10-20,4.282
2026-08-03,2026-08-03,2022-10-21,4.279
2026-08-03,2026-08-03,2022-10-24,4.372
2026-08-03,2026-08-03,2022-10-25,4.256
2026-08-03,2026-08-03,2022-10-26,4.443
2026-08-03,2026-08-03,2022-10-27,4.529
2026-08-03,2026-08-03,2022-10-28,4.87
2026-08-03,2026-08-03,2022-10-31,4.793
2026-08-03,2026-08-03,2022-11-01,4.332
2026-08-03,2026-08-03,2022-11-02,3.981
2026-08-03,2026-08-03,2022-11-03,4.658
2026-08-03,2026-08-03,2022-11-04,4.801
2026-08-03,2026-08-03,2022-11-07,4.684
2026-08-03,2026-08-03,2022-11-08,4.678
2026-08-03,2026-08-03,2022-11-09,4.639
2026-08-03,2026-08-03,2022-11-10,4.776
2026-08-03,2026-08-03,2022-11-11,.
2026-08-03,2026-08-03,2022-11-14,4.541
2026-08-03,2026-08-03,2022-11-15,4.635
2026-08-03,2026-08-03,2022-11-16,4.024
2026-08-03,2026-08-03,2022-11-17,3.824
2026-08-03,2026-08-03,2022-11-18,3.817
2026-08-03,2026-08-03,2022-11-21,3.58
2026-08-03,2026-08-03,2022-11-22,3.57
2026-08-03,2026-08-03,2022-11-23,3.453
2026-08-03,2026-08-03,2022-11-24,.
2026-08-03,2026-08-03,2022-11-25,3.379
2026-08-03,2026-08-03,2022-11-28,3.183
2026-08-03,2026-08-03,2022-11-29,3.312
2026-08-03,2026-08-03,2022-11-30,3.385
2026-08-03,2026-08-03,2022-12-01,3.286
2026-08-03,2026-08-03,2022-12-02,3.2
2026-08-03,2026-08-03,2022-12-05,3.018
2026-08-03,2026-08-03,2022-12-06,2.913
2026-08-03,2026-08-03,2022-12-07,2.79
2026-08-03,2026-08-03,2022-12-08,2.838
2026-08-03,2026-08-03,2022-12-09,2.778
2026-08-03,2026-08-03,2022-12-12,2.936
2026-08-03,2026-08-03,2022-12-13,3.077
2026-08-03,2026-08-03,2022-12-14,3.252
2026-08-03,2026-08-03,2022-12-15,3.265
2026-08-03,2026-08-03,2022-12-16,3.113
2026-08-03,2026-08-03,2022-12-19,3.072
2026-08-03,2026-08-03,2022-12-20,3.044
2026-08-03,2026-08-03,2022-12-21,3.163
2026-08-03,2026-08-03,2022-12-22,3.132
2026-08-03,2026-08-03,2022-12-23,3.246
2026-08-03,2026-08-03,2022-12-26,.
2026-08-03,2026-08-03,2022-12-27,3.362
2026-08-03,2026-08-03,2022-12-28,3.346
2026-08-03,2026-08-03,2022-12-29,3.328
2026-08-03,2026-08-03,2022-12-30,3.305
2026-08-03,2026-08-03,2023-01-02,.
2026-08-03,2026-08-03,2023-01-03,3.147
2026-08-03,2026-08-03,2023-01-04,3.053
2026-08-03,2026-08-03,2023-01-05,3.048
2026-08-03,2026-08-03,2023-01-06,3.079
2026-08-03,2026-08-03,2023-01-09,3.075
2026-08-03,2026-08-03,2023-01-10,3.155
2026-08-03,2026-08-03,2023-01-11,3.248
2026-08-03,2026-08-03,2023-01-12,3.278
2026-08-03,2026-08-03,2023-01-13,3.319
2026-08-03,2026-08-03,2023-01-16,.
2026-08-03,2026-08-03,2023-01-17,3.309
2026-08-03,2026-08-03,2023-01-18,3.301
2026-08-03,2026-08-03,2023-01-19,3.421
2026-08-03,2026-08-03,2023-01-20,3.504
2026-08-03,2026-08-03,2023-01-23,3.587
2026-08-03,2026-08-03,2023-01-24,3.482
2026-08-03,2026-08-03,2023-01-25,3.366
2026-08-03,2026-08-03,2023-01-26,3.399
2026-08-03,2026-08-03,2023-01-27,3.265
2026-08-03,2026-08-03,2023-01-30,3.107
2026-08-03,2026-08-03,2023-01-31,3.19
2026-08-03,2026-08-03,2023-02-01,3.013
2026-08-03,2026-08-03,2023-02-02,2.94
2026-08-03,2026-08-03,2023-02-03,2.812
2026-08-03,2026-08-03,2023-02-06,2.8
2026-08-03,2026-08-03,2023-02-07,2.934
2026-08-03,2026-08-03,2023-02-08,2.909
2026-08-03,2026-08-03,2023-02-09,2.809
2026-08-03,2026-08-03,2023-02-10,2.874
2026-08-03,2026-08-03,2023-02-13,2.884
2026-08-03,2026-08-03,2023-02-14,2.915
2026-08-03,2026-08-03,2023-02-15,2.838
2026-08-03,2026-08-03,2023-02-16,2.771
2026-08-03,2026-08-03,2023-02-17,2.716
2026-08-03,2026-08-03,2023-02-20,.
2026-08-03,2026-08-03,2023-02-21,2.775
2026-08-03,2026-08-03,2023-02-22,2.685
2026-08-03,2026-08-03,2023-02-23,2.704
2026-08-03,2026-08-03,2023-02-24,2.8
2026-08-03,2026-08-03,2023-02-27,2.807
2026-08-03,2026-08-03,2023-02-28,2.818
2026-08-03,2026-08-03,2023-03-01,2.866
2026-08-03,2026-08-03,2023-03-02,2.876
2026-08-03,2026-08-03,2023-03-03,2.92
2026-08-03,2026-08-03,2023-03-06,2.907
2026-08-03,2026-08-03,2023-03-07,2.809
2026-08-03,2026-08-03,2023-03-08,2.763
2026-08-03,2026-08-03,2023-03-09,2.689
2026-08-03,2026-08-03,2023-03-10,2.791
2026-08-03,2026-08-03,2023-03-13,2.786
2026-08-03,2026-08-03,2023-03-14,2.769
2026-08-03,2026-08-03,2023-03-15,2.654
2026-08-03,2026-08-03,2023-03-16,2.691
2026-08-03,2026-08-03,2023-03-17,2.688
2026-08-03,2026-08-03,2023-03-20,2.705
2026-08-03,2026-08-03,2023-03-21,2.712
2026-08-03,2026-08-03,2023-03-22,2.727
2026-08-03,2026-08-03,2023-03-23,2.674
2026-08-03,2026-08-03,2023-03-24,2.713
2026-08-03,2026-08-03,2023-03-27,2.773
2026-08-03,2026-08-03,2023-03-28,2.77
2026-08-03,2026-08-03,2023-03-29,2.639
2026-08-03,2026-08-03,2023-03-30,2.634
2026-08-03,2026-08-03,2023-03-31,2.614
2026-08-03,2026-08-03,2023-04-03,2.725
2026-08-03,2026-08-03,2023-04-04,2.701
2026-08-03,2026-08-03,2023-04-05,2.778
2026-08-03,2026-08-03,2023-04-06,2.702
2026-08-03,2026-08-03,2023-04-07,.
2026-08-03,2026-08-03,2023-04-10,2.715
2026-08-03,2026-08-03,2023-04-11,2.694
2026-08-03,2026-08-03,2023-04-12,2.725
2026-08-03,2026-08-03,2023-04-13,2.726
2026-08-03,2026-08-03,2023-04-14,2.663
2026-08-03,2026-08-03,2023-04-17,2.646
2026-08-03,2026-08-03,2023-04-18,2.598
2026-08-03,2026-08-03,2023-04-19,2.553
2026-08-03,2026-08-03,2023-04-20,2.485
2026-08-03,2026-08-03,2023-04-21,2.488
2026-08-03,2026-08-03,2023-04-24,2.517
2026-08-03,2026-08-03,2023-04-25,2.446
2026-08-03,2026-08-03,2023-04-26,2.377
2026-08-03,2026-08-03,2023-04-27,2.355
2026-08-03,2026-08-03,2023-04-28,2.372
2026-08-03,2026-08-03,2023-05-01,2.38
2026-08-03,2026-08-03,2023-05-02,2.297
2026-08-03,2026-08-03,2023-05-03,2.219
2026-08-03,2026-08-03,2023-05-04,2.237
2026-08-03,2026-08-03,2023-05-05,2.325
2026-08-03,2026-08-03,2023-05-08,2.368
2026-08-03,2026-08-03,2023-05-09,2.388
2026-08-03,2026-08-03,2023-05-10,2.399
2026-08-03,2026-08-03,2023-05-11,2.36
2026-08-03,2026-08-03,2023-05-12,2.303
2026-08-03,2026-08-03,2023-05-15,2.381
2026-08-03,2026-08-03,2023-05-16,2.358
2026-08-03,2026-08-03,2023-05-17,2.421
2026-08-03,2026-08-03,2023-05-18,2.398
2026-08-03,2026-08-03,2023-05-19,2.366
2026-08-03,2026-08-03,2023-05-22,2.371
2026-08-03,2026-08-03,2023-05-23,2.366
2026-08-03,2026-08-03,2023-05-24,2.405
2026-08-03,2026-08-03,2023-05-25,2.344
2026-08-03,2026-08-03,2023-05-26,2.376
2026-08-03,2026-08-03,2023-05-29,.
2026-08-03,2026-08-03,2023-05-30,2.283
2026-08-03,2026-08-03,2023-05-31,2.259
2026-08-03,2026-08-03,2023-06-01,2.325
2026-08-03,2026-08-03,2023-06-02,2.376
2026-08-03,2026-08-03,2023-06-05,2.377
2026-08-03,2026-08-03,2023-06-06,2.371
2026-08-03,2026-08-03,2023-06-07,2.414
2026-08-03,2026-08-03,2023-06-08,2.389
2026-08-03,2026-08-03,2023-06-09,2.372
2026-08-03,2026-08-03,2023-06-12,2.326
2026-08-03,2026-08-03,2023-06-13,2.408
2026-08-03,2026-08-03,2023-06-14,2.375
2026-08-03,2026-08-03,2023-06-15,2.492
2026-08-03,2026-08-03,2023-06-16,2.563
2026-08-03,2026-08-03,2023-06-19,.
2026-08-03,2026-08-03,2023-06-20,2.492
2026-08-03,2026-08-03,2023-06-21,2.587
2026-08-03,2026-08-03,2023-06-22,2.491
2026-08-03,2026-08-03,2023-06-23,2.439
2026-08-03,2026-08-03,2023-06-26,2.479
2026-08-03,2026-08-03,2023-06-27,2.435
2026-08-03,2026-08-03,2023-06-28,2.428
2026-08-03,2026-08-03,2023-06-29,2.445
2026-08-03,2026-08-03,2023-06-30,2.478
2026-08-03,2026-08-03,2023-07-03,2.417
2026-08-03,2026-08-03,2023-07-04,.
2026-08-03,2026-08-03,2023-07-05,2.511
2026-08-03,2026-08-03,2023-07-06,2.497
2026-08-03,2026-08-03,2023-07-07,2.565
2026-08-03,2026-08-03,2023-07-10,2.563
2026-08-03,2026-08-03,2023-07-11,2.589
2026-08-03,2026-08-03,2023-07-12,2.618
2026-08-03,2026-08-03,2023-07-13,2.621
2026-08-03,2026-08-03,2023-07-14,2.595
2026-08-03,2026-08-03,2023-07-17,2.563
2026-08-03,2026-08-03,2023-07-18,2.597
2026-08-03,2026-08-03,2023-07-19,2.638
2026-08-03,2026-08-03,2023-07-20,2.669
2026-08-03,2026-08-03,2023-07-21,2.741
2026-08-03,2026-08-03,2023-07-24,2.775
2026-08-03,2026-08-03,2023-07-25,2.778
2026-08-03,2026-08-03,2023-07-26,2.841
2026-08-03,2026-08-03,2023-07-27,2.9
2026-08-03,2026-08-03,2023-07-28,2.95
2026-08-03,2026-08-03,2023-07-31,2.995
2026-08-03,2026-08-03,2023-08-01,3.041
2026-08-03,2026-08-03,2023-08-02,3.026
2026-08-03,2026-08-03,2023-08-03,3.096
2026-08-03,2026-08-03,2023-08-04,3.062
2026-08-03,2026-08-03,2023-08-07,3.039
2026-08-03,2026-08-03,2023-08-08,3.077
2026-08-03,2026-08-03,2023-08-09,3.213
2026-08-03,2026-08-03,2023-08-10,3.152
2026-08-03,2026-08-03,2023-08-11,3.114
2026-08-03,2026-08-03,2023-08-14,3.08
2026-08-03,2026-08-03,2023-08-15,3.03
2026-08-03,2026-08-03,2023-08-16,3.017
2026-08-03,2026-08-03,2023-08-17,3.084
2026-08-03,2026-08-03,2023-08-18,3.148
2026-08-03,2026-08-03,2023-08-21,3.139
2026-08-03,2026-08-03,2023-08-22,3.14
2026-08-03,2026-08-03,2023-08-23,3.125
2026-08-03,2026-08-03,2023-08-24,3.15
2026-08-03,2026-08-03,2023-08-25,3.314
2026-08-03,2026-08-03,2023-08-28,3.181
2026-08-03,2026-08-03,2023-08-29,3.212
2026-08-03,2026-08-03,2023-08-30,3.093
2026-08-03,2026-08-03,2023-08-31,3.15
2026-08-03,2026-08-03,2023-09-01,3.11
2026-08-03,2026-08-03,2023-09-04,.
2026-08-03,2026-08-03,2023-09-05,3.252
2026-08-03,2026-08-03,2023-09-06,3.224
2026-08-03,2026-08-03,2023-09-07,3.256
2026-08-03,2026-08-03,2023-09-08,3.322
2026-08-03,2026-08-03,2023-09-11,3.39
2026-08-03,2026-08-03,2023-09-12,3.353
2026-08-03,2026-08-03,2023-09-13,3.453
2026-08-03,2026-08-03,2023-09-14,3.497
2026-08-03,2026-08-03,2023-09-15,3.399
2026-08-03,2026-08-03,2023-09-18,3.303
2026-08-03,2026-08-03,2023-09-19,3.417
2026-08-03,2026-08-03,2023-09-20,3.325
2026-08-03,2026-08-03,2023-09-21,3.374
2026-08-03,2026-08-03,2023-09-22,3.338
2026-08-03,2026-08-03,2023-09-25,3.248
2026-08-03,2026-08-03,2023-09-26,3.237
2026-08-03,2026-08-03,2023-09-27,3.308
2026-08-03,2026-08-03,2023-09-28,3.333
2026-08-03,2026-08-03,2023-09-29,3.352
2026-08-03,2026-08-03,2023-10-02,3.284
2026-08-03,2026-08-03,2023-10-03,3.263
2026-08-03,2026-08-03,2023-10-04,3.084
2026-08-03,2026-08-03,2023-10-05,2.933
2026-08-03,2026-08-03,2023-10-06,2.961
2026-08-03,2026-08-03,2023-10-09,.
2026-08-03,2026-08-03,2023-10-10,3.072
2026-08-03,2026-08-03,2023-10-11,3.048
2026-08-03,2026-08-03,2023-10-12,3.1
2026-08-03,2026-08-03,2023-10-13,3.258
2026-08-03,2026-08-03,2023-10-16,3.212
2026-08-03,2026-08-03,2023-10-17,3.221
2026-08-03,2026-08-03,2023-10-18,3.197
2026-08-03,2026-08-03,2023-10-19,3.245
2026-08-03,2026-08-03,2023-10-20,3.219
2026-08-03,2026-08-03,2023-10-23,3.162
2026-08-03,2026-08-03,2023-10-24,3.067
2026-08-03,2026-08-03,2023-10-25,3.025
2026-08-03,2026-08-03,2023-10-26,3.05
2026-08-03,2026-08-03,2023-10-27,3.009
2026-08-03,2026-08-03,2023-10-30,2.989
2026-08-03,2026-08-03,2023-10-31,2.994
2026-08-03,2026-08-03,2023-11-01,2.968
2026-08-03,2026-08-03,2023-11-02,3.102
2026-08-03,2026-08-03,2023-11-03,2.995
2026-08-03,2026-08-03,2023-11-06,2.999
2026-08-03,2026-08-03,2023-11-07,2.883
2026-08-03,2026-08-03,2023-11-08,2.814
2026-08-03,2026-08-03,2023-11-09,2.78
2026-08-03,2026-08-03,2023-11-10,2.814
2026-08-03,2026-08-03,2023-11-13,2.916
2026-08-03,2026-08-03,2023-11-14,2.904
2026-08-03,2026-08-03,2023-11-15,2.92
2026-08-03,2026-08-03,2023-11-16,2.819
2026-08-03,2026-08-03,2023-11-17,2.829
2026-08-03,2026-08-03,2023-11-20,2.912
2026-08-03,2026-08-03,2023-11-21,2.947
2026-08-03,2026-08-03,2023-11-22,2.899
2026-08-03,2026-08-03,2023-11-23,.
2026-08-03,2026-08-03,2023-11-24,2.883
2026-08-03,2026-08-03,2023-11-27,2.883
2026-08-03,2026-08-03,2023-11-28,2.907
2026-08-03,2026-08-03,2023-11-29,2.938
2026-08-03,2026-08-03,2023-11-30,2.897
2026-08-03,2026-08-03,2023-12-01,2.723
2026-08-03,2026-08-03,2023-12-04,2.783
2026-08-03,2026-08-03,2023-12-05,2.704
2026-08-03,2026-08-03,2023-12-06,2.615
2026-08-03,2026-08-03,2023-12-07,2.603
2026-08-03,2026-08-03,2023-12-08,2.624
2026-08-03,2026-08-03,2023-12-11,2.642
2026-08-03,2026-08-03,2023-12-12,2.502
2026-08-03,2026-08-03,2023-12-13,2.546
2026-08-03,2026-08-03,2023-12-14,2.584
2026-08-03,2026-08-03,2023-12-15,2.609
2026-08-03,2026-08-03,2023-12-18,2.66
2026-08-03,2026-08-03,2023-12-19,2.718
2026-08-03,2026-08-03,2023-12-20,2.679
2026-08-03,2026-08-03,2023-12-21,2.686
2026-08-03,2026-08-03,2023-12-22,2.623
2026-08-03,2026-08-03,2023-12-25,.
2026-08-03,2026-08-03,2023-12-26,2.628
2026-08-03,2026-08-03,2023-12-27,2.616
2026-08-03,2026-08-03,2023-12-28,2.555
2026-08-03,2026-08-03,2023-12-29,2.531
2026-08-03,2026-08-03,2024-01-01,.
2026-08-03,2026-08-03,2024-01-02,2.553
2026-08-03,2026-08-03,2024-01-03,2.598
2026-08-03,2026-08-03,2024-01-04,2.589
2026-08-03,2026-08-03,2024-01-05,2.616
2026-08-03,2026-08-03,2024-01-08,2.583
2026-08-03,2026-08-03,2024-01-09,2.647
2026-08-03,2026-08-03,2024-01-10,2.603
2026-08-03,2026-08-03,2024-01-11,2.682
2026-08-03,2026-08-03,2024-01-12,2.673
2026-08-03,2026-08-03,2024-01-15,.
2026-08-03,2026-08-03,2024-01-16,2.644
2026-08-03,2026-08-03,2024-01-17,2.645
2026-08-03,2026-08-03,2024-01-18,2.691
2026-08-03,2026-08-03,2024-01-19,2.663
2026-08-03,2026-08-03,2024-01-22,2.689
2026-08-03,2026-08-03,2024-01-23,2.686
2026-08-03,2026-08-03,2024-01-24,2.679
2026-08-03,2026-08-03,2024-01-25,2.791
2026-08-03,2026-08-03,2024-01-26,2.847
2026-08-03,2026-08-03,2024-01-29,2.833
2026-08-03,2026-08-03,2024-01-30,2.796
2026-08-03,2026-08-03,2024-01-31,2.786
2026-08-03,2026-08-03,2024-02-01,2.74
2026-08-03,2026-08-03,2024-02-02,2.676
2026-08-03,2026-08-03,2024-02-05,2.734
2026-08-03,2026-08-03,2024-02-06,2.753
2026-08-03,2026-08-03,2024-02-07,2.817
2026-08-03,2026-08-03,2024-02-08,2.891
2026-08-03,2026-08-03,2024-02-09,2.941
2026-08-03,2026-08-03,2024-02-12,2.923
2026-08-03,2026-08-03,2024-02-13,2.884
2026-08-03,2026-08-03,2024-02-14,2.796
2026-08-03,2026-08-03,2024-02-15,2.807
2026-08-03,2026-08-03,2024-02-16,2.807
2026-08-03,2026-08-03,2024-02-19,.
2026-08-03,2026-08-03,2024-02-20,2.724
2026-08-03,2026-08-03,2024-02-21,2.699
2026-08-03,2026-08-03,2024-02-22,2.741
2026-08-03,2026-08-03,2024-02-23,2.685
2026-08-03,2026-08-03,2024-02-26,2.758
2026-08-03,2026-08-03,2024-02-27,2.732
2026-08-03,2026-08-03,2024-02-28,2.645
2026-08-03,2026-08-03,2024-02-29,2.669
2026-08-03,2026-08-03,2024-03-01,2.726
2026-08-03,2026-08-03,2024-03-04,2.672
2026-08-03,2026-08-03,2024-03-05,2.623
2026-08-03,2026-08-03,2024-03-06,2.68
2026-08-03,2026-08-03,2024-03-07,2.712
2026-08-03,2026-08-03,2024-03-08,2.654
2026-08-03,2026-08-03,2024-03-11,2.665
2026-08-03,2026-08-03,2024-03-12,2.632
2026-08-03,2026-08-03,2024-03-13,2.699
2026-08-03,2026-08-03,2024-03-14,2.708
2026-08-03,2026-08-03,2024-03-15,2.722
2026-08-03,2026-08-03,2024-03-18,2.776
2026-08-03,2026-08-03,2024-03-19,2.753
2026-08-03,2026-08-03,2024-03-20,2.683
2026-08-03,2026-08-03,2024-03-21,2.653
2026-08-03,2026-08-03,2024-03-22,2.647
2026-08-03,2026-08-03,2024-03-25,2.675
2026-08-03,2026-08-03,2024-03-26,2.608
2026-08-03,2026-08-03,2024-03-27,2.587
2026-08-03,2026-08-03,2024-03-28,2.607
2026-08-03,2026-08-03,2024-03-29,.
2026-08-03,2026-08-03,2024-04-01,2.625
2026-08-03,2026-08-03,2024-04-02,2.71
2026-08-03,2026-08-03,2024-04-03,2.727
2026-08-03,2026-08-03,2024-04-04,2.746
2026-08-03,2026-08-03,2024-04-05,2.689
2026-08-03,2026-08-03,2024-04-08,2.725
2026-08-03,2026-08-03,2024-04-09,2.675
2026-08-03,2026-08-03,2024-04-10,2.706
2026-08-03,2026-08-03,2024-04-11,2.66
2026-08-03,2026-08-03,2024-04-12,2.672
2026-08-03,2026-08-03,2024-04-15,2.657
2026-08-03,2026-08-03,2024-04-16,2.644
2026-08-03,2026-08-03,2024-04-17,2.569
2026-08-03,2026-08-03,2024-04-18,2.515
2026-08-03,2026-08-03,2024-04-19,2.534
2026-08-03,2026-08-03,2024-04-22,2.555
2026-08-03,2026-08-03,2024-04-23,2.564
2026-08-03,2026-08-03,2024-04-24,2.54
2026-08-03,2026-08-03,2024-04-25,2.543
2026-08-03,2026-08-03,2024-04-26,2.54
2026-08-03,2026-08-03,2024-04-29,2.535
2026-08-03,2026-08-03,2024-04-30,2.512
2026-08-03,2026-08-03,2024-05-01,2.457
2026-08-03,2026-08-03,2024-05-02,2.44
2026-08-03,2026-08-03,2024-05-03,2.431
2026-08-03,2026-08-03,2024-05-06,2.45
2026-08-03,2026-08-03,2024-05-07,2.452
2026-08-03,2026-08-03,2024-05-08,2.47
2026-08-03,2026-08-03,2024-05-09,2.468
2026-08-03,2026-08-03,2024-05-10,2.421
2026-08-03,2026-08-03,2024-05-13,2.426
2026-08-03,2026-08-03,2024-05-14,2.41
2026-08-03,2026-08-03,2024-05-15,2.413
2026-08-03,2026-08-03,2024-05-16,2.435
2026-08-03,2026-08-03,2024-05-17,2.473
2026-08-03,2026-08-03,2024-05-20,2.466
2026-08-03,2026-08-03,2024-05-21,2.451
2026-08-03,2026-08-03,2024-05-22,2.413
2026-08-03,2026-08-03,2024-05-23,2.408
2026-08-03,2026-08-03,2024-05-24,2.401
2026-08-03,2026-08-03,2024-05-27,.
2026-08-03,2026-08-03,2024-05-28,2.463
2026-08-03,2026-08-03,2024-05-29,2.415
2026-08-03,2026-08-03,2024-05-30,2.352
2026-08-03,2026-08-03,2024-05-31,2.348
2026-08-03,2026-08-03,2024-06-03,2.278
2026-08-03,2026-08-03,2024-06-04,2.259
2026-08-03,2026-08-03,2024-06-05,2.277
2026-08-03,2026-08-03,2024-06-06,2.333
2026-08-03,2026-08-03,2024-06-07,2.34
2026-08-03,2026-08-03,2024-06-10,2.405
2026-08-03,2026-08-03,2024-06-11,2.399
2026-08-03,2026-08-03,2024-06-12,2.417
2026-08-03,2026-08-03,2024-06-13,2.462
2026-08-03,2026-08-03,2024-06-14,2.449
2026-08-03,2026-08-03,2024-06-17,2.466
2026-08-03,2026-08-03,2024-06-18,2.507
2026-08-03,2026-08-03,2024-06-19,.
2026-08-03,2026-08-03,2024-06-20,2.499
2026-08-03,2026-08-03,2024-06-21,2.466
2026-08-03,2026-08-03,2024-06-24,2.499
2026-08-03,2026-08-03,2024-06-25,2.484
2026-08-03,2026-08-03,2024-06-26,2.513
2026-08-03,2026-08-03,2024-06-27,2.541
2026-08-03,2026-08-03,2024-06-28,2.506
2026-08-03,2026-08-03,2024-07-01,2.594
2026-08-03,2026-08-03,2024-07-02,2.613
2026-08-03,2026-08-03,2024-07-03,2.605
2026-08-03,2026-08-03,2024-07-04,.
2026-08-03,2026-08-03,2024-07-05,2.6
2026-08-03,2026-08-03,2024-07-08,2.558
2026-08-03,2026-08-03,2024-07-09,2.507
2026-08-03,2026-08-03,2024-07-10,2.506
2026-08-03,2026-08-03,2024-07-11,2.507
2026-08-03,2026-08-03,2024-07-12,2.492
2026-08-03,2026-08-03,2024-07-15,2.493
2026-08-03,2026-08-03,2024-07-16,2.452
2026-08-03,2026-08-03,2024-07-17,2.469
2026-08-03,2026-08-03,2024-07-18,2.458
2026-08-03,2026-08-03,2024-07-19,2.401
2026-08-03,2026-08-03,2024-07-22,2.416
2026-08-03,2026-08-03,2024-07-23,2.396
2026-08-03,2026-08-03,2024-07-24,2.424
2026-08-03,2026-08-03,2024-07-25,2.446
2026-08-03,2026-08-03,2024-07-26,2.401
2026-08-03,2026-08-03,2024-07-29,2.361
2026-08-03,2026-08-03,2024-07-30,2.321
2026-08-03,2026-08-03,2024-07-31,2.39
2026-08-03,2026-08-03,2024-08-01,2.395
2026-08-03,2026-08-03,2024-08-02,2.29
2026-08-03,2026-08-03,2024-08-05,2.276
2026-08-03,2026-08-03,2024-08-06,2.251
2026-08-03,2026-08-03,2024-08-07,2.313
2026-08-03,2026-08-03,2024-08-08,2.317
2026-08-03,2026-08-03,2024-08-09,2.3
2026-08-03,2026-08-03,2024-08-12,2.361
2026-08-03,2026-08-03,2024-08-13,2.343
2026-08-03,2026-08-03,2024-08-14,2.32
2026-08-03,2026-08-03,2024-08-15,2.326
2026-08-03,2026-08-03,2024-08-16,2.283
2026-08-03,2026-08-03,2024-08-19,2.218
2026-08-03,2026-08-03,2024-08-20,2.219
2026-08-03,2026-08-03,2024-08-21,2.206
2026-08-03,2026-08-03,2024-08-22,2.237
2026-08-03,2026-08-03,2024-08-23,2.278
2026-08-03,2026-08-03,2024-08-26,2.314
2026-08-03,2026-08-03,2024-08-27,2.26
2026-08-03,2026-08-03,2024-08-28,2.193
2026-08-03,2026-08-03,2024-08-29,2.254
2026-08-03,2026-08-03,2024-08-30,2.21
2026-08-03,2026-08-03,2024-09-02,.
2026-08-03,2026-08-03,2024-09-03,2.168
2026-08-03,2026-08-03,2024-09-04,2.112
2026-08-03,2026-08-03,2024-09-05,2.128
2026-08-03,2026-08-03,2024-09-06,2.082
2026-08-03,2026-08-03,2024-09-09,2.116
2026-08-03,2026-08-03,2024-09-10,2.038
2026-08-03,2026-08-03,2024-09-11,2.064
2026-08-03,2026-08-03,2024-09-12,2.094
2026-08-03,2026-08-03,2024-09-13,2.064
2026-08-03,2026-08-03,2024-09-16,2.071
2026-08-03,2026-08-03,2024-09-17,2.118
2026-08-03,2026-08-03,2024-09-18,2.109
2026-08-03,2026-08-03,2024-09-19,2.147
2026-08-03,2026-08-03,2024-09-20,2.147
2026-08-03,2026-08-03,2024-09-23,2.129
2026-08-03,2026-08-03,2024-09-24,2.159
2026-08-03,2026-08-03,2024-09-25,2.134
2026-08-03,2026-08-03,2024-09-26,2.104
2026-08-03,2026-08-03,2024-09-27,2.114
2026-08-03,2026-08-03,2024-09-30,2.103
2026-08-03,2026-08-03,2024-10-01,2.16
2026-08-03,2026-08-03,2024-10-02,2.163
2026-08-03,2026-08-03,2024-10-03,2.267
2026-08-03,2026-08-03,2024-10-04,2.285
2026-08-03,2026-08-03,2024-10-07,2.362
2026-08-03,2026-08-03,2024-10-08,2.288
2026-08-03,2026-08-03,2024-10-09,2.258
2026-08-03,2026-08-03,2024-10-10,2.32
2026-08-03,2026-08-03,2024-10-11,2.326
2026-08-03,2026-08-03,2024-10-14,.
2026-08-03,2026-08-03,2024-10-15,2.173
2026-08-03,2026-08-03,2024-10-16,2.152
2026-08-03,2026-08-03,2024-10-17,2.179
2026-08-03,2026-08-03,2024-10-18,2.14
2026-08-03,2026-08-03,2024-10-21,2.166
2026-08-03,2026-08-03,2024-10-22,2.218
2026-08-03,2026-08-03,2024-10-23,2.212
2026-08-03,2026-08-03,2024-10-24,2.202
2026-08-03,2026-08-03,2024-10-25,2.222
2026-08-03,2026-08-03,2024-10-28,2.135
2026-08-03,2026-08-03,2024-10-29,2.135
2026-08-03,2026-08-03,2024-10-30,2.194
2026-08-03,2026-08-03,2024-10-31,2.213
2026-08-03,2026-08-03,2024-11-01,2.232
2026-08-03,2026-08-03,2024-11-04,2.289
2026-08-03,2026-08-03,2024-11-05,2.293
2026-08-03,2026-08-03,2024-11-06,2.257
2026-08-03,2026-08-03,2024-11-07,2.267
2026-08-03,2026-08-03,2024-11-08,2.228
2026-08-03,2026-08-03,2024-11-11,.
2026-08-03,2026-08-03,2024-11-12,2.194
2026-08-03,2026-08-03,2024-11-13,2.201
2026-08-03,2026-08-03,2024-11-14,2.197
2026-08-03,2026-08-03,2024-11-15,2.158
2026-08-03,2026-08-03,2024-11-18,2.242
2026-08-03,2026-08-03,2024-11-19,2.223
2026-08-03,2026-08-03,2024-11-20,2.217
2026-08-03,2026-08-03,2024-11-21,2.248
2026-08-03,2026-08-03,2024-11-22,2.256
2026-08-03,2026-08-03,2024-11-25,2.225
2026-08-03,2026-08-03,2024-11-26,2.219
2026-08-03,2026-08-03,2024-11-27,2.18
2026-08-03,2026-08-03,2024-11-28,.
2026-08-03,2026-08-03,2024-11-29,2.165
2026-08-03,2026-08-03,2024-12-02,2.151
2026-08-03,2026-08-03,2024-12-03,2.184
2026-08-03,2026-08-03,2024-12-04,2.154
2026-08-03,2026-08-03,2024-12-05,2.143
2026-08-03,2026-08-03,2024-12-06,2.109
2026-08-03,2026-08-03,2024-12-09,2.16
2026-08-03,2026-08-03,2024-12-10,2.161
2026-08-03,2026-08-03,2024-12-11,2.207
2026-08-03,2026-08-03,2024-12-12,2.217
2026-08-03,2026-08-03,2024-12-13,2.248
2026-08-03,2026-08-03,2024-12-16,2.239
2026-08-03,2026-08-03,2024-12-17,2.209
2026-08-03,2026-08-03,2024-12-18,2.222
2026-08-03,2026-08-03,2024-12-19,2.206
2026-08-03,2026-08-03,2024-12-20,2.216
2026-08-03,2026-08-03,2024-12-23,2.215
2026-08-03,2026-08-03,2024-12-24,2.204
2026-08-03,2026-08-03,2024-12-25,.
2026-08-03,2026-08-03,2024-12-26,2.184
2026-08-03,2026-08-03,2024-12-27,2.217
2026-08-03,2026-08-03,2024-12-30,2.284
2026-08-03,2026-08-03,2024-12-31,2.314
2026-08-03,2026-08-03,2025-01-01,.
2026-08-03,2026-08-03,2025-01-02,2.352
2026-08-03,2026-08-03,2025-01-03,2.352
2026-08-03,2026-08-03,2025-01-06,2.358
2026-08-03,2026-08-03,2025-01-07,2.363
2026-08-03,2026-08-03,2025-01-08,2.356
2026-08-03,2026-08-03,2025-01-09,.
2026-08-03,2026-08-03,2025-01-10,2.501
2026-08-03,2026-08-03,2025-01-13,2.527
2026-08-03,2026-08-03,2025-01-14,2.535
2026-08-03,2026-08-03,2025-01-15,2.624
2026-08-03,2026-08-03,2025-01-16,2.615
2026-08-03,2026-08-03,2025-01-17,2.629
2026-08-03,2026-08-03,2025-01-20,.
2026-08-03,2026-08-03,2025-01-21,2.568
2026-08-03,2026-08-03,2025-01-22,2.496
2026-08-03,2026-08-03,2025-01-23,2.49
2026-08-03,2026-08-03,2025-01-24,2.529
2026-08-03,2026-08-03,2025-01-27,2.484
2026-08-03,2026-08-03,2025-01-28,2.47
2026-08-03,2026-08-03,2025-01-29,2.478
2026-08-03,2026-08-03,2025-01-30,2.508
2026-08-03,2026-08-03,2025-01-31,2.454
2026-08-03,2026-08-03,2025-02-03,2.456
2026-08-03,2026-08-03,2025-02-04,2.501
2026-08-03,2026-08-03,2025-02-05,2.441
2026-08-03,2026-08-03,2025-02-06,2.459
2026-08-03,2026-08-03,2025-02-07,2.496
2026-08-03,2026-08-03,2025-02-10,2.505
2026-08-03,2026-08-03,2025-02-11,2.568
2026-08-03,2026-08-03,2025-02-12,2.497
2026-08-03,2026-08-03,2025-02-13,2.7
2026-08-03,2026-08-03,2025-02-14,2.491
2026-08-03,2026-08-03,2025-02-17,.
2026-08-03,2026-08-03,2025-02-18,2.477
2026-08-03,2026-08-03,2025-02-19,2.482
2026-08-03,2026-08-03,2025-02-20,2.511
2026-08-03,2026-08-03,2025-02-21,2.442
2026-08-03,2026-08-03,2025-02-24,2.457
2026-08-03,2026-08-03,2025-02-25,2.388
2026-08-03,2026-08-03,2025-02-26,2.344
2026-08-03,2026-08-03,2025-02-27,2.385
2026-08-03,2026-08-03,2025-02-28,2.352
2026-08-03,2026-08-03,2025-03-03,2.231
2026-08-03,2026-08-03,2025-03-04,2.302
2026-08-03,2026-08-03,2025-03-05,2.284
2026-08-03,2026-08-03,2025-03-06,2.259
2026-08-03,2026-08-03,2025-03-07,2.239
2026-08-03,2026-08-03,2025-03-10,2.191
2026-08-03,2026-08-03,2025-03-11,2.22
2026-08-03,2026-08-03,2025-03-12,2.215
2026-08-03,2026-08-03,2025-03-13,2.164
2026-08-03,2026-08-03,2025-03-14,2.172
2026-08-03,2026-08-03,2025-03-17,2.21
2026-08-03,2026-08-03,2025-03-18,2.205
2026-08-03,2026-08-03,2025-03-19,2.241
2026-08-03,2026-08-03,2025-03-20,2.259
2026-08-03,2026-08-03,2025-03-21,2.257
2026-08-03,2026-08-03,2025-03-24,2.266
2026-08-03,2026-08-03,2025-03-25,2.296
2026-08-03,2026-08-03,2025-03-26,2.299
2026-08-03,2026-08-03,2025-03-27,2.286
2026-08-03,2026-08-03,2025-03-28,2.268
2026-08-03,2026-08-03,2025-03-31,2.31
2026-08-03,2026-08-03,2025-04-01,2.298
2026-08-03,2026-08-03,2025-04-02,2.31
2026-08-03,2026-08-03,2025-04-03,2.186
2026-08-03,2026-08-03,2025-04-04,2.102
2026-08-03,2026-08-03,2025-04-07,2.082
2026-08-03,2026-08-03,2025-04-08,2.028
2026-08-03,2026-08-03,2025-04-09,2.122
2026-08-03,2026-08-03,2025-04-10,2.059
2026-08-03,2026-08-03,2025-04-11,2.074
2026-08-03,2026-08-03,2025-04-14,2.097
2026-08-03,2026-08-03,2025-04-15,2.092
2026-08-03,2026-08-03,2025-04-16,2.127
2026-08-03,2026-08-03,2025-04-17,2.153
2026-08-03,2026-08-03,2025-04-18,.
2026-08-03,2026-08-03,2025-04-21,2.122
2026-08-03,2026-08-03,2025-04-22,2.148
2026-08-03,2026-08-03,2025-04-23,2.127
2026-08-03,2026-08-03,2025-04-24,2.144
2026-08-03,2026-08-03,2025-04-25,2.178
2026-08-03,2026-08-03,2025-04-28,2.175
2026-08-03,2026-08-03,2025-04-29,2.108
2026-08-03,2026-08-03,2025-04-30,2.027
2026-08-03,2026-08-03,2025-05-01,2.004
2026-08-03,2026-08-03,2025-05-02,2.005
2026-08-03,2026-08-03,2025-05-05,1.983
2026-08-03,2026-08-03,2025-05-06,2.007
2026-08-03,2026-08-03,2025-05-07,1.972
2026-08-03,2026-08-03,2025-05-08,2.054
2026-08-03,2026-08-03,2025-05-09,2.07
2026-08-03,2026-08-03,2025-05-12,2.112
2026-08-03,2026-08-03,2025-05-13,2.173
2026-08-03,2026-08-03,2025-05-14,2.198
2026-08-03,2026-08-03,2025-05-15,2.17
2026-08-03,2026-08-03,2025-05-16,2.138
2026-08-03,2026-08-03,2025-05-19,2.13
2026-08-03,2026-08-03,2025-05-20,2.136
2026-08-03,2026-08-03,2025-05-21,2.133
2026-08-03,2026-08-03,2025-05-22,2.107
2026-08-03,2026-08-03,2025-05-23,2.108
2026-08-03,2026-08-03,2025-05-26,.
2026-08-03,2026-08-03,2025-05-27,2.082
2026-08-03,2026-08-03,2025-05-28,2.078
2026-08-03,2026-08-03,2025-05-29,2.044
2026-08-03,2026-08-03,2025-05-30,2.015
2026-08-03,2026-08-03,2025-06-02,2.061
2026-08-03,2026-08-03,2025-06-03,2.099
2026-08-03,2026-08-03,2025-06-04,2.068
2026-08-03,2026-08-03,2025-06-05,2.093
2026-08-03,2026-08-03,2025-06-06,2.129
2026-08-03,2026-08-03,2025-06-09,2.149
2026-08-03,2026-08-03,2025-06-10,2.14
2026-08-03,2026-08-03,2025-06-11,2.201
2026-08-03,2026-08-03,2025-06-12,2.223
2026-08-03,2026-08-03,2025-06-13,2.402
2026-08-03,2026-08-03,2025-06-16,2.398
2026-08-03,2026-08-03,2025-06-17,2.514
2026-08-03,2026-08-03,2025-06-18,2.558
2026-08-03,2026-08-03,2025-06-19,.
2026-08-03,2026-08-03,2025-06-20,2.556
2026-08-03,2026-08-03,2025-06-23,2.34
2026-08-03,2026-08-03,2025-06-24,2.317
2026-08-03,2026-08-03,2025-06-25,2.318
2026-08-03,2026-08-03,2025-06-26,2.389
2026-08-03,2026-08-03,2025-06-27,2.297
2026-08-03,2026-08-03,2025-06-30,2.367
2026-08-03,2026-08-03,2025-07-01,2.342
2026-08-03,2026-08-03,2025-07-02,2.428
2026-08-03,2026-08-03,2025-07-03,2.382
2026-08-03,2026-08-03,2025-07-04,.
2026-08-03,2026-08-03,2025-07-07,2.43
2026-08-03,2026-08-03,2025-07-08,2.456
2026-08-03,2026-08-03,2025-07-09,2.423
2026-08-03,2026-08-03,2025-07-10,2.405
2026-08-03,2026-08-03,2025-07-11,2.474
2026-08-03,2026-08-03,2025-07-14,2.396
2026-08-03,2026-08-03,2025-07-15,2.415
2026-08-03,2026-08-03,2025-07-16,2.407
2026-08-03,2026-08-03,2025-07-17,2.519
2026-08-03,2026-08-03,2025-07-18,2.504
2026-08-03,2026-08-03,2025-07-21,2.544
2026-08-03,2026-08-03,2025-07-22,2.503
2026-08-03,2026-08-03,2025-07-23,2.5
2026-08-03,2026-08-03,2025-07-24,2.459
2026-08-03,2026-08-03,2025-07-25,2.448
2026-08-03,2026-08-03,2025-07-28,2.484
2026-08-03,2026-08-03,2025-07-29,2.522
2026-08-03,2026-08-03,2025-07-30,2.477
2026-08-03,2026-08-03,2025-07-31,2.45
2026-08-03,2026-08-03,2025-08-01,2.339
2026-08-03,2026-08-03,2025-08-04,2.357
2026-08-03,2026-08-03,2025-08-05,2.3
2026-08-03,2026-08-03,2025-08-06,2.304
2026-08-03,2026-08-03,2025-08-07,2.311
2026-08-03,2026-08-03,2025-08-08,2.321
2026-08-03,2026-08-03,2025-08-11,2.34
2026-08-03,2026-08-03,2025-08-12,2.29
2026-08-03,2026-08-03,2025-08-13,2.292
2026-08-03,2026-08-03,2025-08-14,2.291
2026-08-03,2026-08-03,2025-08-15,2.28
2026-08-03,2026-08-03,2025-08-18,2.297
2026-08-03,2026-08-03,2025-08-19,2.307
2026-08-03,2026-08-03,2025-08-20,2.329
2026-08-03,2026-08-03,2025-08-21,2.375
2026-08-03,2026-08-03,2025-08-22,2.361
2026-08-03,2026-08-03,2025-08-25,2.4
2026-08-03,2026-08-03,2025-08-26,2.33
2026-08-03,2026-08-03,2025-08-27,2.333
2026-08-03,2026-08-03,2025-08-28,2.347
2026-08-03,2026-08-03,2025-08-29,2.322
2026-08-03,2026-08-03,2025-09-01,.
2026-08-03,2026-08-03,2025-09-02,2.42
2026-08-03,2026-08-03,2025-09-03,2.407
2026-08-03,2026-08-03,2025-09-04,2.375
2026-08-03,2026-08-03,2025-09-05,2.341
2026-08-03,2026-08-03,2025-09-08,2.37
2026-08-03,2026-08-03,2025-09-09,2.371
2026-08-03,2026-08-03,2025-09-10,2.385
2026-08-03,2026-08-03,2025-09-11,2.327
2026-08-03,2026-08-03,2025-09-12,2.343
2026-08-03,2026-08-03,2025-09-15,2.383
2026-08-03,2026-08-03,2025-09-16,2.446
2026-08-03,2026-08-03,2025-09-17,2.401
2026-08-03,2026-08-03,2025-09-18,2.393
2026-08-03,2026-08-03,2025-09-19,2.352
2026-08-03,2026-08-03,2025-09-22,2.347
2026-08-03,2026-08-03,2025-09-23,2.388
2026-08-03,2026-08-03,2025-09-24,2.424
2026-08-03,2026-08-03,2025-09-25,2.478
2026-08-03,2026-08-03,2025-09-26,2.475
2026-08-03,2026-08-03,2025-09-29,2.392
2026-08-03,2026-08-03,2025-09-30,2.379
2026-08-03,2026-08-03,2025-10-01,2.351
2026-08-03,2026-08-03,2025-10-02,2.298
2026-08-03,2026-08-03,2025-10-03,2.289
2026-08-03,2026-08-03,2025-10-06,2.303
2026-08-03,2026-08-03,2025-10-07,2.327
2026-08-03,2026-08-03,2025-10-08,2.338
2026-08-03,2026-08-03,2025-10-09,2.325
2026-08-03,2026-08-03,2025-10-10,2.251
2026-08-03,2026-08-03,2025-10-13,.
2026-08-03,2026-08-03,2025-10-14,2.25
2026-08-03,2026-08-03,2025-10-15,2.24
2026-08-03,2026-08-03,2025-10-16,2.206
2026-08-03,2026-08-03,2025-10-17,2.229
2026-08-03,2026-08-03,2025-10-20,2.238
2026-08-03,2026-08-03,2025-10-21,2.262
2026-08-03,2026-08-03,2025-10-22,2.331
2026-08-03,2026-08-03,2025-10-23,2.438
2026-08-03,2026-08-03,2025-10-24,2.447
2026-08-03,2026-08-03,2025-10-27,2.493
2026-08-03,2026-08-03,2025-10-28,2.418
2026-08-03,2026-08-03,2025-10-29,2.471
2026-08-03,2026-08-03,2025-10-30,2.475
2026-08-03,2026-08-03,2025-10-31,2.447
2026-08-03,2026-08-03,2025-11-03,2.456
2026-08-03,2026-08-03,2025-11-04,2.488
2026-08-03,2026-08-03,2025-11-05,2.48
2026-08-03,2026-08-03,2025-11-06,2.551
2026-08-03,2026-08-03,2025-11-07,2.533
2026-08-03,2026-08-03,2025-11-10,2.55
2026-08-03,2026-08-03,2025-11-11,.
2026-08-03,2026-08-03,2025-11-12,2.529
2026-08-03,2026-08-03,2025-11-13,2.521
2026-08-03,2026-08-03,2025-11-14,2.586
2026-08-03,2026-08-03,2025-11-17,2.591
2026-08-03,2026-08-03,2025-11-18,2.743
2026-08-03,2026-08-03,2025-11-19,2.702
2026-08-03,2026-08-03,2025-11-20,2.575
2026-08-03,2026-08-03,2025-11-21,2.491
2026-08-03,2026-08-03,2025-11-24,2.468
2026-08-03,2026-08-03,2025-11-25,2.406
2026-08-03,2026-08-03,2025-11-26,2.376
2026-08-03,2026-08-03,2025-11-27,.
2026-08-03,2026-08-03,2025-11-28,2.375
2026-08-03,2026-08-03,2025-12-01,2.394
2026-08-03,2026-08-03,2025-12-02,2.356
2026-08-03,2026-08-03,2025-12-03,2.35
2026-08-03,2026-08-03,2025-12-04,2.37
2026-08-03,2026-08-03,2025-12-05,2.418
2026-08-03,2026-08-03,2025-12-08,2.348
2026-08-03,2026-08-03,2025-12-09,2.316
2026-08-03,2026-08-03,2025-12-10,2.333
2026-08-03,2026-08-03,2025-12-11,2.292
2026-08-03,2026-08-03,2025-12-12,2.252
2026-08-03,2026-08-03,2025-12-15,2.229
2026-08-03,2026-08-03,2025-12-16,2.179
2026-08-03,2026-08-03,2025-12-17,2.225
2026-08-03,2026-08-03,2025-12-18,2.183
2026-08-03,2026-08-03,2025-12-19,2.176
2026-08-03,2026-08-03,2025-12-22,2.206
2026-08-03,2026-08-03,2025-12-23,2.245
2026-08-03,2026-08-03,2025-12-24,2.212
2026-08-03,2026-08-03,2025-12-25,.
2026-08-03,2026-08-03,2025-12-26,2.142
2026-08-03,2026-08-03,2025-12-29,2.159
2026-08-03,2026-08-03,2025-12-30,2.183
2026-08-03,2026-08-03,2025-12-31,2.154
2026-08-03,2026-08-03,2026-01-01,.
2026-08-03,2026-08-03,2026-01-02,2.12
2026-08-03,2026-08-03,2026-01-05,2.15
2026-08-03,2026-08-03,2026-01-06,2.105
2026-08-03,2026-08-03,2026-01-07,2.091
2026-08-03,2026-08-03,2026-01-08,2.167
2026-08-03,2026-08-03,2026-01-09,2.154
2026-08-03,2026-08-03,2026-01-12,2.181
2026-08-03,2026-08-03,2026-01-13,2.248
2026-08-03,2026-08-03,2026-01-14,2.237
2026-08-03,2026-08-03,2026-01-15,2.217
2026-08-03,2026-08-03,2026-01-16,2.239
2026-08-03,2026-08-03,2026-01-19,.
2026-08-03,2026-08-03,2026-01-20,2.281
2026-08-03,2026-08-03,2026-01-21,2.334
2026-08-03,2026-08-03,2026-01-22,2.291
2026-08-03,2026-08-03,2026-01-23,2.335
2026-08-03,2026-08-03,2026-01-26,2.317
2026-08-03,2026-08-03,2026-01-27,2.368
2026-08-03,2026-08-03,2026-01-28,2.394
2026-08-03,2026-08-03,2026-01-29,2.453
2026-08-03,2026-08-03,2026-01-30,2.482
2026-08-03,2026-08-03,2026-02-02,2.287
2026-08-03,2026-08-03,2026-02-03,2.355
2026-08-03,2026-08-03,2026-02-04,2.372
2026-08-03,2026-08-03,2026-02-05,2.34
2026-08-03,2026-08-03,2026-02-06,2.351
2026-08-03,2026-08-03,2026-02-09,2.375
2026-08-03,2026-08-03,2026-02-10,2.358
2026-08-03,2026-08-03,2026-02-11,2.391
2026-08-03,2026-08-03,2026-02-12,2.325
2026-08-03,2026-08-03,2026-02-13,2.434
2026-08-03,2026-08-03,2026-02-16,.
2026-08-03,2026-08-03,2026-02-17,2.44
2026-08-03,2026-08-03,2026-02-18,2.569
2026-08-03,2026-08-03,2026-02-19,2.657
2026-08-03,2026-08-03,2026-02-20,2.633
2026-08-03,2026-08-03,2026-02-23,2.743
2026-08-03,2026-08-03,2026-02-24,2.778
2026-08-03,2026-08-03,2026-02-25,2.727
2026-08-03,2026-08-03,2026-02-26,2.701
2026-08-03,2026-08-03,2026-02-27,2.686
2026-08-03,2026-08-03,2026-03-02,2.995
2026-08-03,2026-08-03,2026-03-03,3.224
2026-08-03,2026-08-03,2026-03-04,3.383
2026-08-03,2026-08-03,2026-03-05,3.521
2026-08-03,2026-08-03,2026-03-06,3.682
2026-08-03,2026-08-03,2026-03-09,3.358
2026-08-03,2026-08-03,2026-03-10,3.456
2026-08-03,2026-08-03,2026-03-11,3.801
2026-08-03,2026-08-03,2026-03-12,4.01
2026-08-03,2026-08-03,2026-03-13,4.049
2026-08-03,2026-08-03,2026-03-16,3.897
2026-08-03,2026-08-03,2026-03-17,4.063
2026-08-03,2026-08-03,2026-03-18,4.428
2026-08-03,2026-08-03,2026-03-19,4.377
2026-08-03,2026-08-03,2026-03-20,4.712
2026-08-03,2026-08-03,2026-03-23,4.187
2026-08-03,2026-08-03,2026-03-24,4.175
2026-08-03,2026-08-03,2026-03-25,4.076
2026-08-03,2026-08-03,2026-03-26,4.29
2026-08-03,2026-08-03,2026-03-27,4.605
2026-08-03,2026-08-03,2026-03-30,4.494
2026-08-03,2026-08-03,2026-03-31,4.223
2026-08-03,2026-08-03,2026-04-01,4.096
2026-08-03,2026-08-03,2026-04-02,4.509
2026-08-03,2026-08-03,2026-04-03,.
2026-08-03,2026-08-03,2026-04-06,4.394
2026-08-03,2026-08-03,2026-04-07,4.358
2026-08-03,2026-08-03,2026-04-08,3.928
2026-08-03,2026-08-03,2026-04-09,3.981
2026-08-03,2026-08-03,2026-04-10,3.775
2026-08-03,2026-08-03,2026-04-13,3.838
2026-08-03,2026-08-03,2026-04-14,3.696
2026-08-03,2026-08-03,2026-04-15,3.79
2026-08-03,2026-08-03,2026-04-16,3.854
2026-08-03,2026-08-03,2026-04-17,3.483
2026-08-03,2026-08-03,2026-04-20,3.598
2026-08-03,2026-08-03,2026-04-21,3.847
2026-08-03,2026-08-03,2026-04-22,3.972
2026-08-03,2026-08-03,2026-04-23,4.08
2026-08-03,2026-08-03,2026-04-24,4.029
2026-08-03,2026-08-03,2026-04-27,4.014
2026-08-03,2026-08-03,2026-04-28,4.035
2026-08-03,2026-08-03,2026-04-29,4.264
2026-08-03,2026-08-03,2026-04-30,4.217
2026-08-03,2026-08-03,2026-05-01,4.016
2026-08-03,2026-08-03,2026-05-04,4.091
2026-08-03,2026-08-03,2026-05-05,4.114
2026-08-03,2026-08-03,2026-05-06,3.843
2026-08-03,2026-08-03,2026-05-07,3.926
2026-08-03,2026-08-03,2026-05-08,3.927
2026-08-03,2026-08-03,2026-05-11,4.051
2026-08-03,2026-08-03,2026-05-12,4.205
2026-08-03,2026-08-03,2026-05-13,4.04
2026-08-03,2026-08-03,2026-05-14,4.005
2026-08-03,2026-08-03,2026-05-15,4.163
2026-08-03,2026-08-03,2026-05-18,4.151
2026-08-03,2026-08-03,2026-05-19,4.288
2026-08-03,2026-08-03,2026-05-20,4.036
2026-08-03,2026-08-03,2026-05-21,3.974
2026-08-03,2026-08-03,2026-05-22,3.957
2026-08-03,2026-08-03,2026-05-25,.
2026-08-03,2026-08-03,2026-05-26,3.777
2026-08-03,2026-08-03,2026-05-27,3.671
2026-08-03,2026-08-03,2026-05-28,3.62
2026-08-03,2026-08-03,2026-05-29,3.525
2026-08-03,2026-08-03,2026-06-01,3.656
2026-08-03,2026-08-03,2026-06-02,3.688
2026-08-03,2026-08-03,2026-06-03,3.851
2026-08-03,2026-08-03,2026-06-04,3.666
2026-08-03,2026-08-03,2026-06-05,3.597
2026-08-03,2026-08-03,2026-06-08,3.587
2026-08-03,2026-08-03,2026-06-09,3.526
2026-08-03,2026-08-03,2026-06-10,3.644
2026-08-03,2026-08-03,2026-06-11,3.47
2026-08-03,2026-08-03,2026-06-12,3.407
2026-08-03,2026-08-03,2026-06-15,3.278
2026-08-03,2026-08-03,2026-06-16,3.207
2026-08-03,2026-08-03,2026-06-17,3.172
2026-08-03,2026-08-03,2026-06-18,3.128
2026-08-03,2026-08-03,2026-06-19,.
2026-08-03,2026-08-03,2026-06-22,3.094
2026-08-03,2026-08-03,2026-06-23,3.173
2026-08-03,2026-08-03,2026-06-24,3.158
2026-08-03,2026-08-03,2026-06-25,3.299
2026-08-03,2026-08-03,2026-06-26,3.219
2026-08-03,2026-08-03,2026-06-29,3.316
2026-08-03,2026-08-03,2026-06-30,3.286
2026-08-03,2026-08-03,2026-07-01,3.22
2026-08-03,2026-08-03,2026-07-02,3.189
2026-08-03,2026-08-03,2026-07-03,.
2026-08-03,2026-08-03,2026-07-06,3.306
2026-08-03,2026-08-03,2026-07-07,3.37
2026-08-03,2026-08-03,2026-07-08,3.718
2026-08-03,2026-08-03,2026-07-09,3.582
2026-08-03,2026-08-03,2026-07-10,3.573
2026-08-03,2026-08-03,2026-07-13,3.866
2026-08-03,2026-08-03,2026-07-14,4.045
2026-08-03,2026-08-03,2026-07-15,3.993
2026-08-03,2026-08-03,2026-07-16,4.067
2026-08-03,2026-08-03,2026-07-17,4.088
2026-08-03,2026-08-03,2026-07-20,4.118
2026-08-03,2026-08-03,2026-07-21,4.139
2026-08-03,2026-08-03,2026-07-22,4.135
2026-08-03,2026-08-03,2026-07-23,4.36
2026-08-03,2026-08-03,2026-07-24,4.233
2026-08-03,2026-08-03,2026-07-27,4.103
