realtime_start,realtime_end,date,value
2026-08-05,2026-08-05,2010-01-01,.
2026-08-05,2026-08-05,2010-01-04,2.209
2026-08-05,2026-08-05,2010-01-05,2.190
2026-08-05,2026-08-05,2010-01-06,2.198
2026-08-05,2026-08-05,2010-01-07,2.176
2026-08-05,2026-08-05,2010-01-08,2.187
2026-08-05,2026-08-05,2010-01-11,2.133
2026-08-05,2026-08-05,2010-01-12,2.071
2026-08-05,2026-08-05,2010-01-13,2.047
2026-08-05,2026-08-05,2010-01-14,2.003
2026-08-05,2026-08-05,2010-01-15,1.992
2026-08-05,2026-08-05,2010-01-18,.
2026-08-05,2026-08-05,2010-01-19,2.001
2026-08-05,2026-08-05,2010-01-20,1.964
2026-08-05,2026-08-05,2010-01-21,1.951
2026-08-05,2026-08-05,2010-01-22,1.933
2026-08-05,2026-08-05,2010-01-25,1.965
2026-08-05,2026-08-05,2010-01-26,1.961
2026-08-05,2026-08-05,2010-01-27,1.933
2026-08-05,2026-08-05,2010-01-28,1.930
2026-08-05,2026-08-05,2010-01-29,1.938
2026-08-05,2026-08-05,2010-02-01,1.981
2026-08-05,2026-08-05,2010-02-02,2.046
2026-08-05,2026-08-05,2010-02-03,2.033
2026-08-05,2026-08-05,2010-02-04,1.945
2026-08-05,2026-08-05,2010-02-05,1.916
2026-08-05,2026-08-05,2010-02-08,1.917
2026-08-05,2026-08-05,2010-02-09,1.982
2026-08-05,2026-08-05,2010-02-10,1.985
2026-08-05,2026-08-05,2010-02-11,1.986
2026-08-05,2026-08-05,2010-02-12,1.949
2026-08-05,2026-08-05,2010-02-15,.
2026-08-05,2026-08-05,2010-02-16,2.016
2026-08-05,2026-08-05,2010-02-17,2.030
2026-08-05,2026-08-05,2010-02-18,2.082
2026-08-05,2026-08-05,2010-02-19,2.113
2026-08-05,2026-08-05,2010-02-22,2.105
2026-08-05,2026-08-05,2010-02-23,2.077
2026-08-05,2026-08-05,2010-02-24,2.089
2026-08-05,2026-08-05,2010-02-25,2.032
2026-08-05,2026-08-05,2010-02-26,2.080
2026-08-05,2026-08-05,2010-03-01,2.066
2026-08-05,2026-08-05,2010-03-02,2.117
2026-08-05,2026-08-05,2010-03-03,2.153
2026-08-05,2026-08-05,2010-03-04,2.126
2026-08-05,2026-08-05,2010-03-05,2.160
2026-08-05,2026-08-05,2010-03-08,2.149
2026-08-05,2026-08-05,2010-03-09,2.129
2026-08-05,2026-08-05,2010-03-10,2.145
2026-08-05,2026-08-05,2010-03-11,2.142
2026-08-05,2026-08-05,2010-03-12,2.130
2026-08-05,2026-08-05,2010-03-15,2.079
2026-08-05,2026-08-05,2010-03-16,2.139
2026-08-05,2026-08-05,2010-03-17,2.169
2026-08-05,2026-08-05,2010-03-18,2.149
2026-08-05,2026-08-05,2010-03-19,2.115
2026-08-05,2026-08-05,2010-03-22,2.121
2026-08-05,2026-08-05,2010-03-23,2.132
2026-08-05,2026-08-05,2010-03-24,2.123
2026-08-05,2026-08-05,2010-03-25,2.149
2026-08-05,2026-08-05,2010-03-26,2.161
2026-08-05,2026-08-05,2010-03-29,2.199
2026-08-05,2026-08-05,2010-03-30,2.197
2026-08-05,2026-08-05,2010-03-31,2.213
2026-08-05,2026-08-05,2010-04-01,2.269
2026-08-05,2026-08-05,2010-04-02,.
2026-08-05,2026-08-05,2010-04-05,2.333
2026-08-05,2026-08-05,2010-04-06,2.334
2026-08-05,2026-08-05,2010-04-07,2.310
2026-08-05,2026-08-05,2010-04-08,2.299
2026-08-05,2026-08-05,2010-04-09,2.286
2026-08-05,2026-08-05,2010-04-12,2.283
2026-08-05,2026-08-05,2010-04-13,2.273
2026-08-05,2026-08-05,2010-04-14,2.304
2026-08-05,2026-08-05,2010-04-15,2.312
2026-08-05,2026-08-05,2010-04-16,2.294
2026-08-05,2026-08-05,2010-04-19,2.228
2026-08-05,2026-08-05,2010-04-20,2.250
2026-08-05,2026-08-05,2010-04-21,2.293
2026-08-05,2026-08-05,2010-04-22,2.295
2026-08-05,2026-08-05,2010-04-23,2.355
2026-08-05,2026-08-05,2010-04-26,2.329
2026-08-05,2026-08-05,2010-04-27,2.302
2026-08-05,2026-08-05,2010-04-28,2.322
2026-08-05,2026-08-05,2010-04-29,2.357
2026-08-05,2026-08-05,2010-04-30,2.383
2026-08-05,2026-08-05,2010-05-03,2.403
2026-08-05,2026-08-05,2010-05-04,2.325
2026-08-05,2026-08-05,2010-05-05,2.245
2026-08-05,2026-08-05,2010-05-06,2.173
2026-08-05,2026-08-05,2010-05-07,2.155
2026-08-05,2026-08-05,2010-05-10,2.192
2026-08-05,2026-08-05,2010-05-11,2.195
2026-08-05,2026-08-05,2010-05-12,2.230
2026-08-05,2026-08-05,2010-05-13,2.194
2026-08-05,2026-08-05,2010-05-14,2.136
2026-08-05,2026-08-05,2010-05-17,2.062
2026-08-05,2026-08-05,2010-05-18,2.029
2026-08-05,2026-08-05,2010-05-19,2.011
2026-08-05,2026-08-05,2010-05-20,1.949
2026-08-05,2026-08-05,2010-05-21,1.993
2026-08-05,2026-08-05,2010-05-24,2.005
2026-08-05,2026-08-05,2010-05-25,1.987
2026-08-05,2026-08-05,2010-05-26,2.009
2026-08-05,2026-08-05,2010-05-27,2.097
2026-08-05,2026-08-05,2010-05-28,2.101
2026-08-05,2026-08-05,2010-05-31,.
2026-08-05,2026-08-05,2010-06-01,2.065
2026-08-05,2026-08-05,2010-06-02,2.108
2026-08-05,2026-08-05,2010-06-03,2.130
2026-08-05,2026-08-05,2010-06-04,2.052
2026-08-05,2026-08-05,2010-06-07,2.046
2026-08-05,2026-08-05,2010-06-08,2.046
2026-08-05,2026-08-05,2010-06-09,2.090
2026-08-05,2026-08-05,2010-06-10,2.120
2026-08-05,2026-08-05,2010-06-11,2.094
2026-08-05,2026-08-05,2010-06-14,2.079
2026-08-05,2026-08-05,2010-06-15,2.138
2026-08-05,2026-08-05,2010-06-16,2.182
2026-08-05,2026-08-05,2010-06-17,2.220
2026-08-05,2026-08-05,2010-06-18,2.222
2026-08-05,2026-08-05,2010-06-21,2.224
2026-08-05,2026-08-05,2010-06-22,2.209
2026-08-05,2026-08-05,2010-06-23,2.158
2026-08-05,2026-08-05,2010-06-24,2.168
2026-08-05,2026-08-05,2010-06-25,2.230
2026-08-05,2026-08-05,2010-06-28,2.213
2026-08-05,2026-08-05,2010-06-29,2.139
2026-08-05,2026-08-05,2010-06-30,2.123
2026-08-05,2026-08-05,2010-07-01,2.025
2026-08-05,2026-08-05,2010-07-02,2.005
2026-08-05,2026-08-05,2010-07-05,.
2026-08-05,2026-08-05,2010-07-06,2.013
2026-08-05,2026-08-05,2010-07-07,2.083
2026-08-05,2026-08-05,2010-07-08,2.109
2026-08-05,2026-08-05,2010-07-09,2.129
2026-08-05,2026-08-05,2010-07-12,2.081
2026-08-05,2026-08-05,2010-07-13,2.139
2026-08-05,2026-08-05,2010-07-14,2.117
2026-08-05,2026-08-05,2010-07-15,2.110
2026-08-05,2026-08-05,2010-07-16,2.095
2026-08-05,2026-08-05,2010-07-19,2.096
2026-08-05,2026-08-05,2010-07-20,2.129
2026-08-05,2026-08-05,2010-07-21,2.086
2026-08-05,2026-08-05,2010-07-22,2.152
2026-08-05,2026-08-05,2010-07-23,2.158
2026-08-05,2026-08-05,2010-07-26,2.143
2026-08-05,2026-08-05,2010-07-27,2.099
2026-08-05,2026-08-05,2010-07-28,2.104
2026-08-05,2026-08-05,2010-07-29,2.147
2026-08-05,2026-08-05,2010-07-30,2.173
2026-08-05,2026-08-05,2010-08-02,2.242
2026-08-05,2026-08-05,2010-08-03,2.278
2026-08-05,2026-08-05,2010-08-04,2.281
2026-08-05,2026-08-05,2010-08-05,2.272
2026-08-05,2026-08-05,2010-08-06,2.244
2026-08-05,2026-08-05,2010-08-09,2.236
2026-08-05,2026-08-05,2010-08-10,2.246
2026-08-05,2026-08-05,2010-08-11,2.183
2026-08-05,2026-08-05,2010-08-12,2.122
2026-08-05,2026-08-05,2010-08-13,2.131
2026-08-05,2026-08-05,2010-08-16,2.098
2026-08-05,2026-08-05,2010-08-17,2.142
2026-08-05,2026-08-05,2010-08-18,2.142
2026-08-05,2026-08-05,2010-08-19,2.102
2026-08-05,2026-08-05,2010-08-20,2.082
2026-08-05,2026-08-05,2010-08-23,2.056
2026-08-05,2026-08-05,2010-08-24,2.036
2026-08-05,2026-08-05,2010-08-25,2.134
2026-08-05,2026-08-05,2010-08-26,2.129
2026-08-05,2026-08-05,2010-08-27,2.186
2026-08-05,2026-08-05,2010-08-30,2.120
2026-08-05,2026-08-05,2010-08-31,2.085
2026-08-05,2026-08-05,2010-09-01,2.120
2026-08-05,2026-08-05,2010-09-02,2.131
2026-08-05,2026-08-05,2010-09-03,2.142
2026-08-05,2026-08-05,2010-09-06,.
2026-08-05,2026-08-05,2010-09-07,2.149
2026-08-05,2026-08-05,2010-09-08,2.166
2026-08-05,2026-08-05,2010-09-09,2.146
2026-08-05,2026-08-05,2010-09-10,2.197
2026-08-05,2026-08-05,2010-09-13,2.212
2026-08-05,2026-08-05,2010-09-14,2.211
2026-08-05,2026-08-05,2010-09-15,2.214
2026-08-05,2026-08-05,2010-09-16,2.174
2026-08-05,2026-08-05,2010-09-17,2.185
2026-08-05,2026-08-05,2010-09-20,2.200
2026-08-05,2026-08-05,2010-09-21,2.165
2026-08-05,2026-08-05,2010-09-22,2.147
2026-08-05,2026-08-05,2010-09-23,2.166
2026-08-05,2026-08-05,2010-09-24,2.220
2026-08-05,2026-08-05,2010-09-27,2.201
2026-08-05,2026-08-05,2010-09-28,2.201
2026-08-05,2026-08-05,2010-09-29,2.269
2026-08-05,2026-08-05,2010-09-30,2.319
2026-08-05,2026-08-05,2010-10-01,2.362
2026-08-05,2026-08-05,2010-10-04,2.351
2026-08-05,2026-08-05,2010-10-05,2.360
2026-08-05,2026-08-05,2010-10-06,2.373
2026-08-05,2026-08-05,2010-10-07,2.322
2026-08-05,2026-08-05,2010-10-08,2.374
2026-08-05,2026-08-05,2010-10-11,2.354
2026-08-05,2026-08-05,2010-10-12,2.341
2026-08-05,2026-08-05,2010-10-13,2.377
2026-08-05,2026-08-05,2010-10-14,2.356
2026-08-05,2026-08-05,2010-10-15,2.322
2026-08-05,2026-08-05,2010-10-18,2.345
2026-08-05,2026-08-05,2010-10-19,2.269
2026-08-05,2026-08-05,2010-10-20,2.330
2026-08-05,2026-08-05,2010-10-21,2.288
2026-08-05,2026-08-05,2010-10-22,2.334
2026-08-05,2026-08-05,2010-10-25,2.330
2026-08-05,2026-08-05,2010-10-26,2.340
2026-08-05,2026-08-05,2010-10-27,2.335
2026-08-05,2026-08-05,2010-10-28,2.326
2026-08-05,2026-08-05,2010-10-29,2.313
2026-08-05,2026-08-05,2010-11-01,2.336
2026-08-05,2026-08-05,2010-11-02,2.365
2026-08-05,2026-08-05,2010-11-03,2.384
2026-08-05,2026-08-05,2010-11-04,2.416
2026-08-05,2026-08-05,2010-11-05,2.443
2026-08-05,2026-08-05,2010-11-08,2.447
2026-08-05,2026-08-05,2010-11-09,2.463
2026-08-05,2026-08-05,2010-11-10,2.502
2026-08-05,2026-08-05,2010-11-11,2.497
2026-08-05,2026-08-05,2010-11-12,2.435
2026-08-05,2026-08-05,2010-11-15,2.443
2026-08-05,2026-08-05,2010-11-16,2.381
2026-08-05,2026-08-05,2010-11-17,2.312
2026-08-05,2026-08-05,2010-11-18,2.328
2026-08-05,2026-08-05,2010-11-19,2.299
2026-08-05,2026-08-05,2010-11-22,2.288
2026-08-05,2026-08-05,2010-11-23,2.275
2026-08-05,2026-08-05,2010-11-24,2.372
2026-08-05,2026-08-05,2010-11-25,.
2026-08-05,2026-08-05,2010-11-26,2.361
2026-08-05,2026-08-05,2010-11-29,2.399
2026-08-05,2026-08-05,2010-11-30,2.341
2026-08-05,2026-08-05,2010-12-01,2.435
2026-08-05,2026-08-05,2010-12-02,2.470
2026-08-05,2026-08-05,2010-12-03,2.511
2026-08-05,2026-08-05,2010-12-06,2.484
2026-08-05,2026-08-05,2010-12-07,2.473
2026-08-05,2026-08-05,2010-12-08,2.478
2026-08-05,2026-08-05,2010-12-09,2.482
2026-08-05,2026-08-05,2010-12-10,2.442
2026-08-05,2026-08-05,2010-12-13,2.473
2026-08-05,2026-08-05,2010-12-14,2.488
2026-08-05,2026-08-05,2010-12-15,2.505
2026-08-05,2026-08-05,2010-12-16,2.502
2026-08-05,2026-08-05,2010-12-17,2.504
2026-08-05,2026-08-05,2010-12-20,2.512
2026-08-05,2026-08-05,2010-12-21,2.529
2026-08-05,2026-08-05,2010-12-22,2.550
2026-08-05,2026-08-05,2010-12-23,2.569
2026-08-05,2026-08-05,2010-12-24,.
2026-08-05,2026-08-05,2010-12-27,2.536
2026-08-05,2026-08-05,2010-12-28,2.540
2026-08-05,2026-08-05,2010-12-29,2.536
2026-08-05,2026-08-05,2010-12-30,2.493
2026-08-05,2026-08-05,2010-12-31,2.553
2026-08-05,2026-08-05,2011-01-03,2.553
2026-08-05,2026-08-05,2011-01-04,2.505
2026-08-05,2026-08-05,2011-01-05,2.544
2026-08-05,2026-08-05,2011-01-06,2.499
2026-08-05,2026-08-05,2011-01-07,2.494
2026-08-05,2026-08-05,2011-01-10,2.560
2026-08-05,2026-08-05,2011-01-11,2.640
2026-08-05,2026-08-05,2011-01-12,2.643
2026-08-05,2026-08-05,2011-01-13,2.634
2026-08-05,2026-08-05,2011-01-14,2.645
2026-08-05,2026-08-05,2011-01-17,.
2026-08-05,2026-08-05,2011-01-18,2.628
2026-08-05,2026-08-05,2011-01-19,2.636
2026-08-05,2026-08-05,2011-01-20,2.641
2026-08-05,2026-08-05,2011-01-21,2.684
2026-08-05,2026-08-05,2011-01-24,2.640
2026-08-05,2026-08-05,2011-01-25,2.617
2026-08-05,2026-08-05,2011-01-26,2.668
2026-08-05,2026-08-05,2011-01-27,2.648
2026-08-05,2026-08-05,2011-01-28,2.680
2026-08-05,2026-08-05,2011-01-31,2.738
2026-08-05,2026-08-05,2011-02-01,2.764
2026-08-05,2026-08-05,2011-02-02,2.789
2026-08-05,2026-08-05,2011-02-03,2.770
2026-08-05,2026-08-05,2011-02-04,2.725
2026-08-05,2026-08-05,2011-02-07,2.737
2026-08-05,2026-08-05,2011-02-08,2.760
2026-08-05,2026-08-05,2011-02-09,2.818
2026-08-05,2026-08-05,2011-02-10,2.810
2026-08-05,2026-08-05,2011-02-11,2.784
2026-08-05,2026-08-05,2011-02-14,2.830
2026-08-05,2026-08-05,2011-02-15,2.824
2026-08-05,2026-08-05,2011-02-16,2.870
2026-08-05,2026-08-05,2011-02-17,2.816
2026-08-05,2026-08-05,2011-02-18,2.816
2026-08-05,2026-08-05,2011-02-21,.
2026-08-05,2026-08-05,2011-02-22,2.920
2026-08-05,2026-08-05,2011-02-23,3.052
2026-08-05,2026-08-05,2011-02-24,3.008
2026-08-05,2026-08-05,2011-02-25,3.069
2026-08-05,2026-08-05,2011-02-28,3.048
2026-08-05,2026-08-05,2011-03-01,3.159
2026-08-05,2026-08-05,2011-03-02,3.177
2026-08-05,2026-08-05,2011-03-03,3.167
2026-08-05,2026-08-05,2011-03-04,3.218
2026-08-05,2026-08-05,2011-03-07,3.179
2026-08-05,2026-08-05,2011-03-08,3.142
2026-08-05,2026-08-05,2011-03-09,3.197
2026-08-05,2026-08-05,2011-03-10,3.183
2026-08-05,2026-08-05,2011-03-11,3.169
2026-08-05,2026-08-05,2011-03-14,3.269
2026-08-05,2026-08-05,2011-03-15,3.163
2026-08-05,2026-08-05,2011-03-16,3.184
2026-08-05,2026-08-05,2011-03-17,3.249
2026-08-05,2026-08-05,2011-03-18,3.232
2026-08-05,2026-08-05,2011-03-21,3.243
2026-08-05,2026-08-05,2011-03-22,3.309
2026-08-05,2026-08-05,2011-03-23,3.287
2026-08-05,2026-08-05,2011-03-24,3.331
2026-08-05,2026-08-05,2011-03-25,3.323
2026-08-05,2026-08-05,2011-03-28,3.283
2026-08-05,2026-08-05,2011-03-29,3.307
2026-08-05,2026-08-05,2011-03-30,3.276
2026-08-05,2026-08-05,2011-03-31,3.323
2026-08-05,2026-08-05,2011-04-01,3.372
2026-08-05,2026-08-05,2011-04-04,3.398
2026-08-05,2026-08-05,2011-04-05,3.397
2026-08-05,2026-08-05,2011-04-06,3.393
2026-08-05,2026-08-05,2011-04-07,3.396
2026-08-05,2026-08-05,2011-04-08,3.520
2026-08-05,2026-08-05,2011-04-11,3.427
2026-08-05,2026-08-05,2011-04-12,3.358
2026-08-05,2026-08-05,2011-04-13,3.368
2026-08-05,2026-08-05,2011-04-14,3.363
2026-08-05,2026-08-05,2011-04-15,3.384
2026-08-05,2026-08-05,2011-04-18,3.344
2026-08-05,2026-08-05,2011-04-19,3.307
2026-08-05,2026-08-05,2011-04-20,3.362
2026-08-05,2026-08-05,2011-04-21,3.365
2026-08-05,2026-08-05,2011-04-22,.
2026-08-05,2026-08-05,2011-04-25,3.362
2026-08-05,2026-08-05,2011-04-26,3.386
2026-08-05,2026-08-05,2011-04-27,3.405
2026-08-05,2026-08-05,2011-04-28,3.401
2026-08-05,2026-08-05,2011-04-29,3.431
2026-08-05,2026-08-05,2011-05-02,3.398
2026-08-05,2026-08-05,2011-05-03,3.348
2026-08-05,2026-08-05,2011-05-04,3.312
2026-08-05,2026-08-05,2011-05-05,3.073
2026-08-05,2026-08-05,2011-05-06,3.045
2026-08-05,2026-08-05,2011-05-09,3.156
2026-08-05,2026-08-05,2011-05-10,3.186
2026-08-05,2026-08-05,2011-05-11,3.104
2026-08-05,2026-08-05,2011-05-12,3.087
2026-08-05,2026-08-05,2011-05-13,3.119
2026-08-05,2026-08-05,2011-05-16,3.027
2026-08-05,2026-08-05,2011-05-17,3.025
2026-08-05,2026-08-05,2011-05-18,3.053
2026-08-05,2026-08-05,2011-05-19,3.051
2026-08-05,2026-08-05,2011-05-20,3.090
2026-08-05,2026-08-05,2011-05-23,3.022
2026-08-05,2026-08-05,2011-05-24,3.086
2026-08-05,2026-08-05,2011-05-25,3.147
2026-08-05,2026-08-05,2011-05-26,3.137
2026-08-05,2026-08-05,2011-05-27,3.145
2026-08-05,2026-08-05,2011-05-30,.
2026-08-05,2026-08-05,2011-05-31,3.191
2026-08-05,2026-08-05,2011-06-01,3.156
2026-08-05,2026-08-05,2011-06-02,3.197
2026-08-05,2026-08-05,2011-06-03,3.197
2026-08-05,2026-08-05,2011-06-06,3.142
2026-08-05,2026-08-05,2011-06-07,3.197
2026-08-05,2026-08-05,2011-06-08,3.186
2026-08-05,2026-08-05,2011-06-09,3.201
2026-08-05,2026-08-05,2011-06-10,3.165
2026-08-05,2026-08-05,2011-06-13,3.177
2026-08-05,2026-08-05,2011-06-14,3.203
2026-08-05,2026-08-05,2011-06-15,3.078
2026-08-05,2026-08-05,2011-06-16,3.065
2026-08-05,2026-08-05,2011-06-17,3.047
2026-08-05,2026-08-05,2011-06-20,2.989
2026-08-05,2026-08-05,2011-06-21,2.965
2026-08-05,2026-08-05,2011-06-22,3.035
2026-08-05,2026-08-05,2011-06-23,2.917
2026-08-05,2026-08-05,2011-06-24,2.873
2026-08-05,2026-08-05,2011-06-27,2.874
2026-08-05,2026-08-05,2011-06-28,2.926
2026-08-05,2026-08-05,2011-06-29,3.025
2026-08-05,2026-08-05,2011-06-30,3.018
2026-08-05,2026-08-05,2011-07-01,2.996
2026-08-05,2026-08-05,2011-07-04,.
2026-08-05,2026-08-05,2011-07-05,3.029
2026-08-05,2026-08-05,2011-07-06,3.053
2026-08-05,2026-08-05,2011-07-07,3.167
2026-08-05,2026-08-05,2011-07-08,3.154
2026-08-05,2026-08-05,2011-07-11,3.145
2026-08-05,2026-08-05,2011-07-12,3.127
2026-08-05,2026-08-05,2011-07-13,3.132
2026-08-05,2026-08-05,2011-07-14,3.135
2026-08-05,2026-08-05,2011-07-15,3.144
2026-08-05,2026-08-05,2011-07-18,3.094
2026-08-05,2026-08-05,2011-07-19,3.124
2026-08-05,2026-08-05,2011-07-20,3.153
2026-08-05,2026-08-05,2011-07-21,3.153
2026-08-05,2026-08-05,2011-07-22,3.160
2026-08-05,2026-08-05,2011-07-25,3.133
2026-08-05,2026-08-05,2011-07-26,3.121
2026-08-05,2026-08-05,2011-07-27,3.068
2026-08-05,2026-08-05,2011-07-28,3.121
2026-08-05,2026-08-05,2011-07-29,3.111
2026-08-05,2026-08-05,2011-08-01,3.100
2026-08-05,2026-08-05,2011-08-02,3.102
2026-08-05,2026-08-05,2011-08-03,3.045
2026-08-05,2026-08-05,2011-08-04,2.919
2026-08-05,2026-08-05,2011-08-05,2.945
2026-08-05,2026-08-05,2011-08-08,2.825
2026-08-05,2026-08-05,2011-08-09,2.821
2026-08-05,2026-08-05,2011-08-10,2.860
2026-08-05,2026-08-05,2011-08-11,2.904
2026-08-05,2026-08-05,2011-08-12,2.916
2026-08-05,2026-08-05,2011-08-15,2.949
2026-08-05,2026-08-05,2011-08-16,2.944
2026-08-05,2026-08-05,2011-08-17,2.965
2026-08-05,2026-08-05,2011-08-18,2.867
2026-08-05,2026-08-05,2011-08-19,2.945
2026-08-05,2026-08-05,2011-08-22,2.931
2026-08-05,2026-08-05,2011-08-23,2.978
2026-08-05,2026-08-05,2011-08-24,2.986
2026-08-05,2026-08-05,2011-08-25,3.008
2026-08-05,2026-08-05,2011-08-26,3.029
2026-08-05,2026-08-05,2011-08-29,3.062
2026-08-05,2026-08-05,2011-08-30,3.109
2026-08-05,2026-08-05,2011-08-31,3.113
2026-08-05,2026-08-05,2011-09-01,3.103
2026-08-05,2026-08-05,2011-09-02,3.058
2026-08-05,2026-08-05,2011-09-05,.
2026-08-05,2026-08-05,2011-09-06,3.073
2026-08-05,2026-08-05,2011-09-07,3.120
2026-08-05,2026-08-05,2011-09-08,3.093
2026-08-05,2026-08-05,2011-09-09,3.047
2026-08-05,2026-08-05,2011-09-12,3.013
2026-08-05,2026-08-05,2011-09-13,2.997
2026-08-05,2026-08-05,2011-09-14,3.012
2026-08-05,2026-08-05,2011-09-15,3.089
2026-08-05,2026-08-05,2011-09-16,3.072
2026-08-05,2026-08-05,2011-09-19,3.026
2026-08-05,2026-08-05,2011-09-20,3.034
2026-08-05,2026-08-05,2011-09-21,2.977
2026-08-05,2026-08-05,2011-09-22,2.922
2026-08-05,2026-08-05,2011-09-23,2.902
2026-08-05,2026-08-05,2011-09-26,2.925
2026-08-05,2026-08-05,2011-09-27,2.981
2026-08-05,2026-08-05,2011-09-28,2.934
2026-08-05,2026-08-05,2011-09-29,2.951
2026-08-05,2026-08-05,2011-09-30,2.909
2026-08-05,2026-08-05,2011-10-03,2.880
2026-08-05,2026-08-05,2011-10-04,2.908
2026-08-05,2026-08-05,2011-10-05,2.887
2026-08-05,2026-08-05,2011-10-06,2.978
2026-08-05,2026-08-05,2011-10-07,2.983
2026-08-05,2026-08-05,2011-10-10,3.048
2026-08-05,2026-08-05,2011-10-11,3.054
2026-08-05,2026-08-05,2011-10-12,3.077
2026-08-05,2026-08-05,2011-10-13,3.047
2026-08-05,2026-08-05,2011-10-14,3.205
2026-08-05,2026-08-05,2011-10-17,3.146
2026-08-05,2026-08-05,2011-10-18,3.175
2026-08-05,2026-08-05,2011-10-19,3.114
2026-08-05,2026-08-05,2011-10-20,3.116
2026-08-05,2026-08-05,2011-10-21,3.128
2026-08-05,2026-08-05,2011-10-24,3.154
2026-08-05,2026-08-05,2011-10-25,3.132
2026-08-05,2026-08-05,2011-10-26,3.113
2026-08-05,2026-08-05,2011-10-27,3.261
2026-08-05,2026-08-05,2011-10-28,3.229
2026-08-05,2026-08-05,2011-10-31,3.230
2026-08-05,2026-08-05,2011-11-01,3.306
2026-08-05,2026-08-05,2011-11-02,3.324
2026-08-05,2026-08-05,2011-11-03,3.419
2026-08-05,2026-08-05,2011-11-04,3.455
2026-08-05,2026-08-05,2011-11-07,3.502
2026-08-05,2026-08-05,2011-11-08,3.359
2026-08-05,2026-08-05,2011-11-09,3.320
2026-08-05,2026-08-05,2011-11-10,3.256
2026-08-05,2026-08-05,2011-11-11,3.253
2026-08-05,2026-08-05,2011-11-14,3.233
2026-08-05,2026-08-05,2011-11-15,3.191
2026-08-05,2026-08-05,2011-11-16,3.128
2026-08-05,2026-08-05,2011-11-17,3.065
2026-08-05,2026-08-05,2011-11-18,3.072
2026-08-05,2026-08-05,2011-11-21,3.026
2026-08-05,2026-08-05,2011-11-22,3.075
2026-08-05,2026-08-05,2011-11-23,2.986
2026-08-05,2026-08-05,2011-11-24,.
2026-08-05,2026-08-05,2011-11-25,2.985
2026-08-05,2026-08-05,2011-11-28,3.006
2026-08-05,2026-08-05,2011-11-29,3.037
2026-08-05,2026-08-05,2011-11-30,3.034
2026-08-05,2026-08-05,2011-12-01,2.979
2026-08-05,2026-08-05,2011-12-02,2.986
2026-08-05,2026-08-05,2011-12-05,2.960
2026-08-05,2026-08-05,2011-12-06,2.996
2026-08-05,2026-08-05,2011-12-07,2.958
2026-08-05,2026-08-05,2011-12-08,2.895
2026-08-05,2026-08-05,2011-12-09,2.883
2026-08-05,2026-08-05,2011-12-12,2.862
2026-08-05,2026-08-05,2011-12-13,2.905
2026-08-05,2026-08-05,2011-12-14,2.810
2026-08-05,2026-08-05,2011-12-15,2.790
2026-08-05,2026-08-05,2011-12-16,2.813
2026-08-05,2026-08-05,2011-12-19,2.784
2026-08-05,2026-08-05,2011-12-20,2.867
2026-08-05,2026-08-05,2011-12-21,2.912
2026-08-05,2026-08-05,2011-12-22,2.920
2026-08-05,2026-08-05,2011-12-23,2.955
2026-08-05,2026-08-05,2011-12-26,.
2026-08-05,2026-08-05,2011-12-27,2.957
2026-08-05,2026-08-05,2011-12-28,2.957
2026-08-05,2026-08-05,2011-12-29,2.960
2026-08-05,2026-08-05,2011-12-30,2.957
2026-08-05,2026-08-05,2012-01-02,.
2026-08-05,2026-08-05,2012-01-03,3.080
2026-08-05,2026-08-05,2012-01-04,3.142
2026-08-05,2026-08-05,2012-01-05,3.090
2026-08-05,2026-08-05,2012-01-06,3.137
2026-08-05,2026-08-05,2012-01-09,3.124
2026-08-05,2026-08-05,2012-01-10,3.163
2026-08-05,2026-08-05,2012-01-11,3.101
2026-08-05,2026-08-05,2012-01-12,3.096
2026-08-05,2026-08-05,2012-01-13,3.091
2026-08-05,2026-08-05,2012-01-16,.
2026-08-05,2026-08-05,2012-01-17,3.077
2026-08-05,2026-08-05,2012-01-18,3.063
2026-08-05,2026-08-05,2012-01-19,3.088
2026-08-05,2026-08-05,2012-01-20,3.026
2026-08-05,2026-08-05,2012-01-23,3.038
2026-08-05,2026-08-05,2012-01-24,3.037
2026-08-05,2026-08-05,2012-01-25,3.085
2026-08-05,2026-08-05,2012-01-26,3.077
2026-08-05,2026-08-05,2012-01-27,3.097
2026-08-05,2026-08-05,2012-01-30,3.073
2026-08-05,2026-08-05,2012-01-31,3.069
2026-08-05,2026-08-05,2012-02-01,3.059
2026-08-05,2026-08-05,2012-02-02,3.070
2026-08-05,2026-08-05,2012-02-03,3.128
2026-08-05,2026-08-05,2012-02-06,3.202
2026-08-05,2026-08-05,2012-02-07,3.200
2026-08-05,2026-08-05,2012-02-08,3.202
2026-08-05,2026-08-05,2012-02-09,3.221
2026-08-05,2026-08-05,2012-02-10,3.192
2026-08-05,2026-08-05,2012-02-13,3.165
2026-08-05,2026-08-05,2012-02-14,3.180
2026-08-05,2026-08-05,2012-02-15,3.219
2026-08-05,2026-08-05,2012-02-16,3.255
2026-08-05,2026-08-05,2012-02-17,3.237
2026-08-05,2026-08-05,2012-02-20,.
2026-08-05,2026-08-05,2012-02-21,3.277
2026-08-05,2026-08-05,2012-02-22,3.361
2026-08-05,2026-08-05,2012-02-23,3.395
2026-08-05,2026-08-05,2012-02-24,3.412
2026-08-05,2026-08-05,2012-02-27,3.390
2026-08-05,2026-08-05,2012-02-28,3.349
2026-08-05,2026-08-05,2012-02-29,3.322
2026-08-05,2026-08-05,2012-03-01,3.403
2026-08-05,2026-08-05,2012-03-02,3.370
2026-08-05,2026-08-05,2012-03-05,3.400
2026-08-05,2026-08-05,2012-03-06,3.391
2026-08-05,2026-08-05,2012-03-07,3.431
2026-08-05,2026-08-05,2012-03-08,3.463
2026-08-05,2026-08-05,2012-03-09,3.454
2026-08-05,2026-08-05,2012-03-12,3.438
2026-08-05,2026-08-05,2012-03-13,3.458
2026-08-05,2026-08-05,2012-03-14,3.419
2026-08-05,2026-08-05,2012-03-15,3.351
2026-08-05,2026-08-05,2012-03-16,3.394
2026-08-05,2026-08-05,2012-03-19,3.358
2026-08-05,2026-08-05,2012-03-20,3.378
2026-08-05,2026-08-05,2012-03-21,3.355
2026-08-05,2026-08-05,2012-03-22,3.323
2026-08-05,2026-08-05,2012-03-23,3.348
2026-08-05,2026-08-05,2012-03-26,3.340
2026-08-05,2026-08-05,2012-03-27,3.368
2026-08-05,2026-08-05,2012-03-28,3.350
2026-08-05,2026-08-05,2012-03-29,3.323
2026-08-05,2026-08-05,2012-03-30,3.337
2026-08-05,2026-08-05,2012-04-02,3.410
2026-08-05,2026-08-05,2012-04-03,3.392
2026-08-05,2026-08-05,2012-04-04,3.329
2026-08-05,2026-08-05,2012-04-05,3.308
2026-08-05,2026-08-05,2012-04-06,.
2026-08-05,2026-08-05,2012-04-09,3.229
2026-08-05,2026-08-05,2012-04-10,3.203
2026-08-05,2026-08-05,2012-04-11,3.217
2026-08-05,2026-08-05,2012-04-12,3.245
2026-08-05,2026-08-05,2012-04-13,3.253
2026-08-05,2026-08-05,2012-04-16,3.204
2026-08-05,2026-08-05,2012-04-17,3.198
2026-08-05,2026-08-05,2012-04-18,3.181
2026-08-05,2026-08-05,2012-04-19,3.187
2026-08-05,2026-08-05,2012-04-20,3.208
2026-08-05,2026-08-05,2012-04-23,3.209
2026-08-05,2026-08-05,2012-04-24,3.200
2026-08-05,2026-08-05,2012-04-25,3.253
2026-08-05,2026-08-05,2012-04-26,3.286
2026-08-05,2026-08-05,2012-04-27,3.271
2026-08-05,2026-08-05,2012-04-30,3.267
2026-08-05,2026-08-05,2012-05-01,3.294
2026-08-05,2026-08-05,2012-05-02,3.262
2026-08-05,2026-08-05,2012-05-03,3.208
2026-08-05,2026-08-05,2012-05-04,3.195
2026-08-05,2026-08-05,2012-05-07,3.170
2026-08-05,2026-08-05,2012-05-08,3.097
2026-08-05,2026-08-05,2012-05-09,3.095
2026-08-05,2026-08-05,2012-05-10,3.071
2026-08-05,2026-08-05,2012-05-11,3.056
2026-08-05,2026-08-05,2012-05-14,3.016
2026-08-05,2026-08-05,2012-05-15,3.023
2026-08-05,2026-08-05,2012-05-16,2.962
2026-08-05,2026-08-05,2012-05-17,2.905
2026-08-05,2026-08-05,2012-05-18,2.897
2026-08-05,2026-08-05,2012-05-21,2.928
2026-08-05,2026-08-05,2012-05-22,2.895
2026-08-05,2026-08-05,2012-05-23,2.868
2026-08-05,2026-08-05,2012-05-24,2.881
2026-08-05,2026-08-05,2012-05-25,2.900
2026-08-05,2026-08-05,2012-05-28,.
2026-08-05,2026-08-05,2012-05-29,2.883
2026-08-05,2026-08-05,2012-05-30,2.795
2026-08-05,2026-08-05,2012-05-31,2.752
2026-08-05,2026-08-05,2012-06-01,2.695
2026-08-05,2026-08-05,2012-06-04,2.678
2026-08-05,2026-08-05,2012-06-05,2.672
2026-08-05,2026-08-05,2012-06-06,2.707
2026-08-05,2026-08-05,2012-06-07,2.685
2026-08-05,2026-08-05,2012-06-08,2.717
2026-08-05,2026-08-05,2012-06-11,2.646
2026-08-05,2026-08-05,2012-06-12,2.666
2026-08-05,2026-08-05,2012-06-13,2.652
2026-08-05,2026-08-05,2012-06-14,.
2026-08-05,2026-08-05,2012-06-15,2.688
2026-08-05,2026-08-05,2012-06-18,2.651
2026-08-05,2026-08-05,2012-06-19,2.679
2026-08-05,2026-08-05,2012-06-20,2.616
2026-08-05,2026-08-05,2012-06-21,2.558
2026-08-05,2026-08-05,2012-06-22,2.585
2026-08-05,2026-08-05,2012-06-25,2.568
2026-08-05,2026-08-05,2012-06-26,2.608
2026-08-05,2026-08-05,2012-06-27,2.636
2026-08-05,2026-08-05,2012-06-28,2.590
2026-08-05,2026-08-05,2012-06-29,2.768
2026-08-05,2026-08-05,2012-07-02,2.714
2026-08-05,2026-08-05,2012-07-03,2.802
2026-08-05,2026-08-05,2012-07-04,.
2026-08-05,2026-08-05,2012-07-05,2.795
2026-08-05,2026-08-05,2012-07-06,2.744
2026-08-05,2026-08-05,2012-07-09,2.773
2026-08-05,2026-08-05,2012-07-10,2.763
2026-08-05,2026-08-05,2012-07-11,2.806
2026-08-05,2026-08-05,2012-07-12,2.806
2026-08-05,2026-08-05,2012-07-13,2.837
2026-08-05,2026-08-05,2012-07-16,2.881
2026-08-05,2026-08-05,2012-07-17,2.885
2026-08-05,2026-08-05,2012-07-18,2.916
2026-08-05,2026-08-05,2012-07-19,2.976
2026-08-05,2026-08-05,2012-07-20,2.951
2026-08-05,2026-08-05,2012-07-23,2.867
2026-08-05,2026-08-05,2012-07-24,2.875
2026-08-05,2026-08-05,2012-07-25,2.894
2026-08-05,2026-08-05,2012-07-26,2.914
2026-08-05,2026-08-05,2012-07-27,2.941
2026-08-05,2026-08-05,2012-07-30,2.920
2026-08-05,2026-08-05,2012-07-31,2.884
2026-08-05,2026-08-05,2012-08-01,2.915
2026-08-05,2026-08-05,2012-08-02,2.899
2026-08-05,2026-08-05,2012-08-03,2.988
2026-08-05,2026-08-05,2012-08-06,3.001
2026-08-05,2026-08-05,2012-08-07,3.104
2026-08-05,2026-08-05,2012-08-08,3.123
2026-08-05,2026-08-05,2012-08-09,3.174
2026-08-05,2026-08-05,2012-08-10,3.177
2026-08-05,2026-08-05,2012-08-13,3.159
2026-08-05,2026-08-05,2012-08-14,3.211
2026-08-05,2026-08-05,2012-08-15,3.285
2026-08-05,2026-08-05,2012-08-16,3.293
2026-08-05,2026-08-05,2012-08-17,3.286
2026-08-05,2026-08-05,2012-08-20,3.270
2026-08-05,2026-08-05,2012-08-21,3.288
2026-08-05,2026-08-05,2012-08-22,3.331
2026-08-05,2026-08-05,2012-08-23,3.334
2026-08-05,2026-08-05,2012-08-24,3.320
2026-08-05,2026-08-05,2012-08-27,3.310
2026-08-05,2026-08-05,2012-08-28,3.363
2026-08-05,2026-08-05,2012-08-29,3.389
2026-08-05,2026-08-05,2012-08-30,3.448
2026-08-05,2026-08-05,2012-08-31,3.504
2026-08-05,2026-08-05,2012-09-03,.
2026-08-05,2026-08-05,2012-09-04,3.442
2026-08-05,2026-08-05,2012-09-05,3.420
2026-08-05,2026-08-05,2012-09-06,3.393
2026-08-05,2026-08-05,2012-09-07,3.412
2026-08-05,2026-08-05,2012-09-10,3.402
2026-08-05,2026-08-05,2012-09-11,3.387
2026-08-05,2026-08-05,2012-09-12,3.408
2026-08-05,2026-08-05,2012-09-13,3.360
2026-08-05,2026-08-05,2012-09-14,3.396
2026-08-05,2026-08-05,2012-09-17,3.240
2026-08-05,2026-08-05,2012-09-18,3.214
2026-08-05,2026-08-05,2012-09-19,3.138
2026-08-05,2026-08-05,2012-09-20,3.195
2026-08-05,2026-08-05,2012-09-21,3.212
2026-08-05,2026-08-05,2012-09-24,3.204
2026-08-05,2026-08-05,2012-09-25,3.210
2026-08-05,2026-08-05,2012-09-26,3.194
2026-08-05,2026-08-05,2012-09-27,3.238
2026-08-05,2026-08-05,2012-09-28,3.226
2026-08-05,2026-08-05,2012-10-01,3.256
2026-08-05,2026-08-05,2012-10-02,3.268
2026-08-05,2026-08-05,2012-10-03,3.202
2026-08-05,2026-08-05,2012-10-04,3.339
2026-08-05,2026-08-05,2012-10-05,3.308
2026-08-05,2026-08-05,2012-10-08,3.312
2026-08-05,2026-08-05,2012-10-09,3.341
2026-08-05,2026-08-05,2012-10-10,3.356
2026-08-05,2026-08-05,2012-10-11,3.370
2026-08-05,2026-08-05,2012-10-12,3.333
2026-08-05,2026-08-05,2012-10-15,3.297
2026-08-05,2026-08-05,2012-10-16,3.274
2026-08-05,2026-08-05,2012-10-17,3.267
2026-08-05,2026-08-05,2012-10-18,3.237
2026-08-05,2026-08-05,2012-10-19,3.161
2026-08-05,2026-08-05,2012-10-22,3.108
2026-08-05,2026-08-05,2012-10-23,3.104
2026-08-05,2026-08-05,2012-10-24,3.100
2026-08-05,2026-08-05,2012-10-25,3.078
2026-08-05,2026-08-05,2012-10-26,3.111
2026-08-05,2026-08-05,2012-10-29,3.142
2026-08-05,2026-08-05,2012-10-30,3.125
2026-08-05,2026-08-05,2012-10-31,3.116
2026-08-05,2026-08-05,2012-11-01,3.080
2026-08-05,2026-08-05,2012-11-02,3.033
2026-08-05,2026-08-05,2012-11-05,3.048
2026-08-05,2026-08-05,2012-11-06,3.142
2026-08-05,2026-08-05,2012-11-07,3.055
2026-08-05,2026-08-05,2012-11-08,3.076
2026-08-05,2026-08-05,2012-11-09,3.132
2026-08-05,2026-08-05,2012-11-12,3.118
2026-08-05,2026-08-05,2012-11-13,2.987
2026-08-05,2026-08-05,2012-11-14,3.065
2026-08-05,2026-08-05,2012-11-15,3.009
2026-08-05,2026-08-05,2012-11-16,3.014
2026-08-05,2026-08-05,2012-11-19,3.082
2026-08-05,2026-08-05,2012-11-20,3.100
2026-08-05,2026-08-05,2012-11-21,3.129
2026-08-05,2026-08-05,2012-11-22,.
2026-08-05,2026-08-05,2012-11-23,3.115
2026-08-05,2026-08-05,2012-11-26,3.088
2026-08-05,2026-08-05,2012-11-27,3.061
2026-08-05,2026-08-05,2012-11-28,3.022
2026-08-05,2026-08-05,2012-11-29,3.067
2026-08-05,2026-08-05,2012-11-30,3.070
2026-08-05,2026-08-05,2012-12-03,3.033
2026-08-05,2026-08-05,2012-12-04,2.980
2026-08-05,2026-08-05,2012-12-05,2.963
2026-08-05,2026-08-05,2012-12-06,2.906
2026-08-05,2026-08-05,2012-12-07,2.851
2026-08-05,2026-08-05,2012-12-10,2.844
2026-08-05,2026-08-05,2012-12-11,2.872
2026-08-05,2026-08-05,2012-12-12,2.918
2026-08-05,2026-08-05,2012-12-13,2.906
2026-08-05,2026-08-05,2012-12-14,2.936
2026-08-05,2026-08-05,2012-12-17,2.916
2026-08-05,2026-08-05,2012-12-18,2.966
2026-08-05,2026-08-05,2012-12-19,2.993
2026-08-05,2026-08-05,2012-12-20,3.027
2026-08-05,2026-08-05,2012-12-21,3.045
2026-08-05,2026-08-05,2012-12-24,3.025
2026-08-05,2026-08-05,2012-12-25,.
2026-08-05,2026-08-05,2012-12-26,3.050
2026-08-05,2026-08-05,2012-12-27,3.064
2026-08-05,2026-08-05,2012-12-28,3.059
2026-08-05,2026-08-05,2012-12-31,3.067
2026-08-05,2026-08-05,2013-01-01,.
2026-08-05,2026-08-05,2013-01-02,3.071
2026-08-05,2026-08-05,2013-01-03,3.039
2026-08-05,2026-08-05,2013-01-04,3.043
2026-08-05,2026-08-05,2013-01-07,3.058
2026-08-05,2026-08-05,2013-01-08,3.113
2026-08-05,2026-08-05,2013-01-09,3.126
2026-08-05,2026-08-05,2013-01-10,3.122
2026-08-05,2026-08-05,2013-01-11,3.076
2026-08-05,2026-08-05,2013-01-14,3.126
2026-08-05,2026-08-05,2013-01-15,3.080
2026-08-05,2026-08-05,2013-01-16,3.069
2026-08-05,2026-08-05,2013-01-17,3.072
2026-08-05,2026-08-05,2013-01-18,3.112
2026-08-05,2026-08-05,2013-01-21,.
2026-08-05,2026-08-05,2013-01-22,3.133
2026-08-05,2026-08-05,2013-01-23,3.143
2026-08-05,2026-08-05,2013-01-24,3.137
2026-08-05,2026-08-05,2013-01-25,3.128
2026-08-05,2026-08-05,2013-01-28,3.123
2026-08-05,2026-08-05,2013-01-29,3.168
2026-08-05,2026-08-05,2013-01-30,3.224
2026-08-05,2026-08-05,2013-01-31,3.240
2026-08-05,2026-08-05,2013-02-01,3.285
2026-08-05,2026-08-05,2013-02-04,3.250
2026-08-05,2026-08-05,2013-02-05,3.273
2026-08-05,2026-08-05,2013-02-06,3.263
2026-08-05,2026-08-05,2013-02-07,3.284
2026-08-05,2026-08-05,2013-02-08,3.321
2026-08-05,2026-08-05,2013-02-11,3.314
2026-08-05,2026-08-05,2013-02-12,3.316
2026-08-05,2026-08-05,2013-02-13,3.303
2026-08-05,2026-08-05,2013-02-14,3.327
2026-08-05,2026-08-05,2013-02-15,3.321
2026-08-05,2026-08-05,2013-02-18,.
2026-08-05,2026-08-05,2013-02-19,3.293
2026-08-05,2026-08-05,2013-02-20,3.250
2026-08-05,2026-08-05,2013-02-21,3.249
2026-08-05,2026-08-05,2013-02-22,3.253
2026-08-05,2026-08-05,2013-02-25,3.215
2026-08-05,2026-08-05,2013-02-26,3.165
2026-08-05,2026-08-05,2013-02-27,3.139
2026-08-05,2026-08-05,2013-02-28,3.104
2026-08-05,2026-08-05,2013-03-01,3.092
2026-08-05,2026-08-05,2013-03-04,3.065
2026-08-05,2026-08-05,2013-03-05,3.071
2026-08-05,2026-08-05,2013-03-06,3.064
2026-08-05,2026-08-05,2013-03-07,3.083
2026-08-05,2026-08-05,2013-03-08,3.084
2026-08-05,2026-08-05,2013-03-11,3.068
2026-08-05,2026-08-05,2013-03-12,3.051
2026-08-05,2026-08-05,2013-03-13,2.930
2026-08-05,2026-08-05,2013-03-14,2.945
2026-08-05,2026-08-05,2013-03-15,3.008
2026-08-05,2026-08-05,2013-03-18,2.982
2026-08-05,2026-08-05,2013-03-19,2.919
2026-08-05,2026-08-05,2013-03-20,2.950
2026-08-05,2026-08-05,2013-03-21,2.955
2026-08-05,2026-08-05,2013-03-22,2.963
2026-08-05,2026-08-05,2013-03-25,2.985
2026-08-05,2026-08-05,2013-03-26,3.024
2026-08-05,2026-08-05,2013-03-27,3.059
2026-08-05,2026-08-05,2013-03-28,3.092
2026-08-05,2026-08-05,2013-03-29,.
2026-08-05,2026-08-05,2013-04-01,3.137
2026-08-05,2026-08-05,2013-04-02,3.164
2026-08-05,2026-08-05,2013-04-03,3.050
2026-08-05,2026-08-05,2013-04-04,3.013
2026-08-05,2026-08-05,2013-04-05,2.972
2026-08-05,2026-08-05,2013-04-08,2.997
2026-08-05,2026-08-05,2013-04-09,3.011
2026-08-05,2026-08-05,2013-04-10,2.991
2026-08-05,2026-08-05,2013-04-11,2.939
2026-08-05,2026-08-05,2013-04-12,2.914
2026-08-05,2026-08-05,2013-04-15,2.836
2026-08-05,2026-08-05,2013-04-16,2.817
2026-08-05,2026-08-05,2013-04-17,2.746
2026-08-05,2026-08-05,2013-04-18,2.797
2026-08-05,2026-08-05,2013-04-19,2.809
2026-08-05,2026-08-05,2013-04-22,2.808
2026-08-05,2026-08-05,2013-04-23,2.808
2026-08-05,2026-08-05,2013-04-24,2.844
2026-08-05,2026-08-05,2013-04-25,2.834
2026-08-05,2026-08-05,2013-04-26,2.850
2026-08-05,2026-08-05,2013-04-29,2.848
2026-08-05,2026-08-05,2013-04-30,2.783
2026-08-05,2026-08-05,2013-05-01,2.734
2026-08-05,2026-08-05,2013-05-02,2.808
2026-08-05,2026-08-05,2013-05-03,2.836
2026-08-05,2026-08-05,2013-05-06,2.875
2026-08-05,2026-08-05,2013-05-07,2.874
2026-08-05,2026-08-05,2013-05-08,2.889
2026-08-05,2026-08-05,2013-05-09,2.896
2026-08-05,2026-08-05,2013-05-10,2.885
2026-08-05,2026-08-05,2013-05-13,2.873
2026-08-05,2026-08-05,2013-05-14,2.830
2026-08-05,2026-08-05,2013-05-15,2.834
2026-08-05,2026-08-05,2013-05-16,2.860
2026-08-05,2026-08-05,2013-05-17,2.881
2026-08-05,2026-08-05,2013-05-20,2.895
2026-08-05,2026-08-05,2013-05-21,2.875
2026-08-05,2026-08-05,2013-05-22,2.827
2026-08-05,2026-08-05,2013-05-23,2.815
2026-08-05,2026-08-05,2013-05-24,2.805
2026-08-05,2026-08-05,2013-05-27,.
2026-08-05,2026-08-05,2013-05-28,2.878
2026-08-05,2026-08-05,2013-05-29,2.837
2026-08-05,2026-08-05,2013-05-30,2.829
2026-08-05,2026-08-05,2013-05-31,2.772
2026-08-05,2026-08-05,2013-06-03,2.857
2026-08-05,2026-08-05,2013-06-04,2.886
2026-08-05,2026-08-05,2013-06-05,2.879
2026-08-05,2026-08-05,2013-06-06,2.902
2026-08-05,2026-08-05,2013-06-07,2.931
2026-08-05,2026-08-05,2013-06-10,2.936
2026-08-05,2026-08-05,2013-06-11,2.879
2026-08-05,2026-08-05,2013-06-12,2.919
2026-08-05,2026-08-05,2013-06-13,2.971
2026-08-05,2026-08-05,2013-06-14,2.999
2026-08-05,2026-08-05,2013-06-17,2.969
2026-08-05,2026-08-05,2013-06-18,2.991
2026-08-05,2026-08-05,2013-06-19,2.982
2026-08-05,2026-08-05,2013-06-20,2.910
2026-08-05,2026-08-05,2013-06-21,2.884
2026-08-05,2026-08-05,2013-06-24,2.887
2026-08-05,2026-08-05,2013-06-25,2.881
2026-08-05,2026-08-05,2013-06-26,2.871
2026-08-05,2026-08-05,2013-06-27,2.883
2026-08-05,2026-08-05,2013-06-28,2.862
2026-08-05,2026-08-05,2013-07-01,2.884
2026-08-05,2026-08-05,2013-07-02,2.937
2026-08-05,2026-08-05,2013-07-03,2.978
2026-08-05,2026-08-05,2013-07-04,.
2026-08-05,2026-08-05,2013-07-05,3.034
2026-08-05,2026-08-05,2013-07-08,3.025
2026-08-05,2026-08-05,2013-07-09,3.040
2026-08-05,2026-08-05,2013-07-10,3.052
2026-08-05,2026-08-05,2013-07-11,3.030
2026-08-05,2026-08-05,2013-07-12,3.064
2026-08-05,2026-08-05,2013-07-15,3.075
2026-08-05,2026-08-05,2013-07-16,3.092
2026-08-05,2026-08-05,2013-07-17,3.113
2026-08-05,2026-08-05,2013-07-18,3.120
2026-08-05,2026-08-05,2013-07-19,3.113
2026-08-05,2026-08-05,2013-07-22,3.084
2026-08-05,2026-08-05,2013-07-23,3.061
2026-08-05,2026-08-05,2013-07-24,3.029
2026-08-05,2026-08-05,2013-07-25,3.021
2026-08-05,2026-08-05,2013-07-26,3.039
2026-08-05,2026-08-05,2013-07-29,3.036
2026-08-05,2026-08-05,2013-07-30,3.022
2026-08-05,2026-08-05,2013-07-31,3.100
2026-08-05,2026-08-05,2013-08-01,3.138
2026-08-05,2026-08-05,2013-08-02,3.117
2026-08-05,2026-08-05,2013-08-05,3.096
2026-08-05,2026-08-05,2013-08-06,3.067
2026-08-05,2026-08-05,2013-08-07,3.021
2026-08-05,2026-08-05,2013-08-08,2.990
2026-08-05,2026-08-05,2013-08-09,3.027
2026-08-05,2026-08-05,2013-08-12,3.065
2026-08-05,2026-08-05,2013-08-13,3.079
2026-08-05,2026-08-05,2013-08-14,3.085
2026-08-05,2026-08-05,2013-08-15,3.107
2026-08-05,2026-08-05,2013-08-16,3.126
2026-08-05,2026-08-05,2013-08-19,3.104
2026-08-05,2026-08-05,2013-08-20,3.115
2026-08-05,2026-08-05,2013-08-21,3.111
2026-08-05,2026-08-05,2013-08-22,3.097
2026-08-05,2026-08-05,2013-08-23,3.127
2026-08-05,2026-08-05,2013-08-26,3.116
2026-08-05,2026-08-05,2013-08-27,3.165
2026-08-05,2026-08-05,2013-08-28,3.193
2026-08-05,2026-08-05,2013-08-29,3.180
2026-08-05,2026-08-05,2013-08-30,3.142
2026-08-05,2026-08-05,2013-09-02,.
2026-08-05,2026-08-05,2013-09-03,3.169
2026-08-05,2026-08-05,2013-09-04,3.159
2026-08-05,2026-08-05,2013-09-05,3.158
2026-08-05,2026-08-05,2013-09-06,3.170
2026-08-05,2026-08-05,2013-09-09,3.124
2026-08-05,2026-08-05,2013-09-10,3.093
2026-08-05,2026-08-05,2013-09-11,3.109
2026-08-05,2026-08-05,2013-09-12,3.162
2026-08-05,2026-08-05,2013-09-13,3.141
2026-08-05,2026-08-05,2013-09-16,3.073
2026-08-05,2026-08-05,2013-09-17,2.985
2026-08-05,2026-08-05,2013-09-18,3.036
2026-08-05,2026-08-05,2013-09-19,3.004
2026-08-05,2026-08-05,2013-09-20,3.007
2026-08-05,2026-08-05,2013-09-23,2.959
2026-08-05,2026-08-05,2013-09-24,2.972
2026-08-05,2026-08-05,2013-09-25,2.963
2026-08-05,2026-08-05,2013-09-26,2.999
2026-08-05,2026-08-05,2013-09-27,2.986
2026-08-05,2026-08-05,2013-09-30,2.972
2026-08-05,2026-08-05,2013-10-01,2.953
2026-08-05,2026-08-05,2013-10-02,3.001
2026-08-05,2026-08-05,2013-10-03,3.002
2026-08-05,2026-08-05,2013-10-04,3.005
2026-08-05,2026-08-05,2013-10-07,3.003
2026-08-05,2026-08-05,2013-10-08,3.034
2026-08-05,2026-08-05,2013-10-09,3.018
2026-08-05,2026-08-05,2013-10-10,3.069
2026-08-05,2026-08-05,2013-10-11,3.031
2026-08-05,2026-08-05,2013-10-14,3.026
2026-08-05,2026-08-05,2013-10-15,2.995
2026-08-05,2026-08-05,2013-10-16,2.997
2026-08-05,2026-08-05,2013-10-17,2.944
2026-08-05,2026-08-05,2013-10-18,2.961
2026-08-05,2026-08-05,2013-10-21,2.950
2026-08-05,2026-08-05,2013-10-22,2.943
2026-08-05,2026-08-05,2013-10-23,2.887
2026-08-05,2026-08-05,2013-10-24,2.870
2026-08-05,2026-08-05,2013-10-25,2.900
2026-08-05,2026-08-05,2013-10-28,2.946
2026-08-05,2026-08-05,2013-10-29,2.934
2026-08-05,2026-08-05,2013-10-30,2.947
2026-08-05,2026-08-05,2013-10-31,2.952
2026-08-05,2026-08-05,2013-11-01,2.883
2026-08-05,2026-08-05,2013-11-04,2.866
2026-08-05,2026-08-05,2013-11-05,2.850
2026-08-05,2026-08-05,2013-11-06,2.850
2026-08-05,2026-08-05,2013-11-07,2.827
2026-08-05,2026-08-05,2013-11-08,2.854
2026-08-05,2026-08-05,2013-11-11,2.877
2026-08-05,2026-08-05,2013-11-12,2.841
2026-08-05,2026-08-05,2013-11-13,2.874
2026-08-05,2026-08-05,2013-11-14,2.880
2026-08-05,2026-08-05,2013-11-15,2.894
2026-08-05,2026-08-05,2013-11-18,2.871
2026-08-05,2026-08-05,2013-11-19,2.862
2026-08-05,2026-08-05,2013-11-20,2.907
2026-08-05,2026-08-05,2013-11-21,2.965
2026-08-05,2026-08-05,2013-11-22,2.996
2026-08-05,2026-08-05,2013-11-25,2.992
2026-08-05,2026-08-05,2013-11-26,3.012
2026-08-05,2026-08-05,2013-11-27,3.065
2026-08-05,2026-08-05,2013-11-28,.
2026-08-05,2026-08-05,2013-11-29,3.036
2026-08-05,2026-08-05,2013-12-02,3.056
2026-08-05,2026-08-05,2013-12-03,3.068
2026-08-05,2026-08-05,2013-12-04,3.035
2026-08-05,2026-08-05,2013-12-05,3.007
2026-08-05,2026-08-05,2013-12-06,3.016
2026-08-05,2026-08-05,2013-12-09,2.953
2026-08-05,2026-08-05,2013-12-10,2.967
2026-08-05,2026-08-05,2013-12-11,2.965
2026-08-05,2026-08-05,2013-12-12,2.923
2026-08-05,2026-08-05,2013-12-13,2.933
2026-08-05,2026-08-05,2013-12-16,2.944
2026-08-05,2026-08-05,2013-12-17,2.914
2026-08-05,2026-08-05,2013-12-18,2.945
2026-08-05,2026-08-05,2013-12-19,2.997
2026-08-05,2026-08-05,2013-12-20,3.043
2026-08-05,2026-08-05,2013-12-23,3.031
2026-08-05,2026-08-05,2013-12-24,3.043
2026-08-05,2026-08-05,2013-12-25,.
2026-08-05,2026-08-05,2013-12-26,3.054
2026-08-05,2026-08-05,2013-12-27,3.071
2026-08-05,2026-08-05,2013-12-30,3.033
2026-08-05,2026-08-05,2013-12-31,3.037
2026-08-05,2026-08-05,2014-01-01,.
2026-08-05,2026-08-05,2014-01-02,2.958
2026-08-05,2026-08-05,2014-01-03,2.910
2026-08-05,2026-08-05,2014-01-06,2.909
2026-08-05,2026-08-05,2014-01-07,2.920
2026-08-05,2026-08-05,2014-01-08,2.912
2026-08-05,2026-08-05,2014-01-09,2.851
2026-08-05,2026-08-05,2014-01-10,2.872
2026-08-05,2026-08-05,2014-01-13,2.852
2026-08-05,2026-08-05,2014-01-14,2.871
2026-08-05,2026-08-05,2014-01-15,2.913
2026-08-05,2026-08-05,2014-01-16,2.904
2026-08-05,2026-08-05,2014-01-17,2.934
2026-08-05,2026-08-05,2014-01-20,.
2026-08-05,2026-08-05,2014-01-21,2.989
2026-08-05,2026-08-05,2014-01-22,2.976
2026-08-05,2026-08-05,2014-01-23,2.943
2026-08-05,2026-08-05,2014-01-24,2.970
2026-08-05,2026-08-05,2014-01-27,2.921
2026-08-05,2026-08-05,2014-01-28,2.937
2026-08-05,2026-08-05,2014-01-29,2.973
2026-08-05,2026-08-05,2014-01-30,2.990
2026-08-05,2026-08-05,2014-01-31,2.972
2026-08-05,2026-08-05,2014-02-03,2.980
2026-08-05,2026-08-05,2014-02-04,2.926
2026-08-05,2026-08-05,2014-02-05,2.924
2026-08-05,2026-08-05,2014-02-06,2.934
2026-08-05,2026-08-05,2014-02-07,2.997
2026-08-05,2026-08-05,2014-02-10,2.946
2026-08-05,2026-08-05,2014-02-11,2.993
2026-08-05,2026-08-05,2014-02-12,2.975
2026-08-05,2026-08-05,2014-02-13,3.007
2026-08-05,2026-08-05,2014-02-14,3.067
2026-08-05,2026-08-05,2014-02-17,.
2026-08-05,2026-08-05,2014-02-18,3.099
2026-08-05,2026-08-05,2014-02-19,3.147
2026-08-05,2026-08-05,2014-02-20,3.164
2026-08-05,2026-08-05,2014-02-21,3.077
2026-08-05,2026-08-05,2014-02-24,3.071
2026-08-05,2026-08-05,2014-02-25,3.070
2026-08-05,2026-08-05,2014-02-26,3.095
2026-08-05,2026-08-05,2014-02-27,2.969
2026-08-05,2026-08-05,2014-02-28,2.976
2026-08-05,2026-08-05,2014-03-03,3.032
2026-08-05,2026-08-05,2014-03-04,2.993
2026-08-05,2026-08-05,2014-03-05,2.928
2026-08-05,2026-08-05,2014-03-06,2.919
2026-08-05,2026-08-05,2014-03-07,2.929
2026-08-05,2026-08-05,2014-03-10,2.889
2026-08-05,2026-08-05,2014-03-11,2.872
2026-08-05,2026-08-05,2014-03-12,2.855
2026-08-05,2026-08-05,2014-03-13,2.851
2026-08-05,2026-08-05,2014-03-14,2.867
2026-08-05,2026-08-05,2014-03-17,2.828
2026-08-05,2026-08-05,2014-03-18,2.844
2026-08-05,2026-08-05,2014-03-19,2.847
2026-08-05,2026-08-05,2014-03-20,2.884
2026-08-05,2026-08-05,2014-03-21,2.887
2026-08-05,2026-08-05,2014-03-24,2.882
2026-08-05,2026-08-05,2014-03-25,2.907
2026-08-05,2026-08-05,2014-03-26,2.901
2026-08-05,2026-08-05,2014-03-27,2.927
2026-08-05,2026-08-05,2014-03-28,2.932
2026-08-05,2026-08-05,2014-03-31,2.913
2026-08-05,2026-08-05,2014-04-01,2.884
2026-08-05,2026-08-05,2014-04-02,2.879
2026-08-05,2026-08-05,2014-04-03,2.947
2026-08-05,2026-08-05,2014-04-04,2.950
2026-08-05,2026-08-05,2014-04-07,2.939
2026-08-05,2026-08-05,2014-04-08,2.964
2026-08-05,2026-08-05,2014-04-09,2.975
2026-08-05,2026-08-05,2014-04-10,2.963
2026-08-05,2026-08-05,2014-04-11,2.955
2026-08-05,2026-08-05,2014-04-14,3.002
2026-08-05,2026-08-05,2014-04-15,3.014
2026-08-05,2026-08-05,2014-04-16,3.039
2026-08-05,2026-08-05,2014-04-17,3.039
2026-08-05,2026-08-05,2014-04-18,.
2026-08-05,2026-08-05,2014-04-21,3.038
2026-08-05,2026-08-05,2014-04-22,3.033
2026-08-05,2026-08-05,2014-04-23,3.041
2026-08-05,2026-08-05,2014-04-24,3.083
2026-08-05,2026-08-05,2014-04-25,3.054
2026-08-05,2026-08-05,2014-04-28,3.033
2026-08-05,2026-08-05,2014-04-29,3.078
2026-08-05,2026-08-05,2014-04-30,3.045
2026-08-05,2026-08-05,2014-05-01,3.069
2026-08-05,2026-08-05,2014-05-02,3.017
2026-08-05,2026-08-05,2014-05-05,2.998
2026-08-05,2026-08-05,2014-05-06,2.994
2026-08-05,2026-08-05,2014-05-07,3.073
2026-08-05,2026-08-05,2014-05-08,3.064
2026-08-05,2026-08-05,2014-05-09,3.045
2026-08-05,2026-08-05,2014-05-12,3.033
2026-08-05,2026-08-05,2014-05-13,3.043
2026-08-05,2026-08-05,2014-05-14,3.059
2026-08-05,2026-08-05,2014-05-15,2.996
2026-08-05,2026-08-05,2014-05-16,3.009
2026-08-05,2026-08-05,2014-05-19,2.996
2026-08-05,2026-08-05,2014-05-20,2.996
2026-08-05,2026-08-05,2014-05-21,3.006
2026-08-05,2026-08-05,2014-05-22,3.008
2026-08-05,2026-08-05,2014-05-23,3.023
2026-08-05,2026-08-05,2014-05-26,.
2026-08-05,2026-08-05,2014-05-27,3.010
2026-08-05,2026-08-05,2014-05-28,2.998
2026-08-05,2026-08-05,2014-05-29,2.969
2026-08-05,2026-08-05,2014-05-30,2.927
2026-08-05,2026-08-05,2014-06-02,2.915
2026-08-05,2026-08-05,2014-06-03,2.893
2026-08-05,2026-08-05,2014-06-04,2.879
2026-08-05,2026-08-05,2014-06-05,2.907
2026-08-05,2026-08-05,2014-06-06,2.902
2026-08-05,2026-08-05,2014-06-09,2.913
2026-08-05,2026-08-05,2014-06-10,2.913
2026-08-05,2026-08-05,2014-06-11,2.908
2026-08-05,2026-08-05,2014-06-12,3.025
2026-08-05,2026-08-05,2014-06-13,3.060
2026-08-05,2026-08-05,2014-06-16,3.072
2026-08-05,2026-08-05,2014-06-17,3.051
2026-08-05,2026-08-05,2014-06-18,3.079
2026-08-05,2026-08-05,2014-06-19,3.084
2026-08-05,2026-08-05,2014-06-20,3.088
2026-08-05,2026-08-05,2014-06-23,3.099
2026-08-05,2026-08-05,2014-06-24,3.102
2026-08-05,2026-08-05,2014-06-25,3.094
2026-08-05,2026-08-05,2014-06-26,3.070
2026-08-05,2026-08-05,2014-06-27,3.051
2026-08-05,2026-08-05,2014-06-30,3.031
2026-08-05,2026-08-05,2014-07-01,3.073
2026-08-05,2026-08-05,2014-07-02,3.035
2026-08-05,2026-08-05,2014-07-03,2.987
2026-08-05,2026-08-05,2014-07-04,.
2026-08-05,2026-08-05,2014-07-07,2.962
2026-08-05,2026-08-05,2014-07-08,2.912
2026-08-05,2026-08-05,2014-07-09,2.909
2026-08-05,2026-08-05,2014-07-10,2.932
2026-08-05,2026-08-05,2014-07-11,2.910
2026-08-05,2026-08-05,2014-07-14,2.919
2026-08-05,2026-08-05,2014-07-15,2.889
2026-08-05,2026-08-05,2014-07-16,2.883
2026-08-05,2026-08-05,2014-07-17,2.900
2026-08-05,2026-08-05,2014-07-18,2.895
2026-08-05,2026-08-05,2014-07-21,2.896
2026-08-05,2026-08-05,2014-07-22,2.889
2026-08-05,2026-08-05,2014-07-23,2.925
2026-08-05,2026-08-05,2014-07-24,2.916
2026-08-05,2026-08-05,2014-07-25,2.956
2026-08-05,2026-08-05,2014-07-28,2.933
2026-08-05,2026-08-05,2014-07-29,2.954
2026-08-05,2026-08-05,2014-07-30,2.936
2026-08-05,2026-08-05,2014-07-31,2.951
2026-08-05,2026-08-05,2014-08-01,2.946
2026-08-05,2026-08-05,2014-08-04,2.953
2026-08-05,2026-08-05,2014-08-05,2.929
2026-08-05,2026-08-05,2014-08-06,2.947
2026-08-05,2026-08-05,2014-08-07,2.978
2026-08-05,2026-08-05,2014-08-08,2.953
2026-08-05,2026-08-05,2014-08-11,2.963
2026-08-05,2026-08-05,2014-08-12,2.930
2026-08-05,2026-08-05,2014-08-13,2.983
2026-08-05,2026-08-05,2014-08-14,2.915
2026-08-05,2026-08-05,2014-08-15,2.916
2026-08-05,2026-08-05,2014-08-18,2.905
2026-08-05,2026-08-05,2014-08-19,2.914
2026-08-05,2026-08-05,2014-08-20,2.910
2026-08-05,2026-08-05,2014-08-21,2.933
2026-08-05,2026-08-05,2014-08-22,2.953
2026-08-05,2026-08-05,2014-08-25,2.959
2026-08-05,2026-08-05,2014-08-26,2.964
2026-08-05,2026-08-05,2014-08-27,2.991
2026-08-05,2026-08-05,2014-08-28,2.976
2026-08-05,2026-08-05,2014-08-29,3.005
2026-08-05,2026-08-05,2014-09-01,.
2026-08-05,2026-08-05,2014-09-02,2.946
2026-08-05,2026-08-05,2014-09-03,2.982
2026-08-05,2026-08-05,2014-09-04,2.945
2026-08-05,2026-08-05,2014-09-05,2.927
2026-08-05,2026-08-05,2014-09-08,2.897
2026-08-05,2026-08-05,2014-09-09,2.878
2026-08-05,2026-08-05,2014-09-10,2.826
2026-08-05,2026-08-05,2014-09-11,2.782
2026-08-05,2026-08-05,2014-09-12,2.766
2026-08-05,2026-08-05,2014-09-15,2.764
2026-08-05,2026-08-05,2014-09-16,2.784
2026-08-05,2026-08-05,2014-09-17,2.746
2026-08-05,2026-08-05,2014-09-18,2.720
2026-08-05,2026-08-05,2014-09-19,2.719
2026-08-05,2026-08-05,2014-09-22,2.699
2026-08-05,2026-08-05,2014-09-23,2.703
2026-08-05,2026-08-05,2014-09-24,2.731
2026-08-05,2026-08-05,2014-09-25,2.736
2026-08-05,2026-08-05,2014-09-26,2.739
2026-08-05,2026-08-05,2014-09-29,2.740
2026-08-05,2026-08-05,2014-09-30,2.692
2026-08-05,2026-08-05,2014-10-01,2.721
2026-08-05,2026-08-05,2014-10-02,2.705
2026-08-05,2026-08-05,2014-10-03,2.695
2026-08-05,2026-08-05,2014-10-06,2.703
2026-08-05,2026-08-05,2014-10-07,2.679
2026-08-05,2026-08-05,2014-10-08,2.640
2026-08-05,2026-08-05,2014-10-09,2.549
2026-08-05,2026-08-05,2014-10-10,2.589
2026-08-05,2026-08-05,2014-10-13,2.568
2026-08-05,2026-08-05,2014-10-14,2.510
2026-08-05,2026-08-05,2014-10-15,2.507
2026-08-05,2026-08-05,2014-10-16,2.520
2026-08-05,2026-08-05,2014-10-17,2.557
2026-08-05,2026-08-05,2014-10-20,2.495
2026-08-05,2026-08-05,2014-10-21,2.547
2026-08-05,2026-08-05,2014-10-22,2.481
2026-08-05,2026-08-05,2014-10-23,2.529
2026-08-05,2026-08-05,2014-10-24,2.550
2026-08-05,2026-08-05,2014-10-27,2.508
2026-08-05,2026-08-05,2014-10-28,2.533
2026-08-05,2026-08-05,2014-10-29,2.580
2026-08-05,2026-08-05,2014-10-30,2.504
2026-08-05,2026-08-05,2014-10-31,2.594
2026-08-05,2026-08-05,2014-11-03,2.569
2026-08-05,2026-08-05,2014-11-04,2.508
2026-08-05,2026-08-05,2014-11-05,2.478
2026-08-05,2026-08-05,2014-11-06,2.476
2026-08-05,2026-08-05,2014-11-07,2.501
2026-08-05,2026-08-05,2014-11-10,2.478
2026-08-05,2026-08-05,2014-11-11,2.472
2026-08-05,2026-08-05,2014-11-12,2.474
2026-08-05,2026-08-05,2014-11-13,2.407
2026-08-05,2026-08-05,2014-11-14,2.452
2026-08-05,2026-08-05,2014-11-17,2.403
2026-08-05,2026-08-05,2014-11-18,2.370
2026-08-05,2026-08-05,2014-11-19,2.349
2026-08-05,2026-08-05,2014-11-20,2.332
2026-08-05,2026-08-05,2014-11-21,2.349
2026-08-05,2026-08-05,2014-11-24,2.348
2026-08-05,2026-08-05,2014-11-25,2.358
2026-08-05,2026-08-05,2014-11-26,2.296
2026-08-05,2026-08-05,2014-11-27,.
2026-08-05,2026-08-05,2014-11-28,2.126
2026-08-05,2026-08-05,2014-12-01,2.187
2026-08-05,2026-08-05,2014-12-02,2.122
2026-08-05,2026-08-05,2014-12-03,2.088
2026-08-05,2026-08-05,2014-12-04,2.039
2026-08-05,2026-08-05,2014-12-05,2.029
2026-08-05,2026-08-05,2014-12-08,1.952
2026-08-05,2026-08-05,2014-12-09,1.971
2026-08-05,2026-08-05,2014-12-10,1.930
2026-08-05,2026-08-05,2014-12-11,1.932
2026-08-05,2026-08-05,2014-12-12,1.867
2026-08-05,2026-08-05,2014-12-15,1.812
2026-08-05,2026-08-05,2014-12-16,1.795
2026-08-05,2026-08-05,2014-12-17,1.729
2026-08-05,2026-08-05,2014-12-18,1.737
2026-08-05,2026-08-05,2014-12-19,1.899
2026-08-05,2026-08-05,2014-12-22,1.817
2026-08-05,2026-08-05,2014-12-23,1.873
2026-08-05,2026-08-05,2014-12-24,1.824
2026-08-05,2026-08-05,2014-12-25,.
2026-08-05,2026-08-05,2014-12-26,1.825
2026-08-05,2026-08-05,2014-12-29,1.762
2026-08-05,2026-08-05,2014-12-30,1.759
2026-08-05,2026-08-05,2014-12-31,1.776
2026-08-05,2026-08-05,2015-01-01,.
2026-08-05,2026-08-05,2015-01-02,1.704
2026-08-05,2026-08-05,2015-01-05,1.648
2026-08-05,2026-08-05,2015-01-06,1.622
2026-08-05,2026-08-05,2015-01-07,1.621
2026-08-05,2026-08-05,2015-01-08,1.601
2026-08-05,2026-08-05,2015-01-09,1.583
2026-08-05,2026-08-05,2015-01-12,1.510
2026-08-05,2026-08-05,2015-01-13,1.514
2026-08-05,2026-08-05,2015-01-14,1.518
2026-08-05,2026-08-05,2015-01-15,1.489
2026-08-05,2026-08-05,2015-01-16,1.527
2026-08-05,2026-08-05,2015-01-19,.
2026-08-05,2026-08-05,2015-01-20,1.540
2026-08-05,2026-08-05,2015-01-21,1.537
2026-08-05,2026-08-05,2015-01-22,1.524
2026-08-05,2026-08-05,2015-01-23,1.530
2026-08-05,2026-08-05,2015-01-26,1.537
2026-08-05,2026-08-05,2015-01-27,1.537
2026-08-05,2026-08-05,2015-01-28,1.518
2026-08-05,2026-08-05,2015-01-29,1.516
2026-08-05,2026-08-05,2015-01-30,1.599
2026-08-05,2026-08-05,2015-02-02,1.674
2026-08-05,2026-08-05,2015-02-03,1.784
2026-08-05,2026-08-05,2015-02-04,1.728
2026-08-05,2026-08-05,2015-02-05,1.860
2026-08-05,2026-08-05,2015-02-06,1.834
2026-08-05,2026-08-05,2015-02-09,1.869
2026-08-05,2026-08-05,2015-02-10,1.860
2026-08-05,2026-08-05,2015-02-11,1.835
2026-08-05,2026-08-05,2015-02-12,1.915
2026-08-05,2026-08-05,2015-02-13,2.065
2026-08-05,2026-08-05,2015-02-16,.
2026-08-05,2026-08-05,2015-02-17,2.063
2026-08-05,2026-08-05,2015-02-18,1.980
2026-08-05,2026-08-05,2015-02-19,2.159
2026-08-05,2026-08-05,2015-02-20,2.286
2026-08-05,2026-08-05,2015-02-23,2.364
2026-08-05,2026-08-05,2015-02-24,1.893
2026-08-05,2026-08-05,2015-02-25,1.988
2026-08-05,2026-08-05,2015-02-26,1.922
2026-08-05,2026-08-05,2015-02-27,1.995
2026-08-05,2026-08-05,2015-03-02,1.931
2026-08-05,2026-08-05,2015-03-03,1.974
2026-08-05,2026-08-05,2015-03-04,1.861
2026-08-05,2026-08-05,2015-03-05,1.899
2026-08-05,2026-08-05,2015-03-06,1.823
2026-08-05,2026-08-05,2015-03-09,1.774
2026-08-05,2026-08-05,2015-03-10,1.747
2026-08-05,2026-08-05,2015-03-11,1.755
2026-08-05,2026-08-05,2015-03-12,1.671
2026-08-05,2026-08-05,2015-03-13,1.666
2026-08-05,2026-08-05,2015-03-16,1.589
2026-08-05,2026-08-05,2015-03-17,1.616
2026-08-05,2026-08-05,2015-03-18,1.722
2026-08-05,2026-08-05,2015-03-19,1.658
2026-08-05,2026-08-05,2015-03-20,1.681
2026-08-05,2026-08-05,2015-03-23,1.678
2026-08-05,2026-08-05,2015-03-24,1.635
2026-08-05,2026-08-05,2015-03-25,1.651
2026-08-05,2026-08-05,2015-03-26,1.689
2026-08-05,2026-08-05,2015-03-27,1.626
2026-08-05,2026-08-05,2015-03-30,1.657
2026-08-05,2026-08-05,2015-03-31,1.637
2026-08-05,2026-08-05,2015-04-01,1.703
2026-08-05,2026-08-05,2015-04-02,1.636
2026-08-05,2026-08-05,2015-04-03,.
2026-08-05,2026-08-05,2015-04-06,1.707
2026-08-05,2026-08-05,2015-04-07,1.749
2026-08-05,2026-08-05,2015-04-08,1.673
2026-08-05,2026-08-05,2015-04-09,1.693
2026-08-05,2026-08-05,2015-04-10,1.717
2026-08-05,2026-08-05,2015-04-13,1.710
2026-08-05,2026-08-05,2015-04-14,1.726
2026-08-05,2026-08-05,2015-04-15,1.795
2026-08-05,2026-08-05,2015-04-16,1.882
2026-08-05,2026-08-05,2015-04-17,1.830
2026-08-05,2026-08-05,2015-04-20,1.838
2026-08-05,2026-08-05,2015-04-21,1.817
2026-08-05,2026-08-05,2015-04-22,1.879
2026-08-05,2026-08-05,2015-04-23,1.929
2026-08-05,2026-08-05,2015-04-24,1.944
2026-08-05,2026-08-05,2015-04-27,1.932
2026-08-05,2026-08-05,2015-04-28,1.927
2026-08-05,2026-08-05,2015-04-29,1.951
2026-08-05,2026-08-05,2015-04-30,2.009
2026-08-05,2026-08-05,2015-05-01,2.015
2026-08-05,2026-08-05,2015-05-04,2.012
2026-08-05,2026-08-05,2015-05-05,2.032
2026-08-05,2026-08-05,2015-05-06,2.066
2026-08-05,2026-08-05,2015-05-07,2.018
2026-08-05,2026-08-05,2015-05-08,2.022
2026-08-05,2026-08-05,2015-05-11,2.010
2026-08-05,2026-08-05,2015-05-12,2.071
2026-08-05,2026-08-05,2015-05-13,2.076
2026-08-05,2026-08-05,2015-05-14,2.083
2026-08-05,2026-08-05,2015-05-15,2.086
2026-08-05,2026-08-05,2015-05-18,2.096
2026-08-05,2026-08-05,2015-05-19,2.014
2026-08-05,2026-08-05,2015-05-20,2.045
2026-08-05,2026-08-05,2015-05-21,2.095
2026-08-05,2026-08-05,2015-05-22,2.066
2026-08-05,2026-08-05,2015-05-25,.
2026-08-05,2026-08-05,2015-05-26,2.014
2026-08-05,2026-08-05,2015-05-27,1.980
2026-08-05,2026-08-05,2015-05-28,1.989
2026-08-05,2026-08-05,2015-05-29,2.004
2026-08-05,2026-08-05,2015-06-01,1.982
2026-08-05,2026-08-05,2015-06-02,1.995
2026-08-05,2026-08-05,2015-06-03,1.904
2026-08-05,2026-08-05,2015-06-04,1.856
2026-08-05,2026-08-05,2015-06-05,1.871
2026-08-05,2026-08-05,2015-06-08,1.877
2026-08-05,2026-08-05,2015-06-09,1.932
2026-08-05,2026-08-05,2015-06-10,1.926
2026-08-05,2026-08-05,2015-06-11,1.912
2026-08-05,2026-08-05,2015-06-12,1.853
2026-08-05,2026-08-05,2015-06-15,1.834
2026-08-05,2026-08-05,2015-06-16,1.849
2026-08-05,2026-08-05,2015-06-17,1.870
2026-08-05,2026-08-05,2015-06-18,1.915
2026-08-05,2026-08-05,2015-06-19,1.878
2026-08-05,2026-08-05,2015-06-22,1.869
2026-08-05,2026-08-05,2015-06-23,1.939
2026-08-05,2026-08-05,2015-06-24,1.904
2026-08-05,2026-08-05,2015-06-25,1.906
2026-08-05,2026-08-05,2015-06-26,1.868
2026-08-05,2026-08-05,2015-06-29,1.847
2026-08-05,2026-08-05,2015-06-30,1.919
2026-08-05,2026-08-05,2015-07-01,1.880
2026-08-05,2026-08-05,2015-07-02,1.880
2026-08-05,2026-08-05,2015-07-03,.
2026-08-05,2026-08-05,2015-07-06,1.766
2026-08-05,2026-08-05,2015-07-07,1.769
2026-08-05,2026-08-05,2015-07-08,1.744
2026-08-05,2026-08-05,2015-07-09,1.767
2026-08-05,2026-08-05,2015-07-10,1.770
2026-08-05,2026-08-05,2015-07-13,1.756
2026-08-05,2026-08-05,2015-07-14,1.760
2026-08-05,2026-08-05,2015-07-15,1.700
2026-08-05,2026-08-05,2015-07-16,1.675
2026-08-05,2026-08-05,2015-07-17,1.637
2026-08-05,2026-08-05,2015-07-20,1.604
2026-08-05,2026-08-05,2015-07-21,1.676
2026-08-05,2026-08-05,2015-07-22,1.695
2026-08-05,2026-08-05,2015-07-23,1.688
2026-08-05,2026-08-05,2015-07-24,1.675
2026-08-05,2026-08-05,2015-07-27,1.627
2026-08-05,2026-08-05,2015-07-28,1.643
2026-08-05,2026-08-05,2015-07-29,1.645
2026-08-05,2026-08-05,2015-07-30,1.645
2026-08-05,2026-08-05,2015-07-31,1.595
2026-08-05,2026-08-05,2015-08-03,1.545
2026-08-05,2026-08-05,2015-08-04,1.556
2026-08-05,2026-08-05,2015-08-05,1.542
2026-08-05,2026-08-05,2015-08-06,1.558
2026-08-05,2026-08-05,2015-08-07,1.562
2026-08-05,2026-08-05,2015-08-10,1.591
2026-08-05,2026-08-05,2015-08-11,1.573
2026-08-05,2026-08-05,2015-08-12,1.586
2026-08-05,2026-08-05,2015-08-13,1.542
2026-08-05,2026-08-05,2015-08-14,1.535
2026-08-05,2026-08-05,2015-08-17,1.556
2026-08-05,2026-08-05,2015-08-18,1.530
2026-08-05,2026-08-05,2015-08-19,1.495
2026-08-05,2026-08-05,2015-08-20,1.472
2026-08-05,2026-08-05,2015-08-21,1.447
2026-08-05,2026-08-05,2015-08-24,1.382
2026-08-05,2026-08-05,2015-08-25,1.373
2026-08-05,2026-08-05,2015-08-26,1.379
2026-08-05,2026-08-05,2015-08-27,1.490
2026-08-05,2026-08-05,2015-08-28,1.558
2026-08-05,2026-08-05,2015-08-31,1.635
2026-08-05,2026-08-05,2015-09-01,1.540
2026-08-05,2026-08-05,2015-09-02,1.578
2026-08-05,2026-08-05,2015-09-03,1.585
2026-08-05,2026-08-05,2015-09-04,1.560
2026-08-05,2026-08-05,2015-09-07,.
2026-08-05,2026-08-05,2015-09-08,1.536
2026-08-05,2026-08-05,2015-09-09,1.488
2026-08-05,2026-08-05,2015-09-10,1.512
2026-08-05,2026-08-05,2015-09-11,1.478
2026-08-05,2026-08-05,2015-09-14,1.437
2026-08-05,2026-08-05,2015-09-15,1.435
2026-08-05,2026-08-05,2015-09-16,1.462
2026-08-05,2026-08-05,2015-09-17,1.447
2026-08-05,2026-08-05,2015-09-18,1.427
2026-08-05,2026-08-05,2015-09-21,1.453
2026-08-05,2026-08-05,2015-09-22,1.505
2026-08-05,2026-08-05,2015-09-23,1.489
2026-08-05,2026-08-05,2015-09-24,1.515
2026-08-05,2026-08-05,2015-09-25,1.515
2026-08-05,2026-08-05,2015-09-28,1.484
2026-08-05,2026-08-05,2015-09-29,1.508
2026-08-05,2026-08-05,2015-09-30,1.524
2026-08-05,2026-08-05,2015-10-01,1.513
2026-08-05,2026-08-05,2015-10-02,1.507
2026-08-05,2026-08-05,2015-10-05,1.537
2026-08-05,2026-08-05,2015-10-06,1.603
2026-08-05,2026-08-05,2015-10-07,1.576
2026-08-05,2026-08-05,2015-10-08,1.641
2026-08-05,2026-08-05,2015-10-09,1.620
2026-08-05,2026-08-05,2015-10-12,1.552
2026-08-05,2026-08-05,2015-10-13,1.547
2026-08-05,2026-08-05,2015-10-14,1.551
2026-08-05,2026-08-05,2015-10-15,1.568
2026-08-05,2026-08-05,2015-10-16,1.568
2026-08-05,2026-08-05,2015-10-19,1.520
2026-08-05,2026-08-05,2015-10-20,1.548
2026-08-05,2026-08-05,2015-10-21,1.565
2026-08-05,2026-08-05,2015-10-22,1.587
2026-08-05,2026-08-05,2015-10-23,1.567
2026-08-05,2026-08-05,2015-10-26,1.516
2026-08-05,2026-08-05,2015-10-27,1.507
2026-08-05,2026-08-05,2015-10-28,1.557
2026-08-05,2026-08-05,2015-10-29,1.509
2026-08-05,2026-08-05,2015-10-30,1.516
2026-08-05,2026-08-05,2015-11-02,1.507
2026-08-05,2026-08-05,2015-11-03,1.565
2026-08-05,2026-08-05,2015-11-04,1.517
2026-08-05,2026-08-05,2015-11-05,1.497
2026-08-05,2026-08-05,2015-11-06,1.517
2026-08-05,2026-08-05,2015-11-09,1.489
2026-08-05,2026-08-05,2015-11-10,1.487
2026-08-05,2026-08-05,2015-11-11,1.492
2026-08-05,2026-08-05,2015-11-12,1.443
2026-08-05,2026-08-05,2015-11-13,1.452
2026-08-05,2026-08-05,2015-11-16,1.460
2026-08-05,2026-08-05,2015-11-17,1.432
2026-08-05,2026-08-05,2015-11-18,1.402
2026-08-05,2026-08-05,2015-11-19,1.368
2026-08-05,2026-08-05,2015-11-20,1.366
2026-08-05,2026-08-05,2015-11-23,1.329
2026-08-05,2026-08-05,2015-11-24,1.390
2026-08-05,2026-08-05,2015-11-25,1.398
2026-08-05,2026-08-05,2015-11-26,.
2026-08-05,2026-08-05,2015-11-27,1.353
2026-08-05,2026-08-05,2015-11-30,1.332
2026-08-05,2026-08-05,2015-12-01,1.344
2026-08-05,2026-08-05,2015-12-02,1.338
2026-08-05,2026-08-05,2015-12-03,1.408
2026-08-05,2026-08-05,2015-12-04,1.396
2026-08-05,2026-08-05,2015-12-07,1.325
2026-08-05,2026-08-05,2015-12-08,1.309
2026-08-05,2026-08-05,2015-12-09,1.286
2026-08-05,2026-08-05,2015-12-10,1.256
2026-08-05,2026-08-05,2015-12-11,1.175
2026-08-05,2026-08-05,2015-12-14,1.151
2026-08-05,2026-08-05,2015-12-15,1.173
2026-08-05,2026-08-05,2015-12-16,1.137
2026-08-05,2026-08-05,2015-12-17,1.122
2026-08-05,2026-08-05,2015-12-18,1.138
2026-08-05,2026-08-05,2015-12-21,1.121
2026-08-05,2026-08-05,2015-12-22,1.116
2026-08-05,2026-08-05,2015-12-23,1.154
2026-08-05,2026-08-05,2015-12-24,1.161
2026-08-05,2026-08-05,2015-12-25,.
2026-08-05,2026-08-05,2015-12-28,1.133
2026-08-05,2026-08-05,2015-12-29,1.202
2026-08-05,2026-08-05,2015-12-30,1.139
2026-08-05,2026-08-05,2015-12-31,1.146
2026-08-05,2026-08-05,2016-01-01,.
2026-08-05,2026-08-05,2016-01-04,1.149
2026-08-05,2026-08-05,2016-01-05,1.137
2026-08-05,2026-08-05,2016-01-06,1.117
2026-08-05,2026-08-05,2016-01-07,1.094
2026-08-05,2026-08-05,2016-01-08,1.071
2026-08-05,2026-08-05,2016-01-11,1.030
2026-08-05,2026-08-05,2016-01-12,1.032
2026-08-05,2026-08-05,2016-01-13,1.012
2026-08-05,2026-08-05,2016-01-14,1.022
2026-08-05,2026-08-05,2016-01-15,0.983
2026-08-05,2026-08-05,2016-01-18,.
2026-08-05,2026-08-05,2016-01-19,0.943
2026-08-05,2026-08-05,2016-01-20,0.902
2026-08-05,2026-08-05,2016-01-21,0.931
2026-08-05,2026-08-05,2016-01-22,1.035
2026-08-05,2026-08-05,2016-01-25,0.950
2026-08-05,2026-08-05,2016-01-26,1.003
2026-08-05,2026-08-05,2016-01-27,1.057
2026-08-05,2026-08-05,2016-01-28,1.075
2026-08-05,2026-08-05,2016-01-29,1.088
2026-08-05,2026-08-05,2016-02-01,1.044
2026-08-05,2026-08-05,2016-02-02,1.013
2026-08-05,2026-08-05,2016-02-03,1.089
2026-08-05,2026-08-05,2016-02-04,1.079
2026-08-05,2026-08-05,2016-02-05,1.062
2026-08-05,2026-08-05,2016-02-08,1.050
2026-08-05,2026-08-05,2016-02-09,0.991
2026-08-05,2026-08-05,2016-02-10,0.972
2026-08-05,2026-08-05,2016-02-11,0.992
2026-08-05,2026-08-05,2016-02-12,1.040
2026-08-05,2026-08-05,2016-02-15,.
2026-08-05,2026-08-05,2016-02-16,1.012
2026-08-05,2026-08-05,2016-02-17,1.055
2026-08-05,2026-08-05,2016-02-18,1.049
2026-08-05,2026-08-05,2016-02-19,0.997
2026-08-05,2026-08-05,2016-02-22,1.019
2026-08-05,2026-08-05,2016-02-23,0.992
2026-08-05,2026-08-05,2016-02-24,1.056
2026-08-05,2026-08-05,2016-02-25,1.043
2026-08-05,2026-08-05,2016-02-26,1.035
2026-08-05,2026-08-05,2016-02-29,1.056
2026-08-05,2026-08-05,2016-03-01,1.081
2026-08-05,2026-08-05,2016-03-02,1.091
2026-08-05,2026-08-05,2016-03-03,1.117
2026-08-05,2026-08-05,2016-03-04,1.155
2026-08-05,2026-08-05,2016-03-07,1.211
2026-08-05,2026-08-05,2016-03-08,1.187
2026-08-05,2026-08-05,2016-03-09,1.209
2026-08-05,2026-08-05,2016-03-10,1.200
2026-08-05,2026-08-05,2016-03-11,1.219
2026-08-05,2026-08-05,2016-03-14,1.191
2026-08-05,2026-08-05,2016-03-15,1.179
2026-08-05,2026-08-05,2016-03-16,1.215
2026-08-05,2026-08-05,2016-03-17,1.236
2026-08-05,2026-08-05,2016-03-18,1.228
2026-08-05,2026-08-05,2016-03-21,1.218
2026-08-05,2026-08-05,2016-03-22,1.225
2026-08-05,2026-08-05,2016-03-23,1.195
2026-08-05,2026-08-05,2016-03-24,1.200
2026-08-05,2026-08-05,2016-03-25,.
2026-08-05,2026-08-05,2016-03-28,1.213
2026-08-05,2026-08-05,2016-03-29,1.193
2026-08-05,2026-08-05,2016-03-30,1.195
2026-08-05,2026-08-05,2016-03-31,1.211
2026-08-05,2026-08-05,2016-04-01,1.165
2026-08-05,2026-08-05,2016-04-04,1.117
2026-08-05,2026-08-05,2016-04-05,1.101
2026-08-05,2026-08-05,2016-04-06,1.177
2026-08-05,2026-08-05,2016-04-07,1.168
2026-08-05,2026-08-05,2016-04-08,1.231
2026-08-05,2026-08-05,2016-04-11,1.270
2026-08-05,2026-08-05,2016-04-12,1.335
2026-08-05,2026-08-05,2016-04-13,1.306
2026-08-05,2026-08-05,2016-04-14,1.298
2026-08-05,2026-08-05,2016-04-15,1.287
2026-08-05,2026-08-05,2016-04-18,1.299
2026-08-05,2026-08-05,2016-04-19,1.269
2026-08-05,2026-08-05,2016-04-20,1.332
2026-08-05,2026-08-05,2016-04-21,1.315
2026-08-05,2026-08-05,2016-04-22,1.317
2026-08-05,2026-08-05,2016-04-25,1.416
2026-08-05,2026-08-05,2016-04-26,1.433
2026-08-05,2026-08-05,2016-04-27,1.460
2026-08-05,2026-08-05,2016-04-28,1.478
2026-08-05,2026-08-05,2016-04-29,1.447
2026-08-05,2026-08-05,2016-05-02,1.423
2026-08-05,2026-08-05,2016-05-03,1.398
2026-08-05,2026-08-05,2016-05-04,1.392
2026-08-05,2026-08-05,2016-05-05,1.373
2026-08-05,2026-08-05,2016-05-06,1.376
2026-08-05,2026-08-05,2016-05-09,1.263
2026-08-05,2026-08-05,2016-05-10,1.323
2026-08-05,2026-08-05,2016-05-11,1.400
2026-08-05,2026-08-05,2016-05-12,1.393
2026-08-05,2026-08-05,2016-05-13,1.400
2026-08-05,2026-08-05,2016-05-16,1.441
2026-08-05,2026-08-05,2016-05-17,1.477
2026-08-05,2026-08-05,2016-05-18,1.482
2026-08-05,2026-08-05,2016-05-19,1.490
2026-08-05,2026-08-05,2016-05-20,1.541
2026-08-05,2026-08-05,2016-05-23,1.528
2026-08-05,2026-08-05,2016-05-24,1.547
2026-08-05,2026-08-05,2016-05-25,1.568
2026-08-05,2026-08-05,2016-05-26,1.567
2026-08-05,2026-08-05,2016-05-27,1.556
2026-08-05,2026-08-05,2016-05-30,.
2026-08-05,2026-08-05,2016-05-31,1.579
2026-08-05,2026-08-05,2016-06-01,1.558
2026-08-05,2026-08-05,2016-06-02,1.563
2026-08-05,2026-08-05,2016-06-03,1.550
2026-08-05,2026-08-05,2016-06-06,1.590
2026-08-05,2026-08-05,2016-06-07,1.611
2026-08-05,2026-08-05,2016-06-08,1.641
2026-08-05,2026-08-05,2016-06-09,1.611
2026-08-05,2026-08-05,2016-06-10,1.524
2026-08-05,2026-08-05,2016-06-13,1.516
2026-08-05,2026-08-05,2016-06-14,1.504
2026-08-05,2026-08-05,2016-06-15,1.474
2026-08-05,2026-08-05,2016-06-16,1.429
2026-08-05,2026-08-05,2016-06-17,1.526
2026-08-05,2026-08-05,2016-06-20,1.560
2026-08-05,2026-08-05,2016-06-21,1.555
2026-08-05,2026-08-05,2016-06-22,1.539
2026-08-05,2026-08-05,2016-06-23,1.583
2026-08-05,2026-08-05,2016-06-24,1.526
2026-08-05,2026-08-05,2016-06-27,1.503
2026-08-05,2026-08-05,2016-06-28,1.536
2026-08-05,2026-08-05,2016-06-29,1.586
2026-08-05,2026-08-05,2016-06-30,1.539
2026-08-05,2026-08-05,2016-07-01,1.566
2026-08-05,2026-08-05,2016-07-04,.
2026-08-05,2026-08-05,2016-07-05,1.501
2026-08-05,2026-08-05,2016-07-06,1.496
2026-08-05,2026-08-05,2016-07-07,1.429
2026-08-05,2026-08-05,2016-07-08,1.430
2026-08-05,2026-08-05,2016-07-11,1.398
2026-08-05,2026-08-05,2016-07-12,1.418
2026-08-05,2026-08-05,2016-07-13,1.418
2026-08-05,2026-08-05,2016-07-14,1.368
2026-08-05,2026-08-05,2016-07-15,1.388
2026-08-05,2026-08-05,2016-07-18,1.370
2026-08-05,2026-08-05,2016-07-19,1.375
2026-08-05,2026-08-05,2016-07-20,1.397
2026-08-05,2026-08-05,2016-07-21,1.381
2026-08-05,2026-08-05,2016-07-22,1.371
2026-08-05,2026-08-05,2016-07-25,1.334
2026-08-05,2026-08-05,2016-07-26,1.340
2026-08-05,2026-08-05,2016-07-27,1.303
2026-08-05,2026-08-05,2016-07-28,1.282
2026-08-05,2026-08-05,2016-07-29,1.279
2026-08-05,2026-08-05,2016-08-01,1.238
2026-08-05,2026-08-05,2016-08-02,1.226
2026-08-05,2026-08-05,2016-08-03,1.261
2026-08-05,2026-08-05,2016-08-04,1.285
2026-08-05,2026-08-05,2016-08-05,1.286
2026-08-05,2026-08-05,2016-08-08,1.303
2026-08-05,2026-08-05,2016-08-09,1.295
2026-08-05,2026-08-05,2016-08-10,1.282
2026-08-05,2026-08-05,2016-08-11,1.342
2026-08-05,2026-08-05,2016-08-12,1.368
2026-08-05,2026-08-05,2016-08-15,1.406
2026-08-05,2026-08-05,2016-08-16,1.423
2026-08-05,2026-08-05,2016-08-17,1.461
2026-08-05,2026-08-05,2016-08-18,1.504
2026-08-05,2026-08-05,2016-08-19,1.512
2026-08-05,2026-08-05,2016-08-22,1.487
2026-08-05,2026-08-05,2016-08-23,1.512
2026-08-05,2026-08-05,2016-08-24,1.517
2026-08-05,2026-08-05,2016-08-25,1.523
2026-08-05,2026-08-05,2016-08-26,1.508
2026-08-05,2026-08-05,2016-08-29,1.498
2026-08-05,2026-08-05,2016-08-30,1.514
2026-08-05,2026-08-05,2016-08-31,1.457
2026-08-05,2026-08-05,2016-09-01,1.419
2026-08-05,2026-08-05,2016-09-02,1.403
2026-08-05,2026-08-05,2016-09-05,.
2026-08-05,2026-08-05,2016-09-06,1.423
2026-08-05,2026-08-05,2016-09-07,1.442
2026-08-05,2026-08-05,2016-09-08,1.495
2026-08-05,2026-08-05,2016-09-09,1.449
2026-08-05,2026-08-05,2016-09-12,1.457
2026-08-05,2026-08-05,2016-09-13,1.437
2026-08-05,2026-08-05,2016-09-14,1.397
2026-08-05,2026-08-05,2016-09-15,1.421
2026-08-05,2026-08-05,2016-09-16,1.421
2026-08-05,2026-08-05,2016-09-19,1.411
2026-08-05,2026-08-05,2016-09-20,1.413
2026-08-05,2026-08-05,2016-09-21,1.462
2026-08-05,2026-08-05,2016-09-22,1.487
2026-08-05,2026-08-05,2016-09-23,1.449
2026-08-05,2026-08-05,2016-09-26,1.488
2026-08-05,2026-08-05,2016-09-27,1.449
2026-08-05,2026-08-05,2016-09-28,1.524
2026-08-05,2026-08-05,2016-09-29,1.571
2026-08-05,2026-08-05,2016-09-30,1.588
2026-08-05,2026-08-05,2016-10-03,1.610
2026-08-05,2026-08-05,2016-10-04,1.612
2026-08-05,2026-08-05,2016-10-05,1.635
2026-08-05,2026-08-05,2016-10-06,1.680
2026-08-05,2026-08-05,2016-10-07,1.655
2026-08-05,2026-08-05,2016-10-10,1.655
2026-08-05,2026-08-05,2016-10-11,1.674
2026-08-05,2026-08-05,2016-10-12,1.645
2026-08-05,2026-08-05,2016-10-13,1.643
2026-08-05,2026-08-05,2016-10-14,1.580
2026-08-05,2026-08-05,2016-10-17,1.567
2026-08-05,2026-08-05,2016-10-18,1.584
2026-08-05,2026-08-05,2016-10-19,1.596
2026-08-05,2026-08-05,2016-10-20,1.573
2026-08-05,2026-08-05,2016-10-21,1.593
2026-08-05,2026-08-05,2016-10-24,1.603
2026-08-05,2026-08-05,2016-10-25,1.667
2026-08-05,2026-08-05,2016-10-26,1.664
2026-08-05,2026-08-05,2016-10-27,1.686
2026-08-05,2026-08-05,2016-10-28,1.691
2026-08-05,2026-08-05,2016-10-31,1.628
2026-08-05,2026-08-05,2016-11-01,1.645
2026-08-05,2026-08-05,2016-11-02,1.597
2026-08-05,2026-08-05,2016-11-03,1.551
2026-08-05,2026-08-05,2016-11-04,1.534
2026-08-05,2026-08-05,2016-11-07,1.545
2026-08-05,2026-08-05,2016-11-08,1.560
2026-08-05,2026-08-05,2016-11-09,1.571
2026-08-05,2026-08-05,2016-11-10,1.555
2026-08-05,2026-08-05,2016-11-11,1.523
2026-08-05,2026-08-05,2016-11-14,1.514
2026-08-05,2026-08-05,2016-11-15,1.572
2026-08-05,2026-08-05,2016-11-16,1.533
2026-08-05,2026-08-05,2016-11-17,1.508
2026-08-05,2026-08-05,2016-11-18,1.472
2026-08-05,2026-08-05,2016-11-21,1.545
2026-08-05,2026-08-05,2016-11-22,1.542
2026-08-05,2026-08-05,2016-11-23,1.532
2026-08-05,2026-08-05,2016-11-24,.
2026-08-05,2026-08-05,2016-11-25,1.532
2026-08-05,2026-08-05,2016-11-28,1.494
2026-08-05,2026-08-05,2016-11-29,1.449
2026-08-05,2026-08-05,2016-11-30,1.551
2026-08-05,2026-08-05,2016-12-01,1.631
2026-08-05,2026-08-05,2016-12-02,1.645
2026-08-05,2026-08-05,2016-12-05,1.635
2026-08-05,2026-08-05,2016-12-06,1.624
2026-08-05,2026-08-05,2016-12-07,1.566
2026-08-05,2026-08-05,2016-12-08,1.613
2026-08-05,2026-08-05,2016-12-09,1.584
2026-08-05,2026-08-05,2016-12-12,1.614
2026-08-05,2026-08-05,2016-12-13,1.603
2026-08-05,2026-08-05,2016-12-14,1.566
2026-08-05,2026-08-05,2016-12-15,1.643
2026-08-05,2026-08-05,2016-12-16,1.680
2026-08-05,2026-08-05,2016-12-19,1.667
2026-08-05,2026-08-05,2016-12-20,1.711
2026-08-05,2026-08-05,2016-12-21,1.648
2026-08-05,2026-08-05,2016-12-22,1.660
2026-08-05,2026-08-05,2016-12-23,1.682
2026-08-05,2026-08-05,2016-12-26,.
2026-08-05,2026-08-05,2016-12-27,1.719
2026-08-05,2026-08-05,2016-12-28,1.737
2026-08-05,2026-08-05,2016-12-29,1.741
2026-08-05,2026-08-05,2016-12-30,1.772
2026-08-05,2026-08-05,2017-01-02,.
2026-08-05,2026-08-05,2017-01-03,1.728
2026-08-05,2026-08-05,2017-01-04,1.726
2026-08-05,2026-08-05,2017-01-05,1.734
2026-08-05,2026-08-05,2017-01-06,1.727
2026-08-05,2026-08-05,2017-01-09,1.671
2026-08-05,2026-08-05,2017-01-10,1.665
2026-08-05,2026-08-05,2017-01-11,1.691
2026-08-05,2026-08-05,2017-01-12,1.694
2026-08-05,2026-08-05,2017-01-13,1.674
2026-08-05,2026-08-05,2017-01-16,.
2026-08-05,2026-08-05,2017-01-17,1.642
2026-08-05,2026-08-05,2017-01-18,1.617
2026-08-05,2026-08-05,2017-01-19,1.618
2026-08-05,2026-08-05,2017-01-20,1.648
2026-08-05,2026-08-05,2017-01-23,1.634
2026-08-05,2026-08-05,2017-01-24,1.642
2026-08-05,2026-08-05,2017-01-25,1.623
2026-08-05,2026-08-05,2017-01-26,1.664
2026-08-05,2026-08-05,2017-01-27,1.633
2026-08-05,2026-08-05,2017-01-30,1.636
2026-08-05,2026-08-05,2017-01-31,1.643
2026-08-05,2026-08-05,2017-02-01,1.678
2026-08-05,2026-08-05,2017-02-02,1.658
2026-08-05,2026-08-05,2017-02-03,1.705
2026-08-05,2026-08-05,2017-02-06,1.673
2026-08-05,2026-08-05,2017-02-07,1.658
2026-08-05,2026-08-05,2017-02-08,1.669
2026-08-05,2026-08-05,2017-02-09,1.682
2026-08-05,2026-08-05,2017-02-10,1.705
2026-08-05,2026-08-05,2017-02-13,1.651
2026-08-05,2026-08-05,2017-02-14,1.680
2026-08-05,2026-08-05,2017-02-15,1.655
2026-08-05,2026-08-05,2017-02-16,1.653
2026-08-05,2026-08-05,2017-02-17,1.657
2026-08-05,2026-08-05,2017-02-20,.
2026-08-05,2026-08-05,2017-02-21,1.664
2026-08-05,2026-08-05,2017-02-22,1.668
2026-08-05,2026-08-05,2017-02-23,1.684
2026-08-05,2026-08-05,2017-02-24,1.676
2026-08-05,2026-08-05,2017-02-27,1.680
2026-08-05,2026-08-05,2017-02-28,1.653
2026-08-05,2026-08-05,2017-03-01,1.643
2026-08-05,2026-08-05,2017-03-02,1.580
2026-08-05,2026-08-05,2017-03-03,1.596
2026-08-05,2026-08-05,2017-03-06,1.654
2026-08-05,2026-08-05,2017-03-07,1.617
2026-08-05,2026-08-05,2017-03-08,1.564
2026-08-05,2026-08-05,2017-03-09,1.572
2026-08-05,2026-08-05,2017-03-10,1.526
2026-08-05,2026-08-05,2017-03-13,1.513
2026-08-05,2026-08-05,2017-03-14,1.508
2026-08-05,2026-08-05,2017-03-15,1.525
2026-08-05,2026-08-05,2017-03-16,1.509
2026-08-05,2026-08-05,2017-03-17,1.509
2026-08-05,2026-08-05,2017-03-20,1.515
2026-08-05,2026-08-05,2017-03-21,1.519
2026-08-05,2026-08-05,2017-03-22,1.516
2026-08-05,2026-08-05,2017-03-23,1.529
2026-08-05,2026-08-05,2017-03-24,1.562
2026-08-05,2026-08-05,2017-03-27,1.557
2026-08-05,2026-08-05,2017-03-28,1.568
2026-08-05,2026-08-05,2017-03-29,1.610
2026-08-05,2026-08-05,2017-03-30,1.628
2026-08-05,2026-08-05,2017-03-31,1.631
2026-08-05,2026-08-05,2017-04-03,1.618
2026-08-05,2026-08-05,2017-04-04,1.645
2026-08-05,2026-08-05,2017-04-05,1.636
2026-08-05,2026-08-05,2017-04-06,1.653
2026-08-05,2026-08-05,2017-04-07,1.678
2026-08-05,2026-08-05,2017-04-10,1.688
2026-08-05,2026-08-05,2017-04-11,1.691
2026-08-05,2026-08-05,2017-04-12,1.693
2026-08-05,2026-08-05,2017-04-13,1.693
2026-08-05,2026-08-05,2017-04-14,.
2026-08-05,2026-08-05,2017-04-17,1.680
2026-08-05,2026-08-05,2017-04-18,1.668
2026-08-05,2026-08-05,2017-04-19,1.628
2026-08-05,2026-08-05,2017-04-20,1.624
2026-08-05,2026-08-05,2017-04-21,1.611
2026-08-05,2026-08-05,2017-04-24,1.591
2026-08-05,2026-08-05,2017-04-25,1.600
2026-08-05,2026-08-05,2017-04-26,1.575
2026-08-05,2026-08-05,2017-04-27,1.563
2026-08-05,2026-08-05,2017-04-28,1.555
2026-08-05,2026-08-05,2017-05-01,1.538
2026-08-05,2026-08-05,2017-05-02,1.501
2026-08-05,2026-08-05,2017-05-03,1.507
2026-08-05,2026-08-05,2017-05-04,1.449
2026-08-05,2026-08-05,2017-05-05,1.485
2026-08-05,2026-08-05,2017-05-08,1.489
2026-08-05,2026-08-05,2017-05-09,1.477
2026-08-05,2026-08-05,2017-05-10,1.503
2026-08-05,2026-08-05,2017-05-11,1.520
2026-08-05,2026-08-05,2017-05-12,1.521
2026-08-05,2026-08-05,2017-05-15,1.527
2026-08-05,2026-08-05,2017-05-16,1.526
2026-08-05,2026-08-05,2017-05-17,1.543
2026-08-05,2026-08-05,2017-05-18,1.553
2026-08-05,2026-08-05,2017-05-19,1.634
2026-08-05,2026-08-05,2017-05-22,1.650
2026-08-05,2026-08-05,2017-05-23,1.648
2026-08-05,2026-08-05,2017-05-24,1.641
2026-08-05,2026-08-05,2017-05-25,1.584
2026-08-05,2026-08-05,2017-05-26,1.589
2026-08-05,2026-08-05,2017-05-29,.
2026-08-05,2026-08-05,2017-05-30,1.570
2026-08-05,2026-08-05,2017-05-31,1.533
2026-08-05,2026-08-05,2017-06-01,1.502
2026-08-05,2026-08-05,2017-06-02,1.488
2026-08-05,2026-08-05,2017-06-05,1.478
2026-08-05,2026-08-05,2017-06-06,1.490
2026-08-05,2026-08-05,2017-06-07,1.445
2026-08-05,2026-08-05,2017-06-08,1.443
2026-08-05,2026-08-05,2017-06-09,1.454
2026-08-05,2026-08-05,2017-06-12,1.443
2026-08-05,2026-08-05,2017-06-13,1.471
2026-08-05,2026-08-05,2017-06-14,1.447
2026-08-05,2026-08-05,2017-06-15,1.443
2026-08-05,2026-08-05,2017-06-16,1.459
2026-08-05,2026-08-05,2017-06-19,1.443
2026-08-05,2026-08-05,2017-06-20,1.428
2026-08-05,2026-08-05,2017-06-21,1.393
2026-08-05,2026-08-05,2017-06-22,1.402
2026-08-05,2026-08-05,2017-06-23,1.436
2026-08-05,2026-08-05,2017-06-26,1.448
2026-08-05,2026-08-05,2017-06-27,1.481
2026-08-05,2026-08-05,2017-06-28,1.492
2026-08-05,2026-08-05,2017-06-29,1.500
2026-08-05,2026-08-05,2017-06-30,1.544
2026-08-05,2026-08-05,2017-07-03,.
2026-08-05,2026-08-05,2017-07-04,.
2026-08-05,2026-08-05,2017-07-05,1.519
2026-08-05,2026-08-05,2017-07-06,1.547
2026-08-05,2026-08-05,2017-07-07,1.506
2026-08-05,2026-08-05,2017-07-10,1.508
2026-08-05,2026-08-05,2017-07-11,1.518
2026-08-05,2026-08-05,2017-07-12,1.514
2026-08-05,2026-08-05,2017-07-13,1.532
2026-08-05,2026-08-05,2017-07-14,1.559
2026-08-05,2026-08-05,2017-07-17,1.540
2026-08-05,2026-08-05,2017-07-18,1.550
2026-08-05,2026-08-05,2017-07-19,1.592
2026-08-05,2026-08-05,2017-07-20,1.583
2026-08-05,2026-08-05,2017-07-21,1.554
2026-08-05,2026-08-05,2017-07-24,1.556
2026-08-05,2026-08-05,2017-07-25,1.619
2026-08-05,2026-08-05,2017-07-26,1.644
2026-08-05,2026-08-05,2017-07-27,1.658
2026-08-05,2026-08-05,2017-07-28,1.681
2026-08-05,2026-08-05,2017-07-31,1.708
2026-08-05,2026-08-05,2017-08-01,1.683
2026-08-05,2026-08-05,2017-08-02,1.682
2026-08-05,2026-08-05,2017-08-03,1.674
2026-08-05,2026-08-05,2017-08-04,1.681
2026-08-05,2026-08-05,2017-08-07,1.675
2026-08-05,2026-08-05,2017-08-08,1.662
2026-08-05,2026-08-05,2017-08-09,1.689
2026-08-05,2026-08-05,2017-08-10,1.668
2026-08-05,2026-08-05,2017-08-11,1.683
2026-08-05,2026-08-05,2017-08-14,1.654
2026-08-05,2026-08-05,2017-08-15,1.655
2026-08-05,2026-08-05,2017-08-16,1.628
2026-08-05,2026-08-05,2017-08-17,1.642
2026-08-05,2026-08-05,2017-08-18,1.684
2026-08-05,2026-08-05,2017-08-21,1.639
2026-08-05,2026-08-05,2017-08-22,1.641
2026-08-05,2026-08-05,2017-08-23,1.752
2026-08-05,2026-08-05,2017-08-24,1.738
2026-08-05,2026-08-05,2017-08-25,1.732
2026-08-05,2026-08-05,2017-08-28,1.752
2026-08-05,2026-08-05,2017-08-29,1.790
2026-08-05,2026-08-05,2017-08-30,1.772
2026-08-05,2026-08-05,2017-08-31,1.869
2026-08-05,2026-08-05,2017-09-01,1.857
2026-08-05,2026-08-05,2017-09-04,.
2026-08-05,2026-08-05,2017-09-05,1.878
2026-08-05,2026-08-05,2017-09-06,1.878
2026-08-05,2026-08-05,2017-09-07,1.905
2026-08-05,2026-08-05,2017-09-08,1.910
2026-08-05,2026-08-05,2017-09-11,1.882
2026-08-05,2026-08-05,2017-09-12,1.883
2026-08-05,2026-08-05,2017-09-13,1.925
2026-08-05,2026-08-05,2017-09-14,1.932
2026-08-05,2026-08-05,2017-09-15,1.955
2026-08-05,2026-08-05,2017-09-18,1.938
2026-08-05,2026-08-05,2017-09-19,1.888
2026-08-05,2026-08-05,2017-09-20,1.922
2026-08-05,2026-08-05,2017-09-21,1.917
2026-08-05,2026-08-05,2017-09-22,1.932
2026-08-05,2026-08-05,2017-09-25,1.974
2026-08-05,2026-08-05,2017-09-26,1.962
2026-08-05,2026-08-05,2017-09-27,1.957
2026-08-05,2026-08-05,2017-09-28,1.948
2026-08-05,2026-08-05,2017-09-29,1.921
2026-08-05,2026-08-05,2017-10-02,1.862
2026-08-05,2026-08-05,2017-10-03,1.832
2026-08-05,2026-08-05,2017-10-04,1.844
2026-08-05,2026-08-05,2017-10-05,1.849
2026-08-05,2026-08-05,2017-10-06,1.8
2026-08-05,2026-08-05,2017-10-09,1.788
2026-08-05,2026-08-05,2017-10-10,1.826
2026-08-05,2026-08-05,2017-10-11,1.837
2026-08-05,2026-08-05,2017-10-12,1.837
2026-08-05,2026-08-05,2017-10-13,1.867
2026-08-05,2026-08-05,2017-10-16,1.875
2026-08-05,2026-08-05,2017-10-17,1.873
2026-08-05,2026-08-05,2017-10-18,1.868
2026-08-05,2026-08-05,2017-10-19,1.828
2026-08-05,2026-08-05,2017-10-20,1.85
2026-08-05,2026-08-05,2017-10-23,1.832
2026-08-05,2026-08-05,2017-10-24,1.868
2026-08-05,2026-08-05,2017-10-25,1.889
2026-08-05,2026-08-05,2017-10-26,1.92
2026-08-05,2026-08-05,2017-10-27,1.943
2026-08-05,2026-08-05,2017-10-30,1.95
2026-08-05,2026-08-05,2017-10-31,1.943
2026-08-05,2026-08-05,2017-11-01,1.937
2026-08-05,2026-08-05,2017-11-02,1.959
2026-08-05,2026-08-05,2017-11-03,2.006
2026-08-05,2026-08-05,2017-11-06,2.091
2026-08-05,2026-08-05,2017-11-07,2.074
2026-08-05,2026-08-05,2017-11-08,2.06
2026-08-05,2026-08-05,2017-11-09,2.046
2026-08-05,2026-08-05,2017-11-10,2.043
2026-08-05,2026-08-05,2017-11-13,2.022
2026-08-05,2026-08-05,2017-11-14,1.983
2026-08-05,2026-08-05,2017-11-15,1.964
2026-08-05,2026-08-05,2017-11-16,1.935
2026-08-05,2026-08-05,2017-11-17,1.941
2026-08-05,2026-08-05,2017-11-20,1.941
2026-08-05,2026-08-05,2017-11-21,1.942
2026-08-05,2026-08-05,2017-11-22,1.934
2026-08-05,2026-08-05,2017-11-23,.
2026-08-05,2026-08-05,2017-11-24,1.961
2026-08-05,2026-08-05,2017-11-27,1.956
2026-08-05,2026-08-05,2017-11-28,1.94
2026-08-05,2026-08-05,2017-11-29,1.902
2026-08-05,2026-08-05,2017-11-30,1.874
2026-08-05,2026-08-05,2017-12-01,1.902
2026-08-05,2026-08-05,2017-12-04,1.822
2026-08-05,2026-08-05,2017-12-05,1.84
2026-08-05,2026-08-05,2017-12-06,1.784
2026-08-05,2026-08-05,2017-12-07,1.845
2026-08-05,2026-08-05,2017-12-08,1.879
2026-08-05,2026-08-05,2017-12-11,1.905
2026-08-05,2026-08-05,2017-12-12,1.902
2026-08-05,2026-08-05,2017-12-13,1.849
2026-08-05,2026-08-05,2017-12-14,1.851
2026-08-05,2026-08-05,2017-12-15,1.865
2026-08-05,2026-08-05,2017-12-18,1.878
2026-08-05,2026-08-05,2017-12-19,1.873
2026-08-05,2026-08-05,2017-12-20,1.914
2026-08-05,2026-08-05,2017-12-21,1.916
2026-08-05,2026-08-05,2017-12-22,1.943
2026-08-05,2026-08-05,2017-12-25,.
2026-08-05,2026-08-05,2017-12-26,2.03
2026-08-05,2026-08-05,2017-12-27,2.016
2026-08-05,2026-08-05,2017-12-28,2.036
2026-08-05,2026-08-05,2017-12-29,2.061
2026-08-05,2026-08-05,2018-01-01,.
2026-08-05,2026-08-05,2018-01-02,2.053
2026-08-05,2026-08-05,2018-01-03,2.083
2026-08-05,2026-08-05,2018-01-04,2.057
2026-08-05,2026-08-05,2018-01-05,2.031
2026-08-05,2026-08-05,2018-01-08,2.012
2026-08-05,2026-08-05,2018-01-09,2.029
2026-08-05,2026-08-05,2018-01-10,2.039
2026-08-05,2026-08-05,2018-01-11,2.018
2026-08-05,2026-08-05,2018-01-12,2.039
2026-08-05,2026-08-05,2018-01-15,.
2026-08-05,2026-08-05,2018-01-16,2.006
2026-08-05,2026-08-05,2018-01-17,2.024
2026-08-05,2026-08-05,2018-01-18,2.027
2026-08-05,2026-08-05,2018-01-19,2.057
2026-08-05,2026-08-05,2018-01-22,2.055
2026-08-05,2026-08-05,2018-01-23,2.092
2026-08-05,2026-08-05,2018-01-24,2.107
2026-08-05,2026-08-05,2018-01-25,2.103
2026-08-05,2026-08-05,2018-01-26,2.12
2026-08-05,2026-08-05,2018-01-29,2.09
2026-08-05,2026-08-05,2018-01-30,2.07
2026-08-05,2026-08-05,2018-01-31,2.074
2026-08-05,2026-08-05,2018-02-01,2.094
2026-08-05,2026-08-05,2018-02-02,2.074
2026-08-05,2026-08-05,2018-02-05,2.052
2026-08-05,2026-08-05,2018-02-06,2.018
2026-08-05,2026-08-05,2018-02-07,1.937
2026-08-05,2026-08-05,2018-02-08,1.926
2026-08-05,2026-08-05,2018-02-09,1.888
2026-08-05,2026-08-05,2018-02-12,1.872
2026-08-05,2026-08-05,2018-02-13,1.858
2026-08-05,2026-08-05,2018-02-14,1.907
2026-08-05,2026-08-05,2018-02-15,1.901
2026-08-05,2026-08-05,2018-02-16,1.922
2026-08-05,2026-08-05,2018-02-19,.
2026-08-05,2026-08-05,2018-02-20,1.953
2026-08-05,2026-08-05,2018-02-21,1.923
2026-08-05,2026-08-05,2018-02-22,1.991
2026-08-05,2026-08-05,2018-02-23,2.016
2026-08-05,2026-08-05,2018-02-26,2.037
2026-08-05,2026-08-05,2018-02-27,2.015
2026-08-05,2026-08-05,2018-02-28,1.947
2026-08-05,2026-08-05,2018-03-01,1.928
2026-08-05,2026-08-05,2018-03-02,1.924
2026-08-05,2026-08-05,2018-03-05,1.936
2026-08-05,2026-08-05,2018-03-06,1.942
2026-08-05,2026-08-05,2018-03-07,1.926
2026-08-05,2026-08-05,2018-03-08,1.919
2026-08-05,2026-08-05,2018-03-09,1.937
2026-08-05,2026-08-05,2018-03-12,1.913
2026-08-05,2026-08-05,2018-03-13,1.925
2026-08-05,2026-08-05,2018-03-14,1.937
2026-08-05,2026-08-05,2018-03-15,1.945
2026-08-05,2026-08-05,2018-03-16,1.961
2026-08-05,2026-08-05,2018-03-19,1.968
2026-08-05,2026-08-05,2018-03-20,2.01
2026-08-05,2026-08-05,2018-03-21,2.088
2026-08-05,2026-08-05,2018-03-22,2.063
2026-08-05,2026-08-05,2018-03-23,2.097
2026-08-05,2026-08-05,2018-03-26,2.09
2026-08-05,2026-08-05,2018-03-27,2.094
2026-08-05,2026-08-05,2018-03-28,2.098
2026-08-05,2026-08-05,2018-03-29,2.102
2026-08-05,2026-08-05,2018-03-30,.
2026-08-05,2026-08-05,2018-04-02,2.068
2026-08-05,2026-08-05,2018-04-03,2.083
2026-08-05,2026-08-05,2018-04-04,2.043
2026-08-05,2026-08-05,2018-04-05,2.054
2026-08-05,2026-08-05,2018-04-06,2.04
2026-08-05,2026-08-05,2018-04-09,2.089
2026-08-05,2026-08-05,2018-04-10,2.154
2026-08-05,2026-08-05,2018-04-11,2.172
2026-08-05,2026-08-05,2018-04-12,2.172
2026-08-05,2026-08-05,2018-04-13,2.204
2026-08-05,2026-08-05,2018-04-16,2.158
2026-08-05,2026-08-05,2018-04-17,2.146
2026-08-05,2026-08-05,2018-04-18,2.197
2026-08-05,2026-08-05,2018-04-19,2.195
2026-08-05,2026-08-05,2018-04-20,2.201
2026-08-05,2026-08-05,2018-04-23,2.199
2026-08-05,2026-08-05,2018-04-24,2.195
2026-08-05,2026-08-05,2018-04-25,2.196
2026-08-05,2026-08-05,2018-04-26,2.212
2026-08-05,2026-08-05,2018-04-27,2.214
2026-08-05,2026-08-05,2018-04-30,2.251
2026-08-05,2026-08-05,2018-05-01,2.193
2026-08-05,2026-08-05,2018-05-02,2.202
2026-08-05,2026-08-05,2018-05-03,2.208
2026-08-05,2026-08-05,2018-05-04,2.24
2026-08-05,2026-08-05,2018-05-07,2.266
2026-08-05,2026-08-05,2018-05-08,2.261
2026-08-05,2026-08-05,2018-05-09,2.317
2026-08-05,2026-08-05,2018-05-10,2.311
2026-08-05,2026-08-05,2018-05-11,2.311
2026-08-05,2026-08-05,2018-05-14,2.32
2026-08-05,2026-08-05,2018-05-15,2.311
2026-08-05,2026-08-05,2018-05-16,2.334
2026-08-05,2026-08-05,2018-05-17,2.349
2026-08-05,2026-08-05,2018-05-18,2.332
2026-08-05,2026-08-05,2018-05-21,2.337
2026-08-05,2026-08-05,2018-05-22,2.332
2026-08-05,2026-08-05,2018-05-23,2.342
2026-08-05,2026-08-05,2018-05-24,2.322
2026-08-05,2026-08-05,2018-05-25,2.258
2026-08-05,2026-08-05,2018-05-28,.
2026-08-05,2026-08-05,2018-05-29,2.25
2026-08-05,2026-08-05,2018-05-30,2.295
2026-08-05,2026-08-05,2018-05-31,2.277
2026-08-05,2026-08-05,2018-06-01,2.244
2026-08-05,2026-08-05,2018-06-04,2.212
2026-08-05,2026-08-05,2018-06-05,2.206
2026-08-05,2026-08-05,2018-06-06,2.187
2026-08-05,2026-08-05,2018-06-07,2.232
2026-08-05,2026-08-05,2018-06-08,2.204
2026-08-05,2026-08-05,2018-06-11,2.199
2026-08-05,2026-08-05,2018-06-12,2.198
2026-08-05,2026-08-05,2018-06-13,2.222
2026-08-05,2026-08-05,2018-06-14,2.199
2026-08-05,2026-08-05,2018-06-15,2.119
2026-08-05,2026-08-05,2018-06-18,2.17
2026-08-05,2026-08-05,2018-06-19,2.183
2026-08-05,2026-08-05,2018-06-20,2.129
2026-08-05,2026-08-05,2018-06-21,2.109
2026-08-05,2026-08-05,2018-06-22,2.15
2026-08-05,2026-08-05,2018-06-25,2.141
2026-08-05,2026-08-05,2018-06-26,2.156
2026-08-05,2026-08-05,2018-06-27,2.198
2026-08-05,2026-08-05,2018-06-28,2.2
2026-08-05,2026-08-05,2018-06-29,2.231
2026-08-05,2026-08-05,2018-07-02,2.177
2026-08-05,2026-08-05,2018-07-03,2.199
2026-08-05,2026-08-05,2018-07-04,.
2026-08-05,2026-08-05,2018-07-05,2.221
2026-08-05,2026-08-05,2018-07-06,2.2
2026-08-05,2026-08-05,2018-07-09,2.227
2026-08-05,2026-08-05,2018-07-10,2.25
2026-08-05,2026-08-05,2018-07-11,2.145
2026-08-05,2026-08-05,2018-07-12,2.15
2026-08-05,2026-08-05,2018-07-13,2.158
2026-08-05,2026-08-05,2018-07-16,2.095
2026-08-05,2026-08-05,2018-07-17,2.102
2026-08-05,2026-08-05,2018-07-18,2.128
2026-08-05,2026-08-05,2018-07-19,2.128
2026-08-05,2026-08-05,2018-07-20,2.143
2026-08-05,2026-08-05,2018-07-23,2.16
2026-08-05,2026-08-05,2018-07-24,2.178
2026-08-05,2026-08-05,2018-07-25,2.198
2026-08-05,2026-08-05,2018-07-26,2.208
2026-08-05,2026-08-05,2018-07-27,2.211
2026-08-05,2026-08-05,2018-07-30,2.223
2026-08-05,2026-08-05,2018-07-31,2.186
2026-08-05,2026-08-05,2018-08-01,2.151
2026-08-05,2026-08-05,2018-08-02,2.18
2026-08-05,2026-08-05,2018-08-03,2.182
2026-08-05,2026-08-05,2018-08-06,2.189
2026-08-05,2026-08-05,2018-08-07,2.2
2026-08-05,2026-08-05,2018-08-08,2.149
2026-08-05,2026-08-05,2018-08-09,2.172
2026-08-05,2026-08-05,2018-08-10,2.205
2026-08-05,2026-08-05,2018-08-13,2.187
2026-08-05,2026-08-05,2018-08-14,2.174
2026-08-05,2026-08-05,2018-08-15,2.137
2026-08-05,2026-08-05,2018-08-16,2.141
2026-08-05,2026-08-05,2018-08-17,2.146
2026-08-05,2026-08-05,2018-08-20,2.166
2026-08-05,2026-08-05,2018-08-21,2.177
2026-08-05,2026-08-05,2018-08-22,2.221
2026-08-05,2026-08-05,2018-08-23,2.227
2026-08-05,2026-08-05,2018-08-24,2.255
2026-08-05,2026-08-05,2018-08-27,2.273
2026-08-05,2026-08-05,2018-08-28,2.272
2026-08-05,2026-08-05,2018-08-29,2.305
2026-08-05,2026-08-05,2018-08-30,2.306
2026-08-05,2026-08-05,2018-08-31,2.291
2026-08-05,2026-08-05,2018-09-03,.
2026-08-05,2026-08-05,2018-09-04,2.294
2026-08-05,2026-08-05,2018-09-05,2.282
2026-08-05,2026-08-05,2018-09-06,2.256
2026-08-05,2026-08-05,2018-09-07,2.263
2026-08-05,2026-08-05,2018-09-10,2.264
2026-08-05,2026-08-05,2018-09-11,2.301
2026-08-05,2026-08-05,2018-09-12,2.301
2026-08-05,2026-08-05,2018-09-13,2.267
2026-08-05,2026-08-05,2018-09-14,2.24
2026-08-05,2026-08-05,2018-09-17,2.243
2026-08-05,2026-08-05,2018-09-18,2.272
2026-08-05,2026-08-05,2018-09-19,2.282
2026-08-05,2026-08-05,2018-09-20,2.269
2026-08-05,2026-08-05,2018-09-21,2.265
2026-08-05,2026-08-05,2018-09-24,2.33
2026-08-05,2026-08-05,2018-09-25,2.343
2026-08-05,2026-08-05,2018-09-26,2.348
2026-08-05,2026-08-05,2018-09-27,2.356
2026-08-05,2026-08-05,2018-09-28,2.387
2026-08-05,2026-08-05,2018-10-01,2.444
2026-08-05,2026-08-05,2018-10-02,2.442
2026-08-05,2026-08-05,2018-10-03,2.421
2026-08-05,2026-08-05,2018-10-04,2.434
2026-08-05,2026-08-05,2018-10-05,2.423
2026-08-05,2026-08-05,2018-10-08,2.427
2026-08-05,2026-08-05,2018-10-09,2.454
2026-08-05,2026-08-05,2018-10-10,2.42
2026-08-05,2026-08-05,2018-10-11,2.361
2026-08-05,2026-08-05,2018-10-12,2.365
2026-08-05,2026-08-05,2018-10-15,2.364
2026-08-05,2026-08-05,2018-10-16,2.375
2026-08-05,2026-08-05,2018-10-17,2.353
2026-08-05,2026-08-05,2018-10-18,2.337
2026-08-05,2026-08-05,2018-10-19,2.345
2026-08-05,2026-08-05,2018-10-22,2.363
2026-08-05,2026-08-05,2018-10-23,2.285
2026-08-05,2026-08-05,2018-10-24,2.279
2026-08-05,2026-08-05,2018-10-25,2.316
2026-08-05,2026-08-05,2018-10-26,2.357
2026-08-05,2026-08-05,2018-10-29,2.327
2026-08-05,2026-08-05,2018-10-30,2.31
2026-08-05,2026-08-05,2018-10-31,2.296
2026-08-05,2026-08-05,2018-11-01,2.244
2026-08-05,2026-08-05,2018-11-02,2.221
2026-08-05,2026-08-05,2018-11-05,2.239
2026-08-05,2026-08-05,2018-11-06,2.234
2026-08-05,2026-08-05,2018-11-07,2.284
2026-08-05,2026-08-05,2018-11-08,2.214
2026-08-05,2026-08-05,2018-11-09,2.202
2026-08-05,2026-08-05,2018-11-12,2.173
2026-08-05,2026-08-05,2018-11-13,2.075
2026-08-05,2026-08-05,2018-11-14,2.108
2026-08-05,2026-08-05,2018-11-15,2.088
2026-08-05,2026-08-05,2018-11-16,2.092
2026-08-05,2026-08-05,2018-11-19,2.084
2026-08-05,2026-08-05,2018-11-20,1.982
2026-08-05,2026-08-05,2018-11-21,1.95
2026-08-05,2026-08-05,2018-11-22,.
2026-08-05,2026-08-05,2018-11-23,.
2026-08-05,2026-08-05,2018-11-26,1.858
2026-08-05,2026-08-05,2018-11-27,1.855
2026-08-05,2026-08-05,2018-11-28,1.809
2026-08-05,2026-08-05,2018-11-29,1.809
2026-08-05,2026-08-05,2018-11-30,1.786
2026-08-05,2026-08-05,2018-12-03,1.852
2026-08-05,2026-08-05,2018-12-04,1.842
2026-08-05,2026-08-05,2018-12-05,1.841
2026-08-05,2026-08-05,2018-12-06,1.818
2026-08-05,2026-08-05,2018-12-07,1.834
2026-08-05,2026-08-05,2018-12-10,1.79
2026-08-05,2026-08-05,2018-12-11,1.804
2026-08-05,2026-08-05,2018-12-12,1.861
2026-08-05,2026-08-05,2018-12-13,1.898
2026-08-05,2026-08-05,2018-12-14,1.853
2026-08-05,2026-08-05,2018-12-17,1.846
2026-08-05,2026-08-05,2018-12-18,1.8
2026-08-05,2026-08-05,2018-12-19,1.822
2026-08-05,2026-08-05,2018-12-20,1.802
2026-08-05,2026-08-05,2018-12-21,1.741
2026-08-05,2026-08-05,2018-12-24,.
2026-08-05,2026-08-05,2018-12-25,.
2026-08-05,2026-08-05,2018-12-26,1.758
2026-08-05,2026-08-05,2018-12-27,1.698
2026-08-05,2026-08-05,2018-12-28,1.656
2026-08-05,2026-08-05,2018-12-31,.
2026-08-05,2026-08-05,2019-01-01,.
2026-08-05,2026-08-05,2019-01-02,1.712
2026-08-05,2026-08-05,2019-01-03,1.746
2026-08-05,2026-08-05,2019-01-04,1.786
2026-08-05,2026-08-05,2019-01-07,1.791
2026-08-05,2026-08-05,2019-01-08,1.83
2026-08-05,2026-08-05,2019-01-09,1.888
2026-08-05,2026-08-05,2019-01-10,1.887
2026-08-05,2026-08-05,2019-01-11,1.871
2026-08-05,2026-08-05,2019-01-14,1.811
2026-08-05,2026-08-05,2019-01-15,1.827
2026-08-05,2026-08-05,2019-01-16,1.829
2026-08-05,2026-08-05,2019-01-17,1.818
2026-08-05,2026-08-05,2019-01-18,1.863
2026-08-05,2026-08-05,2019-01-21,.
2026-08-05,2026-08-05,2019-01-22,1.856
2026-08-05,2026-08-05,2019-01-23,1.823
2026-08-05,2026-08-05,2019-01-24,1.821
2026-08-05,2026-08-05,2019-01-25,1.816
2026-08-05,2026-08-05,2019-01-28,1.754
2026-08-05,2026-08-05,2019-01-29,1.821
2026-08-05,2026-08-05,2019-01-30,1.828
2026-08-05,2026-08-05,2019-01-31,1.813
2026-08-05,2026-08-05,2019-02-01,1.845
2026-08-05,2026-08-05,2019-02-04,1.849
2026-08-05,2026-08-05,2019-02-05,1.838
2026-08-05,2026-08-05,2019-02-06,1.857
2026-08-05,2026-08-05,2019-02-07,1.846
2026-08-05,2026-08-05,2019-02-08,1.871
2026-08-05,2026-08-05,2019-02-11,1.846
2026-08-05,2026-08-05,2019-02-12,1.858
2026-08-05,2026-08-05,2019-02-13,1.89
2026-08-05,2026-08-05,2019-02-14,1.925
2026-08-05,2026-08-05,2019-02-15,1.969
2026-08-05,2026-08-05,2019-02-18,.
2026-08-05,2026-08-05,2019-02-19,1.983
2026-08-05,2026-08-05,2019-02-20,1.994
2026-08-05,2026-08-05,2019-02-21,2.11
2026-08-05,2026-08-05,2019-02-22,2.107
2026-08-05,2026-08-05,2019-02-25,1.95
2026-08-05,2026-08-05,2019-02-26,1.978
2026-08-05,2026-08-05,2019-02-27,1.998
2026-08-05,2026-08-05,2019-02-28,2.017
2026-08-05,2026-08-05,2019-03-01,1.997
2026-08-05,2026-08-05,2019-03-04,2.007
2026-08-05,2026-08-05,2019-03-05,2.013
2026-08-05,2026-08-05,2019-03-06,2.011
2026-08-05,2026-08-05,2019-03-07,2.016
2026-08-05,2026-08-05,2019-03-08,2.007
2026-08-05,2026-08-05,2019-03-11,2.022
2026-08-05,2026-08-05,2019-03-12,1.978
2026-08-05,2026-08-05,2019-03-13,2.003
2026-08-05,2026-08-05,2019-03-14,1.976
2026-08-05,2026-08-05,2019-03-15,1.968
2026-08-05,2026-08-05,2019-03-18,1.971
2026-08-05,2026-08-05,2019-03-19,1.995
2026-08-05,2026-08-05,2019-03-20,2.026
2026-08-05,2026-08-05,2019-03-21,2.039
2026-08-05,2026-08-05,2019-03-22,2.017
2026-08-05,2026-08-05,2019-03-25,2.036
2026-08-05,2026-08-05,2019-03-26,2.055
2026-08-05,2026-08-05,2019-03-27,2.095
2026-08-05,2026-08-05,2019-03-28,2.062
2026-08-05,2026-08-05,2019-03-29,2.061
2026-08-05,2026-08-05,2019-04-01,2.092
2026-08-05,2026-08-05,2019-04-02,2.11
2026-08-05,2026-08-05,2019-04-03,2.126
2026-08-05,2026-08-05,2019-04-04,2.127
2026-08-05,2026-08-05,2019-04-05,2.159
2026-08-05,2026-08-05,2019-04-08,2.172
2026-08-05,2026-08-05,2019-04-09,2.184
2026-08-05,2026-08-05,2019-04-10,2.211
2026-08-05,2026-08-05,2019-04-11,2.254
2026-08-05,2026-08-05,2019-04-12,2.254
2026-08-05,2026-08-05,2019-04-15,2.249
2026-08-05,2026-08-05,2019-04-16,2.269
2026-08-05,2026-08-05,2019-04-17,2.191
2026-08-05,2026-08-05,2019-04-18,2.198
2026-08-05,2026-08-05,2019-04-19,.
2026-08-05,2026-08-05,2019-04-22,2.231
2026-08-05,2026-08-05,2019-04-23,2.229
2026-08-05,2026-08-05,2019-04-24,2.208
2026-08-05,2026-08-05,2019-04-25,2.209
2026-08-05,2026-08-05,2019-04-26,2.208
2026-08-05,2026-08-05,2019-04-29,2.267
2026-08-05,2026-08-05,2019-04-30,2.285
2026-08-05,2026-08-05,2019-05-01,2.301
2026-08-05,2026-08-05,2019-05-02,2.319
2026-08-05,2026-08-05,2019-05-03,2.312
2026-08-05,2026-08-05,2019-05-06,2.322
2026-08-05,2026-08-05,2019-05-07,2.393
2026-08-05,2026-08-05,2019-05-08,2.438
2026-08-05,2026-08-05,2019-05-09,2.367
2026-08-05,2026-08-05,2019-05-10,2.261
2026-08-05,2026-08-05,2019-05-13,2.235
2026-08-05,2026-08-05,2019-05-14,2.397
2026-08-05,2026-08-05,2019-05-15,2.43
2026-08-05,2026-08-05,2019-05-16,2.52
2026-08-05,2026-08-05,2019-05-17,2.446
2026-08-05,2026-08-05,2019-05-20,2.431
2026-08-05,2026-08-05,2019-05-21,2.402
2026-08-05,2026-08-05,2019-05-22,2.244
2026-08-05,2026-08-05,2019-05-23,2.167
2026-08-05,2026-08-05,2019-05-24,2.16
2026-08-05,2026-08-05,2019-05-27,.
2026-08-05,2026-08-05,2019-05-28,2.166
2026-08-05,2026-08-05,2019-05-29,2.145
2026-08-05,2026-08-05,2019-05-30,2.047
2026-08-05,2026-08-05,2019-05-31,1.917
2026-08-05,2026-08-05,2019-06-03,1.881
2026-08-05,2026-08-05,2019-06-04,1.905
2026-08-05,2026-08-05,2019-06-05,1.856
2026-08-05,2026-08-05,2019-06-06,1.888
2026-08-05,2026-08-05,2019-06-07,1.906
2026-08-05,2026-08-05,2019-06-10,1.891
2026-08-05,2026-08-05,2019-06-11,1.903
2026-08-05,2026-08-05,2019-06-12,1.856
2026-08-05,2026-08-05,2019-06-13,1.801
2026-08-05,2026-08-05,2019-06-14,1.823
2026-08-05,2026-08-05,2019-06-17,1.765
2026-08-05,2026-08-05,2019-06-18,1.799
2026-08-05,2026-08-05,2019-06-19,1.825
2026-08-05,2026-08-05,2019-06-20,1.882
2026-08-05,2026-08-05,2019-06-21,1.958
2026-08-05,2026-08-05,2019-06-24,1.945
2026-08-05,2026-08-05,2019-06-25,1.977
2026-08-05,2026-08-05,2019-06-26,2.021
2026-08-05,2026-08-05,2019-06-27,2.02
2026-08-05,2026-08-05,2019-06-28,1.993
2026-08-05,2026-08-05,2019-07-01,2.01
2026-08-05,2026-08-05,2019-07-02,1.952
2026-08-05,2026-08-05,2019-07-03,1.965
2026-08-05,2026-08-05,2019-07-04,.
2026-08-05,2026-08-05,2019-07-05,.
2026-08-05,2026-08-05,2019-07-08,1.95
2026-08-05,2026-08-05,2019-07-09,1.98
2026-08-05,2026-08-05,2019-07-10,2.046
2026-08-05,2026-08-05,2019-07-11,2.013
2026-08-05,2026-08-05,2019-07-12,2.021
2026-08-05,2026-08-05,2019-07-15,1.984
2026-08-05,2026-08-05,2019-07-16,1.95
2026-08-05,2026-08-05,2019-07-17,1.903
2026-08-05,2026-08-05,2019-07-18,1.897
2026-08-05,2026-08-05,2019-07-19,1.879
2026-08-05,2026-08-05,2019-07-22,1.907
2026-08-05,2026-08-05,2019-07-23,1.928
2026-08-05,2026-08-05,2019-07-24,1.917
2026-08-05,2026-08-05,2019-07-25,1.915
2026-08-05,2026-08-05,2019-07-26,1.914
2026-08-05,2026-08-05,2019-07-29,1.923
2026-08-05,2026-08-05,2019-07-30,1.96
2026-08-05,2026-08-05,2019-07-31,1.951
2026-08-05,2026-08-05,2019-08-01,1.862
2026-08-05,2026-08-05,2019-08-02,1.869
2026-08-05,2026-08-05,2019-08-05,1.844
2026-08-05,2026-08-05,2019-08-06,1.822
2026-08-05,2026-08-05,2019-08-07,1.773
2026-08-05,2026-08-05,2019-08-08,1.792
2026-08-05,2026-08-05,2019-08-09,1.805
2026-08-05,2026-08-05,2019-08-12,1.806
2026-08-05,2026-08-05,2019-08-13,1.896
2026-08-05,2026-08-05,2019-08-14,1.86
2026-08-05,2026-08-05,2019-08-15,1.831
2026-08-05,2026-08-05,2019-08-16,1.834
2026-08-05,2026-08-05,2019-08-19,1.902
2026-08-05,2026-08-05,2019-08-20,1.921
2026-08-05,2026-08-05,2019-08-21,1.917
2026-08-05,2026-08-05,2019-08-22,1.909
2026-08-05,2026-08-05,2019-08-23,1.91
2026-08-05,2026-08-05,2019-08-26,1.897
2026-08-05,2026-08-05,2019-08-27,1.889
2026-08-05,2026-08-05,2019-08-28,1.959
2026-08-05,2026-08-05,2019-08-29,1.935
2026-08-05,2026-08-05,2019-08-30,1.896
2026-08-05,2026-08-05,2019-09-02,.
2026-08-05,2026-08-05,2019-09-03,1.869
2026-08-05,2026-08-05,2019-09-04,1.944
2026-08-05,2026-08-05,2019-09-05,1.968
2026-08-05,2026-08-05,2019-09-06,1.985
2026-08-05,2026-08-05,2019-09-09,2.017
2026-08-05,2026-08-05,2019-09-10,2.021
2026-08-05,2026-08-05,2019-09-11,1.993
2026-08-05,2026-08-05,2019-09-12,1.971
2026-08-05,2026-08-05,2019-09-13,1.963
2026-08-05,2026-08-05,2019-09-16,2.137
2026-08-05,2026-08-05,2019-09-17,2.045
2026-08-05,2026-08-05,2019-09-18,2.033
2026-08-05,2026-08-05,2019-09-19,2.069
2026-08-05,2026-08-05,2019-09-20,2.06
2026-08-05,2026-08-05,2019-09-23,2.034
2026-08-05,2026-08-05,2019-09-24,1.999
2026-08-05,2026-08-05,2019-09-25,1.994
2026-08-05,2026-08-05,2019-09-26,1.995
2026-08-05,2026-08-05,2019-09-27,1.985
2026-08-05,2026-08-05,2019-09-30,1.964
2026-08-05,2026-08-05,2019-10-01,1.968
2026-08-05,2026-08-05,2019-10-02,1.968
2026-08-05,2026-08-05,2019-10-03,1.977
2026-08-05,2026-08-05,2019-10-04,1.992
2026-08-05,2026-08-05,2019-10-07,2.026
2026-08-05,2026-08-05,2019-10-08,1.999
2026-08-05,2026-08-05,2019-10-09,2.064
2026-08-05,2026-08-05,2019-10-10,2.078
2026-08-05,2026-08-05,2019-10-11,2.091
2026-08-05,2026-08-05,2019-10-14,2.06
2026-08-05,2026-08-05,2019-10-15,2.059
2026-08-05,2026-08-05,2019-10-16,2.083
2026-08-05,2026-08-05,2019-10-17,2.151
2026-08-05,2026-08-05,2019-10-18,2.042
2026-08-05,2026-08-05,2019-10-21,2.099
2026-08-05,2026-08-05,2019-10-22,2.099
2026-08-05,2026-08-05,2019-10-23,2.122
2026-08-05,2026-08-05,2019-10-24,2.122
2026-08-05,2026-08-05,2019-10-25,2.134
2026-08-05,2026-08-05,2019-10-28,2.117
2026-08-05,2026-08-05,2019-10-29,2.109
2026-08-05,2026-08-05,2019-10-30,2.066
2026-08-05,2026-08-05,2019-10-31,2.072
2026-08-05,2026-08-05,2019-11-01,2.198
2026-08-05,2026-08-05,2019-11-04,2.152
2026-08-05,2026-08-05,2019-11-05,2.233
2026-08-05,2026-08-05,2019-11-06,2.206
2026-08-05,2026-08-05,2019-11-07,2.168
2026-08-05,2026-08-05,2019-11-08,2.147
2026-08-05,2026-08-05,2019-11-11,.
2026-08-05,2026-08-05,2019-11-12,2.111
2026-08-05,2026-08-05,2019-11-13,2.219
2026-08-05,2026-08-05,2019-11-14,2.221
2026-08-05,2026-08-05,2019-11-15,2.08
2026-08-05,2026-08-05,2019-11-18,2.003
2026-08-05,2026-08-05,2019-11-19,1.962
2026-08-05,2026-08-05,2019-11-20,2.01
2026-08-05,2026-08-05,2019-11-21,2.052
2026-08-05,2026-08-05,2019-11-22,2.136
2026-08-05,2026-08-05,2019-11-25,2.143
2026-08-05,2026-08-05,2019-11-26,2.056
2026-08-05,2026-08-05,2019-11-27,2.021
2026-08-05,2026-08-05,2019-11-28,.
2026-08-05,2026-08-05,2019-11-29,.
2026-08-05,2026-08-05,2019-12-02,1.961
2026-08-05,2026-08-05,2019-12-03,1.909
2026-08-05,2026-08-05,2019-12-04,1.894
2026-08-05,2026-08-05,2019-12-05,1.903
2026-08-05,2026-08-05,2019-12-06,1.924
2026-08-05,2026-08-05,2019-12-09,1.842
2026-08-05,2026-08-05,2019-12-10,1.875
2026-08-05,2026-08-05,2019-12-11,1.842
2026-08-05,2026-08-05,2019-12-12,1.864
2026-08-05,2026-08-05,2019-12-13,1.89
2026-08-05,2026-08-05,2019-12-16,1.925
2026-08-05,2026-08-05,2019-12-17,1.973
2026-08-05,2026-08-05,2019-12-18,1.963
2026-08-05,2026-08-05,2019-12-19,2.004
2026-08-05,2026-08-05,2019-12-20,2.004
2026-08-05,2026-08-05,2019-12-23,2.006
2026-08-05,2026-08-05,2019-12-24,2.039
2026-08-05,2026-08-05,2019-12-25,.
2026-08-05,2026-08-05,2019-12-26,2.053
2026-08-05,2026-08-05,2019-12-27,2.081
2026-08-05,2026-08-05,2019-12-30,2.094
2026-08-05,2026-08-05,2019-12-31,2.097
2026-08-05,2026-08-05,2020-01-01,.
2026-08-05,2026-08-05,2020-01-02,2.097
2026-08-05,2026-08-05,2020-01-03,2.114
2026-08-05,2026-08-05,2020-01-06,2.089
2026-08-05,2026-08-05,2020-01-07,2.094
2026-08-05,2026-08-05,2020-01-08,1.997
2026-08-05,2026-08-05,2020-01-09,1.999
2026-08-05,2026-08-05,2020-01-10,1.981
2026-08-05,2026-08-05,2020-01-13,1.929
2026-08-05,2026-08-05,2020-01-14,1.935
2026-08-05,2026-08-05,2020-01-15,1.919
2026-08-05,2026-08-05,2020-01-16,1.901
2026-08-05,2026-08-05,2020-01-17,1.88
2026-08-05,2026-08-05,2020-01-20,.
2026-08-05,2026-08-05,2020-01-21,1.869
2026-08-05,2026-08-05,2020-01-22,1.839
2026-08-05,2026-08-05,2020-01-23,1.852
2026-08-05,2026-08-05,2020-01-24,1.797
2026-08-05,2026-08-05,2020-01-27,1.735
2026-08-05,2026-08-05,2020-01-28,1.783
2026-08-05,2026-08-05,2020-01-29,1.773
2026-08-05,2026-08-05,2020-01-30,1.739
2026-08-05,2026-08-05,2020-01-31,1.699
2026-08-05,2026-08-05,2020-02-03,1.645
2026-08-05,2026-08-05,2020-02-04,1.664
2026-08-05,2026-08-05,2020-02-05,1.725
2026-08-05,2026-08-05,2020-02-06,1.74
2026-08-05,2026-08-05,2020-02-07,1.724
2026-08-05,2026-08-05,2020-02-10,1.694
2026-08-05,2026-08-05,2020-02-11,1.71
2026-08-05,2026-08-05,2020-02-12,1.795
2026-08-05,2026-08-05,2020-02-13,1.803
2026-08-05,2026-08-05,2020-02-14,1.819
2026-08-05,2026-08-05,2020-02-17,.
2026-08-05,2026-08-05,2020-02-18,1.804
2026-08-05,2026-08-05,2020-02-19,1.832
2026-08-05,2026-08-05,2020-02-20,1.852
2026-08-05,2026-08-05,2020-02-21,1.885
2026-08-05,2026-08-05,2020-02-24,1.82
2026-08-05,2026-08-05,2020-02-25,1.716
2026-08-05,2026-08-05,2020-02-26,1.695
2026-08-05,2026-08-05,2020-02-27,1.667
2026-08-05,2026-08-05,2020-02-28,1.686
2026-08-05,2026-08-05,2020-03-02,1.756
2026-08-05,2026-08-05,2020-03-03,1.745
2026-08-05,2026-08-05,2020-03-04,1.748
2026-08-05,2026-08-05,2020-03-05,1.694
2026-08-05,2026-08-05,2020-03-06,1.512
2026-08-05,2026-08-05,2020-03-09,1.259
2026-08-05,2026-08-05,2020-03-10,1.349
2026-08-05,2026-08-05,2020-03-11,1.314
2026-08-05,2026-08-05,2020-03-12,1.24
2026-08-05,2026-08-05,2020-03-13,1.272
2026-08-05,2026-08-05,2020-03-16,1.154
2026-08-05,2026-08-05,2020-03-17,1.155
2026-08-05,2026-08-05,2020-03-18,1.059
2026-08-05,2026-08-05,2020-03-19,1.112
2026-08-05,2026-08-05,2020-03-20,1.086
2026-08-05,2026-08-05,2020-03-23,1.033
2026-08-05,2026-08-05,2020-03-24,1.122
2026-08-05,2026-08-05,2020-03-25,1.112
2026-08-05,2026-08-05,2020-03-26,1.085
2026-08-05,2026-08-05,2020-03-27,1.074
2026-08-05,2026-08-05,2020-03-30,1.033
2026-08-05,2026-08-05,2020-03-31,1.055
2026-08-05,2026-08-05,2020-04-01,1.007
2026-08-05,2026-08-05,2020-04-02,1.058
2026-08-05,2026-08-05,2020-04-03,1.166
2026-08-05,2026-08-05,2020-04-06,1.112
2026-08-05,2026-08-05,2020-04-07,1.039
2026-08-05,2026-08-05,2020-04-08,1.004
2026-08-05,2026-08-05,2020-04-09,0.958
2026-08-05,2026-08-05,2020-04-10,.
2026-08-05,2026-08-05,2020-04-13,0.964
2026-08-05,2026-08-05,2020-04-14,0.809
2026-08-05,2026-08-05,2020-04-15,0.773
2026-08-05,2026-08-05,2020-04-16,0.78
2026-08-05,2026-08-05,2020-04-17,0.794
2026-08-05,2026-08-05,2020-04-20,0.728
2026-08-05,2026-08-05,2020-04-21,0.642
2026-08-05,2026-08-05,2020-04-22,0.655
2026-08-05,2026-08-05,2020-04-23,0.609
2026-08-05,2026-08-05,2020-04-24,0.566
2026-08-05,2026-08-05,2020-04-27,0.58
2026-08-05,2026-08-05,2020-04-28,0.613
2026-08-05,2026-08-05,2020-04-29,0.683
2026-08-05,2026-08-05,2020-04-30,0.742
2026-08-05,2026-08-05,2020-05-01,0.675
2026-08-05,2026-08-05,2020-05-04,0.748
2026-08-05,2026-08-05,2020-05-05,0.809
2026-08-05,2026-08-05,2020-05-06,0.739
2026-08-05,2026-08-05,2020-05-07,0.763
2026-08-05,2026-08-05,2020-05-08,0.839
2026-08-05,2026-08-05,2020-05-11,0.855
2026-08-05,2026-08-05,2020-05-12,0.804
2026-08-05,2026-08-05,2020-05-13,0.817
2026-08-05,2026-08-05,2020-05-14,0.883
2026-08-05,2026-08-05,2020-05-15,0.915
2026-08-05,2026-08-05,2020-05-18,1.012
2026-08-05,2026-08-05,2020-05-19,1.021
2026-08-05,2026-08-05,2020-05-20,1.049
2026-08-05,2026-08-05,2020-05-21,1.048
2026-08-05,2026-08-05,2020-05-22,1.034
2026-08-05,2026-08-05,2020-05-25,.
2026-08-05,2026-08-05,2020-05-26,1.07
2026-08-05,2026-08-05,2020-05-27,1.043
2026-08-05,2026-08-05,2020-05-28,1.02
2026-08-05,2026-08-05,2020-05-29,1.078
2026-08-05,2026-08-05,2020-06-01,1.079
2026-08-05,2026-08-05,2020-06-02,1.133
2026-08-05,2026-08-05,2020-06-03,1.105
2026-08-05,2026-08-05,2020-06-04,1.119
2026-08-05,2026-08-05,2020-06-05,1.184
2026-08-05,2026-08-05,2020-06-08,1.161
2026-08-05,2026-08-05,2020-06-09,1.192
2026-08-05,2026-08-05,2020-06-10,1.205
2026-08-05,2026-08-05,2020-06-11,1.126
2026-08-05,2026-08-05,2020-06-12,1.159
2026-08-05,2026-08-05,2020-06-15,1.186
2026-08-05,2026-08-05,2020-06-16,1.217
2026-08-05,2026-08-05,2020-06-17,1.222
2026-08-05,2026-08-05,2020-06-18,1.241
2026-08-05,2026-08-05,2020-06-19,1.245
2026-08-05,2026-08-05,2020-06-22,1.262
2026-08-05,2026-08-05,2020-06-23,1.233
2026-08-05,2026-08-05,2020-06-24,1.187
2026-08-05,2026-08-05,2020-06-25,1.193
2026-08-05,2026-08-05,2020-06-26,1.16
2026-08-05,2026-08-05,2020-06-29,1.191
2026-08-05,2026-08-05,2020-06-30,1.202
2026-08-05,2026-08-05,2020-07-01,1.217
2026-08-05,2026-08-05,2020-07-02,1.238
2026-08-05,2026-08-05,2020-07-03,.
2026-08-05,2026-08-05,2020-07-06,1.264
2026-08-05,2026-08-05,2020-07-07,1.258
2026-08-05,2026-08-05,2020-07-08,1.277
2026-08-05,2026-08-05,2020-07-09,1.254
2026-08-05,2026-08-05,2020-07-10,1.271
2026-08-05,2026-08-05,2020-07-13,1.246
2026-08-05,2026-08-05,2020-07-14,1.245
2026-08-05,2026-08-05,2020-07-15,1.268
2026-08-05,2026-08-05,2020-07-16,1.243
2026-08-05,2026-08-05,2020-07-17,1.243
2026-08-05,2026-08-05,2020-07-20,1.257
2026-08-05,2026-08-05,2020-07-21,1.299
2026-08-05,2026-08-05,2020-07-22,1.284
2026-08-05,2026-08-05,2020-07-23,1.281
2026-08-05,2026-08-05,2020-07-24,1.282
2026-08-05,2026-08-05,2020-07-27,1.286
2026-08-05,2026-08-05,2020-07-28,1.268
2026-08-05,2026-08-05,2020-07-29,1.285
2026-08-05,2026-08-05,2020-07-30,1.246
2026-08-05,2026-08-05,2020-07-31,1.249
2026-08-05,2026-08-05,2020-08-03,1.273
2026-08-05,2026-08-05,2020-08-04,1.299
2026-08-05,2026-08-05,2020-08-05,1.309
2026-08-05,2026-08-05,2020-08-06,1.294
2026-08-05,2026-08-05,2020-08-07,1.294
2026-08-05,2026-08-05,2020-08-10,1.308
2026-08-05,2026-08-05,2020-08-11,1.282
2026-08-05,2026-08-05,2020-08-12,1.299
2026-08-05,2026-08-05,2020-08-13,1.287
2026-08-05,2026-08-05,2020-08-14,1.287
2026-08-05,2026-08-05,2020-08-17,1.291
2026-08-05,2026-08-05,2020-08-18,1.295
2026-08-05,2026-08-05,2020-08-19,1.289
2026-08-05,2026-08-05,2020-08-20,1.289
2026-08-05,2026-08-05,2020-08-21,1.248
2026-08-05,2026-08-05,2020-08-24,1.286
2026-08-05,2026-08-05,2020-08-25,1.316
2026-08-05,2026-08-05,2020-08-26,1.3
2026-08-05,2026-08-05,2020-08-27,1.28
2026-08-05,2026-08-05,2020-08-28,1.307
2026-08-05,2026-08-05,2020-08-31,1.289
2026-08-05,2026-08-05,2020-09-01,1.284
2026-08-05,2026-08-05,2020-09-02,1.239
2026-08-05,2026-08-05,2020-09-03,1.214
2026-08-05,2026-08-05,2020-09-04,1.196
2026-08-05,2026-08-05,2020-09-07,.
2026-08-05,2026-08-05,2020-09-08,1.11
2026-08-05,2026-08-05,2020-09-09,1.133
2026-08-05,2026-08-05,2020-09-10,1.097
2026-08-05,2026-08-05,2020-09-11,1.112
2026-08-05,2026-08-05,2020-09-14,1.12
2026-08-05,2026-08-05,2020-09-15,1.129
2026-08-05,2026-08-05,2020-09-16,1.142
2026-08-05,2026-08-05,2020-09-17,1.193
2026-08-05,2026-08-05,2020-09-18,1.181
2026-08-05,2026-08-05,2020-09-21,1.138
2026-08-05,2026-08-05,2020-09-22,1.139
2026-08-05,2026-08-05,2020-09-23,1.149
2026-08-05,2026-08-05,2020-09-24,1.163
2026-08-05,2026-08-05,2020-09-25,1.172
2026-08-05,2026-08-05,2020-09-28,1.187
2026-08-05,2026-08-05,2020-09-29,1.155
2026-08-05,2026-08-05,2020-09-30,1.196
2026-08-05,2026-08-05,2020-10-01,1.173
2026-08-05,2026-08-05,2020-10-02,1.138
2026-08-05,2026-08-05,2020-10-05,1.193
2026-08-05,2026-08-05,2020-10-06,1.232
2026-08-05,2026-08-05,2020-10-07,1.218
2026-08-05,2026-08-05,2020-10-08,1.247
2026-08-05,2026-08-05,2020-10-09,1.245
2026-08-05,2026-08-05,2020-10-12,1.212
2026-08-05,2026-08-05,2020-10-13,1.204
2026-08-05,2026-08-05,2020-10-14,1.222
2026-08-05,2026-08-05,2020-10-15,1.228
2026-08-05,2026-08-05,2020-10-16,1.216
2026-08-05,2026-08-05,2020-10-19,1.187
2026-08-05,2026-08-05,2020-10-20,1.21
2026-08-05,2026-08-05,2020-10-21,1.178
2026-08-05,2026-08-05,2020-10-22,1.199
2026-08-05,2026-08-05,2020-10-23,1.207
2026-08-05,2026-08-05,2020-10-26,1.219
2026-08-05,2026-08-05,2020-10-27,1.289
2026-08-05,2026-08-05,2020-10-28,1.232
2026-08-05,2026-08-05,2020-10-29,1.178
2026-08-05,2026-08-05,2020-10-30,1.219
2026-08-05,2026-08-05,2020-11-02,1.253
2026-08-05,2026-08-05,2020-11-03,1.292
2026-08-05,2026-08-05,2020-11-04,1.352
2026-08-05,2026-08-05,2020-11-05,1.349
2026-08-05,2026-08-05,2020-11-06,1.333
2026-08-05,2026-08-05,2020-11-09,1.375
2026-08-05,2026-08-05,2020-11-10,1.417
2026-08-05,2026-08-05,2020-11-11,1.398
2026-08-05,2026-08-05,2020-11-12,1.379
2026-08-05,2026-08-05,2020-11-13,1.346
2026-08-05,2026-08-05,2020-11-16,1.316
2026-08-05,2026-08-05,2020-11-17,1.301
2026-08-05,2026-08-05,2020-11-18,1.339
2026-08-05,2026-08-05,2020-11-19,1.343
2026-08-05,2026-08-05,2020-11-20,1.375
2026-08-05,2026-08-05,2020-11-23,1.396
2026-08-05,2026-08-05,2020-11-24,1.456
2026-08-05,2026-08-05,2020-11-25,1.499
2026-08-05,2026-08-05,2020-11-26,.
2026-08-05,2026-08-05,2020-11-27,.
2026-08-05,2026-08-05,2020-11-30,1.469
2026-08-05,2026-08-05,2020-12-01,1.486
2026-08-05,2026-08-05,2020-12-02,1.506
2026-08-05,2026-08-05,2020-12-03,1.53
2026-08-05,2026-08-05,2020-12-04,1.534
2026-08-05,2026-08-05,2020-12-07,1.534
2026-08-05,2026-08-05,2020-12-08,1.542
2026-08-05,2026-08-05,2020-12-09,1.536
2026-08-05,2026-08-05,2020-12-10,1.563
2026-08-05,2026-08-05,2020-12-11,1.561
2026-08-05,2026-08-05,2020-12-14,1.586
2026-08-05,2026-08-05,2020-12-15,1.556
2026-08-05,2026-08-05,2020-12-16,1.573
2026-08-05,2026-08-05,2020-12-17,1.561
2026-08-05,2026-08-05,2020-12-18,1.556
2026-08-05,2026-08-05,2020-12-21,1.518
2026-08-05,2026-08-05,2020-12-22,1.515
2026-08-05,2026-08-05,2020-12-23,1.576
2026-08-05,2026-08-05,2020-12-24,1.572
2026-08-05,2026-08-05,2020-12-25,.
2026-08-05,2026-08-05,2020-12-28,1.551
2026-08-05,2026-08-05,2020-12-29,1.523
2026-08-05,2026-08-05,2020-12-30,1.532
2026-08-05,2026-08-05,2020-12-31,1.515
2026-08-05,2026-08-05,2021-01-01,.
2026-08-05,2026-08-05,2021-01-04,1.484
2026-08-05,2026-08-05,2021-01-05,1.546
2026-08-05,2026-08-05,2021-01-06,1.526
2026-08-05,2026-08-05,2021-01-07,1.525
2026-08-05,2026-08-05,2021-01-08,1.569
2026-08-05,2026-08-05,2021-01-11,1.572
2026-08-05,2026-08-05,2021-01-12,1.588
2026-08-05,2026-08-05,2021-01-13,1.587
2026-08-05,2026-08-05,2021-01-14,1.606
2026-08-05,2026-08-05,2021-01-15,1.583
2026-08-05,2026-08-05,2021-01-18,.
2026-08-05,2026-08-05,2021-01-19,1.593
2026-08-05,2026-08-05,2021-01-20,1.585
2026-08-05,2026-08-05,2021-01-21,1.614
2026-08-05,2026-08-05,2021-01-22,1.591
2026-08-05,2026-08-05,2021-01-25,1.599
2026-08-05,2026-08-05,2021-01-26,1.622
2026-08-05,2026-08-05,2021-01-27,1.625
2026-08-05,2026-08-05,2021-01-28,1.619
2026-08-05,2026-08-05,2021-01-29,1.617
2026-08-05,2026-08-05,2021-02-01,1.672
2026-08-05,2026-08-05,2021-02-02,1.704
2026-08-05,2026-08-05,2021-02-03,1.717
2026-08-05,2026-08-05,2021-02-04,1.731
2026-08-05,2026-08-05,2021-02-05,1.75
2026-08-05,2026-08-05,2021-02-08,1.787
2026-08-05,2026-08-05,2021-02-09,1.786
2026-08-05,2026-08-05,2021-02-10,1.782
2026-08-05,2026-08-05,2021-02-11,1.769
2026-08-05,2026-08-05,2021-02-12,1.799
2026-08-05,2026-08-05,2021-02-15,.
2026-08-05,2026-08-05,2021-02-16,1.86
2026-08-05,2026-08-05,2021-02-17,1.886
2026-08-05,2026-08-05,2021-02-18,1.865
2026-08-05,2026-08-05,2021-02-19,1.905
2026-08-05,2026-08-05,2021-02-22,1.948
2026-08-05,2026-08-05,2021-02-23,1.961
2026-08-05,2026-08-05,2021-02-24,1.992
2026-08-05,2026-08-05,2021-02-25,1.996
2026-08-05,2026-08-05,2021-02-26,1.95
2026-08-05,2026-08-05,2021-03-01,1.92
2026-08-05,2026-08-05,2021-03-02,1.903
2026-08-05,2026-08-05,2021-03-03,1.945
2026-08-05,2026-08-05,2021-03-04,1.994
2026-08-05,2026-08-05,2021-03-05,2.044
2026-08-05,2026-08-05,2021-03-08,1.975
2026-08-05,2026-08-05,2021-03-09,1.97
2026-08-05,2026-08-05,2021-03-10,1.99
2026-08-05,2026-08-05,2021-03-11,2.032
2026-08-05,2026-08-05,2021-03-12,2.068
2026-08-05,2026-08-05,2021-03-15,2.045
2026-08-05,2026-08-05,2021-03-16,2.013
2026-08-05,2026-08-05,2021-03-17,1.984
2026-08-05,2026-08-05,2021-03-18,1.874
2026-08-05,2026-08-05,2021-03-19,1.929
2026-08-05,2026-08-05,2021-03-22,1.924
2026-08-05,2026-08-05,2021-03-23,1.831
2026-08-05,2026-08-05,2021-03-24,1.912
2026-08-05,2026-08-05,2021-03-25,1.835
2026-08-05,2026-08-05,2021-03-26,1.854
2026-08-05,2026-08-05,2021-03-29,1.86
2026-08-05,2026-08-05,2021-03-30,1.826
2026-08-05,2026-08-05,2021-03-31,1.808
2026-08-05,2026-08-05,2021-04-01,1.861
2026-08-05,2026-08-05,2021-04-02,.
2026-08-05,2026-08-05,2021-04-05,1.817
2026-08-05,2026-08-05,2021-04-06,1.831
2026-08-05,2026-08-05,2021-04-07,1.829
2026-08-05,2026-08-05,2021-04-08,1.837
2026-08-05,2026-08-05,2021-04-09,1.837
2026-08-05,2026-08-05,2021-04-12,1.849
2026-08-05,2026-08-05,2021-04-13,1.865
2026-08-05,2026-08-05,2021-04-14,1.928
2026-08-05,2026-08-05,2021-04-15,1.952
2026-08-05,2026-08-05,2021-04-16,1.949
2026-08-05,2026-08-05,2021-04-19,1.951
2026-08-05,2026-08-05,2021-04-20,1.924
2026-08-05,2026-08-05,2021-04-21,1.884
2026-08-05,2026-08-05,2021-04-22,1.891
2026-08-05,2026-08-05,2021-04-23,1.897
2026-08-05,2026-08-05,2021-04-26,1.9
2026-08-05,2026-08-05,2021-04-27,1.938
2026-08-05,2026-08-05,2021-04-28,1.959
2026-08-05,2026-08-05,2021-04-29,1.989
2026-08-05,2026-08-05,2021-04-30,1.949
2026-08-05,2026-08-05,2021-05-03,1.982
2026-08-05,2026-08-05,2021-05-04,2.032
2026-08-05,2026-08-05,2021-05-05,2.03
2026-08-05,2026-08-05,2021-05-06,2.029
2026-08-05,2026-08-05,2021-05-07,2.047
2026-08-05,2026-08-05,2021-05-10,2.052
2026-08-05,2026-08-05,2021-05-11,2.078
2026-08-05,2026-08-05,2021-05-12,2.095
2026-08-05,2026-08-05,2021-05-13,1.996
2026-08-05,2026-08-05,2021-05-14,2.035
2026-08-05,2026-08-05,2021-05-17,2.057
2026-08-05,2026-08-05,2021-05-18,2.052
2026-08-05,2026-08-05,2021-05-19,2.003
2026-08-05,2026-08-05,2021-05-20,1.947
2026-08-05,2026-08-05,2021-05-21,1.958
2026-08-05,2026-08-05,2021-05-24,2.008
2026-08-05,2026-08-05,2021-05-25,1.987
2026-08-05,2026-08-05,2021-05-26,2.006
2026-08-05,2026-08-05,2021-05-27,2.016
2026-08-05,2026-08-05,2021-05-28,1.999
2026-08-05,2026-08-05,2021-05-31,.
2026-08-05,2026-08-05,2021-06-01,2.03
2026-08-05,2026-08-05,2021-06-02,2.059
2026-08-05,2026-08-05,2021-06-03,2.063
2026-08-05,2026-08-05,2021-06-04,2.063
2026-08-05,2026-08-05,2021-06-07,2.064
2026-08-05,2026-08-05,2021-06-08,2.089
2026-08-05,2026-08-05,2021-06-09,2.074
2026-08-05,2026-08-05,2021-06-10,2.087
2026-08-05,2026-08-05,2021-06-11,2.052
2026-08-05,2026-08-05,2021-06-14,2.057
2026-08-05,2026-08-05,2021-06-15,2.052
2026-08-05,2026-08-05,2021-06-16,2.031
2026-08-05,2026-08-05,2021-06-17,2.056
2026-08-05,2026-08-05,2021-06-18,2.078
2026-08-05,2026-08-05,2021-06-21,2.114
2026-08-05,2026-08-05,2021-06-22,2.146
2026-08-05,2026-08-05,2021-06-23,2.118
2026-08-05,2026-08-05,2021-06-24,2.118
2026-08-05,2026-08-05,2021-06-25,2.097
2026-08-05,2026-08-05,2021-06-28,2.086
2026-08-05,2026-08-05,2021-06-29,2.081
2026-08-05,2026-08-05,2021-06-30,2.08
2026-08-05,2026-08-05,2021-07-01,2.101
2026-08-05,2026-08-05,2021-07-02,2.134
2026-08-05,2026-08-05,2021-07-05,.
2026-08-05,2026-08-05,2021-07-06,2.08
2026-08-05,2026-08-05,2021-07-07,2.047
2026-08-05,2026-08-05,2021-07-08,2.088
2026-08-05,2026-08-05,2021-07-09,2.112
2026-08-05,2026-08-05,2021-07-12,2.113
2026-08-05,2026-08-05,2021-07-13,2.144
2026-08-05,2026-08-05,2021-07-14,2.099
2026-08-05,2026-08-05,2021-07-15,2.077
2026-08-05,2026-08-05,2021-07-16,2.075
2026-08-05,2026-08-05,2021-07-19,1.997
2026-08-05,2026-08-05,2021-07-20,2.026
2026-08-05,2026-08-05,2021-07-21,2.121
2026-08-05,2026-08-05,2021-07-22,2.159
2026-08-05,2026-08-05,2021-07-23,2.17
2026-08-05,2026-08-05,2021-07-26,2.193
2026-08-05,2026-08-05,2021-07-27,2.176
2026-08-05,2026-08-05,2021-07-28,2.201
2026-08-05,2026-08-05,2021-07-29,2.24
2026-08-05,2026-08-05,2021-07-30,2.251
2026-08-05,2026-08-05,2021-08-02,2.202
2026-08-05,2026-08-05,2021-08-03,2.191
2026-08-05,2026-08-05,2021-08-04,2.136
2026-08-05,2026-08-05,2021-08-05,2.158
2026-08-05,2026-08-05,2021-08-06,2.134
2026-08-05,2026-08-05,2021-08-09,2.101
2026-08-05,2026-08-05,2021-08-10,2.221
2026-08-05,2026-08-05,2021-08-11,2.245
2026-08-05,2026-08-05,2021-08-12,2.201
2026-08-05,2026-08-05,2021-08-13,2.156
2026-08-05,2026-08-05,2021-08-16,2.143
2026-08-05,2026-08-05,2021-08-17,2.114
2026-08-05,2026-08-05,2021-08-18,2.077
2026-08-05,2026-08-05,2021-08-19,2.049
2026-08-05,2026-08-05,2021-08-20,1.977
2026-08-05,2026-08-05,2021-08-23,2.088
2026-08-05,2026-08-05,2021-08-24,2.167
2026-08-05,2026-08-05,2021-08-25,2.232
2026-08-05,2026-08-05,2021-08-26,2.194
2026-08-05,2026-08-05,2021-08-27,2.159
2026-08-05,2026-08-05,2021-08-30,2.21
2026-08-05,2026-08-05,2021-08-31,2.253
2026-08-05,2026-08-05,2021-09-01,2.24
2026-08-05,2026-08-05,2021-09-02,2.249
2026-08-05,2026-08-05,2021-09-03,2.247
2026-08-05,2026-08-05,2021-09-06,.
2026-08-05,2026-08-05,2021-09-07,2.212
2026-08-05,2026-08-05,2021-09-08,2.234
2026-08-05,2026-08-05,2021-09-09,2.211
2026-08-05,2026-08-05,2021-09-10,2.185
2026-08-05,2026-08-05,2021-09-13,2.205
2026-08-05,2026-08-05,2021-09-14,2.197
2026-08-05,2026-08-05,2021-09-15,2.23
2026-08-05,2026-08-05,2021-09-16,2.237
2026-08-05,2026-08-05,2021-09-17,2.241
2026-08-05,2026-08-05,2021-09-20,2.198
2026-08-05,2026-08-05,2021-09-21,2.215
2026-08-05,2026-08-05,2021-09-22,2.242
2026-08-05,2026-08-05,2021-09-23,2.298
2026-08-05,2026-08-05,2021-09-24,2.317
2026-08-05,2026-08-05,2021-09-27,2.342
2026-08-05,2026-08-05,2021-09-28,2.303
2026-08-05,2026-08-05,2021-09-29,2.333
2026-08-05,2026-08-05,2021-09-30,2.333
2026-08-05,2026-08-05,2021-10-01,2.338
2026-08-05,2026-08-05,2021-10-04,2.401
2026-08-05,2026-08-05,2021-10-05,2.478
2026-08-05,2026-08-05,2021-10-06,2.418
2026-08-05,2026-08-05,2021-10-07,2.462
2026-08-05,2026-08-05,2021-10-08,2.466
2026-08-05,2026-08-05,2021-10-11,2.491
2026-08-05,2026-08-05,2021-10-12,2.502
2026-08-05,2026-08-05,2021-10-13,2.477
2026-08-05,2026-08-05,2021-10-14,2.523
2026-08-05,2026-08-05,2021-10-15,2.543
2026-08-05,2026-08-05,2021-10-18,2.53
2026-08-05,2026-08-05,2021-10-19,2.561
2026-08-05,2026-08-05,2021-10-20,2.592
2026-08-05,2026-08-05,2021-10-21,2.561
2026-08-05,2026-08-05,2021-10-22,2.559
2026-08-05,2026-08-05,2021-10-25,2.573
2026-08-05,2026-08-05,2021-10-26,2.598
2026-08-05,2026-08-05,2021-10-27,2.535
2026-08-05,2026-08-05,2021-10-28,2.57
2026-08-05,2026-08-05,2021-10-29,2.573
2026-08-05,2026-08-05,2021-11-01,2.599
2026-08-05,2026-08-05,2021-11-02,2.595
2026-08-05,2026-08-05,2021-11-03,2.511
2026-08-05,2026-08-05,2021-11-04,2.495
2026-08-05,2026-08-05,2021-11-05,2.535
2026-08-05,2026-08-05,2021-11-08,2.563
2026-08-05,2026-08-05,2021-11-09,2.597
2026-08-05,2026-08-05,2021-11-10,2.51
2026-08-05,2026-08-05,2021-11-11,2.5
2026-08-05,2026-08-05,2021-11-12,2.454
2026-08-05,2026-08-05,2021-11-15,2.453
2026-08-05,2026-08-05,2021-11-16,2.479
2026-08-05,2026-08-05,2021-11-17,2.417
2026-08-05,2026-08-05,2021-11-18,2.472
2026-08-05,2026-08-05,2021-11-19,2.43
2026-08-05,2026-08-05,2021-11-22,2.501
2026-08-05,2026-08-05,2021-11-23,2.641
2026-08-05,2026-08-05,2021-11-24,2.622
2026-08-05,2026-08-05,2021-11-25,.
2026-08-05,2026-08-05,2021-11-26,.
2026-08-05,2026-08-05,2021-11-29,2.411
2026-08-05,2026-08-05,2021-11-30,2.398
2026-08-05,2026-08-05,2021-12-01,2.27
2026-08-05,2026-08-05,2021-12-02,2.198
2026-08-05,2026-08-05,2021-12-03,2.183
2026-08-05,2026-08-05,2021-12-06,2.2
2026-08-05,2026-08-05,2021-12-07,2.253
2026-08-05,2026-08-05,2021-12-08,2.247
2026-08-05,2026-08-05,2021-12-09,2.21
2026-08-05,2026-08-05,2021-12-10,2.233
2026-08-05,2026-08-05,2021-12-13,2.21
2026-08-05,2026-08-05,2021-12-14,2.199
2026-08-05,2026-08-05,2021-12-15,2.236
2026-08-05,2026-08-05,2021-12-16,2.259
2026-08-05,2026-08-05,2021-12-17,2.23
2026-08-05,2026-08-05,2021-12-20,2.202
2026-08-05,2026-08-05,2021-12-21,2.299
2026-08-05,2026-08-05,2021-12-22,2.347
2026-08-05,2026-08-05,2021-12-23,2.392
2026-08-05,2026-08-05,2021-12-24,.
2026-08-05,2026-08-05,2021-12-27,2.415
2026-08-05,2026-08-05,2021-12-28,2.428
2026-08-05,2026-08-05,2021-12-29,2.477
2026-08-05,2026-08-05,2021-12-30,2.48
2026-08-05,2026-08-05,2021-12-31,2.428
2026-08-05,2026-08-05,2022-01-03,2.457
2026-08-05,2026-08-05,2022-01-04,2.517
2026-08-05,2026-08-05,2022-01-05,2.533
2026-08-05,2026-08-05,2022-01-06,2.58
2026-08-05,2026-08-05,2022-01-07,2.616
2026-08-05,2026-08-05,2022-01-10,2.561
2026-08-05,2026-08-05,2022-01-11,2.639
2026-08-05,2026-08-05,2022-01-12,2.667
2026-08-05,2026-08-05,2022-01-13,2.671
2026-08-05,2026-08-05,2022-01-14,2.693
2026-08-05,2026-08-05,2022-01-17,.
2026-08-05,2026-08-05,2022-01-18,2.753
2026-08-05,2026-08-05,2022-01-19,2.735
2026-08-05,2026-08-05,2022-01-20,2.694
2026-08-05,2026-08-05,2022-01-21,2.708
2026-08-05,2026-08-05,2022-01-24,2.684
2026-08-05,2026-08-05,2022-01-25,2.718
2026-08-05,2026-08-05,2022-01-26,2.78
2026-08-05,2026-08-05,2022-01-27,2.852
2026-08-05,2026-08-05,2022-01-28,2.805
2026-08-05,2026-08-05,2022-01-31,2.809
2026-08-05,2026-08-05,2022-02-01,2.843
2026-08-05,2026-08-05,2022-02-02,2.86
2026-08-05,2026-08-05,2022-02-03,2.924
2026-08-05,2026-08-05,2022-02-04,2.948
2026-08-05,2026-08-05,2022-02-07,2.889
2026-08-05,2026-08-05,2022-02-08,2.817
2026-08-05,2026-08-05,2022-02-09,2.852
2026-08-05,2026-08-05,2022-02-10,2.832
2026-08-05,2026-08-05,2022-02-11,2.925
2026-08-05,2026-08-05,2022-02-14,2.947
2026-08-05,2026-08-05,2022-02-15,2.845
2026-08-05,2026-08-05,2022-02-16,2.73
2026-08-05,2026-08-05,2022-02-17,2.761
2026-08-05,2026-08-05,2022-02-18,2.771
2026-08-05,2026-08-05,2022-02-21,.
2026-08-05,2026-08-05,2022-02-22,2.78
2026-08-05,2026-08-05,2022-02-23,2.81
2026-08-05,2026-08-05,2022-02-24,2.87
2026-08-05,2026-08-05,2022-02-25,2.829
2026-08-05,2026-08-05,2022-02-28,2.94
2026-08-05,2026-08-05,2022-03-01,3.227
2026-08-05,2026-08-05,2022-03-02,3.578
2026-08-05,2026-08-05,2022-03-03,3.502
2026-08-05,2026-08-05,2022-03-04,3.758
2026-08-05,2026-08-05,2022-03-07,3.957
2026-08-05,2026-08-05,2022-03-08,4.438
2026-08-05,2026-08-05,2022-03-09,3.543
2026-08-05,2026-08-05,2022-03-10,3.247
2026-08-05,2026-08-05,2022-03-11,3.428
2026-08-05,2026-08-05,2022-03-14,3.272
2026-08-05,2026-08-05,2022-03-15,3.026
2026-08-05,2026-08-05,2022-03-16,3.164
2026-08-05,2026-08-05,2022-03-17,3.55
2026-08-05,2026-08-05,2022-03-18,3.679
2026-08-05,2026-08-05,2022-03-21,3.699
2026-08-05,2026-08-05,2022-03-22,3.706
2026-08-05,2026-08-05,2022-03-23,4.047
2026-08-05,2026-08-05,2022-03-24,4.049
2026-08-05,2026-08-05,2022-03-25,3.965
2026-08-05,2026-08-05,2022-03-28,3.682
2026-08-05,2026-08-05,2022-03-29,3.739
2026-08-05,2026-08-05,2022-03-30,3.753
2026-08-05,2026-08-05,2022-03-31,3.51
2026-08-05,2026-08-05,2022-04-01,3.653
2026-08-05,2026-08-05,2022-04-04,3.766
2026-08-05,2026-08-05,2022-04-05,3.669
2026-08-05,2026-08-05,2022-04-06,3.576
2026-08-05,2026-08-05,2022-04-07,3.512
2026-08-05,2026-08-05,2022-04-08,3.551
2026-08-05,2026-08-05,2022-04-11,3.503
2026-08-05,2026-08-05,2022-04-12,3.697
2026-08-05,2026-08-05,2022-04-13,3.959
2026-08-05,2026-08-05,2022-04-14,4.083
2026-08-05,2026-08-05,2022-04-15,.
2026-08-05,2026-08-05,2022-04-18,4.103
2026-08-05,2026-08-05,2022-04-19,3.979
2026-08-05,2026-08-05,2022-04-20,4.083
2026-08-05,2026-08-05,2022-04-21,4.175
2026-08-05,2026-08-05,2022-04-22,4.156
2026-08-05,2026-08-05,2022-04-25,3.874
2026-08-05,2026-08-05,2022-04-26,3.983
2026-08-05,2026-08-05,2022-04-27,4.093
2026-08-05,2026-08-05,2022-04-28,4.166
2026-08-05,2026-08-05,2022-04-29,4.159
2026-08-05,2026-08-05,2022-05-02,4.396
2026-08-05,2026-08-05,2022-05-03,4.218
2026-08-05,2026-08-05,2022-05-04,4.204
2026-08-05,2026-08-05,2022-05-05,4.058
2026-08-05,2026-08-05,2022-05-06,4.0
2026-08-05,2026-08-05,2022-05-09,3.818
2026-08-05,2026-08-05,2022-05-10,3.958
2026-08-05,2026-08-05,2022-05-11,3.949
2026-08-05,2026-08-05,2022-05-12,3.937
2026-08-05,2026-08-05,2022-05-13,4.109
2026-08-05,2026-08-05,2022-05-16,4.072
2026-08-05,2026-08-05,2022-05-17,3.96
2026-08-05,2026-08-05,2022-05-18,3.812
2026-08-05,2026-08-05,2022-05-19,3.934
2026-08-05,2026-08-05,2022-05-20,3.944
2026-08-05,2026-08-05,2022-05-23,3.974
2026-08-05,2026-08-05,2022-05-24,3.973
2026-08-05,2026-08-05,2022-05-25,3.998
2026-08-05,2026-08-05,2022-05-26,4.123
2026-08-05,2026-08-05,2022-05-27,4.257
2026-08-05,2026-08-05,2022-05-30,.
2026-08-05,2026-08-05,2022-05-31,4.353
2026-08-05,2026-08-05,2022-06-01,4.553
2026-08-05,2026-08-05,2022-06-02,4.62
2026-08-05,2026-08-05,2022-06-03,4.682
2026-08-05,2026-08-05,2022-06-06,4.719
2026-08-05,2026-08-05,2022-06-07,4.501
2026-08-05,2026-08-05,2022-06-08,4.47
2026-08-05,2026-08-05,2022-06-09,4.588
2026-08-05,2026-08-05,2022-06-10,4.535
2026-08-05,2026-08-05,2022-06-13,4.277
2026-08-05,2026-08-05,2022-06-14,4.324
2026-08-05,2026-08-05,2022-06-15,4.501
2026-08-05,2026-08-05,2022-06-16,4.558
2026-08-05,2026-08-05,2022-06-17,4.295
2026-08-05,2026-08-05,2022-06-20,.
2026-08-05,2026-08-05,2022-06-21,4.295
2026-08-05,2026-08-05,2022-06-22,4.252
2026-08-05,2026-08-05,2022-06-23,4.216
2026-08-05,2026-08-05,2022-06-24,4.31
2026-08-05,2026-08-05,2022-06-27,4.215
2026-08-05,2026-08-05,2022-06-28,4.17
2026-08-05,2026-08-05,2022-06-29,4.018
2026-08-05,2026-08-05,2022-06-30,3.924
2026-08-05,2026-08-05,2022-07-01,3.994
2026-08-05,2026-08-05,2022-07-04,.
2026-08-05,2026-08-05,2022-07-05,3.626
2026-08-05,2026-08-05,2022-07-06,3.468
2026-08-05,2026-08-05,2022-07-07,3.708
2026-08-05,2026-08-05,2022-07-08,3.716
2026-08-05,2026-08-05,2022-07-11,3.777
2026-08-05,2026-08-05,2022-07-12,3.673
2026-08-05,2026-08-05,2022-07-13,3.684
2026-08-05,2026-08-05,2022-07-14,3.658
2026-08-05,2026-08-05,2022-07-15,3.694
2026-08-05,2026-08-05,2022-07-18,3.618
2026-08-05,2026-08-05,2022-07-19,3.632
2026-08-05,2026-08-05,2022-07-20,3.607
2026-08-05,2026-08-05,2022-07-21,3.582
2026-08-05,2026-08-05,2022-07-22,3.529
2026-08-05,2026-08-05,2022-07-25,3.533
2026-08-05,2026-08-05,2022-07-26,3.596
2026-08-05,2026-08-05,2022-07-27,3.562
2026-08-05,2026-08-05,2022-07-28,3.531
2026-08-05,2026-08-05,2022-07-29,3.417
2026-08-05,2026-08-05,2022-08-01,3.312
2026-08-05,2026-08-05,2022-08-02,3.25
2026-08-05,2026-08-05,2022-08-03,3.285
2026-08-05,2026-08-05,2022-08-04,3.183
2026-08-05,2026-08-05,2022-08-05,3.008
2026-08-05,2026-08-05,2022-08-08,3.033
2026-08-05,2026-08-05,2022-08-09,3.188
2026-08-05,2026-08-05,2022-08-10,3.256
2026-08-05,2026-08-05,2022-08-11,3.449
2026-08-05,2026-08-05,2022-08-12,3.474
2026-08-05,2026-08-05,2022-08-15,3.417
2026-08-05,2026-08-05,2022-08-16,3.436
2026-08-05,2026-08-05,2022-08-17,3.574
2026-08-05,2026-08-05,2022-08-18,3.614
2026-08-05,2026-08-05,2022-08-19,3.666
2026-08-05,2026-08-05,2022-08-22,3.739
2026-08-05,2026-08-05,2022-08-23,3.778
2026-08-05,2026-08-05,2022-08-24,3.999
2026-08-05,2026-08-05,2022-08-25,3.864
2026-08-05,2026-08-05,2022-08-26,3.917
2026-08-05,2026-08-05,2022-08-29,3.851
2026-08-05,2026-08-05,2022-08-30,3.813
2026-08-05,2026-08-05,2022-08-31,3.662
2026-08-05,2026-08-05,2022-09-01,3.58
2026-08-05,2026-08-05,2022-09-02,3.652
2026-08-05,2026-08-05,2022-09-05,.
2026-08-05,2026-08-05,2022-09-06,3.618
2026-08-05,2026-08-05,2022-09-07,3.608
2026-08-05,2026-08-05,2022-09-08,3.597
2026-08-05,2026-08-05,2022-09-09,3.636
2026-08-05,2026-08-05,2022-09-12,3.662
2026-08-05,2026-08-05,2022-09-13,3.62
2026-08-05,2026-08-05,2022-09-14,3.45
2026-08-05,2026-08-05,2022-09-15,3.318
2026-08-05,2026-08-05,2022-09-16,3.277
2026-08-05,2026-08-05,2022-09-19,3.403
2026-08-05,2026-08-05,2022-09-20,3.462
2026-08-05,2026-08-05,2022-09-21,3.418
2026-08-05,2026-08-05,2022-09-22,3.49
2026-08-05,2026-08-05,2022-09-23,3.335
2026-08-05,2026-08-05,2022-09-26,3.401
2026-08-05,2026-08-05,2022-09-27,3.52
2026-08-05,2026-08-05,2022-09-28,3.613
2026-08-05,2026-08-05,2022-09-29,3.775
2026-08-05,2026-08-05,2022-09-30,3.719
2026-08-05,2026-08-05,2022-10-03,3.845
2026-08-05,2026-08-05,2022-10-04,4.035
2026-08-05,2026-08-05,2022-10-05,4.278
2026-08-05,2026-08-05,2022-10-06,4.455
2026-08-05,2026-08-05,2022-10-07,4.575
2026-08-05,2026-08-05,2022-10-10,.
2026-08-05,2026-08-05,2022-10-11,4.415
2026-08-05,2026-08-05,2022-10-12,4.403
2026-08-05,2026-08-05,2022-10-13,4.62
2026-08-05,2026-08-05,2022-10-14,3.587
2026-08-05,2026-08-05,2022-10-17,3.694
2026-08-05,2026-08-05,2022-10-18,3.584
2026-08-05,2026-08-05,2022-10-19,3.377
2026-08-05,2026-08-05,2022-10-20,3.282
2026-08-05,2026-08-05,2022-10-21,3.354
2026-08-05,2026-08-05,2022-10-24,3.554
2026-08-05,2026-08-05,2022-10-25,3.543
2026-08-05,2026-08-05,2022-10-26,3.675
2026-08-05,2026-08-05,2022-10-27,3.61
2026-08-05,2026-08-05,2022-10-28,3.654
2026-08-05,2026-08-05,2022-10-31,3.623
2026-08-05,2026-08-05,2022-11-01,3.577
2026-08-05,2026-08-05,2022-11-02,3.381
2026-08-05,2026-08-05,2022-11-03,3.558
2026-08-05,2026-08-05,2022-11-04,3.496
2026-08-05,2026-08-05,2022-11-07,3.369
2026-08-05,2026-08-05,2022-11-08,3.363
2026-08-05,2026-08-05,2022-11-09,3.539
2026-08-05,2026-08-05,2022-11-10,3.476
2026-08-05,2026-08-05,2022-11-11,.
2026-08-05,2026-08-05,2022-11-14,3.516
2026-08-05,2026-08-05,2022-11-15,3.61
2026-08-05,2026-08-05,2022-11-16,3.599
2026-08-05,2026-08-05,2022-11-17,3.474
2026-08-05,2026-08-05,2022-11-18,3.467
2026-08-05,2026-08-05,2022-11-21,3.437
2026-08-05,2026-08-05,2022-11-22,3.27
2026-08-05,2026-08-05,2022-11-23,3.153
2026-08-05,2026-08-05,2022-11-24,.
2026-08-05,2026-08-05,2022-11-25,3.099
2026-08-05,2026-08-05,2022-11-28,2.716
2026-08-05,2026-08-05,2022-11-29,2.858
2026-08-05,2026-08-05,2022-11-30,3.004
2026-08-05,2026-08-05,2022-12-01,2.901
2026-08-05,2026-08-05,2022-12-02,2.777
2026-08-05,2026-08-05,2022-12-05,2.606
2026-08-05,2026-08-05,2022-12-06,2.515
2026-08-05,2026-08-05,2022-12-07,2.393
2026-08-05,2026-08-05,2022-12-08,2.568
2026-08-05,2026-08-05,2022-12-09,2.558
2026-08-05,2026-08-05,2022-12-12,2.696
2026-08-05,2026-08-05,2022-12-13,2.837
2026-08-05,2026-08-05,2022-12-14,3.167
2026-08-05,2026-08-05,2022-12-15,3.177
2026-08-05,2026-08-05,2022-12-16,3.026
2026-08-05,2026-08-05,2022-12-19,2.982
2026-08-05,2026-08-05,2022-12-20,2.956
2026-08-05,2026-08-05,2022-12-21,3.131
2026-08-05,2026-08-05,2022-12-22,3.1
2026-08-05,2026-08-05,2022-12-23,3.2
2026-08-05,2026-08-05,2022-12-26,.
2026-08-05,2026-08-05,2022-12-27,3.325
2026-08-05,2026-08-05,2022-12-28,3.236
2026-08-05,2026-08-05,2022-12-29,3.33
2026-08-05,2026-08-05,2022-12-30,3.308
2026-08-05,2026-08-05,2023-01-02,.
2026-08-05,2026-08-05,2023-01-03,3.082
2026-08-05,2026-08-05,2023-01-04,2.983
2026-08-05,2026-08-05,2023-01-05,2.828
2026-08-05,2026-08-05,2023-01-06,3.014
2026-08-05,2026-08-05,2023-01-09,2.927
2026-08-05,2026-08-05,2023-01-10,3.008
2026-08-05,2026-08-05,2023-01-11,3.046
2026-08-05,2026-08-05,2023-01-12,3.078
2026-08-05,2026-08-05,2023-01-13,3.084
2026-08-05,2026-08-05,2023-01-16,.
2026-08-05,2026-08-05,2023-01-17,3.089
2026-08-05,2026-08-05,2023-01-18,3.261
2026-08-05,2026-08-05,2023-01-19,3.383
2026-08-05,2026-08-05,2023-01-20,3.471
2026-08-05,2026-08-05,2023-01-23,3.617
2026-08-05,2026-08-05,2023-01-24,3.492
2026-08-05,2026-08-05,2023-01-25,3.262
2026-08-05,2026-08-05,2023-01-26,3.401
2026-08-05,2026-08-05,2023-01-27,3.285
2026-08-05,2026-08-05,2023-01-30,3.133
2026-08-05,2026-08-05,2023-01-31,3.226
2026-08-05,2026-08-05,2023-02-01,3.045
2026-08-05,2026-08-05,2023-02-02,2.985
2026-08-05,2026-08-05,2023-02-03,2.862
2026-08-05,2026-08-05,2023-02-06,2.852
2026-08-05,2026-08-05,2023-02-07,2.986
2026-08-05,2026-08-05,2023-02-08,2.979
2026-08-05,2026-08-05,2023-02-09,3.014
2026-08-05,2026-08-05,2023-02-10,3.074
2026-08-05,2026-08-05,2023-02-13,3.009
2026-08-05,2026-08-05,2023-02-14,2.978
2026-08-05,2026-08-05,2023-02-15,3.045
2026-08-05,2026-08-05,2023-02-16,2.988
2026-08-05,2026-08-05,2023-02-17,2.911
2026-08-05,2026-08-05,2023-02-20,.
2026-08-05,2026-08-05,2023-02-21,2.932
2026-08-05,2026-08-05,2023-02-22,2.852
2026-08-05,2026-08-05,2023-02-23,2.861
2026-08-05,2026-08-05,2023-02-24,2.828
2026-08-05,2026-08-05,2023-02-27,2.85
2026-08-05,2026-08-05,2023-02-28,2.845
2026-08-05,2026-08-05,2023-03-01,2.906
2026-08-05,2026-08-05,2023-03-02,2.881
2026-08-05,2026-08-05,2023-03-03,2.915
2026-08-05,2026-08-05,2023-03-06,2.904
2026-08-05,2026-08-05,2023-03-07,2.807
2026-08-05,2026-08-05,2023-03-08,2.713
2026-08-05,2026-08-05,2023-03-09,2.647
2026-08-05,2026-08-05,2023-03-10,2.751
2026-08-05,2026-08-05,2023-03-13,2.746
2026-08-05,2026-08-05,2023-03-14,2.697
2026-08-05,2026-08-05,2023-03-15,2.552
2026-08-05,2026-08-05,2023-03-16,2.589
2026-08-05,2026-08-05,2023-03-17,2.62
2026-08-05,2026-08-05,2023-03-20,2.625
2026-08-05,2026-08-05,2023-03-21,2.632
2026-08-05,2026-08-05,2023-03-22,2.467
2026-08-05,2026-08-05,2023-03-23,2.437
2026-08-05,2026-08-05,2023-03-24,2.493
2026-08-05,2026-08-05,2023-03-27,2.542
2026-08-05,2026-08-05,2023-03-28,2.541
2026-08-05,2026-08-05,2023-03-29,2.414
2026-08-05,2026-08-05,2023-03-30,2.437
2026-08-05,2026-08-05,2023-03-31,2.471
2026-08-05,2026-08-05,2023-04-03,2.528
2026-08-05,2026-08-05,2023-04-04,2.541
2026-08-05,2026-08-05,2023-04-05,2.548
2026-08-05,2026-08-05,2023-04-06,2.445
2026-08-05,2026-08-05,2023-04-07,.
2026-08-05,2026-08-05,2023-04-10,2.465
2026-08-05,2026-08-05,2023-04-11,2.441
2026-08-05,2026-08-05,2023-04-12,2.475
2026-08-05,2026-08-05,2023-04-13,2.531
2026-08-05,2026-08-05,2023-04-14,2.5
2026-08-05,2026-08-05,2023-04-17,2.476
2026-08-05,2026-08-05,2023-04-18,2.43
2026-08-05,2026-08-05,2023-04-19,2.363
2026-08-05,2026-08-05,2023-04-20,2.3
2026-08-05,2026-08-05,2023-04-21,2.366
2026-08-05,2026-08-05,2023-04-24,2.387
2026-08-05,2026-08-05,2023-04-25,2.318
2026-08-05,2026-08-05,2023-04-26,2.256
2026-08-05,2026-08-05,2023-04-27,2.253
2026-08-05,2026-08-05,2023-04-28,2.326
2026-08-05,2026-08-05,2023-05-01,2.421
2026-08-05,2026-08-05,2023-05-02,2.327
2026-08-05,2026-08-05,2023-05-03,2.264
2026-08-05,2026-08-05,2023-05-04,2.395
2026-08-05,2026-08-05,2023-05-05,2.42
2026-08-05,2026-08-05,2023-05-08,2.463
2026-08-05,2026-08-05,2023-05-09,2.445
2026-08-05,2026-08-05,2023-05-10,2.457
2026-08-05,2026-08-05,2023-05-11,2.418
2026-08-05,2026-08-05,2023-05-12,2.363
2026-08-05,2026-08-05,2023-05-15,2.441
2026-08-05,2026-08-05,2023-05-16,2.415
2026-08-05,2026-08-05,2023-05-17,2.456
2026-08-05,2026-08-05,2023-05-18,2.44
2026-08-05,2026-08-05,2023-05-19,2.401
2026-08-05,2026-08-05,2023-05-22,2.406
2026-08-05,2026-08-05,2023-05-23,2.356
2026-08-05,2026-08-05,2023-05-24,2.392
2026-08-05,2026-08-05,2023-05-25,2.329
2026-08-05,2026-08-05,2023-05-26,2.361
2026-08-05,2026-08-05,2023-05-29,.
2026-08-05,2026-08-05,2023-05-30,2.275
2026-08-05,2026-08-05,2023-05-31,2.244
2026-08-05,2026-08-05,2023-06-01,2.302
2026-08-05,2026-08-05,2023-06-02,2.351
2026-08-05,2026-08-05,2023-06-05,2.357
2026-08-05,2026-08-05,2023-06-06,2.288
2026-08-05,2026-08-05,2023-06-07,2.331
2026-08-05,2026-08-05,2023-06-08,2.312
2026-08-05,2026-08-05,2023-06-09,2.34
2026-08-05,2026-08-05,2023-06-12,2.286
2026-08-05,2026-08-05,2023-06-13,2.393
2026-08-05,2026-08-05,2023-06-14,2.362
2026-08-05,2026-08-05,2023-06-15,2.482
2026-08-05,2026-08-05,2023-06-16,2.553
2026-08-05,2026-08-05,2023-06-19,.
2026-08-05,2026-08-05,2023-06-20,2.452
2026-08-05,2026-08-05,2023-06-21,2.542
2026-08-05,2026-08-05,2023-06-22,2.461
2026-08-05,2026-08-05,2023-06-23,2.409
2026-08-05,2026-08-05,2023-06-26,2.449
2026-08-05,2026-08-05,2023-06-27,2.465
2026-08-05,2026-08-05,2023-06-28,2.468
2026-08-05,2026-08-05,2023-06-29,2.545
2026-08-05,2026-08-05,2023-06-30,2.573
2026-08-05,2026-08-05,2023-07-03,2.512
2026-08-05,2026-08-05,2023-07-04,.
2026-08-05,2026-08-05,2023-07-05,2.619
2026-08-05,2026-08-05,2023-07-06,2.617
2026-08-05,2026-08-05,2023-07-07,2.687
2026-08-05,2026-08-05,2023-07-10,2.686
2026-08-05,2026-08-05,2023-07-11,2.704
2026-08-05,2026-08-05,2023-07-12,2.738
2026-08-05,2026-08-05,2023-07-13,2.748
2026-08-05,2026-08-05,2023-07-14,2.725
2026-08-05,2026-08-05,2023-07-17,2.696
2026-08-05,2026-08-05,2023-07-18,2.694
2026-08-05,2026-08-05,2023-07-19,2.735
2026-08-05,2026-08-05,2023-07-20,2.766
2026-08-05,2026-08-05,2023-07-21,2.823
2026-08-05,2026-08-05,2023-07-24,2.858
2026-08-05,2026-08-05,2023-07-25,3.02
2026-08-05,2026-08-05,2023-07-26,3.083
2026-08-05,2026-08-05,2023-07-27,3.161
2026-08-05,2026-08-05,2023-07-28,3.211
2026-08-05,2026-08-05,2023-07-31,3.254
2026-08-05,2026-08-05,2023-08-01,3.288
2026-08-05,2026-08-05,2023-08-02,3.269
2026-08-05,2026-08-05,2023-08-03,3.343
2026-08-05,2026-08-05,2023-08-04,3.31
2026-08-05,2026-08-05,2023-08-07,3.286
2026-08-05,2026-08-05,2023-08-08,3.327
2026-08-05,2026-08-05,2023-08-09,3.473
2026-08-05,2026-08-05,2023-08-10,3.452
2026-08-05,2026-08-05,2023-08-11,3.314
2026-08-05,2026-08-05,2023-08-14,3.41
2026-08-05,2026-08-05,2023-08-15,3.365
2026-08-05,2026-08-05,2023-08-16,3.352
2026-08-05,2026-08-05,2023-08-17,3.492
2026-08-05,2026-08-05,2023-08-18,3.363
2026-08-05,2026-08-05,2023-08-21,3.321
2026-08-05,2026-08-05,2023-08-22,3.343
2026-08-05,2026-08-05,2023-08-23,3.315
2026-08-05,2026-08-05,2023-08-24,3.565
2026-08-05,2026-08-05,2023-08-25,3.734
2026-08-05,2026-08-05,2023-08-28,3.693
2026-08-05,2026-08-05,2023-08-29,3.717
2026-08-05,2026-08-05,2023-08-30,3.63
2026-08-05,2026-08-05,2023-08-31,3.687
2026-08-05,2026-08-05,2023-09-01,3.647
2026-08-05,2026-08-05,2023-09-04,.
2026-08-05,2026-08-05,2023-09-05,3.757
2026-08-05,2026-08-05,2023-09-06,3.726
2026-08-05,2026-08-05,2023-09-07,3.759
2026-08-05,2026-08-05,2023-09-08,3.844
2026-08-05,2026-08-05,2023-09-11,3.902
2026-08-05,2026-08-05,2023-09-12,3.876
2026-08-05,2026-08-05,2023-09-13,4.018
2026-08-05,2026-08-05,2023-09-14,4.054
2026-08-05,2026-08-05,2023-09-15,3.972
2026-08-05,2026-08-05,2023-09-18,3.883
2026-08-05,2026-08-05,2023-09-19,3.907
2026-08-05,2026-08-05,2023-09-20,3.76
2026-08-05,2026-08-05,2023-09-21,3.749
2026-08-05,2026-08-05,2023-09-22,3.795
2026-08-05,2026-08-05,2023-09-25,3.816
2026-08-05,2026-08-05,2023-09-26,3.797
2026-08-05,2026-08-05,2023-09-27,3.915
2026-08-05,2026-08-05,2023-09-28,3.9
2026-08-05,2026-08-05,2023-09-29,3.917
2026-08-05,2026-08-05,2023-10-02,3.789
2026-08-05,2026-08-05,2023-10-03,3.768
2026-08-05,2026-08-05,2023-10-04,3.591
2026-08-05,2026-08-05,2023-10-05,3.356
2026-08-05,2026-08-05,2023-10-06,3.304
2026-08-05,2026-08-05,2023-10-09,.
2026-08-05,2026-08-05,2023-10-10,3.312
2026-08-05,2026-08-05,2023-10-11,3.295
2026-08-05,2026-08-05,2023-10-12,3.22
2026-08-05,2026-08-05,2023-10-13,3.383
2026-08-05,2026-08-05,2023-10-16,3.282
2026-08-05,2026-08-05,2023-10-17,3.291
2026-08-05,2026-08-05,2023-10-18,3.26
2026-08-05,2026-08-05,2023-10-19,3.303
2026-08-05,2026-08-05,2023-10-20,3.297
2026-08-05,2026-08-05,2023-10-23,3.239
2026-08-05,2026-08-05,2023-10-24,3.095
2026-08-05,2026-08-05,2023-10-25,3.082
2026-08-05,2026-08-05,2023-10-26,3.088
2026-08-05,2026-08-05,2023-10-27,3.079
2026-08-05,2026-08-05,2023-10-30,2.974
2026-08-05,2026-08-05,2023-10-31,2.989
2026-08-05,2026-08-05,2023-11-01,3.048
2026-08-05,2026-08-05,2023-11-02,3.135
2026-08-05,2026-08-05,2023-11-03,3.087
2026-08-05,2026-08-05,2023-11-06,3.101
2026-08-05,2026-08-05,2023-11-07,2.983
2026-08-05,2026-08-05,2023-11-08,3.049
2026-08-05,2026-08-05,2023-11-09,3.02
2026-08-05,2026-08-05,2023-11-10,2.996
2026-08-05,2026-08-05,2023-11-13,3.076
2026-08-05,2026-08-05,2023-11-14,3.117
2026-08-05,2026-08-05,2023-11-15,3.145
2026-08-05,2026-08-05,2023-11-16,3.032
2026-08-05,2026-08-05,2023-11-17,3.044
2026-08-05,2026-08-05,2023-11-20,3.127
2026-08-05,2026-08-05,2023-11-21,3.205
2026-08-05,2026-08-05,2023-11-22,3.156
2026-08-05,2026-08-05,2023-11-23,.
2026-08-05,2026-08-05,2023-11-24,3.103
2026-08-05,2026-08-05,2023-11-27,3.116
2026-08-05,2026-08-05,2023-11-28,3.002
2026-08-05,2026-08-05,2023-11-29,2.976
2026-08-05,2026-08-05,2023-11-30,2.935
2026-08-05,2026-08-05,2023-12-01,2.761
2026-08-05,2026-08-05,2023-12-04,2.728
2026-08-05,2026-08-05,2023-12-05,2.692
2026-08-05,2026-08-05,2023-12-06,2.583
2026-08-05,2026-08-05,2023-12-07,2.57
2026-08-05,2026-08-05,2023-12-08,2.594
2026-08-05,2026-08-05,2023-12-11,2.617
2026-08-05,2026-08-05,2023-12-12,2.525
2026-08-05,2026-08-05,2023-12-13,2.568
2026-08-05,2026-08-05,2023-12-14,2.591
2026-08-05,2026-08-05,2023-12-15,2.624
2026-08-05,2026-08-05,2023-12-18,2.613
2026-08-05,2026-08-05,2023-12-19,2.828
2026-08-05,2026-08-05,2023-12-20,2.797
2026-08-05,2026-08-05,2023-12-21,2.806
2026-08-05,2026-08-05,2023-12-22,2.741
2026-08-05,2026-08-05,2023-12-25,.
2026-08-05,2026-08-05,2023-12-26,2.745
2026-08-05,2026-08-05,2023-12-27,2.691
2026-08-05,2026-08-05,2023-12-28,2.625
2026-08-05,2026-08-05,2023-12-29,2.599
2026-08-05,2026-08-05,2024-01-01,.
2026-08-05,2026-08-05,2024-01-02,2.59
2026-08-05,2026-08-05,2024-01-03,2.668
2026-08-05,2026-08-05,2024-01-04,2.551
2026-08-05,2026-08-05,2024-01-05,2.539
2026-08-05,2026-08-05,2024-01-08,2.506
2026-08-05,2026-08-05,2024-01-09,2.569
2026-08-05,2026-08-05,2024-01-10,2.52
2026-08-05,2026-08-05,2024-01-11,2.599
2026-08-05,2026-08-05,2024-01-12,2.553
2026-08-05,2026-08-05,2024-01-15,.
2026-08-05,2026-08-05,2024-01-16,2.501
2026-08-05,2026-08-05,2024-01-17,2.487
2026-08-05,2026-08-05,2024-01-18,2.529
2026-08-05,2026-08-05,2024-01-19,2.503
2026-08-05,2026-08-05,2024-01-22,2.529
2026-08-05,2026-08-05,2024-01-23,2.526
2026-08-05,2026-08-05,2024-01-24,2.519
2026-08-05,2026-08-05,2024-01-25,2.646
2026-08-05,2026-08-05,2024-01-26,2.704
2026-08-05,2026-08-05,2024-01-29,2.69
2026-08-05,2026-08-05,2024-01-30,2.653
2026-08-05,2026-08-05,2024-01-31,2.659
2026-08-05,2026-08-05,2024-02-01,2.605
2026-08-05,2026-08-05,2024-02-02,2.566
2026-08-05,2026-08-05,2024-02-05,2.631
2026-08-05,2026-08-05,2024-02-06,2.736
2026-08-05,2026-08-05,2024-02-07,2.824
2026-08-05,2026-08-05,2024-02-08,2.954
2026-08-05,2026-08-05,2024-02-09,3.006
2026-08-05,2026-08-05,2024-02-12,3.013
2026-08-05,2026-08-05,2024-02-13,2.977
2026-08-05,2026-08-05,2024-02-14,2.889
2026-08-05,2026-08-05,2024-02-15,2.904
2026-08-05,2026-08-05,2024-02-16,2.84
2026-08-05,2026-08-05,2024-02-19,.
2026-08-05,2026-08-05,2024-02-20,2.764
2026-08-05,2026-08-05,2024-02-21,2.739
2026-08-05,2026-08-05,2024-02-22,2.781
2026-08-05,2026-08-05,2024-02-23,2.72
2026-08-05,2026-08-05,2024-02-26,2.785
2026-08-05,2026-08-05,2024-02-27,2.759
2026-08-05,2026-08-05,2024-02-28,2.682
2026-08-05,2026-08-05,2024-02-29,2.701
2026-08-05,2026-08-05,2024-03-01,2.724
2026-08-05,2026-08-05,2024-03-04,2.677
2026-08-05,2026-08-05,2024-03-05,2.631
2026-08-05,2026-08-05,2024-03-06,2.625
2026-08-05,2026-08-05,2024-03-07,2.657
2026-08-05,2026-08-05,2024-03-08,2.584
2026-08-05,2026-08-05,2024-03-11,2.6
2026-08-05,2026-08-05,2024-03-12,2.567
2026-08-05,2026-08-05,2024-03-13,2.639
2026-08-05,2026-08-05,2024-03-14,2.655
2026-08-05,2026-08-05,2024-03-15,2.727
2026-08-05,2026-08-05,2024-03-18,2.781
2026-08-05,2026-08-05,2024-03-19,2.798
2026-08-05,2026-08-05,2024-03-20,2.728
2026-08-05,2026-08-05,2024-03-21,2.68
2026-08-05,2026-08-05,2024-03-22,2.68
2026-08-05,2026-08-05,2024-03-25,2.693
2026-08-05,2026-08-05,2024-03-26,2.711
2026-08-05,2026-08-05,2024-03-27,2.689
2026-08-05,2026-08-05,2024-03-28,2.682
2026-08-05,2026-08-05,2024-03-29,.
2026-08-05,2026-08-05,2024-04-01,2.685
2026-08-05,2026-08-05,2024-04-02,2.783
2026-08-05,2026-08-05,2024-04-03,2.8
2026-08-05,2026-08-05,2024-04-04,2.804
2026-08-05,2026-08-05,2024-04-05,2.854
2026-08-05,2026-08-05,2024-04-08,2.827
2026-08-05,2026-08-05,2024-04-09,2.788
2026-08-05,2026-08-05,2024-04-10,2.826
2026-08-05,2026-08-05,2024-04-11,2.78
2026-08-05,2026-08-05,2024-04-12,2.752
2026-08-05,2026-08-05,2024-04-15,2.73
2026-08-05,2026-08-05,2024-04-16,2.724
2026-08-05,2026-08-05,2024-04-17,2.619
2026-08-05,2026-08-05,2024-04-18,2.565
2026-08-05,2026-08-05,2024-04-19,2.581
2026-08-05,2026-08-05,2024-04-22,2.692
2026-08-05,2026-08-05,2024-04-23,2.702
2026-08-05,2026-08-05,2024-04-24,2.677
2026-08-05,2026-08-05,2024-04-25,2.676
2026-08-05,2026-08-05,2024-04-26,2.598
2026-08-05,2026-08-05,2024-04-29,2.548
2026-08-05,2026-08-05,2024-04-30,2.515
2026-08-05,2026-08-05,2024-05-01,2.459
2026-08-05,2026-08-05,2024-05-02,2.417
2026-08-05,2026-08-05,2024-05-03,2.409
2026-08-05,2026-08-05,2024-05-06,2.435
2026-08-05,2026-08-05,2024-05-07,2.477
2026-08-05,2026-08-05,2024-05-08,2.465
2026-08-05,2026-08-05,2024-05-09,2.448
2026-08-05,2026-08-05,2024-05-10,2.389
2026-08-05,2026-08-05,2024-05-13,2.396
2026-08-05,2026-08-05,2024-05-14,2.325
2026-08-05,2026-08-05,2024-05-15,2.328
2026-08-05,2026-08-05,2024-05-16,2.31
2026-08-05,2026-08-05,2024-05-17,2.348
2026-08-05,2026-08-05,2024-05-20,2.421
2026-08-05,2026-08-05,2024-05-21,2.426
2026-08-05,2026-08-05,2024-05-22,2.388
2026-08-05,2026-08-05,2024-05-23,2.383
2026-08-05,2026-08-05,2024-05-24,2.461
2026-08-05,2026-08-05,2024-05-27,.
2026-08-05,2026-08-05,2024-05-28,2.523
2026-08-05,2026-08-05,2024-05-29,2.478
2026-08-05,2026-08-05,2024-05-30,2.407
2026-08-05,2026-08-05,2024-05-31,2.513
2026-08-05,2026-08-05,2024-06-03,2.443
2026-08-05,2026-08-05,2024-06-04,2.439
2026-08-05,2026-08-05,2024-06-05,2.387
2026-08-05,2026-08-05,2024-06-06,2.438
2026-08-05,2026-08-05,2024-06-07,2.433
2026-08-05,2026-08-05,2024-06-10,2.498
2026-08-05,2026-08-05,2024-06-11,2.466
2026-08-05,2026-08-05,2024-06-12,2.485
2026-08-05,2026-08-05,2024-06-13,2.531
2026-08-05,2026-08-05,2024-06-14,2.473
2026-08-05,2026-08-05,2024-06-17,2.484
2026-08-05,2026-08-05,2024-06-18,2.524
2026-08-05,2026-08-05,2024-06-19,.
2026-08-05,2026-08-05,2024-06-20,2.539
2026-08-05,2026-08-05,2024-06-21,2.541
2026-08-05,2026-08-05,2024-06-24,2.574
2026-08-05,2026-08-05,2024-06-25,2.559
2026-08-05,2026-08-05,2024-06-26,2.507
2026-08-05,2026-08-05,2024-06-27,2.526
2026-08-05,2026-08-05,2024-06-28,2.491
2026-08-05,2026-08-05,2024-07-01,2.607
2026-08-05,2026-08-05,2024-07-02,2.661
2026-08-05,2026-08-05,2024-07-03,2.658
2026-08-05,2026-08-05,2024-07-04,.
2026-08-05,2026-08-05,2024-07-05,2.645
2026-08-05,2026-08-05,2024-07-08,2.603
2026-08-05,2026-08-05,2024-07-09,2.554
2026-08-05,2026-08-05,2024-07-10,2.549
2026-08-05,2026-08-05,2024-07-11,2.44
2026-08-05,2026-08-05,2024-07-12,2.405
2026-08-05,2026-08-05,2024-07-15,2.406
2026-08-05,2026-08-05,2024-07-16,2.364
2026-08-05,2026-08-05,2024-07-17,2.381
2026-08-05,2026-08-05,2024-07-18,2.413
2026-08-05,2026-08-05,2024-07-19,2.344
2026-08-05,2026-08-05,2024-07-22,2.346
2026-08-05,2026-08-05,2024-07-23,2.329
2026-08-05,2026-08-05,2024-07-24,2.366
2026-08-05,2026-08-05,2024-07-25,2.369
2026-08-05,2026-08-05,2024-07-26,2.318
2026-08-05,2026-08-05,2024-07-29,2.258
2026-08-05,2026-08-05,2024-07-30,2.226
2026-08-05,2026-08-05,2024-07-31,2.325
2026-08-05,2026-08-05,2024-08-01,2.335
2026-08-05,2026-08-05,2024-08-02,2.238
2026-08-05,2026-08-05,2024-08-05,2.201
2026-08-05,2026-08-05,2024-08-06,2.174
2026-08-05,2026-08-05,2024-08-07,2.235
2026-08-05,2026-08-05,2024-08-08,2.239
2026-08-05,2026-08-05,2024-08-09,2.223
2026-08-05,2026-08-05,2024-08-12,2.283
2026-08-05,2026-08-05,2024-08-13,2.321
2026-08-05,2026-08-05,2024-08-14,2.295
2026-08-05,2026-08-05,2024-08-15,2.316
2026-08-05,2026-08-05,2024-08-16,2.273
2026-08-05,2026-08-05,2024-08-19,2.202
2026-08-05,2026-08-05,2024-08-20,2.203
2026-08-05,2026-08-05,2024-08-21,2.183
2026-08-05,2026-08-05,2024-08-22,2.202
2026-08-05,2026-08-05,2024-08-23,2.243
2026-08-05,2026-08-05,2024-08-26,2.279
2026-08-05,2026-08-05,2024-08-27,2.37
2026-08-05,2026-08-05,2024-08-28,2.313
2026-08-05,2026-08-05,2024-08-29,2.374
2026-08-05,2026-08-05,2024-08-30,2.32
2026-08-05,2026-08-05,2024-09-02,.
2026-08-05,2026-08-05,2024-09-03,2.273
2026-08-05,2026-08-05,2024-09-04,2.217
2026-08-05,2026-08-05,2024-09-05,2.233
2026-08-05,2026-08-05,2024-09-06,2.187
2026-08-05,2026-08-05,2024-09-09,2.211
2026-08-05,2026-08-05,2024-09-10,2.133
2026-08-05,2026-08-05,2024-09-11,2.159
2026-08-05,2026-08-05,2024-09-12,2.189
2026-08-05,2026-08-05,2024-09-13,2.156
2026-08-05,2026-08-05,2024-09-16,.
2026-08-05,2026-08-05,2024-09-17,.
2026-08-05,2026-08-05,2024-09-18,.
2026-08-05,2026-08-05,2024-09-19,.
2026-08-05,2026-08-05,2024-09-20,.
2026-08-05,2026-08-05,2024-09-23,2.119
2026-08-05,2026-08-05,2024-09-24,2.146
2026-08-05,2026-08-05,2024-09-25,2.194
2026-08-05,2026-08-05,2024-09-26,2.164
2026-08-05,2026-08-05,2024-09-27,2.174
2026-08-05,2026-08-05,2024-09-30,2.183
2026-08-05,2026-08-05,2024-10-01,2.25
2026-08-05,2026-08-05,2024-10-02,2.263
2026-08-05,2026-08-05,2024-10-03,2.334
2026-08-05,2026-08-05,2024-10-04,2.352
2026-08-05,2026-08-05,2024-10-07,2.412
2026-08-05,2026-08-05,2024-10-08,2.326
2026-08-05,2026-08-05,2024-10-09,2.295
2026-08-05,2026-08-05,2024-10-10,2.357
2026-08-05,2026-08-05,2024-10-11,2.361
2026-08-05,2026-08-05,2024-10-14,.
2026-08-05,2026-08-05,2024-10-15,2.261
2026-08-05,2026-08-05,2024-10-16,2.242
2026-08-05,2026-08-05,2024-10-17,2.294
2026-08-05,2026-08-05,2024-10-18,2.255
2026-08-05,2026-08-05,2024-10-21,2.251
2026-08-05,2026-08-05,2024-10-22,2.303
2026-08-05,2026-08-05,2024-10-23,2.297
2026-08-05,2026-08-05,2024-10-24,2.284
2026-08-05,2026-08-05,2024-10-25,2.305
2026-08-05,2026-08-05,2024-10-28,2.19
2026-08-05,2026-08-05,2024-10-29,2.178
2026-08-05,2026-08-05,2024-10-30,2.202
2026-08-05,2026-08-05,2024-10-31,2.206
2026-08-05,2026-08-05,2024-11-01,2.225
2026-08-05,2026-08-05,2024-11-04,2.271
2026-08-05,2026-08-05,2024-11-05,2.288
2026-08-05,2026-08-05,2024-11-06,2.274
2026-08-05,2026-08-05,2024-11-07,2.285
2026-08-05,2026-08-05,2024-11-08,2.246
2026-08-05,2026-08-05,2024-11-11,.
2026-08-05,2026-08-05,2024-11-12,2.217
2026-08-05,2026-08-05,2024-11-13,2.223
2026-08-05,2026-08-05,2024-11-14,2.23
2026-08-05,2026-08-05,2024-11-15,2.192
2026-08-05,2026-08-05,2024-11-18,2.227
2026-08-05,2026-08-05,2024-11-19,2.243
2026-08-05,2026-08-05,2024-11-20,2.237
2026-08-05,2026-08-05,2024-11-21,2.275
2026-08-05,2026-08-05,2024-11-22,2.28
2026-08-05,2026-08-05,2024-11-25,2.318
2026-08-05,2026-08-05,2024-11-26,2.311
2026-08-05,2026-08-05,2024-11-27,2.275
2026-08-05,2026-08-05,2024-11-28,.
2026-08-05,2026-08-05,2024-11-29,2.235
2026-08-05,2026-08-05,2024-12-02,2.231
2026-08-05,2026-08-05,2024-12-03,2.244
2026-08-05,2026-08-05,2024-12-04,2.209
2026-08-05,2026-08-05,2024-12-05,2.183
2026-08-05,2026-08-05,2024-12-06,2.129
2026-08-05,2026-08-05,2024-12-09,2.105
2026-08-05,2026-08-05,2024-12-10,2.105
2026-08-05,2026-08-05,2024-12-11,2.161
2026-08-05,2026-08-05,2024-12-12,2.187
2026-08-05,2026-08-05,2024-12-13,2.218
2026-08-05,2026-08-05,2024-12-16,2.209
2026-08-05,2026-08-05,2024-12-17,2.171
2026-08-05,2026-08-05,2024-12-18,2.186
2026-08-05,2026-08-05,2024-12-19,2.171
2026-08-05,2026-08-05,2024-12-20,2.176
2026-08-05,2026-08-05,2024-12-23,2.175
2026-08-05,2026-08-05,2024-12-24,2.244
2026-08-05,2026-08-05,2024-12-25,.
2026-08-05,2026-08-05,2024-12-26,2.224
2026-08-05,2026-08-05,2024-12-27,2.257
2026-08-05,2026-08-05,2024-12-30,2.324
2026-08-05,2026-08-05,2024-12-31,2.379
2026-08-05,2026-08-05,2025-01-01,.
2026-08-05,2026-08-05,2025-01-02,2.417
2026-08-05,2026-08-05,2025-01-03,2.44
2026-08-05,2026-08-05,2025-01-06,2.418
2026-08-05,2026-08-05,2025-01-07,2.428
2026-08-05,2026-08-05,2025-01-08,2.421
2026-08-05,2026-08-05,2025-01-09,.
2026-08-05,2026-08-05,2025-01-10,2.554
2026-08-05,2026-08-05,2025-01-13,2.58
2026-08-05,2026-08-05,2025-01-14,2.58
2026-08-05,2026-08-05,2025-01-15,2.673
2026-08-05,2026-08-05,2025-01-16,2.667
2026-08-05,2026-08-05,2025-01-17,2.674
2026-08-05,2026-08-05,2025-01-20,.
2026-08-05,2026-08-05,2025-01-21,2.591
2026-08-05,2026-08-05,2025-01-22,2.526
2026-08-05,2026-08-05,2025-01-23,2.492
2026-08-05,2026-08-05,2025-01-24,2.534
2026-08-05,2026-08-05,2025-01-27,2.524
2026-08-05,2026-08-05,2025-01-28,2.48
2026-08-05,2026-08-05,2025-01-29,2.491
2026-08-05,2026-08-05,2025-01-30,2.545
2026-08-05,2026-08-05,2025-01-31,2.491
2026-08-05,2026-08-05,2025-02-03,2.496
2026-08-05,2026-08-05,2025-02-04,2.461
2026-08-05,2026-08-05,2025-02-05,2.421
2026-08-05,2026-08-05,2025-02-06,2.439
2026-08-05,2026-08-05,2025-02-07,2.471
2026-08-05,2026-08-05,2025-02-10,2.49
2026-08-05,2026-08-05,2025-02-11,2.553
2026-08-05,2026-08-05,2025-02-12,2.512
2026-08-05,2026-08-05,2025-02-13,2.52
2026-08-05,2026-08-05,2025-02-14,2.511
2026-08-05,2026-08-05,2025-02-17,.
2026-08-05,2026-08-05,2025-02-18,2.515
2026-08-05,2026-08-05,2025-02-19,2.552
2026-08-05,2026-08-05,2025-02-20,2.531
2026-08-05,2026-08-05,2025-02-21,2.467
2026-08-05,2026-08-05,2025-02-24,2.497
2026-08-05,2026-08-05,2025-02-25,2.443
2026-08-05,2026-08-05,2025-02-26,2.364
2026-08-05,2026-08-05,2025-02-27,2.395
2026-08-05,2026-08-05,2025-02-28,2.362
2026-08-05,2026-08-05,2025-03-03,2.278
2026-08-05,2026-08-05,2025-03-04,2.256
2026-08-05,2026-08-05,2025-03-05,2.216
2026-08-05,2026-08-05,2025-03-06,2.181
2026-08-05,2026-08-05,2025-03-07,2.149
2026-08-05,2026-08-05,2025-03-10,2.076
2026-08-05,2026-08-05,2025-03-11,2.104
2026-08-05,2026-08-05,2025-03-12,2.103
2026-08-05,2026-08-05,2025-03-13,2.076
2026-08-05,2026-08-05,2025-03-14,2.087
2026-08-05,2026-08-05,2025-03-17,2.125
2026-08-05,2026-08-05,2025-03-18,2.21
2026-08-05,2026-08-05,2025-03-19,2.246
2026-08-05,2026-08-05,2025-03-20,2.304
2026-08-05,2026-08-05,2025-03-21,2.302
2026-08-05,2026-08-05,2025-03-24,2.311
2026-08-05,2026-08-05,2025-03-25,2.341
2026-08-05,2026-08-05,2025-03-26,2.344
2026-08-05,2026-08-05,2025-03-27,2.331
2026-08-05,2026-08-05,2025-03-28,2.313
2026-08-05,2026-08-05,2025-03-31,2.385
2026-08-05,2026-08-05,2025-04-01,2.373
2026-08-05,2026-08-05,2025-04-02,2.415
2026-08-05,2026-08-05,2025-04-03,2.291
2026-08-05,2026-08-05,2025-04-04,2.207
2026-08-05,2026-08-05,2025-04-07,2.187
2026-08-05,2026-08-05,2025-04-08,2.123
2026-08-05,2026-08-05,2025-04-09,2.217
2026-08-05,2026-08-05,2025-04-10,2.174
2026-08-05,2026-08-05,2025-04-11,2.199
2026-08-05,2026-08-05,2025-04-14,2.222
2026-08-05,2026-08-05,2025-04-15,2.192
2026-08-05,2026-08-05,2025-04-16,2.227
2026-08-05,2026-08-05,2025-04-17,2.238
2026-08-05,2026-08-05,2025-04-18,.
2026-08-05,2026-08-05,2025-04-21,2.202
2026-08-05,2026-08-05,2025-04-22,2.233
2026-08-05,2026-08-05,2025-04-23,2.157
2026-08-05,2026-08-05,2025-04-24,2.174
2026-08-05,2026-08-05,2025-04-25,2.208
2026-08-05,2026-08-05,2025-04-28,2.205
2026-08-05,2026-08-05,2025-04-29,2.138
2026-08-05,2026-08-05,2025-04-30,2.022
2026-08-05,2026-08-05,2025-05-01,1.974
2026-08-05,2026-08-05,2025-05-02,1.975
2026-08-05,2026-08-05,2025-05-05,1.953
2026-08-05,2026-08-05,2025-05-06,2.037
2026-08-05,2026-08-05,2025-05-07,2.002
2026-08-05,2026-08-05,2025-05-08,2.104
2026-08-05,2026-08-05,2025-05-09,2.12
2026-08-05,2026-08-05,2025-05-12,2.162
2026-08-05,2026-08-05,2025-05-13,2.223
2026-08-05,2026-08-05,2025-05-14,2.248
2026-08-05,2026-08-05,2025-05-15,2.2
2026-08-05,2026-08-05,2025-05-16,2.158
2026-08-05,2026-08-05,2025-05-19,2.16
2026-08-05,2026-08-05,2025-05-20,2.171
2026-08-05,2026-08-05,2025-05-21,2.168
2026-08-05,2026-08-05,2025-05-22,2.142
2026-08-05,2026-08-05,2025-05-23,2.188
2026-08-05,2026-08-05,2025-05-26,.
2026-08-05,2026-08-05,2025-05-27,2.162
2026-08-05,2026-08-05,2025-05-28,2.158
2026-08-05,2026-08-05,2025-05-29,2.124
2026-08-05,2026-08-05,2025-05-30,2.103
2026-08-05,2026-08-05,2025-06-02,2.148
2026-08-05,2026-08-05,2025-06-03,2.174
2026-08-05,2026-08-05,2025-06-04,2.133
2026-08-05,2026-08-05,2025-06-05,2.163
2026-08-05,2026-08-05,2025-06-06,2.169
2026-08-05,2026-08-05,2025-06-09,2.189
2026-08-05,2026-08-05,2025-06-10,2.18
2026-08-05,2026-08-05,2025-06-11,2.261
2026-08-05,2026-08-05,2025-06-12,2.283
2026-08-05,2026-08-05,2025-06-13,2.465
2026-08-05,2026-08-05,2025-06-16,2.46
2026-08-05,2026-08-05,2025-06-17,2.589
2026-08-05,2026-08-05,2025-06-18,2.593
2026-08-05,2026-08-05,2025-06-19,.
2026-08-05,2026-08-05,2025-06-20,2.621
2026-08-05,2026-08-05,2025-06-23,2.405
2026-08-05,2026-08-05,2025-06-24,2.422
2026-08-05,2026-08-05,2025-06-25,2.425
2026-08-05,2026-08-05,2025-06-26,2.497
2026-08-05,2026-08-05,2025-06-27,2.429
2026-08-05,2026-08-05,2025-06-30,2.545
2026-08-05,2026-08-05,2025-07-01,2.529
2026-08-05,2026-08-05,2025-07-02,2.615
2026-08-05,2026-08-05,2025-07-03,2.57
2026-08-05,2026-08-05,2025-07-04,.
2026-08-05,2026-08-05,2025-07-07,2.618
2026-08-05,2026-08-05,2025-07-08,2.693
2026-08-05,2026-08-05,2025-07-09,2.661
2026-08-05,2026-08-05,2025-07-10,2.643
2026-08-05,2026-08-05,2025-07-11,2.711
2026-08-05,2026-08-05,2025-07-14,2.633
2026-08-05,2026-08-05,2025-07-15,2.653
2026-08-05,2026-08-05,2025-07-16,2.525
2026-08-05,2026-08-05,2025-07-17,2.629
2026-08-05,2026-08-05,2025-07-18,2.596
2026-08-05,2026-08-05,2025-07-21,2.634
2026-08-05,2026-08-05,2025-07-22,2.603
2026-08-05,2026-08-05,2025-07-23,2.6
2026-08-05,2026-08-05,2025-07-24,2.559
2026-08-05,2026-08-05,2025-07-25,2.458
2026-08-05,2026-08-05,2025-07-28,2.489
2026-08-05,2026-08-05,2025-07-29,2.532
2026-08-05,2026-08-05,2025-07-30,2.487
2026-08-05,2026-08-05,2025-07-31,2.46
2026-08-05,2026-08-05,2025-08-01,2.349
2026-08-05,2026-08-05,2025-08-04,2.397
2026-08-05,2026-08-05,2025-08-05,2.32
2026-08-05,2026-08-05,2025-08-06,2.324
2026-08-05,2026-08-05,2025-08-07,2.306
2026-08-05,2026-08-05,2025-08-08,2.301
2026-08-05,2026-08-05,2025-08-11,2.32
2026-08-05,2026-08-05,2025-08-12,2.27
2026-08-05,2026-08-05,2025-08-13,2.272
2026-08-05,2026-08-05,2025-08-14,2.271
2026-08-05,2026-08-05,2025-08-15,2.26
2026-08-05,2026-08-05,2025-08-18,2.277
2026-08-05,2026-08-05,2025-08-19,2.287
2026-08-05,2026-08-05,2025-08-20,2.309
2026-08-05,2026-08-05,2025-08-21,2.425
2026-08-05,2026-08-05,2025-08-22,2.411
2026-08-05,2026-08-05,2025-08-25,2.45
2026-08-05,2026-08-05,2025-08-26,2.42
2026-08-05,2026-08-05,2025-08-27,2.433
2026-08-05,2026-08-05,2025-08-28,2.457
2026-08-05,2026-08-05,2025-08-29,2.422
2026-08-05,2026-08-05,2025-09-01,.
2026-08-05,2026-08-05,2025-09-02,2.52
2026-08-05,2026-08-05,2025-09-03,2.507
2026-08-05,2026-08-05,2025-09-04,2.475
2026-08-05,2026-08-05,2025-09-05,2.541
2026-08-05,2026-08-05,2025-09-08,2.58
2026-08-05,2026-08-05,2025-09-09,2.581
2026-08-05,2026-08-05,2025-09-10,2.595
2026-08-05,2026-08-05,2025-09-11,2.537
2026-08-05,2026-08-05,2025-09-12,2.553
2026-08-05,2026-08-05,2025-09-15,2.533
2026-08-05,2026-08-05,2025-09-16,2.596
2026-08-05,2026-08-05,2025-09-17,2.571
2026-08-05,2026-08-05,2025-09-18,2.563
2026-08-05,2026-08-05,2025-09-19,2.392
2026-08-05,2026-08-05,2025-09-22,2.437
2026-08-05,2026-08-05,2025-09-23,2.478
2026-08-05,2026-08-05,2025-09-24,2.514
2026-08-05,2026-08-05,2025-09-25,2.558
2026-08-05,2026-08-05,2025-09-26,2.555
2026-08-05,2026-08-05,2025-09-29,2.442
2026-08-05,2026-08-05,2025-09-30,2.434
2026-08-05,2026-08-05,2025-10-01,2.406
2026-08-05,2026-08-05,2025-10-02,2.308
2026-08-05,2026-08-05,2025-10-03,2.299
2026-08-05,2026-08-05,2025-10-06,2.443
2026-08-05,2026-08-05,2025-10-07,2.467
2026-08-05,2026-08-05,2025-10-08,2.478
2026-08-05,2026-08-05,2025-10-09,2.375
2026-08-05,2026-08-05,2025-10-10,2.301
2026-08-05,2026-08-05,2025-10-13,.
2026-08-05,2026-08-05,2025-10-14,2.3
2026-08-05,2026-08-05,2025-10-15,2.29
2026-08-05,2026-08-05,2025-10-16,2.326
2026-08-05,2026-08-05,2025-10-17,2.379
2026-08-05,2026-08-05,2025-10-20,2.388
2026-08-05,2026-08-05,2025-10-21,2.347
2026-08-05,2026-08-05,2025-10-22,2.416
2026-08-05,2026-08-05,2025-10-23,2.523
2026-08-05,2026-08-05,2025-10-24,2.532
2026-08-05,2026-08-05,2025-10-27,2.578
2026-08-05,2026-08-05,2025-10-28,2.503
2026-08-05,2026-08-05,2025-10-29,2.556
2026-08-05,2026-08-05,2025-10-30,2.495
2026-08-05,2026-08-05,2025-10-31,2.527
2026-08-05,2026-08-05,2025-11-03,2.506
2026-08-05,2026-08-05,2025-11-04,2.538
2026-08-05,2026-08-05,2025-11-05,2.63
2026-08-05,2026-08-05,2025-11-06,2.701
2026-08-05,2026-08-05,2025-11-07,2.683
2026-08-05,2026-08-05,2025-11-10,2.7
2026-08-05,2026-08-05,2025-11-11,.
2026-08-05,2026-08-05,2025-11-12,2.674
2026-08-05,2026-08-05,2025-11-13,2.561
2026-08-05,2026-08-05,2025-11-14,2.626
2026-08-05,2026-08-05,2025-11-17,2.631
2026-08-05,2026-08-05,2025-11-18,2.748
2026-08-05,2026-08-05,2025-11-19,2.707
2026-08-05,2026-08-05,2025-11-20,2.55
2026-08-05,2026-08-05,2025-11-21,2.466
2026-08-05,2026-08-05,2025-11-24,2.398
2026-08-05,2026-08-05,2025-11-25,2.336
2026-08-05,2026-08-05,2025-11-26,2.306
2026-08-05,2026-08-05,2025-11-27,.
2026-08-05,2026-08-05,2025-11-28,2.305
2026-08-05,2026-08-05,2025-12-01,2.324
2026-08-05,2026-08-05,2025-12-02,2.286
2026-08-05,2026-08-05,2025-12-03,2.245
2026-08-05,2026-08-05,2025-12-04,2.265
2026-08-05,2026-08-05,2025-12-05,2.288
2026-08-05,2026-08-05,2025-12-08,2.218
2026-08-05,2026-08-05,2025-12-09,2.181
2026-08-05,2026-08-05,2025-12-10,2.158
2026-08-05,2026-08-05,2025-12-11,2.122
2026-08-05,2026-08-05,2025-12-12,2.082
2026-08-05,2026-08-05,2025-12-15,2.059
2026-08-05,2026-08-05,2025-12-16,2.009
2026-08-05,2026-08-05,2025-12-17,2.055
2026-08-05,2026-08-05,2025-12-18,2.013
2026-08-05,2026-08-05,2025-12-19,2.061
2026-08-05,2026-08-05,2025-12-22,2.081
2026-08-05,2026-08-05,2025-12-23,2.15
2026-08-05,2026-08-05,2025-12-24,2.162
2026-08-05,2026-08-05,2025-12-25,.
2026-08-05,2026-08-05,2025-12-26,2.092
2026-08-05,2026-08-05,2025-12-29,2.109
2026-08-05,2026-08-05,2025-12-30,2.133
2026-08-05,2026-08-05,2025-12-31,2.154
2026-08-05,2026-08-05,2026-01-01,.
2026-08-05,2026-08-05,2026-01-02,2.12
2026-08-05,2026-08-05,2026-01-05,2.15
2026-08-05,2026-08-05,2026-01-06,2.105
2026-08-05,2026-08-05,2026-01-07,2.026
2026-08-05,2026-08-05,2026-01-08,2.102
2026-08-05,2026-08-05,2026-01-09,2.079
2026-08-05,2026-08-05,2026-01-12,2.056
2026-08-05,2026-08-05,2026-01-13,2.123
2026-08-05,2026-08-05,2026-01-14,2.117
2026-08-05,2026-08-05,2026-01-15,2.097
2026-08-05,2026-08-05,2026-01-16,2.119
2026-08-05,2026-08-05,2026-01-19,.
2026-08-05,2026-08-05,2026-01-20,2.231
2026-08-05,2026-08-05,2026-01-21,2.249
2026-08-05,2026-08-05,2026-01-22,2.206
2026-08-05,2026-08-05,2026-01-23,2.245
2026-08-05,2026-08-05,2026-01-26,2.227
2026-08-05,2026-08-05,2026-01-27,2.278
2026-08-05,2026-08-05,2026-01-28,2.314
2026-08-05,2026-08-05,2026-01-29,2.373
2026-08-05,2026-08-05,2026-01-30,2.402
2026-08-05,2026-08-05,2026-02-02,2.207
2026-08-05,2026-08-05,2026-02-03,2.275
2026-08-05,2026-08-05,2026-02-04,2.292
2026-08-05,2026-08-05,2026-02-05,2.27
2026-08-05,2026-08-05,2026-02-06,2.281
2026-08-05,2026-08-05,2026-02-09,2.305
2026-08-05,2026-08-05,2026-02-10,2.288
2026-08-05,2026-08-05,2026-02-11,2.321
2026-08-05,2026-08-05,2026-02-12,2.205
2026-08-05,2026-08-05,2026-02-13,2.314
2026-08-05,2026-08-05,2026-02-16,.
2026-08-05,2026-08-05,2026-02-17,2.32
2026-08-05,2026-08-05,2026-02-18,2.499
2026-08-05,2026-08-05,2026-02-19,2.587
2026-08-05,2026-08-05,2026-02-20,2.563
2026-08-05,2026-08-05,2026-02-23,2.673
2026-08-05,2026-08-05,2026-02-24,2.668
2026-08-05,2026-08-05,2026-02-25,2.617
2026-08-05,2026-08-05,2026-02-26,2.591
2026-08-05,2026-08-05,2026-02-27,2.576
2026-08-05,2026-08-05,2026-03-02,2.875
2026-08-05,2026-08-05,2026-03-03,3.124
2026-08-05,2026-08-05,2026-03-04,3.283
2026-08-05,2026-08-05,2026-03-05,3.421
2026-08-05,2026-08-05,2026-03-06,3.582
2026-08-05,2026-08-05,2026-03-09,3.218
2026-08-05,2026-08-05,2026-03-10,3.316
2026-08-05,2026-08-05,2026-03-11,3.661
2026-08-05,2026-08-05,2026-03-12,3.805
2026-08-05,2026-08-05,2026-03-13,3.794
2026-08-05,2026-08-05,2026-03-16,3.642
2026-08-05,2026-08-05,2026-03-17,3.828
2026-08-05,2026-08-05,2026-03-18,4.193
2026-08-05,2026-08-05,2026-03-19,4.142
2026-08-05,2026-08-05,2026-03-20,4.477
2026-08-05,2026-08-05,2026-03-23,3.952
2026-08-05,2026-08-05,2026-03-24,4.515
2026-08-05,2026-08-05,2026-03-25,4.776
2026-08-05,2026-08-05,2026-03-26,4.845
2026-08-05,2026-08-05,2026-03-27,5.315
2026-08-05,2026-08-05,2026-03-30,5.204
2026-08-05,2026-08-05,2026-03-31,4.933
2026-08-05,2026-08-05,2026-04-01,4.806
2026-08-05,2026-08-05,2026-04-02,5.219
2026-08-05,2026-08-05,2026-04-03,.
2026-08-05,2026-08-05,2026-04-06,5.104
2026-08-05,2026-08-05,2026-04-07,5.068
2026-08-05,2026-08-05,2026-04-08,4.638
2026-08-05,2026-08-05,2026-04-09,4.576
2026-08-05,2026-08-05,2026-04-10,4.253
2026-08-05,2026-08-05,2026-04-13,4.295
2026-08-05,2026-08-05,2026-04-14,4.089
2026-08-05,2026-08-05,2026-04-15,4.152
2026-08-05,2026-08-05,2026-04-16,4.211
2026-08-05,2026-08-05,2026-04-17,3.536
2026-08-05,2026-08-05,2026-04-20,3.651
2026-08-05,2026-08-05,2026-04-21,3.889
2026-08-05,2026-08-05,2026-04-22,4.217
2026-08-05,2026-08-05,2026-04-23,4.32
2026-08-05,2026-08-05,2026-04-24,4.269
2026-08-05,2026-08-05,2026-04-27,4.344
2026-08-05,2026-08-05,2026-04-28,4.265
2026-08-05,2026-08-05,2026-04-29,4.456
2026-08-05,2026-08-05,2026-04-30,4.339
2026-08-05,2026-08-05,2026-05-01,4.109
2026-08-05,2026-08-05,2026-05-04,4.181
2026-08-05,2026-08-05,2026-05-05,4.199
2026-08-05,2026-08-05,2026-05-06,3.92
2026-08-05,2026-08-05,2026-05-07,4.163
2026-08-05,2026-08-05,2026-05-08,4.185
2026-08-05,2026-08-05,2026-05-11,4.289
2026-08-05,2026-08-05,2026-05-12,4.388
2026-08-05,2026-08-05,2026-05-13,4.16
2026-08-05,2026-08-05,2026-05-14,4.127
2026-08-05,2026-08-05,2026-05-15,4.245
2026-08-05,2026-08-05,2026-05-18,4.278
2026-08-05,2026-08-05,2026-05-19,4.415
2026-08-05,2026-08-05,2026-05-20,4.186
2026-08-05,2026-08-05,2026-05-21,4.232
2026-08-05,2026-08-05,2026-05-22,4.224
2026-08-05,2026-08-05,2026-05-25,.
2026-08-05,2026-08-05,2026-05-26,4.254
2026-08-05,2026-08-05,2026-05-27,4.078
2026-08-05,2026-08-05,2026-05-28,4.075
2026-08-05,2026-08-05,2026-05-29,3.958
2026-08-05,2026-08-05,2026-06-01,4.079
2026-08-05,2026-08-05,2026-06-02,4.115
2026-08-05,2026-08-05,2026-06-03,4.269
2026-08-05,2026-08-05,2026-06-04,4.069
2026-08-05,2026-08-05,2026-06-05,3.9
2026-08-05,2026-08-05,2026-06-08,3.714
2026-08-05,2026-08-05,2026-06-09,3.663
2026-08-05,2026-08-05,2026-06-10,3.754
2026-08-05,2026-08-05,2026-06-11,3.58
2026-08-05,2026-08-05,2026-06-12,3.522
2026-08-05,2026-08-05,2026-06-15,3.333
2026-08-05,2026-08-05,2026-06-16,3.247
2026-08-05,2026-08-05,2026-06-17,3.207
2026-08-05,2026-08-05,2026-06-18,3.193
2026-08-05,2026-08-05,2026-06-19,.
2026-08-05,2026-08-05,2026-06-22,3.174
2026-08-05,2026-08-05,2026-06-23,3.238
2026-08-05,2026-08-05,2026-06-24,3.223
2026-08-05,2026-08-05,2026-06-25,3.366
2026-08-05,2026-08-05,2026-06-26,3.287
2026-08-05,2026-08-05,2026-06-29,3.383
2026-08-05,2026-08-05,2026-06-30,3.353
2026-08-05,2026-08-05,2026-07-01,3.268
2026-08-05,2026-08-05,2026-07-02,3.246
2026-08-05,2026-08-05,2026-07-03,.
2026-08-05,2026-08-05,2026-07-06,3.363
2026-08-05,2026-08-05,2026-07-07,3.43
2026-08-05,2026-08-05,2026-07-08,3.778
2026-08-05,2026-08-05,2026-07-09,3.66
2026-08-05,2026-08-05,2026-07-10,3.72
2026-08-05,2026-08-05,2026-07-13,4.016
2026-08-05,2026-08-05,2026-07-14,4.202
2026-08-05,2026-08-05,2026-07-15,4.137
2026-08-05,2026-08-05,2026-07-16,4.231
2026-08-05,2026-08-05,2026-07-17,4.252
2026-08-05,2026-08-05,2026-07-20,4.282
2026-08-05,2026-08-05,2026-07-21,4.236
2026-08-05,2026-08-05,2026-07-22,4.27
2026-08-05,2026-08-05,2026-07-23,4.495
2026-08-05,2026-08-05,2026-07-24,4.37
2026-08-05,2026-08-05,2026-07-27,4.235
2026-08-05,2026-08-05,2026-07-28,4.292
2026-08-05,2026-08-05,2026-07-29,4.522
2026-08-05,2026-08-05,2026-07-30,4.338
2026-08-05,2026-08-05,2026-07-31,4.264
2026-08-05,2026-08-05,2026-08-03,4.006
