realtime_start,realtime_end,date,value
2026-08-03,2026-08-03,2010-01-01,.
2026-08-03,2026-08-03,2010-01-04,2.087
2026-08-03,2026-08-03,2010-01-05,2.094
2026-08-03,2026-08-03,2010-01-06,2.100
2026-08-03,2026-08-03,2010-01-07,2.099
2026-08-03,2026-08-03,2010-01-08,2.127
2026-08-03,2026-08-03,2010-01-11,2.101
2026-08-03,2026-08-03,2010-01-12,2.059
2026-08-03,2026-08-03,2010-01-13,2.032
2026-08-03,2026-08-03,2010-01-14,2.042
2026-08-03,2026-08-03,2010-01-15,2.018
2026-08-03,2026-08-03,2010-01-18,.
2026-08-03,2026-08-03,2010-01-19,2.035
2026-08-03,2026-08-03,2010-01-20,2.006
2026-08-03,2026-08-03,2010-01-21,1.950
2026-08-03,2026-08-03,2010-01-22,1.927
2026-08-03,2026-08-03,2010-01-25,1.964
2026-08-03,2026-08-03,2010-01-26,1.941
2026-08-03,2026-08-03,2010-01-27,1.913
2026-08-03,2026-08-03,2010-01-28,1.892
2026-08-03,2026-08-03,2010-01-29,1.875
2026-08-03,2026-08-03,2010-02-01,1.900
2026-08-03,2026-08-03,2010-02-02,1.978
2026-08-03,2026-08-03,2010-02-03,1.994
2026-08-03,2026-08-03,2010-02-04,1.902
2026-08-03,2026-08-03,2010-02-05,.
2026-08-03,2026-08-03,2010-02-08,1.852
2026-08-03,2026-08-03,2010-02-09,1.889
2026-08-03,2026-08-03,2010-02-10,1.874
2026-08-03,2026-08-03,2010-02-11,1.884
2026-08-03,2026-08-03,2010-02-12,1.885
2026-08-03,2026-08-03,2010-02-15,.
2026-08-03,2026-08-03,2010-02-16,1.957
2026-08-03,2026-08-03,2010-02-17,1.977
2026-08-03,2026-08-03,2010-02-18,2.042
2026-08-03,2026-08-03,2010-02-19,2.072
2026-08-03,2026-08-03,2010-02-22,2.086
2026-08-03,2026-08-03,2010-02-23,2.039
2026-08-03,2026-08-03,2010-02-24,2.075
2026-08-03,2026-08-03,2010-02-25,2.021
2026-08-03,2026-08-03,2010-02-26,2.064
2026-08-03,2026-08-03,2010-03-01,2.033
2026-08-03,2026-08-03,2010-03-02,2.072
2026-08-03,2026-08-03,2010-03-03,2.120
2026-08-03,2026-08-03,2010-03-04,2.135
2026-08-03,2026-08-03,2010-03-05,2.176
2026-08-03,2026-08-03,2010-03-08,2.166
2026-08-03,2026-08-03,2010-03-09,2.149
2026-08-03,2026-08-03,2010-03-10,2.168
2026-08-03,2026-08-03,2010-03-11,2.161
2026-08-03,2026-08-03,2010-03-12,2.145
2026-08-03,2026-08-03,2010-03-15,2.108
2026-08-03,2026-08-03,2010-03-16,2.167
2026-08-03,2026-08-03,2010-03-17,2.197
2026-08-03,2026-08-03,2010-03-18,2.186
2026-08-03,2026-08-03,2010-03-19,2.150
2026-08-03,2026-08-03,2010-03-22,2.138
2026-08-03,2026-08-03,2010-03-23,2.138
2026-08-03,2026-08-03,2010-03-24,2.096
2026-08-03,2026-08-03,2010-03-25,2.088
2026-08-03,2026-08-03,2010-03-26,2.085
2026-08-03,2026-08-03,2010-03-29,2.142
2026-08-03,2026-08-03,2010-03-30,2.155
2026-08-03,2026-08-03,2010-03-31,2.176
2026-08-03,2026-08-03,2010-04-01,2.200
2026-08-03,2026-08-03,2010-04-02,.
2026-08-03,2026-08-03,2010-04-05,2.221
2026-08-03,2026-08-03,2010-04-06,2.215
2026-08-03,2026-08-03,2010-04-07,2.175
2026-08-03,2026-08-03,2010-04-08,2.163
2026-08-03,2026-08-03,2010-04-09,2.153
2026-08-03,2026-08-03,2010-04-12,2.159
2026-08-03,2026-08-03,2010-04-13,2.164
2026-08-03,2026-08-03,2010-04-14,2.200
2026-08-03,2026-08-03,2010-04-15,2.194
2026-08-03,2026-08-03,2010-04-16,2.147
2026-08-03,2026-08-03,2010-04-19,2.118
2026-08-03,2026-08-03,2010-04-20,2.169
2026-08-03,2026-08-03,2010-04-21,2.187
2026-08-03,2026-08-03,2010-04-22,2.195
2026-08-03,2026-08-03,2010-04-23,2.235
2026-08-03,2026-08-03,2010-04-26,2.220
2026-08-03,2026-08-03,2010-04-27,2.192
2026-08-03,2026-08-03,2010-04-28,2.205
2026-08-03,2026-08-03,2010-04-29,2.234
2026-08-03,2026-08-03,2010-04-30,2.274
2026-08-03,2026-08-03,2010-05-03,2.307
2026-08-03,2026-08-03,2010-05-04,2.203
2026-08-03,2026-08-03,2010-05-05,2.100
2026-08-03,2026-08-03,2010-05-06,2.039
2026-08-03,2026-08-03,2010-05-07,2.020
2026-08-03,2026-08-03,2010-05-10,2.069
2026-08-03,2026-08-03,2010-05-11,2.070
2026-08-03,2026-08-03,2010-05-12,2.090
2026-08-03,2026-08-03,2010-05-13,2.065
2026-08-03,2026-08-03,2010-05-14,2.017
2026-08-03,2026-08-03,2010-05-17,1.942
2026-08-03,2026-08-03,2010-05-18,1.932
2026-08-03,2026-08-03,2010-05-19,1.917
2026-08-03,2026-08-03,2010-05-20,1.836
2026-08-03,2026-08-03,2010-05-21,1.854
2026-08-03,2026-08-03,2010-05-24,1.846
2026-08-03,2026-08-03,2010-05-25,1.823
2026-08-03,2026-08-03,2010-05-26,1.832
2026-08-03,2026-08-03,2010-05-27,1.921
2026-08-03,2026-08-03,2010-05-28,1.900
2026-08-03,2026-08-03,2010-05-31,.
2026-08-03,2026-08-03,2010-06-01,1.848
2026-08-03,2026-08-03,2010-06-02,1.922
2026-08-03,2026-08-03,2010-06-03,1.969
2026-08-03,2026-08-03,2010-06-04,1.881
2026-08-03,2026-08-03,2010-06-07,1.871
2026-08-03,2026-08-03,2010-06-08,1.877
2026-08-03,2026-08-03,2010-06-09,1.912
2026-08-03,2026-08-03,2010-06-10,1.969
2026-08-03,2026-08-03,2010-06-11,1.951
2026-08-03,2026-08-03,2010-06-14,1.960
2026-08-03,2026-08-03,2010-06-15,2.012
2026-08-03,2026-08-03,2010-06-16,2.037
2026-08-03,2026-08-03,2010-06-17,2.050
2026-08-03,2026-08-03,2010-06-18,2.047
2026-08-03,2026-08-03,2010-06-21,2.028
2026-08-03,2026-08-03,2010-06-22,2.021
2026-08-03,2026-08-03,2010-06-23,1.967
2026-08-03,2026-08-03,2010-06-24,1.983
2026-08-03,2026-08-03,2010-06-25,2.064
2026-08-03,2026-08-03,2010-06-28,2.027
2026-08-03,2026-08-03,2010-06-29,1.957
2026-08-03,2026-08-03,2010-06-30,1.961
2026-08-03,2026-08-03,2010-07-01,1.896
2026-08-03,2026-08-03,2010-07-02,1.894
2026-08-03,2026-08-03,2010-07-05,.
2026-08-03,2026-08-03,2010-07-06,1.887
2026-08-03,2026-08-03,2010-07-07,1.954
2026-08-03,2026-08-03,2010-07-08,1.982
2026-08-03,2026-08-03,2010-07-09,1.994
2026-08-03,2026-08-03,2010-07-12,1.953
2026-08-03,2026-08-03,2010-07-13,2.003
2026-08-03,2026-08-03,2010-07-14,1.976
2026-08-03,2026-08-03,2010-07-15,1.979
2026-08-03,2026-08-03,2010-07-16,1.960
2026-08-03,2026-08-03,2010-07-19,1.976
2026-08-03,2026-08-03,2010-07-20,1.988
2026-08-03,2026-08-03,2010-07-21,1.971
2026-08-03,2026-08-03,2010-07-22,2.050
2026-08-03,2026-08-03,2010-07-23,2.029
2026-08-03,2026-08-03,2010-07-26,2.007
2026-08-03,2026-08-03,2010-07-27,1.966
2026-08-03,2026-08-03,2010-07-28,1.960
2026-08-03,2026-08-03,2010-07-29,1.994
2026-08-03,2026-08-03,2010-07-30,2.026
2026-08-03,2026-08-03,2010-08-02,2.079
2026-08-03,2026-08-03,2010-08-03,2.094
2026-08-03,2026-08-03,2010-08-04,2.078
2026-08-03,2026-08-03,2010-08-05,2.066
2026-08-03,2026-08-03,2010-08-06,2.038
2026-08-03,2026-08-03,2010-08-09,2.041
2026-08-03,2026-08-03,2010-08-10,2.001
2026-08-03,2026-08-03,2010-08-11,1.902
2026-08-03,2026-08-03,2010-08-12,1.877
2026-08-03,2026-08-03,2010-08-13,1.852
2026-08-03,2026-08-03,2010-08-16,1.839
2026-08-03,2026-08-03,2010-08-17,1.867
2026-08-03,2026-08-03,2010-08-18,1.879
2026-08-03,2026-08-03,2010-08-19,1.846
2026-08-03,2026-08-03,2010-08-20,1.855
2026-08-03,2026-08-03,2010-08-23,1.805
2026-08-03,2026-08-03,2010-08-24,1.789
2026-08-03,2026-08-03,2010-08-25,1.812
2026-08-03,2026-08-03,2010-08-26,1.913
2026-08-03,2026-08-03,2010-08-27,1.970
2026-08-03,2026-08-03,2010-08-30,1.945
2026-08-03,2026-08-03,2010-08-31,1.879
2026-08-03,2026-08-03,2010-09-01,1.891
2026-08-03,2026-08-03,2010-09-02,1.925
2026-08-03,2026-08-03,2010-09-03,1.925
2026-08-03,2026-08-03,2010-09-06,.
2026-08-03,2026-08-03,2010-09-07,1.951
2026-08-03,2026-08-03,2010-09-08,1.968
2026-08-03,2026-08-03,2010-09-09,1.955
2026-08-03,2026-08-03,2010-09-10,2.026
2026-08-03,2026-08-03,2010-09-13,2.026
2026-08-03,2026-08-03,2010-09-14,2.009
2026-08-03,2026-08-03,2010-09-15,1.978
2026-08-03,2026-08-03,2010-09-16,1.936
2026-08-03,2026-08-03,2010-09-17,1.933
2026-08-03,2026-08-03,2010-09-20,1.962
2026-08-03,2026-08-03,2010-09-21,1.912
2026-08-03,2026-08-03,2010-09-22,1.892
2026-08-03,2026-08-03,2010-09-23,1.899
2026-08-03,2026-08-03,2010-09-24,1.942
2026-08-03,2026-08-03,2010-09-27,1.937
2026-08-03,2026-08-03,2010-09-28,1.920
2026-08-03,2026-08-03,2010-09-29,1.955
2026-08-03,2026-08-03,2010-09-30,2.017
2026-08-03,2026-08-03,2010-10-01,2.081
2026-08-03,2026-08-03,2010-10-04,2.092
2026-08-03,2026-08-03,2010-10-05,2.111
2026-08-03,2026-08-03,2010-10-06,2.140
2026-08-03,2026-08-03,2010-10-07,2.103
2026-08-03,2026-08-03,2010-10-08,2.141
2026-08-03,2026-08-03,2010-10-11,2.150
2026-08-03,2026-08-03,2010-10-12,2.100
2026-08-03,2026-08-03,2010-10-13,2.137
2026-08-03,2026-08-03,2010-10-14,2.102
2026-08-03,2026-08-03,2010-10-15,2.070
2026-08-03,2026-08-03,2010-10-18,2.103
2026-08-03,2026-08-03,2010-10-19,1.995
2026-08-03,2026-08-03,2010-10-20,2.032
2026-08-03,2026-08-03,2010-10-21,1.999
2026-08-03,2026-08-03,2010-10-22,2.029
2026-08-03,2026-08-03,2010-10-25,2.023
2026-08-03,2026-08-03,2010-10-26,2.031
2026-08-03,2026-08-03,2010-10-27,2.027
2026-08-03,2026-08-03,2010-10-28,2.024
2026-08-03,2026-08-03,2010-10-29,2.008
2026-08-03,2026-08-03,2010-11-01,2.030
2026-08-03,2026-08-03,2010-11-02,2.044
2026-08-03,2026-08-03,2010-11-03,2.082
2026-08-03,2026-08-03,2010-11-04,2.125
2026-08-03,2026-08-03,2010-11-05,2.129
2026-08-03,2026-08-03,2010-11-08,2.117
2026-08-03,2026-08-03,2010-11-09,2.150
2026-08-03,2026-08-03,2010-11-10,2.193
2026-08-03,2026-08-03,2010-11-11,2.193
2026-08-03,2026-08-03,2010-11-12,2.142
2026-08-03,2026-08-03,2010-11-15,2.118
2026-08-03,2026-08-03,2010-11-16,2.084
2026-08-03,2026-08-03,2010-11-17,2.082
2026-08-03,2026-08-03,2010-11-18,2.138
2026-08-03,2026-08-03,2010-11-19,2.138
2026-08-03,2026-08-03,2010-11-22,2.087
2026-08-03,2026-08-03,2010-11-23,2.050
2026-08-03,2026-08-03,2010-11-24,2.122
2026-08-03,2026-08-03,2010-11-25,.
2026-08-03,2026-08-03,2010-11-26,2.116
2026-08-03,2026-08-03,2010-11-29,2.172
2026-08-03,2026-08-03,2010-11-30,2.145
2026-08-03,2026-08-03,2010-12-01,2.259
2026-08-03,2026-08-03,2010-12-02,2.301
2026-08-03,2026-08-03,2010-12-03,2.310
2026-08-03,2026-08-03,2010-12-06,2.289
2026-08-03,2026-08-03,2010-12-07,2.271
2026-08-03,2026-08-03,2010-12-08,2.265
2026-08-03,2026-08-03,2010-12-09,2.296
2026-08-03,2026-08-03,2010-12-10,2.264
2026-08-03,2026-08-03,2010-12-13,2.255
2026-08-03,2026-08-03,2010-12-14,2.248
2026-08-03,2026-08-03,2010-12-15,2.255
2026-08-03,2026-08-03,2010-12-16,2.251
2026-08-03,2026-08-03,2010-12-17,2.270
2026-08-03,2026-08-03,2010-12-20,2.336
2026-08-03,2026-08-03,2010-12-21,2.364
2026-08-03,2026-08-03,2010-12-22,2.400
2026-08-03,2026-08-03,2010-12-23,2.403
2026-08-03,2026-08-03,2010-12-24,.
2026-08-03,2026-08-03,2010-12-27,2.371
2026-08-03,2026-08-03,2010-12-28,2.354
2026-08-03,2026-08-03,2010-12-29,2.345
2026-08-03,2026-08-03,2010-12-30,2.334
2026-08-03,2026-08-03,2010-12-31,2.387
2026-08-03,2026-08-03,2011-01-03,2.387
2026-08-03,2026-08-03,2011-01-04,2.364
2026-08-03,2026-08-03,2011-01-05,2.403
2026-08-03,2026-08-03,2011-01-06,2.401
2026-08-03,2026-08-03,2011-01-07,2.380
2026-08-03,2026-08-03,2011-01-10,2.404
2026-08-03,2026-08-03,2011-01-11,2.421
2026-08-03,2026-08-03,2011-01-12,2.405
2026-08-03,2026-08-03,2011-01-13,2.394
2026-08-03,2026-08-03,2011-01-14,2.437
2026-08-03,2026-08-03,2011-01-17,.
2026-08-03,2026-08-03,2011-01-18,2.437
2026-08-03,2026-08-03,2011-01-19,2.445
2026-08-03,2026-08-03,2011-01-20,2.385
2026-08-03,2026-08-03,2011-01-21,2.390
2026-08-03,2026-08-03,2011-01-24,2.379
2026-08-03,2026-08-03,2011-01-25,2.307
2026-08-03,2026-08-03,2011-01-26,2.361
2026-08-03,2026-08-03,2011-01-27,2.316
2026-08-03,2026-08-03,2011-01-28,2.396
2026-08-03,2026-08-03,2011-01-31,2.399
2026-08-03,2026-08-03,2011-02-01,2.423
2026-08-03,2026-08-03,2011-02-02,2.421
2026-08-03,2026-08-03,2011-02-03,2.434
2026-08-03,2026-08-03,2011-02-04,2.378
2026-08-03,2026-08-03,2011-02-07,2.414
2026-08-03,2026-08-03,2011-02-08,2.449
2026-08-03,2026-08-03,2011-02-09,2.481
2026-08-03,2026-08-03,2011-02-10,2.433
2026-08-03,2026-08-03,2011-02-11,2.427
2026-08-03,2026-08-03,2011-02-14,2.470
2026-08-03,2026-08-03,2011-02-15,2.438
2026-08-03,2026-08-03,2011-02-16,2.493
2026-08-03,2026-08-03,2011-02-17,2.538
2026-08-03,2026-08-03,2011-02-18,2.505
2026-08-03,2026-08-03,2011-02-21,.
2026-08-03,2026-08-03,2011-02-22,2.565
2026-08-03,2026-08-03,2011-02-23,2.708
2026-08-03,2026-08-03,2011-02-24,2.683
2026-08-03,2026-08-03,2011-02-25,2.736
2026-08-03,2026-08-03,2011-02-28,2.713
2026-08-03,2026-08-03,2011-03-01,2.813
2026-08-03,2026-08-03,2011-03-02,2.868
2026-08-03,2026-08-03,2011-03-03,2.861
2026-08-03,2026-08-03,2011-03-04,2.887
2026-08-03,2026-08-03,2011-03-07,2.841
2026-08-03,2026-08-03,2011-03-08,2.780
2026-08-03,2026-08-03,2011-03-09,2.889
2026-08-03,2026-08-03,2011-03-10,2.893
2026-08-03,2026-08-03,2011-03-11,2.855
2026-08-03,2026-08-03,2011-03-14,2.832
2026-08-03,2026-08-03,2011-03-15,2.678
2026-08-03,2026-08-03,2011-03-16,2.716
2026-08-03,2026-08-03,2011-03-17,2.820
2026-08-03,2026-08-03,2011-03-18,2.828
2026-08-03,2026-08-03,2011-03-21,2.861
2026-08-03,2026-08-03,2011-03-22,2.863
2026-08-03,2026-08-03,2011-03-23,2.879
2026-08-03,2026-08-03,2011-03-24,2.922
2026-08-03,2026-08-03,2011-03-25,2.929
2026-08-03,2026-08-03,2011-03-28,2.902
2026-08-03,2026-08-03,2011-03-29,2.923
2026-08-03,2026-08-03,2011-03-30,2.940
2026-08-03,2026-08-03,2011-03-31,2.986
2026-08-03,2026-08-03,2011-04-01,3.040
2026-08-03,2026-08-03,2011-04-04,3.044
2026-08-03,2026-08-03,2011-04-05,3.068
2026-08-03,2026-08-03,2011-04-06,3.067
2026-08-03,2026-08-03,2011-04-07,3.071
2026-08-03,2026-08-03,2011-04-08,3.153
2026-08-03,2026-08-03,2011-04-11,3.076
2026-08-03,2026-08-03,2011-04-12,3.048
2026-08-03,2026-08-03,2011-04-13,3.125
2026-08-03,2026-08-03,2011-04-14,3.115
2026-08-03,2026-08-03,2011-04-15,3.163
2026-08-03,2026-08-03,2011-04-18,3.129
2026-08-03,2026-08-03,2011-04-19,3.099
2026-08-03,2026-08-03,2011-04-20,3.136
2026-08-03,2026-08-03,2011-04-21,3.170
2026-08-03,2026-08-03,2011-04-22,.
2026-08-03,2026-08-03,2011-04-25,3.163
2026-08-03,2026-08-03,2011-04-26,3.194
2026-08-03,2026-08-03,2011-04-27,3.271
2026-08-03,2026-08-03,2011-04-28,3.265
2026-08-03,2026-08-03,2011-04-29,3.330
2026-08-03,2026-08-03,2011-05-02,3.272
2026-08-03,2026-08-03,2011-05-03,3.248
2026-08-03,2026-08-03,2011-05-04,3.270
2026-08-03,2026-08-03,2011-05-05,3.031
2026-08-03,2026-08-03,2011-05-06,3.090
2026-08-03,2026-08-03,2011-05-09,3.270
2026-08-03,2026-08-03,2011-05-10,3.378
2026-08-03,2026-08-03,2011-05-11,3.163
2026-08-03,2026-08-03,2011-05-12,3.083
2026-08-03,2026-08-03,2011-05-13,3.099
2026-08-03,2026-08-03,2011-05-16,2.942
2026-08-03,2026-08-03,2011-05-17,2.849
2026-08-03,2026-08-03,2011-05-18,2.840
2026-08-03,2026-08-03,2011-05-19,2.793
2026-08-03,2026-08-03,2011-05-20,2.815
2026-08-03,2026-08-03,2011-05-23,2.789
2026-08-03,2026-08-03,2011-05-24,2.850
2026-08-03,2026-08-03,2011-05-25,2.877
2026-08-03,2026-08-03,2011-05-26,2.940
2026-08-03,2026-08-03,2011-05-27,2.982
2026-08-03,2026-08-03,2011-05-30,.
2026-08-03,2026-08-03,2011-05-31,2.920
2026-08-03,2026-08-03,2011-06-01,2.860
2026-08-03,2026-08-03,2011-06-02,2.849
2026-08-03,2026-08-03,2011-06-03,2.996
2026-08-03,2026-08-03,2011-06-06,2.808
2026-08-03,2026-08-03,2011-06-07,2.840
2026-08-03,2026-08-03,2011-06-08,2.826
2026-08-03,2026-08-03,2011-06-09,2.898
2026-08-03,2026-08-03,2011-06-10,2.872
2026-08-03,2026-08-03,2011-06-13,2.855
2026-08-03,2026-08-03,2011-06-14,2.881
2026-08-03,2026-08-03,2011-06-15,2.769
2026-08-03,2026-08-03,2011-06-16,2.782
2026-08-03,2026-08-03,2011-06-17,2.757
2026-08-03,2026-08-03,2011-06-20,2.699
2026-08-03,2026-08-03,2011-06-21,2.660
2026-08-03,2026-08-03,2011-06-22,2.753
2026-08-03,2026-08-03,2011-06-23,2.653
2026-08-03,2026-08-03,2011-06-24,2.608
2026-08-03,2026-08-03,2011-06-27,2.630
2026-08-03,2026-08-03,2011-06-28,2.696
2026-08-03,2026-08-03,2011-06-29,2.827
2026-08-03,2026-08-03,2011-06-30,2.845
2026-08-03,2026-08-03,2011-07-01,2.857
2026-08-03,2026-08-03,2011-07-04,.
2026-08-03,2026-08-03,2011-07-05,2.867
2026-08-03,2026-08-03,2011-07-06,2.893
2026-08-03,2026-08-03,2011-07-07,3.013
2026-08-03,2026-08-03,2011-07-08,2.982
2026-08-03,2026-08-03,2011-07-11,2.954
2026-08-03,2026-08-03,2011-07-12,2.968
2026-08-03,2026-08-03,2011-07-13,3.015
2026-08-03,2026-08-03,2011-07-14,2.997
2026-08-03,2026-08-03,2011-07-15,3.013
2026-08-03,2026-08-03,2011-07-18,2.970
2026-08-03,2026-08-03,2011-07-19,2.991
2026-08-03,2026-08-03,2011-07-20,3.009
2026-08-03,2026-08-03,2011-07-21,2.971
2026-08-03,2026-08-03,2011-07-22,3.011
2026-08-03,2026-08-03,2011-07-25,3.000
2026-08-03,2026-08-03,2011-07-26,3.028
2026-08-03,2026-08-03,2011-07-27,3.002
2026-08-03,2026-08-03,2011-07-28,2.986
2026-08-03,2026-08-03,2011-07-29,2.976
2026-08-03,2026-08-03,2011-08-01,2.963
2026-08-03,2026-08-03,2011-08-02,2.931
2026-08-03,2026-08-03,2011-08-03,2.837
2026-08-03,2026-08-03,2011-08-04,2.630
2026-08-03,2026-08-03,2011-08-05,2.719
2026-08-03,2026-08-03,2011-08-08,2.604
2026-08-03,2026-08-03,2011-08-09,2.612
2026-08-03,2026-08-03,2011-08-10,2.681
2026-08-03,2026-08-03,2011-08-11,2.739
2026-08-03,2026-08-03,2011-08-12,2.729
2026-08-03,2026-08-03,2011-08-15,2.776
2026-08-03,2026-08-03,2011-08-16,2.761
2026-08-03,2026-08-03,2011-08-17,2.779
2026-08-03,2026-08-03,2011-08-18,2.730
2026-08-03,2026-08-03,2011-08-19,2.816
2026-08-03,2026-08-03,2011-08-22,2.787
2026-08-03,2026-08-03,2011-08-23,2.839
2026-08-03,2026-08-03,2011-08-24,2.815
2026-08-03,2026-08-03,2011-08-25,2.890
2026-08-03,2026-08-03,2011-08-26,3.002
2026-08-03,2026-08-03,2011-08-29,2.968
2026-08-03,2026-08-03,2011-08-30,2.890
2026-08-03,2026-08-03,2011-08-31,2.924
2026-08-03,2026-08-03,2011-09-01,2.938
2026-08-03,2026-08-03,2011-09-02,2.879
2026-08-03,2026-08-03,2011-09-05,.
2026-08-03,2026-08-03,2011-09-06,2.828
2026-08-03,2026-08-03,2011-09-07,2.909
2026-08-03,2026-08-03,2011-09-08,2.879
2026-08-03,2026-08-03,2011-09-09,2.749
2026-08-03,2026-08-03,2011-09-12,2.722
2026-08-03,2026-08-03,2011-09-13,2.710
2026-08-03,2026-08-03,2011-09-14,2.677
2026-08-03,2026-08-03,2011-09-15,2.735
2026-08-03,2026-08-03,2011-09-16,2.755
2026-08-03,2026-08-03,2011-09-19,2.645
2026-08-03,2026-08-03,2011-09-20,2.645
2026-08-03,2026-08-03,2011-09-21,2.592
2026-08-03,2026-08-03,2011-09-22,2.510
2026-08-03,2026-08-03,2011-09-23,2.520
2026-08-03,2026-08-03,2011-09-26,2.513
2026-08-03,2026-08-03,2011-09-27,2.647
2026-08-03,2026-08-03,2011-09-28,2.563
2026-08-03,2026-08-03,2011-09-29,2.572
2026-08-03,2026-08-03,2011-09-30,2.553
2026-08-03,2026-08-03,2011-10-03,2.541
2026-08-03,2026-08-03,2011-10-04,2.572
2026-08-03,2026-08-03,2011-10-05,2.629
2026-08-03,2026-08-03,2011-10-06,2.729
2026-08-03,2026-08-03,2011-10-07,2.693
2026-08-03,2026-08-03,2011-10-10,2.740
2026-08-03,2026-08-03,2011-10-11,2.790
2026-08-03,2026-08-03,2011-10-12,2.752
2026-08-03,2026-08-03,2011-10-13,2.778
2026-08-03,2026-08-03,2011-10-14,2.828
2026-08-03,2026-08-03,2011-10-17,2.709
2026-08-03,2026-08-03,2011-10-18,2.726
2026-08-03,2026-08-03,2011-10-19,2.680
2026-08-03,2026-08-03,2011-10-20,2.683
2026-08-03,2026-08-03,2011-10-21,2.670
2026-08-03,2026-08-03,2011-10-24,2.666
2026-08-03,2026-08-03,2011-10-25,2.702
2026-08-03,2026-08-03,2011-10-26,2.647
2026-08-03,2026-08-03,2011-10-27,2.725
2026-08-03,2026-08-03,2011-10-28,2.637
2026-08-03,2026-08-03,2011-10-31,2.576
2026-08-03,2026-08-03,2011-11-01,2.616
2026-08-03,2026-08-03,2011-11-02,2.616
2026-08-03,2026-08-03,2011-11-03,2.628
2026-08-03,2026-08-03,2011-11-04,2.668
2026-08-03,2026-08-03,2011-11-07,2.721
2026-08-03,2026-08-03,2011-11-08,2.690
2026-08-03,2026-08-03,2011-11-09,2.609
2026-08-03,2026-08-03,2011-11-10,2.590
2026-08-03,2026-08-03,2011-11-11,2.556
2026-08-03,2026-08-03,2011-11-14,2.487
2026-08-03,2026-08-03,2011-11-15,2.530
2026-08-03,2026-08-03,2011-11-16,2.526
2026-08-03,2026-08-03,2011-11-17,2.435
2026-08-03,2026-08-03,2011-11-18,2.405
2026-08-03,2026-08-03,2011-11-21,2.443
2026-08-03,2026-08-03,2011-11-22,2.495
2026-08-03,2026-08-03,2011-11-23,2.458
2026-08-03,2026-08-03,2011-11-24,.
2026-08-03,2026-08-03,2011-11-25,2.416
2026-08-03,2026-08-03,2011-11-28,2.452
2026-08-03,2026-08-03,2011-11-29,2.479
2026-08-03,2026-08-03,2011-11-30,2.500
2026-08-03,2026-08-03,2011-12-01,2.535
2026-08-03,2026-08-03,2011-12-02,2.563
2026-08-03,2026-08-03,2011-12-05,2.533
2026-08-03,2026-08-03,2011-12-06,2.577
2026-08-03,2026-08-03,2011-12-07,2.513
2026-08-03,2026-08-03,2011-12-08,2.492
2026-08-03,2026-08-03,2011-12-09,2.547
2026-08-03,2026-08-03,2011-12-12,2.505
2026-08-03,2026-08-03,2011-12-13,2.550
2026-08-03,2026-08-03,2011-12-14,2.449
2026-08-03,2026-08-03,2011-12-15,2.446
2026-08-03,2026-08-03,2011-12-16,2.466
2026-08-03,2026-08-03,2011-12-19,2.462
2026-08-03,2026-08-03,2011-12-20,2.533
2026-08-03,2026-08-03,2011-12-21,2.555
2026-08-03,2026-08-03,2011-12-22,2.585
2026-08-03,2026-08-03,2011-12-23,2.647
2026-08-03,2026-08-03,2011-12-26,.
2026-08-03,2026-08-03,2011-12-27,2.622
2026-08-03,2026-08-03,2011-12-28,2.595
2026-08-03,2026-08-03,2011-12-29,2.637
2026-08-03,2026-08-03,2011-12-30,2.614
2026-08-03,2026-08-03,2012-01-02,.
2026-08-03,2026-08-03,2012-01-03,2.707
2026-08-03,2026-08-03,2012-01-04,2.730
2026-08-03,2026-08-03,2012-01-05,2.683
2026-08-03,2026-08-03,2012-01-06,2.717
2026-08-03,2026-08-03,2012-01-09,2.717
2026-08-03,2026-08-03,2012-01-10,2.737
2026-08-03,2026-08-03,2012-01-11,2.754
2026-08-03,2026-08-03,2012-01-12,2.723
2026-08-03,2026-08-03,2012-01-13,2.746
2026-08-03,2026-08-03,2012-01-16,.
2026-08-03,2026-08-03,2012-01-17,2.763
2026-08-03,2026-08-03,2012-01-18,2.822
2026-08-03,2026-08-03,2012-01-19,2.812
2026-08-03,2026-08-03,2012-01-20,2.766
2026-08-03,2026-08-03,2012-01-23,2.765
2026-08-03,2026-08-03,2012-01-24,2.793
2026-08-03,2026-08-03,2012-01-25,2.817
2026-08-03,2026-08-03,2012-01-26,2.826
2026-08-03,2026-08-03,2012-01-27,2.934
2026-08-03,2026-08-03,2012-01-30,2.860
2026-08-03,2026-08-03,2012-01-31,2.874
2026-08-03,2026-08-03,2012-02-01,2.877
2026-08-03,2026-08-03,2012-02-02,2.864
2026-08-03,2026-08-03,2012-02-03,2.900
2026-08-03,2026-08-03,2012-02-06,2.919
2026-08-03,2026-08-03,2012-02-07,2.901
2026-08-03,2026-08-03,2012-02-08,2.964
2026-08-03,2026-08-03,2012-02-09,2.994
2026-08-03,2026-08-03,2012-02-10,2.961
2026-08-03,2026-08-03,2012-02-13,2.982
2026-08-03,2026-08-03,2012-02-14,2.957
2026-08-03,2026-08-03,2012-02-15,2.978
2026-08-03,2026-08-03,2012-02-16,3.013
2026-08-03,2026-08-03,2012-02-17,3.008
2026-08-03,2026-08-03,2012-02-20,.
2026-08-03,2026-08-03,2012-02-21,3.041
2026-08-03,2026-08-03,2012-02-22,3.113
2026-08-03,2026-08-03,2012-02-23,3.140
2026-08-03,2026-08-03,2012-02-24,3.166
2026-08-03,2026-08-03,2012-02-27,3.113
2026-08-03,2026-08-03,2012-02-28,3.035
2026-08-03,2026-08-03,2012-02-29,3.050
2026-08-03,2026-08-03,2012-03-01,3.107
2026-08-03,2026-08-03,2012-03-02,3.031
2026-08-03,2026-08-03,2012-03-05,3.073
2026-08-03,2026-08-03,2012-03-06,3.047
2026-08-03,2026-08-03,2012-03-07,3.127
2026-08-03,2026-08-03,2012-03-08,3.114
2026-08-03,2026-08-03,2012-03-09,3.159
2026-08-03,2026-08-03,2012-03-12,3.148
2026-08-03,2026-08-03,2012-03-13,3.177
2026-08-03,2026-08-03,2012-03-14,3.148
2026-08-03,2026-08-03,2012-03-15,3.112
2026-08-03,2026-08-03,2012-03-16,3.190
2026-08-03,2026-08-03,2012-03-19,3.203
2026-08-03,2026-08-03,2012-03-20,3.219
2026-08-03,2026-08-03,2012-03-21,3.215
2026-08-03,2026-08-03,2012-03-22,3.202
2026-08-03,2026-08-03,2012-03-23,3.236
2026-08-03,2026-08-03,2012-03-26,3.254
2026-08-03,2026-08-03,2012-03-27,3.244
2026-08-03,2026-08-03,2012-03-28,3.250
2026-08-03,2026-08-03,2012-03-29,3.239
2026-08-03,2026-08-03,2012-03-30,3.215
2026-08-03,2026-08-03,2012-04-02,3.272
2026-08-03,2026-08-03,2012-04-03,3.306
2026-08-03,2026-08-03,2012-04-04,3.226
2026-08-03,2026-08-03,2012-04-05,3.197
2026-08-03,2026-08-03,2012-04-06,.
2026-08-03,2026-08-03,2012-04-09,3.175
2026-08-03,2026-08-03,2012-04-10,3.118
2026-08-03,2026-08-03,2012-04-11,3.135
2026-08-03,2026-08-03,2012-04-12,3.232
2026-08-03,2026-08-03,2012-04-13,3.207
2026-08-03,2026-08-03,2012-04-16,3.142
2026-08-03,2026-08-03,2012-04-17,3.094
2026-08-03,2026-08-03,2012-04-18,3.068
2026-08-03,2026-08-03,2012-04-19,2.999
2026-08-03,2026-08-03,2012-04-20,2.994
2026-08-03,2026-08-03,2012-04-23,3.021
2026-08-03,2026-08-03,2012-04-24,2.972
2026-08-03,2026-08-03,2012-04-25,2.974
2026-08-03,2026-08-03,2012-04-26,2.984
2026-08-03,2026-08-03,2012-04-27,2.984
2026-08-03,2026-08-03,2012-04-30,2.922
2026-08-03,2026-08-03,2012-05-01,2.920
2026-08-03,2026-08-03,2012-05-02,2.904
2026-08-03,2026-08-03,2012-05-03,2.850
2026-08-03,2026-08-03,2012-05-04,2.784
2026-08-03,2026-08-03,2012-05-07,2.800
2026-08-03,2026-08-03,2012-05-08,2.843
2026-08-03,2026-08-03,2012-05-09,2.837
2026-08-03,2026-08-03,2012-05-10,2.823
2026-08-03,2026-08-03,2012-05-11,2.827
2026-08-03,2026-08-03,2012-05-14,2.824
2026-08-03,2026-08-03,2012-05-15,2.785
2026-08-03,2026-08-03,2012-05-16,2.754
2026-08-03,2026-08-03,2012-05-17,2.704
2026-08-03,2026-08-03,2012-05-18,2.708
2026-08-03,2026-08-03,2012-05-21,2.733
2026-08-03,2026-08-03,2012-05-22,2.717
2026-08-03,2026-08-03,2012-05-23,2.745
2026-08-03,2026-08-03,2012-05-24,2.744
2026-08-03,2026-08-03,2012-05-25,2.757
2026-08-03,2026-08-03,2012-05-28,.
2026-08-03,2026-08-03,2012-05-29,2.821
2026-08-03,2026-08-03,2012-05-30,2.671
2026-08-03,2026-08-03,2012-05-31,2.609
2026-08-03,2026-08-03,2012-06-01,2.548
2026-08-03,2026-08-03,2012-06-04,2.557
2026-08-03,2026-08-03,2012-06-05,2.577
2026-08-03,2026-08-03,2012-06-06,2.598
2026-08-03,2026-08-03,2012-06-07,2.581
2026-08-03,2026-08-03,2012-06-08,2.610
2026-08-03,2026-08-03,2012-06-11,2.542
2026-08-03,2026-08-03,2012-06-12,2.560
2026-08-03,2026-08-03,2012-06-13,2.573
2026-08-03,2026-08-03,2012-06-14,.
2026-08-03,2026-08-03,2012-06-15,2.614
2026-08-03,2026-08-03,2012-06-18,2.515
2026-08-03,2026-08-03,2012-06-19,2.505
2026-08-03,2026-08-03,2012-06-20,2.447
2026-08-03,2026-08-03,2012-06-21,2.406
2026-08-03,2026-08-03,2012-06-22,2.445
2026-08-03,2026-08-03,2012-06-25,2.466
2026-08-03,2026-08-03,2012-06-26,2.426
2026-08-03,2026-08-03,2012-06-27,2.391
2026-08-03,2026-08-03,2012-06-28,2.369
2026-08-03,2026-08-03,2012-06-29,2.513
2026-08-03,2026-08-03,2012-07-02,2.506
2026-08-03,2026-08-03,2012-07-03,2.614
2026-08-03,2026-08-03,2012-07-04,.
2026-08-03,2026-08-03,2012-07-05,2.649
2026-08-03,2026-08-03,2012-07-06,2.566
2026-08-03,2026-08-03,2012-07-09,2.612
2026-08-03,2026-08-03,2012-07-10,2.596
2026-08-03,2026-08-03,2012-07-11,2.605
2026-08-03,2026-08-03,2012-07-12,2.627
2026-08-03,2026-08-03,2012-07-13,2.628
2026-08-03,2026-08-03,2012-07-16,2.672
2026-08-03,2026-08-03,2012-07-17,2.669
2026-08-03,2026-08-03,2012-07-18,2.688
2026-08-03,2026-08-03,2012-07-19,2.738
2026-08-03,2026-08-03,2012-07-20,2.747
2026-08-03,2026-08-03,2012-07-23,2.691
2026-08-03,2026-08-03,2012-07-24,2.612
2026-08-03,2026-08-03,2012-07-25,2.611
2026-08-03,2026-08-03,2012-07-26,2.623
2026-08-03,2026-08-03,2012-07-27,2.685
2026-08-03,2026-08-03,2012-07-30,2.713
2026-08-03,2026-08-03,2012-07-31,2.696
2026-08-03,2026-08-03,2012-08-01,2.791
2026-08-03,2026-08-03,2012-08-02,2.813
2026-08-03,2026-08-03,2012-08-03,2.892
2026-08-03,2026-08-03,2012-08-06,2.891
2026-08-03,2026-08-03,2012-08-07,2.913
2026-08-03,2026-08-03,2012-08-08,2.891
2026-08-03,2026-08-03,2012-08-09,2.909
2026-08-03,2026-08-03,2012-08-10,2.930
2026-08-03,2026-08-03,2012-08-13,2.925
2026-08-03,2026-08-03,2012-08-14,2.903
2026-08-03,2026-08-03,2012-08-15,2.973
2026-08-03,2026-08-03,2012-08-16,2.946
2026-08-03,2026-08-03,2012-08-17,2.904
2026-08-03,2026-08-03,2012-08-20,2.904
2026-08-03,2026-08-03,2012-08-21,2.945
2026-08-03,2026-08-03,2012-08-22,3.006
2026-08-03,2026-08-03,2012-08-23,3.027
2026-08-03,2026-08-03,2012-08-24,3.013
2026-08-03,2026-08-03,2012-08-27,3.098
2026-08-03,2026-08-03,2012-08-28,3.324
2026-08-03,2026-08-03,2012-08-29,3.058
2026-08-03,2026-08-03,2012-08-30,3.082
2026-08-03,2026-08-03,2012-08-31,3.133
2026-08-03,2026-08-03,2012-09-03,.
2026-08-03,2026-08-03,2012-09-04,3.034
2026-08-03,2026-08-03,2012-09-05,3.071
2026-08-03,2026-08-03,2012-09-06,3.065
2026-08-03,2026-08-03,2012-09-07,3.144
2026-08-03,2026-08-03,2012-09-10,3.137
2026-08-03,2026-08-03,2012-09-11,3.174
2026-08-03,2026-08-03,2012-09-12,3.059
2026-08-03,2026-08-03,2012-09-13,3.033
2026-08-03,2026-08-03,2012-09-14,3.092
2026-08-03,2026-08-03,2012-09-17,3.029
2026-08-03,2026-08-03,2012-09-18,2.975
2026-08-03,2026-08-03,2012-09-19,2.928
2026-08-03,2026-08-03,2012-09-20,2.958
2026-08-03,2026-08-03,2012-09-21,3.012
2026-08-03,2026-08-03,2012-09-24,2.921
2026-08-03,2026-08-03,2012-09-25,2.960
2026-08-03,2026-08-03,2012-09-26,2.972
2026-08-03,2026-08-03,2012-09-27,3.052
2026-08-03,2026-08-03,2012-09-28,3.027
2026-08-03,2026-08-03,2012-10-01,3.032
2026-08-03,2026-08-03,2012-10-02,2.982
2026-08-03,2026-08-03,2012-10-03,2.906
2026-08-03,2026-08-03,2012-10-04,3.051
2026-08-03,2026-08-03,2012-10-05,3.087
2026-08-03,2026-08-03,2012-10-08,3.041
2026-08-03,2026-08-03,2012-10-09,3.096
2026-08-03,2026-08-03,2012-10-10,3.074
2026-08-03,2026-08-03,2012-10-11,3.037
2026-08-03,2026-08-03,2012-10-12,2.928
2026-08-03,2026-08-03,2012-10-15,2.860
2026-08-03,2026-08-03,2012-10-16,2.838
2026-08-03,2026-08-03,2012-10-17,2.721
2026-08-03,2026-08-03,2012-10-18,2.683
2026-08-03,2026-08-03,2012-10-19,2.643
2026-08-03,2026-08-03,2012-10-22,2.521
2026-08-03,2026-08-03,2012-10-23,2.523
2026-08-03,2026-08-03,2012-10-24,2.479
2026-08-03,2026-08-03,2012-10-25,2.523
2026-08-03,2026-08-03,2012-10-26,2.533
2026-08-03,2026-08-03,2012-10-29,2.481
2026-08-03,2026-08-03,2012-10-30,2.434
2026-08-03,2026-08-03,2012-10-31,2.425
2026-08-03,2026-08-03,2012-11-01,2.490
2026-08-03,2026-08-03,2012-11-02,2.433
2026-08-03,2026-08-03,2012-11-05,2.535
2026-08-03,2026-08-03,2012-11-06,2.598
2026-08-03,2026-08-03,2012-11-07,2.459
2026-08-03,2026-08-03,2012-11-08,2.436
2026-08-03,2026-08-03,2012-11-09,2.529
2026-08-03,2026-08-03,2012-11-12,2.499
2026-08-03,2026-08-03,2012-11-13,2.463
2026-08-03,2026-08-03,2012-11-14,2.491
2026-08-03,2026-08-03,2012-11-15,2.515
2026-08-03,2026-08-03,2012-11-16,2.600
2026-08-03,2026-08-03,2012-11-19,2.615
2026-08-03,2026-08-03,2012-11-20,2.585
2026-08-03,2026-08-03,2012-11-21,.
2026-08-03,2026-08-03,2012-11-22,.
2026-08-03,2026-08-03,2012-11-23,2.566
2026-08-03,2026-08-03,2012-11-26,2.555
2026-08-03,2026-08-03,2012-11-27,2.516
2026-08-03,2026-08-03,2012-11-28,2.508
2026-08-03,2026-08-03,2012-11-29,2.529
2026-08-03,2026-08-03,2012-11-30,2.520
2026-08-03,2026-08-03,2012-12-03,2.472
2026-08-03,2026-08-03,2012-12-04,2.497
2026-08-03,2026-08-03,2012-12-05,2.478
2026-08-03,2026-08-03,2012-12-06,2.418
2026-08-03,2026-08-03,2012-12-07,2.412
2026-08-03,2026-08-03,2012-12-10,2.350
2026-08-03,2026-08-03,2012-12-11,2.318
2026-08-03,2026-08-03,2012-12-12,2.393
2026-08-03,2026-08-03,2012-12-13,2.328
2026-08-03,2026-08-03,2012-12-14,2.333
2026-08-03,2026-08-03,2012-12-17,2.370
2026-08-03,2026-08-03,2012-12-18,2.432
2026-08-03,2026-08-03,2012-12-19,2.492
2026-08-03,2026-08-03,2012-12-20,2.585
2026-08-03,2026-08-03,2012-12-21,2.565
2026-08-03,2026-08-03,2012-12-24,2.582
2026-08-03,2026-08-03,2012-12-25,.
2026-08-03,2026-08-03,2012-12-26,2.608
2026-08-03,2026-08-03,2012-12-27,2.617
2026-08-03,2026-08-03,2012-12-28,2.644
2026-08-03,2026-08-03,2012-12-31,2.608
2026-08-03,2026-08-03,2013-01-01,.
2026-08-03,2026-08-03,2013-01-02,2.639
2026-08-03,2026-08-03,2013-01-03,2.651
2026-08-03,2026-08-03,2013-01-04,2.672
2026-08-03,2026-08-03,2013-01-07,2.653
2026-08-03,2026-08-03,2013-01-08,2.682
2026-08-03,2026-08-03,2013-01-09,2.641
2026-08-03,2026-08-03,2013-01-10,2.651
2026-08-03,2026-08-03,2013-01-11,2.605
2026-08-03,2026-08-03,2013-01-14,2.610
2026-08-03,2026-08-03,2013-01-15,2.563
2026-08-03,2026-08-03,2013-01-16,2.587
2026-08-03,2026-08-03,2013-01-17,2.624
2026-08-03,2026-08-03,2013-01-18,2.649
2026-08-03,2026-08-03,2013-01-21,.
2026-08-03,2026-08-03,2013-01-22,2.660
2026-08-03,2026-08-03,2013-01-23,2.662
2026-08-03,2026-08-03,2013-01-24,2.665
2026-08-03,2026-08-03,2013-01-25,2.689
2026-08-03,2026-08-03,2013-01-28,2.730
2026-08-03,2026-08-03,2013-01-29,2.738
2026-08-03,2026-08-03,2013-01-30,2.836
2026-08-03,2026-08-03,2013-01-31,2.850
2026-08-03,2026-08-03,2013-02-01,2.867
2026-08-03,2026-08-03,2013-02-04,2.810
2026-08-03,2026-08-03,2013-02-05,2.828
2026-08-03,2026-08-03,2013-02-06,2.828
2026-08-03,2026-08-03,2013-02-07,2.796
2026-08-03,2026-08-03,2013-02-08,2.880
2026-08-03,2026-08-03,2013-02-11,2.873
2026-08-03,2026-08-03,2013-02-12,2.900
2026-08-03,2026-08-03,2013-02-13,2.921
2026-08-03,2026-08-03,2013-02-14,3.032
2026-08-03,2026-08-03,2013-02-15,3.112
2026-08-03,2026-08-03,2013-02-18,.
2026-08-03,2026-08-03,2013-02-19,3.088
2026-08-03,2026-08-03,2013-02-20,3.046
2026-08-03,2026-08-03,2013-02-21,3.004
2026-08-03,2026-08-03,2013-02-22,3.023
2026-08-03,2026-08-03,2013-02-25,2.956
2026-08-03,2026-08-03,2013-02-26,2.917
2026-08-03,2026-08-03,2013-02-27,2.816
2026-08-03,2026-08-03,2013-02-28,2.831
2026-08-03,2026-08-03,2013-03-01,3.099
2026-08-03,2026-08-03,2013-03-04,2.851
2026-08-03,2026-08-03,2013-03-05,2.896
2026-08-03,2026-08-03,2013-03-06,2.869
2026-08-03,2026-08-03,2013-03-07,2.864
2026-08-03,2026-08-03,2013-03-08,2.958
2026-08-03,2026-08-03,2013-03-11,2.900
2026-08-03,2026-08-03,2013-03-12,2.896
2026-08-03,2026-08-03,2013-03-13,2.952
2026-08-03,2026-08-03,2013-03-14,2.965
2026-08-03,2026-08-03,2013-03-15,2.956
2026-08-03,2026-08-03,2013-03-18,2.903
2026-08-03,2026-08-03,2013-03-19,2.805
2026-08-03,2026-08-03,2013-03-20,2.873
2026-08-03,2026-08-03,2013-03-21,2.830
2026-08-03,2026-08-03,2013-03-22,2.850
2026-08-03,2026-08-03,2013-03-25,2.849
2026-08-03,2026-08-03,2013-03-26,2.898
2026-08-03,2026-08-03,2013-03-27,2.898
2026-08-03,2026-08-03,2013-03-28,2.899
2026-08-03,2026-08-03,2013-03-29,.
2026-08-03,2026-08-03,2013-04-01,2.892
2026-08-03,2026-08-03,2013-04-02,2.800
2026-08-03,2026-08-03,2013-04-03,2.654
2026-08-03,2026-08-03,2013-04-04,2.639
2026-08-03,2026-08-03,2013-04-05,2.638
2026-08-03,2026-08-03,2013-04-08,2.715
2026-08-03,2026-08-03,2013-04-09,2.737
2026-08-03,2026-08-03,2013-04-10,2.672
2026-08-03,2026-08-03,2013-04-11,2.648
2026-08-03,2026-08-03,2013-04-12,2.616
2026-08-03,2026-08-03,2013-04-15,2.583
2026-08-03,2026-08-03,2013-04-16,2.674
2026-08-03,2026-08-03,2013-04-17,2.662
2026-08-03,2026-08-03,2013-04-18,2.695
2026-08-03,2026-08-03,2013-04-19,2.679
2026-08-03,2026-08-03,2013-04-22,2.695
2026-08-03,2026-08-03,2013-04-23,2.610
2026-08-03,2026-08-03,2013-04-24,2.645
2026-08-03,2026-08-03,2013-04-25,2.691
2026-08-03,2026-08-03,2013-04-26,2.729
2026-08-03,2026-08-03,2013-04-29,2.725
2026-08-03,2026-08-03,2013-04-30,2.675
2026-08-03,2026-08-03,2013-05-01,2.604
2026-08-03,2026-08-03,2013-05-02,2.683
2026-08-03,2026-08-03,2013-05-03,2.730
2026-08-03,2026-08-03,2013-05-06,2.760
2026-08-03,2026-08-03,2013-05-07,2.737
2026-08-03,2026-08-03,2013-05-08,2.769
2026-08-03,2026-08-03,2013-05-09,2.774
2026-08-03,2026-08-03,2013-05-10,2.737
2026-08-03,2026-08-03,2013-05-13,2.719
2026-08-03,2026-08-03,2013-05-14,2.730
2026-08-03,2026-08-03,2013-05-15,2.767
2026-08-03,2026-08-03,2013-05-16,2.780
2026-08-03,2026-08-03,2013-05-17,2.795
2026-08-03,2026-08-03,2013-05-20,2.779
2026-08-03,2026-08-03,2013-05-21,2.666
2026-08-03,2026-08-03,2013-05-22,2.653
2026-08-03,2026-08-03,2013-05-23,2.652
2026-08-03,2026-08-03,2013-05-24,2.653
2026-08-03,2026-08-03,2013-05-27,.
2026-08-03,2026-08-03,2013-05-28,2.679
2026-08-03,2026-08-03,2013-05-29,2.650
2026-08-03,2026-08-03,2013-05-30,2.659
2026-08-03,2026-08-03,2013-05-31,2.608
2026-08-03,2026-08-03,2013-06-03,2.657
2026-08-03,2026-08-03,2013-06-04,2.697
2026-08-03,2026-08-03,2013-06-05,2.691
2026-08-03,2026-08-03,2013-06-06,2.730
2026-08-03,2026-08-03,2013-06-07,2.757
2026-08-03,2026-08-03,2013-06-10,2.726
2026-08-03,2026-08-03,2013-06-11,2.731
2026-08-03,2026-08-03,2013-06-12,2.711
2026-08-03,2026-08-03,2013-06-13,2.757
2026-08-03,2026-08-03,2013-06-14,2.835
2026-08-03,2026-08-03,2013-06-17,2.806
2026-08-03,2026-08-03,2013-06-18,2.772
2026-08-03,2026-08-03,2013-06-19,2.758
2026-08-03,2026-08-03,2013-06-20,2.642
2026-08-03,2026-08-03,2013-06-21,2.617
2026-08-03,2026-08-03,2013-06-24,2.585
2026-08-03,2026-08-03,2013-06-25,2.567
2026-08-03,2026-08-03,2013-06-26,2.567
2026-08-03,2026-08-03,2013-06-27,2.561
2026-08-03,2026-08-03,2013-06-28,2.584
2026-08-03,2026-08-03,2013-07-01,2.603
2026-08-03,2026-08-03,2013-07-02,2.630
2026-08-03,2026-08-03,2013-07-03,2.690
2026-08-03,2026-08-03,2013-07-04,.
2026-08-03,2026-08-03,2013-07-05,2.731
2026-08-03,2026-08-03,2013-07-08,2.730
2026-08-03,2026-08-03,2013-07-09,2.797
2026-08-03,2026-08-03,2013-07-10,2.887
2026-08-03,2026-08-03,2013-07-11,2.900
2026-08-03,2026-08-03,2013-07-12,2.976
2026-08-03,2026-08-03,2013-07-15,2.967
2026-08-03,2026-08-03,2013-07-16,2.965
2026-08-03,2026-08-03,2013-07-17,2.939
2026-08-03,2026-08-03,2013-07-18,2.947
2026-08-03,2026-08-03,2013-07-19,2.947
2026-08-03,2026-08-03,2013-07-22,2.853
2026-08-03,2026-08-03,2013-07-23,2.875
2026-08-03,2026-08-03,2013-07-24,2.880
2026-08-03,2026-08-03,2013-07-25,2.879
2026-08-03,2026-08-03,2013-07-26,2.914
2026-08-03,2026-08-03,2013-07-29,2.875
2026-08-03,2026-08-03,2013-07-30,2.876
2026-08-03,2026-08-03,2013-07-31,2.908
2026-08-03,2026-08-03,2013-08-01,2.915
2026-08-03,2026-08-03,2013-08-02,2.863
2026-08-03,2026-08-03,2013-08-05,2.812
2026-08-03,2026-08-03,2013-08-06,2.778
2026-08-03,2026-08-03,2013-08-07,2.748
2026-08-03,2026-08-03,2013-08-08,2.746
2026-08-03,2026-08-03,2013-08-09,2.799
2026-08-03,2026-08-03,2013-08-12,2.806
2026-08-03,2026-08-03,2013-08-13,2.855
2026-08-03,2026-08-03,2013-08-14,2.879
2026-08-03,2026-08-03,2013-08-15,2.879
2026-08-03,2026-08-03,2013-08-16,2.871
2026-08-03,2026-08-03,2013-08-19,2.828
2026-08-03,2026-08-03,2013-08-20,2.833
2026-08-03,2026-08-03,2013-08-21,2.882
2026-08-03,2026-08-03,2013-08-22,2.915
2026-08-03,2026-08-03,2013-08-23,2.948
2026-08-03,2026-08-03,2013-08-26,2.883
2026-08-03,2026-08-03,2013-08-27,2.953
2026-08-03,2026-08-03,2013-08-28,2.968
2026-08-03,2026-08-03,2013-08-29,2.901
2026-08-03,2026-08-03,2013-08-30,2.875
2026-08-03,2026-08-03,2013-09-02,.
2026-08-03,2026-08-03,2013-09-03,2.840
2026-08-03,2026-08-03,2013-09-04,2.813
2026-08-03,2026-08-03,2013-09-05,2.690
2026-08-03,2026-08-03,2013-09-06,2.702
2026-08-03,2026-08-03,2013-09-09,2.645
2026-08-03,2026-08-03,2013-09-10,2.573
2026-08-03,2026-08-03,2013-09-11,2.554
2026-08-03,2026-08-03,2013-09-12,2.678
2026-08-03,2026-08-03,2013-09-13,2.682
2026-08-03,2026-08-03,2013-09-16,2.597
2026-08-03,2026-08-03,2013-09-17,2.526
2026-08-03,2026-08-03,2013-09-18,2.598
2026-08-03,2026-08-03,2013-09-19,2.562
2026-08-03,2026-08-03,2013-09-20,2.540
2026-08-03,2026-08-03,2013-09-23,2.470
2026-08-03,2026-08-03,2013-09-24,2.515
2026-08-03,2026-08-03,2013-09-25,2.523
2026-08-03,2026-08-03,2013-09-26,2.554
2026-08-03,2026-08-03,2013-09-27,2.513
2026-08-03,2026-08-03,2013-09-30,2.502
2026-08-03,2026-08-03,2013-10-01,2.494
2026-08-03,2026-08-03,2013-10-02,2.454
2026-08-03,2026-08-03,2013-10-03,2.494
2026-08-03,2026-08-03,2013-10-04,2.481
2026-08-03,2026-08-03,2013-10-07,2.485
2026-08-03,2026-08-03,2013-10-08,2.510
2026-08-03,2026-08-03,2013-10-09,2.500
2026-08-03,2026-08-03,2013-10-10,2.601
2026-08-03,2026-08-03,2013-10-11,2.576
2026-08-03,2026-08-03,2013-10-14,2.565
2026-08-03,2026-08-03,2013-10-15,2.573
2026-08-03,2026-08-03,2013-10-16,2.612
2026-08-03,2026-08-03,2013-10-17,2.535
2026-08-03,2026-08-03,2013-10-18,2.569
2026-08-03,2026-08-03,2013-10-21,2.509
2026-08-03,2026-08-03,2013-10-22,2.459
2026-08-03,2026-08-03,2013-10-23,2.373
2026-08-03,2026-08-03,2013-10-24,2.372
2026-08-03,2026-08-03,2013-10-25,2.411
2026-08-03,2026-08-03,2013-10-28,2.435
2026-08-03,2026-08-03,2013-10-29,2.407
2026-08-03,2026-08-03,2013-10-30,2.447
2026-08-03,2026-08-03,2013-10-31,2.412
2026-08-03,2026-08-03,2013-11-01,2.336
2026-08-03,2026-08-03,2013-11-04,2.305
2026-08-03,2026-08-03,2013-11-05,2.280
2026-08-03,2026-08-03,2013-11-06,2.304
2026-08-03,2026-08-03,2013-11-07,2.253
2026-08-03,2026-08-03,2013-11-08,2.343
2026-08-03,2026-08-03,2013-11-11,2.400
2026-08-03,2026-08-03,2013-11-12,2.395
2026-08-03,2026-08-03,2013-11-13,2.442
2026-08-03,2026-08-03,2013-11-14,2.518
2026-08-03,2026-08-03,2013-11-15,2.492
2026-08-03,2026-08-03,2013-11-18,2.498
2026-08-03,2026-08-03,2013-11-19,2.540
2026-08-03,2026-08-03,2013-11-20,2.559
2026-08-03,2026-08-03,2013-11-21,2.677
2026-08-03,2026-08-03,2013-11-22,2.643
2026-08-03,2026-08-03,2013-11-25,2.559
2026-08-03,2026-08-03,2013-11-26,2.520
2026-08-03,2026-08-03,2013-11-27,2.502
2026-08-03,2026-08-03,2013-11-28,.
2026-08-03,2026-08-03,2013-11-29,2.455
2026-08-03,2026-08-03,2013-12-02,2.470
2026-08-03,2026-08-03,2013-12-03,2.503
2026-08-03,2026-08-03,2013-12-04,2.485
2026-08-03,2026-08-03,2013-12-05,2.480
2026-08-03,2026-08-03,2013-12-06,2.492
2026-08-03,2026-08-03,2013-12-09,2.459
2026-08-03,2026-08-03,2013-12-10,2.481
2026-08-03,2026-08-03,2013-12-11,2.429
2026-08-03,2026-08-03,2013-12-12,2.398
2026-08-03,2026-08-03,2013-12-13,2.377
2026-08-03,2026-08-03,2013-12-16,2.422
2026-08-03,2026-08-03,2013-12-17,2.459
2026-08-03,2026-08-03,2013-12-18,2.511
2026-08-03,2026-08-03,2013-12-19,2.562
2026-08-03,2026-08-03,2013-12-20,2.608
2026-08-03,2026-08-03,2013-12-23,2.607
2026-08-03,2026-08-03,2013-12-24,2.646
2026-08-03,2026-08-03,2013-12-25,.
2026-08-03,2026-08-03,2013-12-26,2.651
2026-08-03,2026-08-03,2013-12-27,2.657
2026-08-03,2026-08-03,2013-12-30,2.616
2026-08-03,2026-08-03,2013-12-31,2.609
2026-08-03,2026-08-03,2014-01-01,.
2026-08-03,2026-08-03,2014-01-02,2.515
2026-08-03,2026-08-03,2014-01-03,2.493
2026-08-03,2026-08-03,2014-01-06,2.515
2026-08-03,2026-08-03,2014-01-07,2.556
2026-08-03,2026-08-03,2014-01-08,2.545
2026-08-03,2026-08-03,2014-01-09,2.528
2026-08-03,2026-08-03,2014-01-10,2.605
2026-08-03,2026-08-03,2014-01-13,2.544
2026-08-03,2026-08-03,2014-01-14,2.528
2026-08-03,2026-08-03,2014-01-15,2.551
2026-08-03,2026-08-03,2014-01-16,2.513
2026-08-03,2026-08-03,2014-01-17,2.602
2026-08-03,2026-08-03,2014-01-20,.
2026-08-03,2026-08-03,2014-01-21,2.577
2026-08-03,2026-08-03,2014-01-22,2.596
2026-08-03,2026-08-03,2014-01-23,2.557
2026-08-03,2026-08-03,2014-01-24,2.545
2026-08-03,2026-08-03,2014-01-27,2.528
2026-08-03,2026-08-03,2014-01-28,2.520
2026-08-03,2026-08-03,2014-01-29,2.544
2026-08-03,2026-08-03,2014-01-30,2.585
2026-08-03,2026-08-03,2014-01-31,2.555
2026-08-03,2026-08-03,2014-02-03,2.536
2026-08-03,2026-08-03,2014-02-04,2.541
2026-08-03,2026-08-03,2014-02-05,2.569
2026-08-03,2026-08-03,2014-02-06,2.628
2026-08-03,2026-08-03,2014-02-07,2.691
2026-08-03,2026-08-03,2014-02-10,2.653
2026-08-03,2026-08-03,2014-02-11,2.704
2026-08-03,2026-08-03,2014-02-12,2.719
2026-08-03,2026-08-03,2014-02-13,2.740
2026-08-03,2026-08-03,2014-02-14,2.766
2026-08-03,2026-08-03,2014-02-17,.
2026-08-03,2026-08-03,2014-02-18,2.756
2026-08-03,2026-08-03,2014-02-19,2.714
2026-08-03,2026-08-03,2014-02-20,2.680
2026-08-03,2026-08-03,2014-02-21,2.700
2026-08-03,2026-08-03,2014-02-24,2.953
2026-08-03,2026-08-03,2014-02-25,2.763
2026-08-03,2026-08-03,2014-02-26,2.679
2026-08-03,2026-08-03,2014-02-27,2.709
2026-08-03,2026-08-03,2014-02-28,2.703
2026-08-03,2026-08-03,2014-03-03,2.788
2026-08-03,2026-08-03,2014-03-04,2.724
2026-08-03,2026-08-03,2014-03-05,2.715
2026-08-03,2026-08-03,2014-03-06,2.726
2026-08-03,2026-08-03,2014-03-07,2.704
2026-08-03,2026-08-03,2014-03-10,2.709
2026-08-03,2026-08-03,2014-03-11,2.724
2026-08-03,2026-08-03,2014-03-12,2.714
2026-08-03,2026-08-03,2014-03-13,2.695
2026-08-03,2026-08-03,2014-03-14,2.788
2026-08-03,2026-08-03,2014-03-17,2.722
2026-08-03,2026-08-03,2014-03-18,2.739
2026-08-03,2026-08-03,2014-03-19,2.688
2026-08-03,2026-08-03,2014-03-20,2.704
2026-08-03,2026-08-03,2014-03-21,2.741
2026-08-03,2026-08-03,2014-03-24,2.701
2026-08-03,2026-08-03,2014-03-25,2.680
2026-08-03,2026-08-03,2014-03-26,2.600
2026-08-03,2026-08-03,2014-03-27,2.719
2026-08-03,2026-08-03,2014-03-28,2.736
2026-08-03,2026-08-03,2014-03-31,2.686
2026-08-03,2026-08-03,2014-04-01,2.685
2026-08-03,2026-08-03,2014-04-02,2.701
2026-08-03,2026-08-03,2014-04-03,2.742
2026-08-03,2026-08-03,2014-04-04,2.764
2026-08-03,2026-08-03,2014-04-07,2.773
2026-08-03,2026-08-03,2014-04-08,2.816
2026-08-03,2026-08-03,2014-04-09,2.809
2026-08-03,2026-08-03,2014-04-10,2.819
2026-08-03,2026-08-03,2014-04-11,2.824
2026-08-03,2026-08-03,2014-04-14,2.850
2026-08-03,2026-08-03,2014-04-15,2.831
2026-08-03,2026-08-03,2014-04-16,2.841
2026-08-03,2026-08-03,2014-04-17,2.840
2026-08-03,2026-08-03,2014-04-18,.
2026-08-03,2026-08-03,2014-04-21,2.837
2026-08-03,2026-08-03,2014-04-22,2.850
2026-08-03,2026-08-03,2014-04-23,2.855
2026-08-03,2026-08-03,2014-04-24,2.795
2026-08-03,2026-08-03,2014-04-25,2.841
2026-08-03,2026-08-03,2014-04-28,2.797
2026-08-03,2026-08-03,2014-04-29,2.811
2026-08-03,2026-08-03,2014-04-30,2.735
2026-08-03,2026-08-03,2014-05-01,2.719
2026-08-03,2026-08-03,2014-05-02,2.742
2026-08-03,2026-08-03,2014-05-05,2.712
2026-08-03,2026-08-03,2014-05-06,2.669
2026-08-03,2026-08-03,2014-05-07,2.722
2026-08-03,2026-08-03,2014-05-08,2.702
2026-08-03,2026-08-03,2014-05-09,2.685
2026-08-03,2026-08-03,2014-05-12,2.711
2026-08-03,2026-08-03,2014-05-13,2.720
2026-08-03,2026-08-03,2014-05-14,2.766
2026-08-03,2026-08-03,2014-05-15,2.773
2026-08-03,2026-08-03,2014-05-16,2.784
2026-08-03,2026-08-03,2014-05-19,2.787
2026-08-03,2026-08-03,2014-05-20,2.794
2026-08-03,2026-08-03,2014-05-21,2.820
2026-08-03,2026-08-03,2014-05-22,2.831
2026-08-03,2026-08-03,2014-05-23,2.836
2026-08-03,2026-08-03,2014-05-26,.
2026-08-03,2026-08-03,2014-05-27,2.820
2026-08-03,2026-08-03,2014-05-28,2.805
2026-08-03,2026-08-03,2014-05-29,2.827
2026-08-03,2026-08-03,2014-05-30,2.790
2026-08-03,2026-08-03,2014-06-02,2.769
2026-08-03,2026-08-03,2014-06-03,2.773
2026-08-03,2026-08-03,2014-06-04,2.742
2026-08-03,2026-08-03,2014-06-05,2.773
2026-08-03,2026-08-03,2014-06-06,2.760
2026-08-03,2026-08-03,2014-06-09,2.799
2026-08-03,2026-08-03,2014-06-10,2.798
2026-08-03,2026-08-03,2014-06-11,2.809
2026-08-03,2026-08-03,2014-06-12,2.893
2026-08-03,2026-08-03,2014-06-13,2.862
2026-08-03,2026-08-03,2014-06-16,2.895
2026-08-03,2026-08-03,2014-06-17,2.922
2026-08-03,2026-08-03,2014-06-18,2.915
2026-08-03,2026-08-03,2014-06-19,2.924
2026-08-03,2026-08-03,2014-06-20,2.930
2026-08-03,2026-08-03,2014-06-23,2.911
2026-08-03,2026-08-03,2014-06-24,2.927
2026-08-03,2026-08-03,2014-06-25,2.852
2026-08-03,2026-08-03,2014-06-26,2.854
2026-08-03,2026-08-03,2014-06-27,2.873
2026-08-03,2026-08-03,2014-06-30,2.847
2026-08-03,2026-08-03,2014-07-01,2.833
2026-08-03,2026-08-03,2014-07-02,2.818
2026-08-03,2026-08-03,2014-07-03,2.819
2026-08-03,2026-08-03,2014-07-04,.
2026-08-03,2026-08-03,2014-07-07,2.784
2026-08-03,2026-08-03,2014-07-08,2.764
2026-08-03,2026-08-03,2014-07-09,2.724
2026-08-03,2026-08-03,2014-07-10,2.741
2026-08-03,2026-08-03,2014-07-11,2.712
2026-08-03,2026-08-03,2014-07-14,2.724
2026-08-03,2026-08-03,2014-07-15,2.710
2026-08-03,2026-08-03,2014-07-16,2.698
2026-08-03,2026-08-03,2014-07-17,2.682
2026-08-03,2026-08-03,2014-07-18,2.677
2026-08-03,2026-08-03,2014-07-21,2.705
2026-08-03,2026-08-03,2014-07-22,2.682
2026-08-03,2026-08-03,2014-07-23,2.671
2026-08-03,2026-08-03,2014-07-24,2.660
2026-08-03,2026-08-03,2014-07-25,2.681
2026-08-03,2026-08-03,2014-07-28,2.661
2026-08-03,2026-08-03,2014-07-29,2.668
2026-08-03,2026-08-03,2014-07-30,2.658
2026-08-03,2026-08-03,2014-07-31,2.605
2026-08-03,2026-08-03,2014-08-01,2.557
2026-08-03,2026-08-03,2014-08-04,2.563
2026-08-03,2026-08-03,2014-08-05,2.562
2026-08-03,2026-08-03,2014-08-06,2.598
2026-08-03,2026-08-03,2014-08-07,2.639
2026-08-03,2026-08-03,2014-08-08,2.631
2026-08-03,2026-08-03,2014-08-11,2.645
2026-08-03,2026-08-03,2014-08-12,2.641
2026-08-03,2026-08-03,2014-08-13,2.652
2026-08-03,2026-08-03,2014-08-14,2.578
2026-08-03,2026-08-03,2014-08-15,2.650
2026-08-03,2026-08-03,2014-08-18,2.608
2026-08-03,2026-08-03,2014-08-19,2.642
2026-08-03,2026-08-03,2014-08-20,2.691
2026-08-03,2026-08-03,2014-08-21,2.703
2026-08-03,2026-08-03,2014-08-22,2.687
2026-08-03,2026-08-03,2014-08-25,2.695
2026-08-03,2026-08-03,2014-08-26,2.636
2026-08-03,2026-08-03,2014-08-27,2.621
2026-08-03,2026-08-03,2014-08-28,2.603
2026-08-03,2026-08-03,2014-08-29,2.657
2026-08-03,2026-08-03,2014-09-01,.
2026-08-03,2026-08-03,2014-09-02,2.583
2026-08-03,2026-08-03,2014-09-03,2.637
2026-08-03,2026-08-03,2014-09-04,2.637
2026-08-03,2026-08-03,2014-09-05,2.655
2026-08-03,2026-08-03,2014-09-08,2.589
2026-08-03,2026-08-03,2014-09-09,2.564
2026-08-03,2026-08-03,2014-09-10,2.546
2026-08-03,2026-08-03,2014-09-11,2.543
2026-08-03,2026-08-03,2014-09-12,2.536
2026-08-03,2026-08-03,2014-09-15,2.556
2026-08-03,2026-08-03,2014-09-16,2.585
2026-08-03,2026-08-03,2014-09-17,2.579
2026-08-03,2026-08-03,2014-09-18,2.623
2026-08-03,2026-08-03,2014-09-19,2.621
2026-08-03,2026-08-03,2014-09-22,2.580
2026-08-03,2026-08-03,2014-09-23,2.692
2026-08-03,2026-08-03,2014-09-24,2.648
2026-08-03,2026-08-03,2014-09-25,2.659
2026-08-03,2026-08-03,2014-09-26,2.632
2026-08-03,2026-08-03,2014-09-29,2.653
2026-08-03,2026-08-03,2014-09-30,2.586
2026-08-03,2026-08-03,2014-10-01,2.605
2026-08-03,2026-08-03,2014-10-02,2.534
2026-08-03,2026-08-03,2014-10-03,2.445
2026-08-03,2026-08-03,2014-10-06,2.451
2026-08-03,2026-08-03,2014-10-07,2.348
2026-08-03,2026-08-03,2014-10-08,2.263
2026-08-03,2026-08-03,2014-10-09,2.189
2026-08-03,2026-08-03,2014-10-10,2.196
2026-08-03,2026-08-03,2014-10-13,2.162
2026-08-03,2026-08-03,2014-10-14,2.098
2026-08-03,2026-08-03,2014-10-15,2.037
2026-08-03,2026-08-03,2014-10-16,2.074
2026-08-03,2026-08-03,2014-10-17,2.095
2026-08-03,2026-08-03,2014-10-20,2.059
2026-08-03,2026-08-03,2014-10-21,2.060
2026-08-03,2026-08-03,2014-10-22,2.019
2026-08-03,2026-08-03,2014-10-23,2.088
2026-08-03,2026-08-03,2014-10-24,2.054
2026-08-03,2026-08-03,2014-10-27,2.030
2026-08-03,2026-08-03,2014-10-28,2.062
2026-08-03,2026-08-03,2014-10-29,2.082
2026-08-03,2026-08-03,2014-10-30,2.055
2026-08-03,2026-08-03,2014-10-31,2.118
2026-08-03,2026-08-03,2014-11-03,2.041
2026-08-03,2026-08-03,2014-11-04,2.012
2026-08-03,2026-08-03,2014-11-05,2.075
2026-08-03,2026-08-03,2014-11-06,2.108
2026-08-03,2026-08-03,2014-11-07,2.114
2026-08-03,2026-08-03,2014-11-10,2.044
2026-08-03,2026-08-03,2014-11-11,2.046
2026-08-03,2026-08-03,2014-11-12,2.061
2026-08-03,2026-08-03,2014-11-13,1.919
2026-08-03,2026-08-03,2014-11-14,1.902
2026-08-03,2026-08-03,2014-11-17,1.878
2026-08-03,2026-08-03,2014-11-18,1.855
2026-08-03,2026-08-03,2014-11-19,1.868
2026-08-03,2026-08-03,2014-11-20,1.854
2026-08-03,2026-08-03,2014-11-21,1.882
2026-08-03,2026-08-03,2014-11-24,1.853
2026-08-03,2026-08-03,2014-11-25,1.833
2026-08-03,2026-08-03,2014-11-26,1.828
2026-08-03,2026-08-03,2014-11-27,.
2026-08-03,2026-08-03,2014-11-28,1.640
2026-08-03,2026-08-03,2014-12-01,1.708
2026-08-03,2026-08-03,2014-12-02,1.623
2026-08-03,2026-08-03,2014-12-03,1.610
2026-08-03,2026-08-03,2014-12-04,1.644
2026-08-03,2026-08-03,2014-12-05,1.615
2026-08-03,2026-08-03,2014-12-08,1.567
2026-08-03,2026-08-03,2014-12-09,1.577
2026-08-03,2026-08-03,2014-12-10,1.530
2026-08-03,2026-08-03,2014-12-11,1.436
2026-08-03,2026-08-03,2014-12-12,1.409
2026-08-03,2026-08-03,2014-12-15,1.403
2026-08-03,2026-08-03,2014-12-16,1.374
2026-08-03,2026-08-03,2014-12-17,1.385
2026-08-03,2026-08-03,2014-12-18,1.349
2026-08-03,2026-08-03,2014-12-19,1.407
2026-08-03,2026-08-03,2014-12-22,1.335
2026-08-03,2026-08-03,2014-12-23,1.171
2026-08-03,2026-08-03,2014-12-24,1.225
2026-08-03,2026-08-03,2014-12-25,.
2026-08-03,2026-08-03,2014-12-26,1.221
2026-08-03,2026-08-03,2014-12-29,1.224
2026-08-03,2026-08-03,2014-12-30,1.216
2026-08-03,2026-08-03,2014-12-31,1.288
2026-08-03,2026-08-03,2015-01-01,.
2026-08-03,2026-08-03,2015-01-02,1.294
2026-08-03,2026-08-03,2015-01-05,1.234
2026-08-03,2026-08-03,2015-01-06,1.247
2026-08-03,2026-08-03,2015-01-07,1.192
2026-08-03,2026-08-03,2015-01-08,1.200
2026-08-03,2026-08-03,2015-01-09,1.174
2026-08-03,2026-08-03,2015-01-12,1.166
2026-08-03,2026-08-03,2015-01-13,1.182
2026-08-03,2026-08-03,2015-01-14,1.261
2026-08-03,2026-08-03,2015-01-15,1.230
2026-08-03,2026-08-03,2015-01-16,1.295
2026-08-03,2026-08-03,2015-01-19,.
2026-08-03,2026-08-03,2015-01-20,1.286
2026-08-03,2026-08-03,2015-01-21,1.270
2026-08-03,2026-08-03,2015-01-22,1.283
2026-08-03,2026-08-03,2015-01-23,1.312
2026-08-03,2026-08-03,2015-01-26,1.279
2026-08-03,2026-08-03,2015-01-27,1.373
2026-08-03,2026-08-03,2015-01-28,1.370
2026-08-03,2026-08-03,2015-01-29,1.358
2026-08-03,2026-08-03,2015-01-30,1.421
2026-08-03,2026-08-03,2015-02-02,1.522
2026-08-03,2026-08-03,2015-02-03,1.568
2026-08-03,2026-08-03,2015-02-04,1.483
2026-08-03,2026-08-03,2015-02-05,1.489
2026-08-03,2026-08-03,2015-02-06,1.540
2026-08-03,2026-08-03,2015-02-09,1.555
2026-08-03,2026-08-03,2015-02-10,1.575
2026-08-03,2026-08-03,2015-02-11,1.554
2026-08-03,2026-08-03,2015-02-12,1.595
2026-08-03,2026-08-03,2015-02-13,1.602
2026-08-03,2026-08-03,2015-02-16,.
2026-08-03,2026-08-03,2015-02-17,1.554
2026-08-03,2026-08-03,2015-02-18,1.550
2026-08-03,2026-08-03,2015-02-19,1.618
2026-08-03,2026-08-03,2015-02-20,1.656
2026-08-03,2026-08-03,2015-02-23,1.676
2026-08-03,2026-08-03,2015-02-24,1.663
2026-08-03,2026-08-03,2015-02-25,1.684
2026-08-03,2026-08-03,2015-02-26,1.757
2026-08-03,2026-08-03,2015-02-27,1.810
2026-08-03,2026-08-03,2015-03-02,1.727
2026-08-03,2026-08-03,2015-03-03,1.773
2026-08-03,2026-08-03,2015-03-04,1.723
2026-08-03,2026-08-03,2015-03-05,1.678
2026-08-03,2026-08-03,2015-03-06,1.759
2026-08-03,2026-08-03,2015-03-09,1.696
2026-08-03,2026-08-03,2015-03-10,1.671
2026-08-03,2026-08-03,2015-03-11,1.660
2026-08-03,2026-08-03,2015-03-12,1.636
2026-08-03,2026-08-03,2015-03-13,1.598
2026-08-03,2026-08-03,2015-03-16,1.570
2026-08-03,2026-08-03,2015-03-17,1.601
2026-08-03,2026-08-03,2015-03-18,1.736
2026-08-03,2026-08-03,2015-03-19,1.689
2026-08-03,2026-08-03,2015-03-20,1.684
2026-08-03,2026-08-03,2015-03-23,1.697
2026-08-03,2026-08-03,2015-03-24,1.696
2026-08-03,2026-08-03,2015-03-25,1.719
2026-08-03,2026-08-03,2015-03-26,1.756
2026-08-03,2026-08-03,2015-03-27,1.632
2026-08-03,2026-08-03,2015-03-30,1.621
2026-08-03,2026-08-03,2015-03-31,1.590
2026-08-03,2026-08-03,2015-04-01,1.644
2026-08-03,2026-08-03,2015-04-02,1.595
2026-08-03,2026-08-03,2015-04-03,.
2026-08-03,2026-08-03,2015-04-06,1.668
2026-08-03,2026-08-03,2015-04-07,1.689
2026-08-03,2026-08-03,2015-04-08,1.570
2026-08-03,2026-08-03,2015-04-09,1.585
2026-08-03,2026-08-03,2015-04-10,1.658
2026-08-03,2026-08-03,2015-04-13,1.652
2026-08-03,2026-08-03,2015-04-14,1.677
2026-08-03,2026-08-03,2015-04-15,1.770
2026-08-03,2026-08-03,2015-04-16,1.773
2026-08-03,2026-08-03,2015-04-17,1.762
2026-08-03,2026-08-03,2015-04-20,1.760
2026-08-03,2026-08-03,2015-04-21,1.730
2026-08-03,2026-08-03,2015-04-22,1.759
2026-08-03,2026-08-03,2015-04-23,1.841
2026-08-03,2026-08-03,2015-04-24,1.844
2026-08-03,2026-08-03,2015-04-27,1.842
2026-08-03,2026-08-03,2015-04-28,1.840
2026-08-03,2026-08-03,2015-04-29,1.852
2026-08-03,2026-08-03,2015-04-30,1.896
2026-08-03,2026-08-03,2015-05-01,1.877
2026-08-03,2026-08-03,2015-05-04,1.864
2026-08-03,2026-08-03,2015-05-05,1.873
2026-08-03,2026-08-03,2015-05-06,1.850
2026-08-03,2026-08-03,2015-05-07,1.829
2026-08-03,2026-08-03,2015-05-08,1.837
2026-08-03,2026-08-03,2015-05-11,1.835
2026-08-03,2026-08-03,2015-05-12,1.871
2026-08-03,2026-08-03,2015-05-13,1.876
2026-08-03,2026-08-03,2015-05-14,1.921
2026-08-03,2026-08-03,2015-05-15,1.930
2026-08-03,2026-08-03,2015-05-18,1.917
2026-08-03,2026-08-03,2015-05-19,1.861
2026-08-03,2026-08-03,2015-05-20,1.909
2026-08-03,2026-08-03,2015-05-21,1.945
2026-08-03,2026-08-03,2015-05-22,1.939
2026-08-03,2026-08-03,2015-05-25,.
2026-08-03,2026-08-03,2015-05-26,1.888
2026-08-03,2026-08-03,2015-05-27,1.839
2026-08-03,2026-08-03,2015-05-28,1.869
2026-08-03,2026-08-03,2015-05-29,1.958
2026-08-03,2026-08-03,2015-06-01,1.935
2026-08-03,2026-08-03,2015-06-02,1.943
2026-08-03,2026-08-03,2015-06-03,1.933
2026-08-03,2026-08-03,2015-06-04,1.871
2026-08-03,2026-08-03,2015-06-05,1.906
2026-08-03,2026-08-03,2015-06-08,1.892
2026-08-03,2026-08-03,2015-06-09,1.971
2026-08-03,2026-08-03,2015-06-10,2.055
2026-08-03,2026-08-03,2015-06-11,2.007
2026-08-03,2026-08-03,2015-06-12,2.003
2026-08-03,2026-08-03,2015-06-15,1.975
2026-08-03,2026-08-03,2015-06-16,2.013
2026-08-03,2026-08-03,2015-06-17,1.950
2026-08-03,2026-08-03,2015-06-18,1.951
2026-08-03,2026-08-03,2015-06-19,1.908
2026-08-03,2026-08-03,2015-06-22,1.902
2026-08-03,2026-08-03,2015-06-23,1.952
2026-08-03,2026-08-03,2015-06-24,1.922
2026-08-03,2026-08-03,2015-06-25,1.902
2026-08-03,2026-08-03,2015-06-26,1.914
2026-08-03,2026-08-03,2015-06-29,1.903
2026-08-03,2026-08-03,2015-06-30,1.984
2026-08-03,2026-08-03,2015-07-01,1.953
2026-08-03,2026-08-03,2015-07-02,2.007
2026-08-03,2026-08-03,2015-07-03,.
2026-08-03,2026-08-03,2015-07-06,1.910
2026-08-03,2026-08-03,2015-07-07,1.965
2026-08-03,2026-08-03,2015-07-08,2.044
2026-08-03,2026-08-03,2015-07-09,2.008
2026-08-03,2026-08-03,2015-07-10,1.986
2026-08-03,2026-08-03,2015-07-13,1.868
2026-08-03,2026-08-03,2015-07-14,1.850
2026-08-03,2026-08-03,2015-07-15,1.786
2026-08-03,2026-08-03,2015-07-16,1.880
2026-08-03,2026-08-03,2015-07-17,1.914
2026-08-03,2026-08-03,2015-07-20,1.897
2026-08-03,2026-08-03,2015-07-21,1.859
2026-08-03,2026-08-03,2015-07-22,1.795
2026-08-03,2026-08-03,2015-07-23,1.764
2026-08-03,2026-08-03,2015-07-24,1.718
2026-08-03,2026-08-03,2015-07-27,1.706
2026-08-03,2026-08-03,2015-07-28,1.676
2026-08-03,2026-08-03,2015-07-29,1.724
2026-08-03,2026-08-03,2015-07-30,1.734
2026-08-03,2026-08-03,2015-07-31,1.740
2026-08-03,2026-08-03,2015-08-03,1.663
2026-08-03,2026-08-03,2015-08-04,1.669
2026-08-03,2026-08-03,2015-08-05,1.644
2026-08-03,2026-08-03,2015-08-06,1.627
2026-08-03,2026-08-03,2015-08-07,1.606
2026-08-03,2026-08-03,2015-08-10,1.663
2026-08-03,2026-08-03,2015-08-11,1.708
2026-08-03,2026-08-03,2015-08-12,1.773
2026-08-03,2026-08-03,2015-08-13,1.749
2026-08-03,2026-08-03,2015-08-14,1.704
2026-08-03,2026-08-03,2015-08-17,1.646
2026-08-03,2026-08-03,2015-08-18,1.619
2026-08-03,2026-08-03,2015-08-19,1.532
2026-08-03,2026-08-03,2015-08-20,1.502
2026-08-03,2026-08-03,2015-08-21,1.531
2026-08-03,2026-08-03,2015-08-24,1.437
2026-08-03,2026-08-03,2015-08-25,1.395
2026-08-03,2026-08-03,2015-08-26,1.310
2026-08-03,2026-08-03,2015-08-27,1.378
2026-08-03,2026-08-03,2015-08-28,1.419
2026-08-03,2026-08-03,2015-08-31,1.485
2026-08-03,2026-08-03,2015-09-01,1.408
2026-08-03,2026-08-03,2015-09-02,1.435
2026-08-03,2026-08-03,2015-09-03,1.399
2026-08-03,2026-08-03,2015-09-04,1.367
2026-08-03,2026-08-03,2015-09-07,.
2026-08-03,2026-08-03,2015-09-08,1.327
2026-08-03,2026-08-03,2015-09-09,1.314
2026-08-03,2026-08-03,2015-09-10,1.359
2026-08-03,2026-08-03,2015-09-11,1.323
2026-08-03,2026-08-03,2015-09-14,1.254
2026-08-03,2026-08-03,2015-09-15,1.283
2026-08-03,2026-08-03,2015-09-16,1.341
2026-08-03,2026-08-03,2015-09-17,1.341
2026-08-03,2026-08-03,2015-09-18,1.323
2026-08-03,2026-08-03,2015-09-21,1.360
2026-08-03,2026-08-03,2015-09-22,1.374
2026-08-03,2026-08-03,2015-09-23,1.367
2026-08-03,2026-08-03,2015-09-24,1.353
2026-08-03,2026-08-03,2015-09-25,1.369
2026-08-03,2026-08-03,2015-09-28,1.354
2026-08-03,2026-08-03,2015-09-29,1.371
2026-08-03,2026-08-03,2015-09-30,1.369
2026-08-03,2026-08-03,2015-10-01,1.417
2026-08-03,2026-08-03,2015-10-02,1.359
2026-08-03,2026-08-03,2015-10-05,1.449
2026-08-03,2026-08-03,2015-10-06,1.484
2026-08-03,2026-08-03,2015-10-07,1.411
2026-08-03,2026-08-03,2015-10-08,1.414
2026-08-03,2026-08-03,2015-10-09,1.369
2026-08-03,2026-08-03,2015-10-12,1.308
2026-08-03,2026-08-03,2015-10-13,1.251
2026-08-03,2026-08-03,2015-10-14,1.238
2026-08-03,2026-08-03,2015-10-15,1.243
2026-08-03,2026-08-03,2015-10-16,1.270
2026-08-03,2026-08-03,2015-10-19,1.198
2026-08-03,2026-08-03,2015-10-20,1.218
2026-08-03,2026-08-03,2015-10-21,1.217
2026-08-03,2026-08-03,2015-10-22,1.262
2026-08-03,2026-08-03,2015-10-23,1.246
2026-08-03,2026-08-03,2015-10-26,1.231
2026-08-03,2026-08-03,2015-10-27,1.215
2026-08-03,2026-08-03,2015-10-28,1.288
2026-08-03,2026-08-03,2015-10-29,1.295
2026-08-03,2026-08-03,2015-10-30,1.371
2026-08-03,2026-08-03,2015-11-02,1.351
2026-08-03,2026-08-03,2015-11-03,1.430
2026-08-03,2026-08-03,2015-11-04,1.412
2026-08-03,2026-08-03,2015-11-05,1.371
2026-08-03,2026-08-03,2015-11-06,1.342
2026-08-03,2026-08-03,2015-11-09,1.333
2026-08-03,2026-08-03,2015-11-10,1.297
2026-08-03,2026-08-03,2015-11-11,1.233
2026-08-03,2026-08-03,2015-11-12,1.175
2026-08-03,2026-08-03,2015-11-13,1.130
2026-08-03,2026-08-03,2015-11-16,1.130
2026-08-03,2026-08-03,2015-11-17,1.138
2026-08-03,2026-08-03,2015-11-18,1.178
2026-08-03,2026-08-03,2015-11-19,1.169
2026-08-03,2026-08-03,2015-11-20,1.142
2026-08-03,2026-08-03,2015-11-23,1.153
2026-08-03,2026-08-03,2015-11-24,1.214
2026-08-03,2026-08-03,2015-11-25,1.258
2026-08-03,2026-08-03,2015-11-26,.
2026-08-03,2026-08-03,2015-11-27,1.245
2026-08-03,2026-08-03,2015-11-30,1.217
2026-08-03,2026-08-03,2015-12-01,1.254
2026-08-03,2026-08-03,2015-12-02,1.196
2026-08-03,2026-08-03,2015-12-03,1.193
2026-08-03,2026-08-03,2015-12-04,1.178
2026-08-03,2026-08-03,2015-12-07,1.115
2026-08-03,2026-08-03,2015-12-08,1.114
2026-08-03,2026-08-03,2015-12-09,1.211
2026-08-03,2026-08-03,2015-12-10,1.248
2026-08-03,2026-08-03,2015-12-11,1.249
2026-08-03,2026-08-03,2015-12-14,1.235
2026-08-03,2026-08-03,2015-12-15,1.181
2026-08-03,2026-08-03,2015-12-16,1.176
2026-08-03,2026-08-03,2015-12-17,1.212
2026-08-03,2026-08-03,2015-12-18,1.190
2026-08-03,2026-08-03,2015-12-21,1.163
2026-08-03,2026-08-03,2015-12-22,1.112
2026-08-03,2026-08-03,2015-12-23,1.175
2026-08-03,2026-08-03,2015-12-24,1.180
2026-08-03,2026-08-03,2015-12-25,.
2026-08-03,2026-08-03,2015-12-28,1.149
2026-08-03,2026-08-03,2015-12-29,1.164
2026-08-03,2026-08-03,2015-12-30,1.141
2026-08-03,2026-08-03,2015-12-31,1.154
2026-08-03,2026-08-03,2016-01-01,.
2026-08-03,2026-08-03,2016-01-04,1.202
2026-08-03,2026-08-03,2016-01-05,1.144
2026-08-03,2026-08-03,2016-01-06,1.047
2026-08-03,2026-08-03,2016-01-07,1.048
2026-08-03,2026-08-03,2016-01-08,1.043
2026-08-03,2026-08-03,2016-01-11,1.025
2026-08-03,2026-08-03,2016-01-12,1.005
2026-08-03,2026-08-03,2016-01-13,0.969
2026-08-03,2026-08-03,2016-01-14,1.007
2026-08-03,2026-08-03,2016-01-15,0.946
2026-08-03,2026-08-03,2016-01-18,.
2026-08-03,2026-08-03,2016-01-19,0.977
2026-08-03,2026-08-03,2016-01-20,0.959
2026-08-03,2026-08-03,2016-01-21,0.941
2026-08-03,2026-08-03,2016-01-22,0.990
2026-08-03,2026-08-03,2016-01-25,0.966
2026-08-03,2026-08-03,2016-01-26,1.010
2026-08-03,2026-08-03,2016-01-27,0.959
2026-08-03,2026-08-03,2016-01-28,1.047
2026-08-03,2026-08-03,2016-01-29,1.058
2026-08-03,2026-08-03,2016-02-01,1.024
2026-08-03,2026-08-03,2016-02-02,0.812
2026-08-03,2026-08-03,2016-02-03,0.930
2026-08-03,2026-08-03,2016-02-04,0.910
2026-08-03,2026-08-03,2016-02-05,0.877
2026-08-03,2026-08-03,2016-02-08,0.855
2026-08-03,2026-08-03,2016-02-09,0.815
2026-08-03,2026-08-03,2016-02-10,0.866
2026-08-03,2026-08-03,2016-02-11,0.889
2026-08-03,2026-08-03,2016-02-12,0.993
2026-08-03,2026-08-03,2016-02-15,.
2026-08-03,2026-08-03,2016-02-16,0.938
2026-08-03,2026-08-03,2016-02-17,0.951
2026-08-03,2026-08-03,2016-02-18,0.919
2026-08-03,2026-08-03,2016-02-19,0.918
2026-08-03,2026-08-03,2016-02-22,0.937
2026-08-03,2026-08-03,2016-02-23,0.907
2026-08-03,2026-08-03,2016-02-24,0.961
2026-08-03,2026-08-03,2016-02-25,1.041
2026-08-03,2026-08-03,2016-02-26,1.048
2026-08-03,2026-08-03,2016-02-29,1.068
2026-08-03,2026-08-03,2016-03-01,1.008
2026-08-03,2026-08-03,2016-03-02,0.995
2026-08-03,2026-08-03,2016-03-03,0.983
2026-08-03,2026-08-03,2016-03-04,1.028
2026-08-03,2026-08-03,2016-03-07,1.072
2026-08-03,2026-08-03,2016-03-08,1.052
2026-08-03,2026-08-03,2016-03-09,1.198
2026-08-03,2026-08-03,2016-03-10,1.268
2026-08-03,2026-08-03,2016-03-11,1.272
2026-08-03,2026-08-03,2016-03-14,1.242
2026-08-03,2026-08-03,2016-03-15,1.263
2026-08-03,2026-08-03,2016-03-16,1.238
2026-08-03,2026-08-03,2016-03-17,1.257
2026-08-03,2026-08-03,2016-03-18,1.288
2026-08-03,2026-08-03,2016-03-21,1.311
2026-08-03,2026-08-03,2016-03-22,1.360
2026-08-03,2026-08-03,2016-03-23,1.308
2026-08-03,2026-08-03,2016-03-24,1.328
2026-08-03,2026-08-03,2016-03-25,.
2026-08-03,2026-08-03,2016-03-28,1.299
2026-08-03,2026-08-03,2016-03-29,1.273
2026-08-03,2026-08-03,2016-03-30,1.279
2026-08-03,2026-08-03,2016-03-31,1.267
2026-08-03,2026-08-03,2016-04-01,1.234
2026-08-03,2026-08-03,2016-04-04,1.213
2026-08-03,2026-08-03,2016-04-05,1.207
2026-08-03,2026-08-03,2016-04-06,1.224
2026-08-03,2026-08-03,2016-04-07,1.217
2026-08-03,2026-08-03,2016-04-08,1.309
2026-08-03,2026-08-03,2016-04-11,1.353
2026-08-03,2026-08-03,2016-04-12,1.374
2026-08-03,2026-08-03,2016-04-13,1.345
2026-08-03,2026-08-03,2016-04-14,1.321
2026-08-03,2026-08-03,2016-04-15,1.281
2026-08-03,2026-08-03,2016-04-18,1.255
2026-08-03,2026-08-03,2016-04-19,1.308
2026-08-03,2026-08-03,2016-04-20,1.347
2026-08-03,2026-08-03,2016-04-21,1.397
2026-08-03,2026-08-03,2016-04-22,1.410
2026-08-03,2026-08-03,2016-04-25,1.412
2026-08-03,2026-08-03,2016-04-26,1.464
2026-08-03,2026-08-03,2016-04-27,1.462
2026-08-03,2026-08-03,2016-04-28,1.473
2026-08-03,2026-08-03,2016-04-29,1.480
2026-08-03,2026-08-03,2016-05-02,1.415
2026-08-03,2026-08-03,2016-05-03,1.371
2026-08-03,2026-08-03,2016-05-04,1.346
2026-08-03,2026-08-03,2016-05-05,1.354
2026-08-03,2026-08-03,2016-05-06,1.346
2026-08-03,2026-08-03,2016-05-09,1.288
2026-08-03,2026-08-03,2016-05-10,1.333
2026-08-03,2026-08-03,2016-05-11,1.418
2026-08-03,2026-08-03,2016-05-12,1.413
2026-08-03,2026-08-03,2016-05-13,1.418
2026-08-03,2026-08-03,2016-05-16,1.446
2026-08-03,2026-08-03,2016-05-17,1.487
2026-08-03,2026-08-03,2016-05-18,1.475
2026-08-03,2026-08-03,2016-05-19,1.468
2026-08-03,2026-08-03,2016-05-20,1.475
2026-08-03,2026-08-03,2016-05-23,1.498
2026-08-03,2026-08-03,2016-05-24,1.504
2026-08-03,2026-08-03,2016-05-25,1.511
2026-08-03,2026-08-03,2016-05-26,1.479
2026-08-03,2026-08-03,2016-05-27,1.512
2026-08-03,2026-08-03,2016-05-30,.
2026-08-03,2026-08-03,2016-05-31,1.486
2026-08-03,2026-08-03,2016-06-01,1.524
2026-08-03,2026-08-03,2016-06-02,1.539
2026-08-03,2026-08-03,2016-06-03,1.556
2026-08-03,2026-08-03,2016-06-06,1.521
2026-08-03,2026-08-03,2016-06-07,1.525
2026-08-03,2026-08-03,2016-06-08,1.559
2026-08-03,2026-08-03,2016-06-09,1.539
2026-08-03,2026-08-03,2016-06-10,1.489
2026-08-03,2026-08-03,2016-06-13,1.454
2026-08-03,2026-08-03,2016-06-14,1.439
2026-08-03,2026-08-03,2016-06-15,1.427
2026-08-03,2026-08-03,2016-06-16,1.401
2026-08-03,2026-08-03,2016-06-17,1.433
2026-08-03,2026-08-03,2016-06-20,1.489
2026-08-03,2026-08-03,2016-06-21,1.512
2026-08-03,2026-08-03,2016-06-22,1.514
2026-08-03,2026-08-03,2016-06-23,1.532
2026-08-03,2026-08-03,2016-06-24,1.459
2026-08-03,2026-08-03,2016-06-27,1.419
2026-08-03,2026-08-03,2016-06-28,1.459
2026-08-03,2026-08-03,2016-06-29,1.477
2026-08-03,2026-08-03,2016-06-30,1.447
2026-08-03,2026-08-03,2016-07-01,1.463
2026-08-03,2026-08-03,2016-07-04,.
2026-08-03,2026-08-03,2016-07-05,1.368
2026-08-03,2026-08-03,2016-07-06,1.405
2026-08-03,2026-08-03,2016-07-07,1.329
2026-08-03,2026-08-03,2016-07-08,1.329
2026-08-03,2026-08-03,2016-07-11,1.341
2026-08-03,2026-08-03,2016-07-12,1.378
2026-08-03,2026-08-03,2016-07-13,1.342
2026-08-03,2026-08-03,2016-07-14,1.364
2026-08-03,2026-08-03,2016-07-15,1.379
2026-08-03,2026-08-03,2016-07-18,1.344
2026-08-03,2026-08-03,2016-07-19,1.336
2026-08-03,2026-08-03,2016-07-20,1.354
2026-08-03,2026-08-03,2016-07-21,1.343
2026-08-03,2026-08-03,2016-07-22,1.333
2026-08-03,2026-08-03,2016-07-25,1.320
2026-08-03,2026-08-03,2016-07-26,1.343
2026-08-03,2026-08-03,2016-07-27,1.345
2026-08-03,2026-08-03,2016-07-28,1.326
2026-08-03,2026-08-03,2016-07-29,1.308
2026-08-03,2026-08-03,2016-08-01,1.305
2026-08-03,2026-08-03,2016-08-02,1.310
2026-08-03,2026-08-03,2016-08-03,1.384
2026-08-03,2026-08-03,2016-08-04,1.365
2026-08-03,2026-08-03,2016-08-05,1.377
2026-08-03,2026-08-03,2016-08-08,1.371
2026-08-03,2026-08-03,2016-08-09,1.364
2026-08-03,2026-08-03,2016-08-10,1.313
2026-08-03,2026-08-03,2016-08-11,1.357
2026-08-03,2026-08-03,2016-08-12,1.373
2026-08-03,2026-08-03,2016-08-15,1.392
2026-08-03,2026-08-03,2016-08-16,1.408
2026-08-03,2026-08-03,2016-08-17,1.437
2026-08-03,2026-08-03,2016-08-18,1.474
2026-08-03,2026-08-03,2016-08-19,1.517
2026-08-03,2026-08-03,2016-08-22,1.485
2026-08-03,2026-08-03,2016-08-23,1.520
2026-08-03,2026-08-03,2016-08-24,1.516
2026-08-03,2026-08-03,2016-08-25,1.565
2026-08-03,2026-08-03,2016-08-26,1.574
2026-08-03,2026-08-03,2016-08-29,1.525
2026-08-03,2026-08-03,2016-08-30,1.492
2026-08-03,2026-08-03,2016-08-31,1.438
2026-08-03,2026-08-03,2016-09-01,1.330
2026-08-03,2026-08-03,2016-09-02,1.345
2026-08-03,2026-08-03,2016-09-05,.
2026-08-03,2026-08-03,2016-09-06,1.326
2026-08-03,2026-08-03,2016-09-07,1.350
2026-08-03,2026-08-03,2016-09-08,1.437
2026-08-03,2026-08-03,2016-09-09,1.396
2026-08-03,2026-08-03,2016-09-12,1.418
2026-08-03,2026-08-03,2016-09-13,1.366
2026-08-03,2026-08-03,2016-09-14,1.355
2026-08-03,2026-08-03,2016-09-15,1.412
2026-08-03,2026-08-03,2016-09-16,1.419
2026-08-03,2026-08-03,2016-09-19,1.331
2026-08-03,2026-08-03,2016-09-20,1.324
2026-08-03,2026-08-03,2016-09-21,1.395
2026-08-03,2026-08-03,2016-09-22,1.412
2026-08-03,2026-08-03,2016-09-23,1.405
2026-08-03,2026-08-03,2016-09-26,1.412
2026-08-03,2026-08-03,2016-09-27,1.421
2026-08-03,2026-08-03,2016-09-28,1.486
2026-08-03,2026-08-03,2016-09-29,1.483
2026-08-03,2026-08-03,2016-09-30,1.479
2026-08-03,2026-08-03,2016-10-03,1.500
2026-08-03,2026-08-03,2016-10-04,1.531
2026-08-03,2026-08-03,2016-10-05,1.516
2026-08-03,2026-08-03,2016-10-06,1.532
2026-08-03,2026-08-03,2016-10-07,1.506
2026-08-03,2026-08-03,2016-10-10,1.506
2026-08-03,2026-08-03,2016-10-11,1.509
2026-08-03,2026-08-03,2016-10-12,1.474
2026-08-03,2026-08-03,2016-10-13,1.498
2026-08-03,2026-08-03,2016-10-14,1.519
2026-08-03,2026-08-03,2016-10-17,1.507
2026-08-03,2026-08-03,2016-10-18,1.490
2026-08-03,2026-08-03,2016-10-19,1.497
2026-08-03,2026-08-03,2016-10-20,1.508
2026-08-03,2026-08-03,2016-10-21,1.499
2026-08-03,2026-08-03,2016-10-24,1.474
2026-08-03,2026-08-03,2016-10-25,1.471
2026-08-03,2026-08-03,2016-10-26,1.448
2026-08-03,2026-08-03,2016-10-27,1.447
2026-08-03,2026-08-03,2016-10-28,1.429
2026-08-03,2026-08-03,2016-10-31,1.405
2026-08-03,2026-08-03,2016-11-01,1.462
2026-08-03,2026-08-03,2016-11-02,1.406
2026-08-03,2026-08-03,2016-11-03,1.379
2026-08-03,2026-08-03,2016-11-04,1.314
2026-08-03,2026-08-03,2016-11-07,1.298
2026-08-03,2026-08-03,2016-11-08,1.332
2026-08-03,2026-08-03,2016-11-09,1.286
2026-08-03,2026-08-03,2016-11-10,1.270
2026-08-03,2026-08-03,2016-11-11,1.181
2026-08-03,2026-08-03,2016-11-14,1.162
2026-08-03,2026-08-03,2016-11-15,1.239
2026-08-03,2026-08-03,2016-11-16,1.233
2026-08-03,2026-08-03,2016-11-17,1.255
2026-08-03,2026-08-03,2016-11-18,1.263
2026-08-03,2026-08-03,2016-11-21,1.327
2026-08-03,2026-08-03,2016-11-22,1.333
2026-08-03,2026-08-03,2016-11-23,1.369
2026-08-03,2026-08-03,2016-11-24,.
2026-08-03,2026-08-03,2016-11-25,1.369
2026-08-03,2026-08-03,2016-11-28,1.354
2026-08-03,2026-08-03,2016-11-29,1.336
2026-08-03,2026-08-03,2016-11-30,1.438
2026-08-03,2026-08-03,2016-12-01,1.490
2026-08-03,2026-08-03,2016-12-02,1.496
2026-08-03,2026-08-03,2016-12-05,1.487
2026-08-03,2026-08-03,2016-12-06,1.550
2026-08-03,2026-08-03,2016-12-07,1.470
2026-08-03,2026-08-03,2016-12-08,1.471
2026-08-03,2026-08-03,2016-12-09,1.466
2026-08-03,2026-08-03,2016-12-12,1.503
2026-08-03,2026-08-03,2016-12-13,1.505
2026-08-03,2026-08-03,2016-12-14,1.520
2026-08-03,2026-08-03,2016-12-15,1.533
2026-08-03,2026-08-03,2016-12-16,1.545
2026-08-03,2026-08-03,2016-12-19,1.547
2026-08-03,2026-08-03,2016-12-20,1.581
2026-08-03,2026-08-03,2016-12-21,1.615
2026-08-03,2026-08-03,2016-12-22,1.615
2026-08-03,2026-08-03,2016-12-23,1.638
2026-08-03,2026-08-03,2016-12-26,.
2026-08-03,2026-08-03,2016-12-27,1.673
2026-08-03,2026-08-03,2016-12-28,1.702
2026-08-03,2026-08-03,2016-12-29,1.703
2026-08-03,2026-08-03,2016-12-30,1.699
2026-08-03,2026-08-03,2017-01-02,.
2026-08-03,2026-08-03,2017-01-03,1.642
2026-08-03,2026-08-03,2017-01-04,1.657
2026-08-03,2026-08-03,2017-01-05,1.655
2026-08-03,2026-08-03,2017-01-06,1.640
2026-08-03,2026-08-03,2017-01-09,1.595
2026-08-03,2026-08-03,2017-01-10,1.570
2026-08-03,2026-08-03,2017-01-11,1.628
2026-08-03,2026-08-03,2017-01-12,1.639
2026-08-03,2026-08-03,2017-01-13,1.627
2026-08-03,2026-08-03,2017-01-16,.
2026-08-03,2026-08-03,2017-01-17,1.614
2026-08-03,2026-08-03,2017-01-18,1.554
2026-08-03,2026-08-03,2017-01-19,1.542
2026-08-03,2026-08-03,2017-01-20,1.546
2026-08-03,2026-08-03,2017-01-23,1.562
2026-08-03,2026-08-03,2017-01-24,1.564
2026-08-03,2026-08-03,2017-01-25,1.522
2026-08-03,2026-08-03,2017-01-26,1.547
2026-08-03,2026-08-03,2017-01-27,1.537
2026-08-03,2026-08-03,2017-01-30,1.527
2026-08-03,2026-08-03,2017-01-31,1.550
2026-08-03,2026-08-03,2017-02-01,1.570
2026-08-03,2026-08-03,2017-02-02,1.554
2026-08-03,2026-08-03,2017-02-03,1.562
2026-08-03,2026-08-03,2017-02-06,1.520
2026-08-03,2026-08-03,2017-02-07,1.490
2026-08-03,2026-08-03,2017-02-08,1.556
2026-08-03,2026-08-03,2017-02-09,1.574
2026-08-03,2026-08-03,2017-02-10,1.591
2026-08-03,2026-08-03,2017-02-13,1.534
2026-08-03,2026-08-03,2017-02-14,1.534
2026-08-03,2026-08-03,2017-02-15,1.521
2026-08-03,2026-08-03,2017-02-16,1.495
2026-08-03,2026-08-03,2017-02-17,1.480
2026-08-03,2026-08-03,2017-02-20,.
2026-08-03,2026-08-03,2017-02-21,1.532
2026-08-03,2026-08-03,2017-02-22,1.551
2026-08-03,2026-08-03,2017-02-23,1.563
2026-08-03,2026-08-03,2017-02-24,1.577
2026-08-03,2026-08-03,2017-02-27,1.597
2026-08-03,2026-08-03,2017-02-28,1.578
2026-08-03,2026-08-03,2017-03-01,1.508
2026-08-03,2026-08-03,2017-03-02,1.490
2026-08-03,2026-08-03,2017-03-03,1.487
2026-08-03,2026-08-03,2017-03-06,1.526
2026-08-03,2026-08-03,2017-03-07,1.524
2026-08-03,2026-08-03,2017-03-08,1.495
2026-08-03,2026-08-03,2017-03-09,1.495
2026-08-03,2026-08-03,2017-03-10,1.459
2026-08-03,2026-08-03,2017-03-13,1.470
2026-08-03,2026-08-03,2017-03-14,1.479
2026-08-03,2026-08-03,2017-03-15,1.506
2026-08-03,2026-08-03,2017-03-16,1.500
2026-08-03,2026-08-03,2017-03-17,1.511
2026-08-03,2026-08-03,2017-03-20,1.530
2026-08-03,2026-08-03,2017-03-21,1.520
2026-08-03,2026-08-03,2017-03-22,1.519
2026-08-03,2026-08-03,2017-03-23,1.495
2026-08-03,2026-08-03,2017-03-24,1.532
2026-08-03,2026-08-03,2017-03-27,1.539
2026-08-03,2026-08-03,2017-03-28,1.576
2026-08-03,2026-08-03,2017-03-29,1.600
2026-08-03,2026-08-03,2017-03-30,1.622
2026-08-03,2026-08-03,2017-03-31,1.638
2026-08-03,2026-08-03,2017-04-03,1.635
2026-08-03,2026-08-03,2017-04-04,1.668
2026-08-03,2026-08-03,2017-04-05,1.652
2026-08-03,2026-08-03,2017-04-06,1.673
2026-08-03,2026-08-03,2017-04-07,1.681
2026-08-03,2026-08-03,2017-04-10,1.700
2026-08-03,2026-08-03,2017-04-11,1.695
2026-08-03,2026-08-03,2017-04-12,1.666
2026-08-03,2026-08-03,2017-04-13,1.662
2026-08-03,2026-08-03,2017-04-14,.
2026-08-03,2026-08-03,2017-04-17,1.649
2026-08-03,2026-08-03,2017-04-18,1.643
2026-08-03,2026-08-03,2017-04-19,1.591
2026-08-03,2026-08-03,2017-04-20,1.610
2026-08-03,2026-08-03,2017-04-21,1.584
2026-08-03,2026-08-03,2017-04-24,1.562
2026-08-03,2026-08-03,2017-04-25,1.570
2026-08-03,2026-08-03,2017-04-26,1.527
2026-08-03,2026-08-03,2017-04-27,1.508
2026-08-03,2026-08-03,2017-04-28,1.487
2026-08-03,2026-08-03,2017-05-01,1.466
2026-08-03,2026-08-03,2017-05-02,1.453
2026-08-03,2026-08-03,2017-05-03,1.462
2026-08-03,2026-08-03,2017-05-04,1.416
2026-08-03,2026-08-03,2017-05-05,1.446
2026-08-03,2026-08-03,2017-05-08,1.460
2026-08-03,2026-08-03,2017-05-09,1.430
2026-08-03,2026-08-03,2017-05-10,1.487
2026-08-03,2026-08-03,2017-05-11,1.511
2026-08-03,2026-08-03,2017-05-12,1.528
2026-08-03,2026-08-03,2017-05-15,1.536
2026-08-03,2026-08-03,2017-05-16,1.542
2026-08-03,2026-08-03,2017-05-17,1.536
2026-08-03,2026-08-03,2017-05-18,1.538
2026-08-03,2026-08-03,2017-05-19,1.586
2026-08-03,2026-08-03,2017-05-22,1.598
2026-08-03,2026-08-03,2017-05-23,1.596
2026-08-03,2026-08-03,2017-05-24,1.592
2026-08-03,2026-08-03,2017-05-25,1.537
2026-08-03,2026-08-03,2017-05-26,1.563
2026-08-03,2026-08-03,2017-05-29,.
2026-08-03,2026-08-03,2017-05-30,1.556
2026-08-03,2026-08-03,2017-05-31,1.534
2026-08-03,2026-08-03,2017-06-01,1.531
2026-08-03,2026-08-03,2017-06-02,1.515
2026-08-03,2026-08-03,2017-06-05,1.477
2026-08-03,2026-08-03,2017-06-06,1.507
2026-08-03,2026-08-03,2017-06-07,1.453
2026-08-03,2026-08-03,2017-06-08,1.439
2026-08-03,2026-08-03,2017-06-09,1.450
2026-08-03,2026-08-03,2017-06-12,1.431
2026-08-03,2026-08-03,2017-06-13,1.448
2026-08-03,2026-08-03,2017-06-14,1.378
2026-08-03,2026-08-03,2017-06-15,1.381
2026-08-03,2026-08-03,2017-06-16,1.399
2026-08-03,2026-08-03,2017-06-19,1.409
2026-08-03,2026-08-03,2017-06-20,1.389
2026-08-03,2026-08-03,2017-06-21,1.378
2026-08-03,2026-08-03,2017-06-22,1.403
2026-08-03,2026-08-03,2017-06-23,1.391
2026-08-03,2026-08-03,2017-06-26,1.391
2026-08-03,2026-08-03,2017-06-27,1.411
2026-08-03,2026-08-03,2017-06-28,1.436
2026-08-03,2026-08-03,2017-06-29,1.422
2026-08-03,2026-08-03,2017-06-30,1.472
2026-08-03,2026-08-03,2017-07-03,.
2026-08-03,2026-08-03,2017-07-04,.
2026-08-03,2026-08-03,2017-07-05,1.452
2026-08-03,2026-08-03,2017-07-06,1.483
2026-08-03,2026-08-03,2017-07-07,1.467
2026-08-03,2026-08-03,2017-07-10,1.466
2026-08-03,2026-08-03,2017-07-11,1.486
2026-08-03,2026-08-03,2017-07-12,1.485
2026-08-03,2026-08-03,2017-07-13,1.495
2026-08-03,2026-08-03,2017-07-14,1.524
2026-08-03,2026-08-03,2017-07-17,1.511
2026-08-03,2026-08-03,2017-07-18,1.526
2026-08-03,2026-08-03,2017-07-19,1.560
2026-08-03,2026-08-03,2017-07-20,1.552
2026-08-03,2026-08-03,2017-07-21,1.499
2026-08-03,2026-08-03,2017-07-24,1.503
2026-08-03,2026-08-03,2017-07-25,1.543
2026-08-03,2026-08-03,2017-07-26,1.562
2026-08-03,2026-08-03,2017-07-27,1.583
2026-08-03,2026-08-03,2017-07-28,1.609
2026-08-03,2026-08-03,2017-07-31,1.639
2026-08-03,2026-08-03,2017-08-01,1.631
2026-08-03,2026-08-03,2017-08-02,1.608
2026-08-03,2026-08-03,2017-08-03,1.623
2026-08-03,2026-08-03,2017-08-04,1.632
2026-08-03,2026-08-03,2017-08-07,1.620
2026-08-03,2026-08-03,2017-08-08,1.601
2026-08-03,2026-08-03,2017-08-09,1.605
2026-08-03,2026-08-03,2017-08-10,1.580
2026-08-03,2026-08-03,2017-08-11,1.599
2026-08-03,2026-08-03,2017-08-14,1.563
2026-08-03,2026-08-03,2017-08-15,1.557
2026-08-03,2026-08-03,2017-08-16,1.542
2026-08-03,2026-08-03,2017-08-17,1.560
2026-08-03,2026-08-03,2017-08-18,1.596
2026-08-03,2026-08-03,2017-08-21,1.553
2026-08-03,2026-08-03,2017-08-22,1.560
2026-08-03,2026-08-03,2017-08-23,1.590
2026-08-03,2026-08-03,2017-08-24,1.654
2026-08-03,2026-08-03,2017-08-25,1.658
2026-08-03,2026-08-03,2017-08-28,1.695
2026-08-03,2026-08-03,2017-08-29,1.749
2026-08-03,2026-08-03,2017-08-30,1.839
2026-08-03,2026-08-03,2017-08-31,2.067
2026-08-03,2026-08-03,2017-09-01,2.006
2026-08-03,2026-08-03,2017-09-04,.
2026-08-03,2026-08-03,2017-09-05,1.911
2026-08-03,2026-08-03,2017-09-06,1.863
2026-08-03,2026-08-03,2017-09-07,1.793
2026-08-03,2026-08-03,2017-09-08,1.827
2026-08-03,2026-08-03,2017-09-11,1.771
2026-08-03,2026-08-03,2017-09-12,1.795
2026-08-03,2026-08-03,2017-09-13,1.734
2026-08-03,2026-08-03,2017-09-14,1.662
2026-08-03,2026-08-03,2017-09-15,1.675
2026-08-03,2026-08-03,2017-09-18,1.692
2026-08-03,2026-08-03,2017-09-19,1.689
2026-08-03,2026-08-03,2017-09-20,1.666
2026-08-03,2026-08-03,2017-09-21,1.663
2026-08-03,2026-08-03,2017-09-22,1.680
2026-08-03,2026-08-03,2017-09-25,1.713
2026-08-03,2026-08-03,2017-09-26,1.697
2026-08-03,2026-08-03,2017-09-27,1.666
2026-08-03,2026-08-03,2017-09-28,1.672
2026-08-03,2026-08-03,2017-09-29,1.622
2026-08-03,2026-08-03,2017-10-02,1.571
2026-08-03,2026-08-03,2017-10-03,1.579
2026-08-03,2026-08-03,2017-10-04,1.6
2026-08-03,2026-08-03,2017-10-05,1.638
2026-08-03,2026-08-03,2017-10-06,1.577
2026-08-03,2026-08-03,2017-10-09,1.581
2026-08-03,2026-08-03,2017-10-10,1.607
2026-08-03,2026-08-03,2017-10-11,1.624
2026-08-03,2026-08-03,2017-10-12,1.607
2026-08-03,2026-08-03,2017-10-13,1.641
2026-08-03,2026-08-03,2017-10-16,1.639
2026-08-03,2026-08-03,2017-10-17,1.642
2026-08-03,2026-08-03,2017-10-18,1.662
2026-08-03,2026-08-03,2017-10-19,1.646
2026-08-03,2026-08-03,2017-10-20,1.677
2026-08-03,2026-08-03,2017-10-23,1.658
2026-08-03,2026-08-03,2017-10-24,1.7
2026-08-03,2026-08-03,2017-10-25,1.72
2026-08-03,2026-08-03,2017-10-26,1.737
2026-08-03,2026-08-03,2017-10-27,1.765
2026-08-03,2026-08-03,2017-10-30,1.732
2026-08-03,2026-08-03,2017-10-31,1.751
2026-08-03,2026-08-03,2017-11-01,1.761
2026-08-03,2026-08-03,2017-11-02,1.801
2026-08-03,2026-08-03,2017-11-03,1.804
2026-08-03,2026-08-03,2017-11-06,1.851
2026-08-03,2026-08-03,2017-11-07,1.846
2026-08-03,2026-08-03,2017-11-08,1.834
2026-08-03,2026-08-03,2017-11-09,1.817
2026-08-03,2026-08-03,2017-11-10,1.814
2026-08-03,2026-08-03,2017-11-13,1.773
2026-08-03,2026-08-03,2017-11-14,1.74
2026-08-03,2026-08-03,2017-11-15,1.709
2026-08-03,2026-08-03,2017-11-16,1.682
2026-08-03,2026-08-03,2017-11-17,1.686
2026-08-03,2026-08-03,2017-11-20,1.686
2026-08-03,2026-08-03,2017-11-21,1.717
2026-08-03,2026-08-03,2017-11-22,1.726
2026-08-03,2026-08-03,2017-11-23,.
2026-08-03,2026-08-03,2017-11-24,1.755
2026-08-03,2026-08-03,2017-11-27,1.757
2026-08-03,2026-08-03,2017-11-28,1.733
2026-08-03,2026-08-03,2017-11-29,1.72
2026-08-03,2026-08-03,2017-11-30,1.713
2026-08-03,2026-08-03,2017-12-01,1.729
2026-08-03,2026-08-03,2017-12-04,1.685
2026-08-03,2026-08-03,2017-12-05,1.709
2026-08-03,2026-08-03,2017-12-06,1.653
2026-08-03,2026-08-03,2017-12-07,1.685
2026-08-03,2026-08-03,2017-12-08,1.693
2026-08-03,2026-08-03,2017-12-11,1.702
2026-08-03,2026-08-03,2017-12-12,1.68
2026-08-03,2026-08-03,2017-12-13,1.625
2026-08-03,2026-08-03,2017-12-14,1.637
2026-08-03,2026-08-03,2017-12-15,1.62
2026-08-03,2026-08-03,2017-12-18,1.633
2026-08-03,2026-08-03,2017-12-19,1.665
2026-08-03,2026-08-03,2017-12-20,1.722
2026-08-03,2026-08-03,2017-12-21,1.729
2026-08-03,2026-08-03,2017-12-22,1.751
2026-08-03,2026-08-03,2017-12-25,.
2026-08-03,2026-08-03,2017-12-26,1.764
2026-08-03,2026-08-03,2017-12-27,1.767
2026-08-03,2026-08-03,2017-12-28,1.773
2026-08-03,2026-08-03,2017-12-29,1.769
2026-08-03,2026-08-03,2018-01-01,.
2026-08-03,2026-08-03,2018-01-02,1.732
2026-08-03,2026-08-03,2018-01-03,1.779
2026-08-03,2026-08-03,2018-01-04,1.789
2026-08-03,2026-08-03,2018-01-05,1.771
2026-08-03,2026-08-03,2018-01-08,1.779
2026-08-03,2026-08-03,2018-01-09,1.817
2026-08-03,2026-08-03,2018-01-10,1.825
2026-08-03,2026-08-03,2018-01-11,1.825
2026-08-03,2026-08-03,2018-01-12,1.858
2026-08-03,2026-08-03,2018-01-15,.
2026-08-03,2026-08-03,2018-01-16,1.85
2026-08-03,2026-08-03,2018-01-17,1.875
2026-08-03,2026-08-03,2018-01-18,1.896
2026-08-03,2026-08-03,2018-01-19,1.879
2026-08-03,2026-08-03,2018-01-22,1.905
2026-08-03,2026-08-03,2018-01-23,1.92
2026-08-03,2026-08-03,2018-01-24,1.938
2026-08-03,2026-08-03,2018-01-25,1.921
2026-08-03,2026-08-03,2018-01-26,1.954
2026-08-03,2026-08-03,2018-01-29,1.95
2026-08-03,2026-08-03,2018-01-30,1.899
2026-08-03,2026-08-03,2018-01-31,1.918
2026-08-03,2026-08-03,2018-02-01,1.901
2026-08-03,2026-08-03,2018-02-02,1.865
2026-08-03,2026-08-03,2018-02-05,1.839
2026-08-03,2026-08-03,2018-02-06,1.817
2026-08-03,2026-08-03,2018-02-07,1.772
2026-08-03,2026-08-03,2018-02-08,1.751
2026-08-03,2026-08-03,2018-02-09,1.71
2026-08-03,2026-08-03,2018-02-12,1.682
2026-08-03,2026-08-03,2018-02-13,1.679
2026-08-03,2026-08-03,2018-02-14,1.698
2026-08-03,2026-08-03,2018-02-15,1.732
2026-08-03,2026-08-03,2018-02-16,1.741
2026-08-03,2026-08-03,2018-02-19,.
2026-08-03,2026-08-03,2018-02-20,1.73
2026-08-03,2026-08-03,2018-02-21,1.708
2026-08-03,2026-08-03,2018-02-22,1.788
2026-08-03,2026-08-03,2018-02-23,1.839
2026-08-03,2026-08-03,2018-02-26,1.861
2026-08-03,2026-08-03,2018-02-27,1.83
2026-08-03,2026-08-03,2018-02-28,1.618
2026-08-03,2026-08-03,2018-03-01,1.749
2026-08-03,2026-08-03,2018-03-02,1.737
2026-08-03,2026-08-03,2018-03-05,1.779
2026-08-03,2026-08-03,2018-03-06,1.758
2026-08-03,2026-08-03,2018-03-07,1.744
2026-08-03,2026-08-03,2018-03-08,1.675
2026-08-03,2026-08-03,2018-03-09,1.698
2026-08-03,2026-08-03,2018-03-12,1.696
2026-08-03,2026-08-03,2018-03-13,1.68
2026-08-03,2026-08-03,2018-03-14,1.813
2026-08-03,2026-08-03,2018-03-15,1.816
2026-08-03,2026-08-03,2018-03-16,1.849
2026-08-03,2026-08-03,2018-03-19,1.839
2026-08-03,2026-08-03,2018-03-20,1.871
2026-08-03,2026-08-03,2018-03-21,1.92
2026-08-03,2026-08-03,2018-03-22,1.912
2026-08-03,2026-08-03,2018-03-23,1.935
2026-08-03,2026-08-03,2018-03-26,1.91
2026-08-03,2026-08-03,2018-03-27,1.91
2026-08-03,2026-08-03,2018-03-28,1.909
2026-08-03,2026-08-03,2018-03-29,1.918
2026-08-03,2026-08-03,2018-03-30,.
2026-08-03,2026-08-03,2018-04-02,1.873
2026-08-03,2026-08-03,2018-04-03,1.873
2026-08-03,2026-08-03,2018-04-04,1.872
2026-08-03,2026-08-03,2018-04-05,1.871
2026-08-03,2026-08-03,2018-04-06,1.84
2026-08-03,2026-08-03,2018-04-09,1.872
2026-08-03,2026-08-03,2018-04-10,1.945
2026-08-03,2026-08-03,2018-04-11,1.982
2026-08-03,2026-08-03,2018-04-12,1.991
2026-08-03,2026-08-03,2018-04-13,1.994
2026-08-03,2026-08-03,2018-04-16,1.972
2026-08-03,2026-08-03,2018-04-17,1.963
2026-08-03,2026-08-03,2018-04-18,1.997
2026-08-03,2026-08-03,2018-04-19,2.003
2026-08-03,2026-08-03,2018-04-20,2.022
2026-08-03,2026-08-03,2018-04-23,2.019
2026-08-03,2026-08-03,2018-04-24,2.025
2026-08-03,2026-08-03,2018-04-25,2.017
2026-08-03,2026-08-03,2018-04-26,2.041
2026-08-03,2026-08-03,2018-04-27,2.044
2026-08-03,2026-08-03,2018-04-30,2.057
2026-08-03,2026-08-03,2018-05-01,2.015
2026-08-03,2026-08-03,2018-05-02,1.996
2026-08-03,2026-08-03,2018-05-03,2.015
2026-08-03,2026-08-03,2018-05-04,2.033
2026-08-03,2026-08-03,2018-05-07,2.037
2026-08-03,2026-08-03,2018-05-08,2.038
2026-08-03,2026-08-03,2018-05-09,2.082
2026-08-03,2026-08-03,2018-05-10,2.103
2026-08-03,2026-08-03,2018-05-11,2.101
2026-08-03,2026-08-03,2018-05-14,2.121
2026-08-03,2026-08-03,2018-05-15,2.111
2026-08-03,2026-08-03,2018-05-16,2.158
2026-08-03,2026-08-03,2018-05-17,2.151
2026-08-03,2026-08-03,2018-05-18,2.136
2026-08-03,2026-08-03,2018-05-21,2.163
2026-08-03,2026-08-03,2018-05-22,2.161
2026-08-03,2026-08-03,2018-05-23,2.164
2026-08-03,2026-08-03,2018-05-24,2.143
2026-08-03,2026-08-03,2018-05-25,2.079
2026-08-03,2026-08-03,2018-05-28,.
2026-08-03,2026-08-03,2018-05-29,2.051
2026-08-03,2026-08-03,2018-05-30,2.092
2026-08-03,2026-08-03,2018-05-31,2.065
2026-08-03,2026-08-03,2018-06-01,2.048
2026-08-03,2026-08-03,2018-06-04,2.034
2026-08-03,2026-08-03,2018-06-05,2.016
2026-08-03,2026-08-03,2018-06-06,1.995
2026-08-03,2026-08-03,2018-06-07,2.026
2026-08-03,2026-08-03,2018-06-08,2.015
2026-08-03,2026-08-03,2018-06-11,2.009
2026-08-03,2026-08-03,2018-06-12,1.992
2026-08-03,2026-08-03,2018-06-13,2.038
2026-08-03,2026-08-03,2018-06-14,2.005
2026-08-03,2026-08-03,2018-06-15,1.919
2026-08-03,2026-08-03,2018-06-18,1.963
2026-08-03,2026-08-03,2018-06-19,1.956
2026-08-03,2026-08-03,2018-06-20,1.944
2026-08-03,2026-08-03,2018-06-21,1.936
2026-08-03,2026-08-03,2018-06-22,1.989
2026-08-03,2026-08-03,2018-06-25,1.971
2026-08-03,2026-08-03,2018-06-26,1.994
2026-08-03,2026-08-03,2018-06-27,2.036
2026-08-03,2026-08-03,2018-06-28,2.037
2026-08-03,2026-08-03,2018-06-29,2.114
2026-08-03,2026-08-03,2018-07-02,2.04
2026-08-03,2026-08-03,2018-07-03,2.048
2026-08-03,2026-08-03,2018-07-04,.
2026-08-03,2026-08-03,2018-07-05,2.07
2026-08-03,2026-08-03,2018-07-06,2.046
2026-08-03,2026-08-03,2018-07-09,2.099
2026-08-03,2026-08-03,2018-07-10,2.1
2026-08-03,2026-08-03,2018-07-11,2.012
2026-08-03,2026-08-03,2018-07-12,2.02
2026-08-03,2026-08-03,2018-07-13,2.041
2026-08-03,2026-08-03,2018-07-16,1.952
2026-08-03,2026-08-03,2018-07-17,1.966
2026-08-03,2026-08-03,2018-07-18,1.988
2026-08-03,2026-08-03,2018-07-19,1.987
2026-08-03,2026-08-03,2018-07-20,2.008
2026-08-03,2026-08-03,2018-07-23,2.023
2026-08-03,2026-08-03,2018-07-24,2.027
2026-08-03,2026-08-03,2018-07-25,2.062
2026-08-03,2026-08-03,2018-07-26,2.102
2026-08-03,2026-08-03,2018-07-27,2.101
2026-08-03,2026-08-03,2018-07-30,2.095
2026-08-03,2026-08-03,2018-07-31,2.109
2026-08-03,2026-08-03,2018-08-01,2.024
2026-08-03,2026-08-03,2018-08-02,2.039
2026-08-03,2026-08-03,2018-08-03,2.039
2026-08-03,2026-08-03,2018-08-06,2.036
2026-08-03,2026-08-03,2018-08-07,2.071
2026-08-03,2026-08-03,2018-08-08,1.989
2026-08-03,2026-08-03,2018-08-09,1.978
2026-08-03,2026-08-03,2018-08-10,2.016
2026-08-03,2026-08-03,2018-08-13,2.008
2026-08-03,2026-08-03,2018-08-14,2.02
2026-08-03,2026-08-03,2018-08-15,1.976
2026-08-03,2026-08-03,2018-08-16,1.972
2026-08-03,2026-08-03,2018-08-17,1.967
2026-08-03,2026-08-03,2018-08-20,2.009
2026-08-03,2026-08-03,2018-08-21,2.017
2026-08-03,2026-08-03,2018-08-22,2.056
2026-08-03,2026-08-03,2018-08-23,2.12
2026-08-03,2026-08-03,2018-08-24,2.134
2026-08-03,2026-08-03,2018-08-27,2.154
2026-08-03,2026-08-03,2018-08-28,2.148
2026-08-03,2026-08-03,2018-08-29,2.178
2026-08-03,2026-08-03,2018-08-30,2.213
2026-08-03,2026-08-03,2018-08-31,2.058
2026-08-03,2026-08-03,2018-09-03,.
2026-08-03,2026-08-03,2018-09-04,2.045
2026-08-03,2026-08-03,2018-09-05,1.981
2026-08-03,2026-08-03,2018-09-06,1.969
2026-08-03,2026-08-03,2018-09-07,1.98
2026-08-03,2026-08-03,2018-09-10,1.976
2026-08-03,2026-08-03,2018-09-11,2.032
2026-08-03,2026-08-03,2018-09-12,2.049
2026-08-03,2026-08-03,2018-09-13,2.004
2026-08-03,2026-08-03,2018-09-14,1.982
2026-08-03,2026-08-03,2018-09-17,1.982
2026-08-03,2026-08-03,2018-09-18,2.017
2026-08-03,2026-08-03,2018-09-19,2.032
2026-08-03,2026-08-03,2018-09-20,2.029
2026-08-03,2026-08-03,2018-09-21,2.035
2026-08-03,2026-08-03,2018-09-24,2.081
2026-08-03,2026-08-03,2018-09-25,2.097
2026-08-03,2026-08-03,2018-09-26,2.101
2026-08-03,2026-08-03,2018-09-27,2.136
2026-08-03,2026-08-03,2018-09-28,2.15
2026-08-03,2026-08-03,2018-10-01,2.178
2026-08-03,2026-08-03,2018-10-02,2.166
2026-08-03,2026-08-03,2018-10-03,2.181
2026-08-03,2026-08-03,2018-10-04,2.149
2026-08-03,2026-08-03,2018-10-05,2.13
2026-08-03,2026-08-03,2018-10-08,2.133
2026-08-03,2026-08-03,2018-10-09,2.107
2026-08-03,2026-08-03,2018-10-10,2.047
2026-08-03,2026-08-03,2018-10-11,1.957
2026-08-03,2026-08-03,2018-10-12,1.961
2026-08-03,2026-08-03,2018-10-15,1.968
2026-08-03,2026-08-03,2018-10-16,2.001
2026-08-03,2026-08-03,2018-10-17,1.943
2026-08-03,2026-08-03,2018-10-18,1.885
2026-08-03,2026-08-03,2018-10-19,1.908
2026-08-03,2026-08-03,2018-10-22,1.905
2026-08-03,2026-08-03,2018-10-23,1.833
2026-08-03,2026-08-03,2018-10-24,1.791
2026-08-03,2026-08-03,2018-10-25,1.799
2026-08-03,2026-08-03,2018-10-26,1.828
2026-08-03,2026-08-03,2018-10-29,1.828
2026-08-03,2026-08-03,2018-10-30,1.823
2026-08-03,2026-08-03,2018-10-31,1.776
2026-08-03,2026-08-03,2018-11-01,1.726
2026-08-03,2026-08-03,2018-11-02,1.711
2026-08-03,2026-08-03,2018-11-05,1.683
2026-08-03,2026-08-03,2018-11-06,1.695
2026-08-03,2026-08-03,2018-11-07,1.647
2026-08-03,2026-08-03,2018-11-08,1.646
2026-08-03,2026-08-03,2018-11-09,1.603
2026-08-03,2026-08-03,2018-11-12,1.597
2026-08-03,2026-08-03,2018-11-13,1.509
2026-08-03,2026-08-03,2018-11-14,1.517
2026-08-03,2026-08-03,2018-11-15,1.508
2026-08-03,2026-08-03,2018-11-16,1.536
2026-08-03,2026-08-03,2018-11-19,1.539
2026-08-03,2026-08-03,2018-11-20,1.487
2026-08-03,2026-08-03,2018-11-21,1.497
2026-08-03,2026-08-03,2018-11-22,.
2026-08-03,2026-08-03,2018-11-23,.
2026-08-03,2026-08-03,2018-11-26,1.435
2026-08-03,2026-08-03,2018-11-27,1.414
2026-08-03,2026-08-03,2018-11-28,1.387
2026-08-03,2026-08-03,2018-11-29,1.446
2026-08-03,2026-08-03,2018-11-30,1.436
2026-08-03,2026-08-03,2018-12-03,1.437
2026-08-03,2026-08-03,2018-12-04,1.438
2026-08-03,2026-08-03,2018-12-05,1.436
2026-08-03,2026-08-03,2018-12-06,1.435
2026-08-03,2026-08-03,2018-12-07,1.459
2026-08-03,2026-08-03,2018-12-10,1.403
2026-08-03,2026-08-03,2018-12-11,1.418
2026-08-03,2026-08-03,2018-12-12,1.404
2026-08-03,2026-08-03,2018-12-13,1.461
2026-08-03,2026-08-03,2018-12-14,1.394
2026-08-03,2026-08-03,2018-12-17,1.352
2026-08-03,2026-08-03,2018-12-18,1.313
2026-08-03,2026-08-03,2018-12-19,1.335
2026-08-03,2026-08-03,2018-12-20,1.289
2026-08-03,2026-08-03,2018-12-21,1.268
2026-08-03,2026-08-03,2018-12-24,.
2026-08-03,2026-08-03,2018-12-25,.
2026-08-03,2026-08-03,2018-12-26,1.304
2026-08-03,2026-08-03,2018-12-27,1.277
2026-08-03,2026-08-03,2018-12-28,1.268
2026-08-03,2026-08-03,2018-12-31,.
2026-08-03,2026-08-03,2019-01-01,.
2026-08-03,2026-08-03,2019-01-02,1.294
2026-08-03,2026-08-03,2019-01-03,1.313
2026-08-03,2026-08-03,2019-01-04,1.315
2026-08-03,2026-08-03,2019-01-07,1.3
2026-08-03,2026-08-03,2019-01-08,1.308
2026-08-03,2026-08-03,2019-01-09,1.366
2026-08-03,2026-08-03,2019-01-10,1.372
2026-08-03,2026-08-03,2019-01-11,1.358
2026-08-03,2026-08-03,2019-01-14,1.32
2026-08-03,2026-08-03,2019-01-15,1.364
2026-08-03,2026-08-03,2019-01-16,1.392
2026-08-03,2026-08-03,2019-01-17,1.409
2026-08-03,2026-08-03,2019-01-18,1.426
2026-08-03,2026-08-03,2019-01-21,.
2026-08-03,2026-08-03,2019-01-22,1.387
2026-08-03,2026-08-03,2019-01-23,1.373
2026-08-03,2026-08-03,2019-01-24,1.373
2026-08-03,2026-08-03,2019-01-25,1.371
2026-08-03,2026-08-03,2019-01-28,1.327
2026-08-03,2026-08-03,2019-01-29,1.33
2026-08-03,2026-08-03,2019-01-30,1.378
2026-08-03,2026-08-03,2019-01-31,1.358
2026-08-03,2026-08-03,2019-02-01,1.423
2026-08-03,2026-08-03,2019-02-04,1.428
2026-08-03,2026-08-03,2019-02-05,1.417
2026-08-03,2026-08-03,2019-02-06,1.442
2026-08-03,2026-08-03,2019-02-07,1.413
2026-08-03,2026-08-03,2019-02-08,1.452
2026-08-03,2026-08-03,2019-02-11,1.438
2026-08-03,2026-08-03,2019-02-12,1.446
2026-08-03,2026-08-03,2019-02-13,1.489
2026-08-03,2026-08-03,2019-02-14,1.531
2026-08-03,2026-08-03,2019-02-15,1.589
2026-08-03,2026-08-03,2019-02-18,.
2026-08-03,2026-08-03,2019-02-19,1.588
2026-08-03,2026-08-03,2019-02-20,1.438
2026-08-03,2026-08-03,2019-02-21,1.459
2026-08-03,2026-08-03,2019-02-22,1.46
2026-08-03,2026-08-03,2019-02-25,1.4
2026-08-03,2026-08-03,2019-02-26,1.423
2026-08-03,2026-08-03,2019-02-27,1.462
2026-08-03,2026-08-03,2019-02-28,1.514
2026-08-03,2026-08-03,2019-03-01,1.611
2026-08-03,2026-08-03,2019-03-04,1.637
2026-08-03,2026-08-03,2019-03-05,1.665
2026-08-03,2026-08-03,2019-03-06,1.74
2026-08-03,2026-08-03,2019-03-07,1.749
2026-08-03,2026-08-03,2019-03-08,1.743
2026-08-03,2026-08-03,2019-03-11,1.802
2026-08-03,2026-08-03,2019-03-12,1.779
2026-08-03,2026-08-03,2019-03-13,1.84
2026-08-03,2026-08-03,2019-03-14,1.816
2026-08-03,2026-08-03,2019-03-15,1.801
2026-08-03,2026-08-03,2019-03-18,1.832
2026-08-03,2026-08-03,2019-03-19,1.855
2026-08-03,2026-08-03,2019-03-20,1.88
2026-08-03,2026-08-03,2019-03-21,1.906
2026-08-03,2026-08-03,2019-03-22,1.918
2026-08-03,2026-08-03,2019-03-25,1.948
2026-08-03,2026-08-03,2019-03-26,1.975
2026-08-03,2026-08-03,2019-03-27,1.899
2026-08-03,2026-08-03,2019-03-28,1.882
2026-08-03,2026-08-03,2019-03-29,1.888
2026-08-03,2026-08-03,2019-04-01,1.888
2026-08-03,2026-08-03,2019-04-02,1.92
2026-08-03,2026-08-03,2019-04-03,1.948
2026-08-03,2026-08-03,2019-04-04,1.926
2026-08-03,2026-08-03,2019-04-05,1.96
2026-08-03,2026-08-03,2019-04-08,1.976
2026-08-03,2026-08-03,2019-04-09,1.992
2026-08-03,2026-08-03,2019-04-10,2.047
2026-08-03,2026-08-03,2019-04-11,2.023
2026-08-03,2026-08-03,2019-04-12,2.014
2026-08-03,2026-08-03,2019-04-15,1.985
2026-08-03,2026-08-03,2019-04-16,2.006
2026-08-03,2026-08-03,2019-04-17,1.991
2026-08-03,2026-08-03,2019-04-18,2.01
2026-08-03,2026-08-03,2019-04-19,.
2026-08-03,2026-08-03,2019-04-22,2.099
2026-08-03,2026-08-03,2019-04-23,2.1
2026-08-03,2026-08-03,2019-04-24,2.068
2026-08-03,2026-08-03,2019-04-25,2.061
2026-08-03,2026-08-03,2019-04-26,2.029
2026-08-03,2026-08-03,2019-04-29,2.029
2026-08-03,2026-08-03,2019-04-30,2.05
2026-08-03,2026-08-03,2019-05-01,1.997
2026-08-03,2026-08-03,2019-05-02,1.952
2026-08-03,2026-08-03,2019-05-03,1.966
2026-08-03,2026-08-03,2019-05-06,1.909
2026-08-03,2026-08-03,2019-05-07,1.841
2026-08-03,2026-08-03,2019-05-08,1.88
2026-08-03,2026-08-03,2019-05-09,1.865
2026-08-03,2026-08-03,2019-05-10,1.892
2026-08-03,2026-08-03,2019-05-13,1.85
2026-08-03,2026-08-03,2019-05-14,1.861
2026-08-03,2026-08-03,2019-05-15,1.905
2026-08-03,2026-08-03,2019-05-16,1.943
2026-08-03,2026-08-03,2019-05-17,1.913
2026-08-03,2026-08-03,2019-05-20,1.877
2026-08-03,2026-08-03,2019-05-21,1.899
2026-08-03,2026-08-03,2019-05-22,1.873
2026-08-03,2026-08-03,2019-05-23,1.83
2026-08-03,2026-08-03,2019-05-24,1.86
2026-08-03,2026-08-03,2019-05-27,.
2026-08-03,2026-08-03,2019-05-28,1.872
2026-08-03,2026-08-03,2019-05-29,1.875
2026-08-03,2026-08-03,2019-05-30,1.814
2026-08-03,2026-08-03,2019-05-31,1.74
2026-08-03,2026-08-03,2019-06-03,1.673
2026-08-03,2026-08-03,2019-06-04,1.684
2026-08-03,2026-08-03,2019-06-05,1.652
2026-08-03,2026-08-03,2019-06-06,1.685
2026-08-03,2026-08-03,2019-06-07,1.697
2026-08-03,2026-08-03,2019-06-10,1.691
2026-08-03,2026-08-03,2019-06-11,1.699
2026-08-03,2026-08-03,2019-06-12,1.624
2026-08-03,2026-08-03,2019-06-13,1.662
2026-08-03,2026-08-03,2019-06-14,1.671
2026-08-03,2026-08-03,2019-06-17,1.635
2026-08-03,2026-08-03,2019-06-18,1.649
2026-08-03,2026-08-03,2019-06-19,1.671
2026-08-03,2026-08-03,2019-06-20,1.734
2026-08-03,2026-08-03,2019-06-21,1.806
2026-08-03,2026-08-03,2019-06-24,1.777
2026-08-03,2026-08-03,2019-06-25,1.813
2026-08-03,2026-08-03,2019-06-26,1.888
2026-08-03,2026-08-03,2019-06-27,1.864
2026-08-03,2026-08-03,2019-06-28,1.87
2026-08-03,2026-08-03,2019-07-01,1.855
2026-08-03,2026-08-03,2019-07-02,1.808
2026-08-03,2026-08-03,2019-07-03,1.877
2026-08-03,2026-08-03,2019-07-04,.
2026-08-03,2026-08-03,2019-07-05,.
2026-08-03,2026-08-03,2019-07-08,1.86
2026-08-03,2026-08-03,2019-07-09,1.895
2026-08-03,2026-08-03,2019-07-10,1.963
2026-08-03,2026-08-03,2019-07-11,1.955
2026-08-03,2026-08-03,2019-07-12,1.931
2026-08-03,2026-08-03,2019-07-15,1.878
2026-08-03,2026-08-03,2019-07-16,1.86
2026-08-03,2026-08-03,2019-07-17,1.817
2026-08-03,2026-08-03,2019-07-18,1.78
2026-08-03,2026-08-03,2019-07-19,1.779
2026-08-03,2026-08-03,2019-07-22,1.761
2026-08-03,2026-08-03,2019-07-23,1.831
2026-08-03,2026-08-03,2019-07-24,1.814
2026-08-03,2026-08-03,2019-07-25,1.833
2026-08-03,2026-08-03,2019-07-26,1.831
2026-08-03,2026-08-03,2019-07-29,1.83
2026-08-03,2026-08-03,2019-07-30,1.862
2026-08-03,2026-08-03,2019-07-31,1.875
2026-08-03,2026-08-03,2019-08-01,1.748
2026-08-03,2026-08-03,2019-08-02,1.764
2026-08-03,2026-08-03,2019-08-05,1.697
2026-08-03,2026-08-03,2019-08-06,1.656
2026-08-03,2026-08-03,2019-08-07,1.615
2026-08-03,2026-08-03,2019-08-08,1.619
2026-08-03,2026-08-03,2019-08-09,1.626
2026-08-03,2026-08-03,2019-08-12,1.625
2026-08-03,2026-08-03,2019-08-13,1.672
2026-08-03,2026-08-03,2019-08-14,1.611
2026-08-03,2026-08-03,2019-08-15,1.582
2026-08-03,2026-08-03,2019-08-16,1.621
2026-08-03,2026-08-03,2019-08-19,1.637
2026-08-03,2026-08-03,2019-08-20,1.653
2026-08-03,2026-08-03,2019-08-21,1.791
2026-08-03,2026-08-03,2019-08-22,1.757
2026-08-03,2026-08-03,2019-08-23,1.733
2026-08-03,2026-08-03,2019-08-26,1.726
2026-08-03,2026-08-03,2019-08-27,1.752
2026-08-03,2026-08-03,2019-08-28,1.801
2026-08-03,2026-08-03,2019-08-29,1.788
2026-08-03,2026-08-03,2019-08-30,1.703
2026-08-03,2026-08-03,2019-09-02,.
2026-08-03,2026-08-03,2019-09-03,1.561
2026-08-03,2026-08-03,2019-09-04,1.594
2026-08-03,2026-08-03,2019-09-05,1.605
2026-08-03,2026-08-03,2019-09-06,1.639
2026-08-03,2026-08-03,2019-09-09,1.656
2026-08-03,2026-08-03,2019-09-10,1.659
2026-08-03,2026-08-03,2019-09-11,1.649
2026-08-03,2026-08-03,2019-09-12,1.632
2026-08-03,2026-08-03,2019-09-13,1.631
2026-08-03,2026-08-03,2019-09-16,1.784
2026-08-03,2026-08-03,2019-09-17,1.727
2026-08-03,2026-08-03,2019-09-18,1.717
2026-08-03,2026-08-03,2019-09-19,1.775
2026-08-03,2026-08-03,2019-09-20,1.751
2026-08-03,2026-08-03,2019-09-23,1.738
2026-08-03,2026-08-03,2019-09-24,1.705
2026-08-03,2026-08-03,2019-09-25,1.683
2026-08-03,2026-08-03,2019-09-26,1.718
2026-08-03,2026-08-03,2019-09-27,1.716
2026-08-03,2026-08-03,2019-09-30,1.662
2026-08-03,2026-08-03,2019-10-01,1.634
2026-08-03,2026-08-03,2019-10-02,1.598
2026-08-03,2026-08-03,2019-10-03,1.599
2026-08-03,2026-08-03,2019-10-04,1.608
2026-08-03,2026-08-03,2019-10-07,1.622
2026-08-03,2026-08-03,2019-10-08,1.62
2026-08-03,2026-08-03,2019-10-09,1.63
2026-08-03,2026-08-03,2019-10-10,1.662
2026-08-03,2026-08-03,2019-10-11,1.679
2026-08-03,2026-08-03,2019-10-14,1.649
2026-08-03,2026-08-03,2019-10-15,1.652
2026-08-03,2026-08-03,2019-10-16,1.656
2026-08-03,2026-08-03,2019-10-17,1.646
2026-08-03,2026-08-03,2019-10-18,1.649
2026-08-03,2026-08-03,2019-10-21,1.635
2026-08-03,2026-08-03,2019-10-22,1.639
2026-08-03,2026-08-03,2019-10-23,1.663
2026-08-03,2026-08-03,2019-10-24,1.675
2026-08-03,2026-08-03,2019-10-25,1.674
2026-08-03,2026-08-03,2019-10-28,1.681
2026-08-03,2026-08-03,2019-10-29,1.701
2026-08-03,2026-08-03,2019-10-30,1.66
2026-08-03,2026-08-03,2019-10-31,1.631
2026-08-03,2026-08-03,2019-11-01,1.655
2026-08-03,2026-08-03,2019-11-04,1.672
2026-08-03,2026-08-03,2019-11-05,1.678
2026-08-03,2026-08-03,2019-11-06,1.627
2026-08-03,2026-08-03,2019-11-07,1.624
2026-08-03,2026-08-03,2019-11-08,1.615
2026-08-03,2026-08-03,2019-11-11,.
2026-08-03,2026-08-03,2019-11-12,1.594
2026-08-03,2026-08-03,2019-11-13,1.621
2026-08-03,2026-08-03,2019-11-14,1.603
2026-08-03,2026-08-03,2019-11-15,1.62
2026-08-03,2026-08-03,2019-11-18,1.598
2026-08-03,2026-08-03,2019-11-19,1.581
2026-08-03,2026-08-03,2019-11-20,1.634
2026-08-03,2026-08-03,2019-11-21,1.666
2026-08-03,2026-08-03,2019-11-22,1.651
2026-08-03,2026-08-03,2019-11-25,1.673
2026-08-03,2026-08-03,2019-11-26,1.687
2026-08-03,2026-08-03,2019-11-27,1.654
2026-08-03,2026-08-03,2019-11-28,.
2026-08-03,2026-08-03,2019-11-29,.
2026-08-03,2026-08-03,2019-12-02,1.54
2026-08-03,2026-08-03,2019-12-03,1.532
2026-08-03,2026-08-03,2019-12-04,1.562
2026-08-03,2026-08-03,2019-12-05,1.579
2026-08-03,2026-08-03,2019-12-06,1.607
2026-08-03,2026-08-03,2019-12-09,1.608
2026-08-03,2026-08-03,2019-12-10,1.61
2026-08-03,2026-08-03,2019-12-11,1.582
2026-08-03,2026-08-03,2019-12-12,1.582
2026-08-03,2026-08-03,2019-12-13,1.607
2026-08-03,2026-08-03,2019-12-16,1.571
2026-08-03,2026-08-03,2019-12-17,1.59
2026-08-03,2026-08-03,2019-12-18,1.624
2026-08-03,2026-08-03,2019-12-19,1.663
2026-08-03,2026-08-03,2019-12-20,1.659
2026-08-03,2026-08-03,2019-12-23,1.682
2026-08-03,2026-08-03,2019-12-24,1.698
2026-08-03,2026-08-03,2019-12-25,.
2026-08-03,2026-08-03,2019-12-26,1.733
2026-08-03,2026-08-03,2019-12-27,1.732
2026-08-03,2026-08-03,2019-12-30,1.716
2026-08-03,2026-08-03,2019-12-31,1.68
2026-08-03,2026-08-03,2020-01-01,.
2026-08-03,2026-08-03,2020-01-02,1.679
2026-08-03,2026-08-03,2020-01-03,1.729
2026-08-03,2026-08-03,2020-01-06,1.716
2026-08-03,2026-08-03,2020-01-07,1.698
2026-08-03,2026-08-03,2020-01-08,1.628
2026-08-03,2026-08-03,2020-01-09,1.628
2026-08-03,2026-08-03,2020-01-10,1.626
2026-08-03,2026-08-03,2020-01-13,1.626
2026-08-03,2026-08-03,2020-01-14,1.622
2026-08-03,2026-08-03,2020-01-15,1.616
2026-08-03,2026-08-03,2020-01-16,1.626
2026-08-03,2026-08-03,2020-01-17,1.611
2026-08-03,2026-08-03,2020-01-20,.
2026-08-03,2026-08-03,2020-01-21,1.602
2026-08-03,2026-08-03,2020-01-22,1.54
2026-08-03,2026-08-03,2020-01-23,1.525
2026-08-03,2026-08-03,2020-01-24,1.484
2026-08-03,2026-08-03,2020-01-27,1.442
2026-08-03,2026-08-03,2020-01-28,1.468
2026-08-03,2026-08-03,2020-01-29,1.502
2026-08-03,2026-08-03,2020-01-30,1.495
2026-08-03,2026-08-03,2020-01-31,1.461
2026-08-03,2026-08-03,2020-02-03,1.441
2026-08-03,2026-08-03,2020-02-04,1.401
2026-08-03,2026-08-03,2020-02-05,1.455
2026-08-03,2026-08-03,2020-02-06,1.458
2026-08-03,2026-08-03,2020-02-07,1.463
2026-08-03,2026-08-03,2020-02-10,1.474
2026-08-03,2026-08-03,2020-02-11,1.47
2026-08-03,2026-08-03,2020-02-12,1.552
2026-08-03,2026-08-03,2020-02-13,1.548
2026-08-03,2026-08-03,2020-02-14,1.402
2026-08-03,2026-08-03,2020-02-17,.
2026-08-03,2026-08-03,2020-02-18,1.45
2026-08-03,2026-08-03,2020-02-19,1.515
2026-08-03,2026-08-03,2020-02-20,1.532
2026-08-03,2026-08-03,2020-02-21,1.52
2026-08-03,2026-08-03,2020-02-24,1.51
2026-08-03,2026-08-03,2020-02-25,1.431
2026-08-03,2026-08-03,2020-02-26,1.361
2026-08-03,2026-08-03,2020-02-27,1.308
2026-08-03,2026-08-03,2020-02-28,1.313
2026-08-03,2026-08-03,2020-03-02,1.475
2026-08-03,2026-08-03,2020-03-03,1.467
2026-08-03,2026-08-03,2020-03-04,1.499
2026-08-03,2026-08-03,2020-03-05,1.47
2026-08-03,2026-08-03,2020-03-06,1.345
2026-08-03,2026-08-03,2020-03-09,1.061
2026-08-03,2026-08-03,2020-03-10,1.107
2026-08-03,2026-08-03,2020-03-11,1.035
2026-08-03,2026-08-03,2020-03-12,0.873
2026-08-03,2026-08-03,2020-03-13,0.907
2026-08-03,2026-08-03,2020-03-16,0.657
2026-08-03,2026-08-03,2020-03-17,0.769
2026-08-03,2026-08-03,2020-03-18,0.604
2026-08-03,2026-08-03,2020-03-19,0.615
2026-08-03,2026-08-03,2020-03-20,0.564
2026-08-03,2026-08-03,2020-03-23,0.374
2026-08-03,2026-08-03,2020-03-24,0.364
2026-08-03,2026-08-03,2020-03-25,0.472
2026-08-03,2026-08-03,2020-03-26,0.42
2026-08-03,2026-08-03,2020-03-27,0.458
2026-08-03,2026-08-03,2020-03-30,0.458
2026-08-03,2026-08-03,2020-03-31,0.451
2026-08-03,2026-08-03,2020-04-01,0.438
2026-08-03,2026-08-03,2020-04-02,0.55
2026-08-03,2026-08-03,2020-04-03,0.59
2026-08-03,2026-08-03,2020-04-06,0.572
2026-08-03,2026-08-03,2020-04-07,0.511
2026-08-03,2026-08-03,2020-04-08,0.57
2026-08-03,2026-08-03,2020-04-09,0.56
2026-08-03,2026-08-03,2020-04-10,.
2026-08-03,2026-08-03,2020-04-13,0.592
2026-08-03,2026-08-03,2020-04-14,0.614
2026-08-03,2026-08-03,2020-04-15,0.597
2026-08-03,2026-08-03,2020-04-16,0.572
2026-08-03,2026-08-03,2020-04-17,0.595
2026-08-03,2026-08-03,2020-04-20,0.545
2026-08-03,2026-08-03,2020-04-21,0.391
2026-08-03,2026-08-03,2020-04-22,0.525
2026-08-03,2026-08-03,2020-04-23,0.501
2026-08-03,2026-08-03,2020-04-24,0.507
2026-08-03,2026-08-03,2020-04-27,0.503
2026-08-03,2026-08-03,2020-04-28,0.53
2026-08-03,2026-08-03,2020-04-29,0.598
2026-08-03,2026-08-03,2020-04-30,0.612
2026-08-03,2026-08-03,2020-05-01,0.618
2026-08-03,2026-08-03,2020-05-04,0.701
2026-08-03,2026-08-03,2020-05-05,0.772
2026-08-03,2026-08-03,2020-05-06,0.759
2026-08-03,2026-08-03,2020-05-07,0.797
2026-08-03,2026-08-03,2020-05-08,0.83
2026-08-03,2026-08-03,2020-05-11,0.809
2026-08-03,2026-08-03,2020-05-12,0.793
2026-08-03,2026-08-03,2020-05-13,0.733
2026-08-03,2026-08-03,2020-05-14,0.82
2026-08-03,2026-08-03,2020-05-15,0.86
2026-08-03,2026-08-03,2020-05-18,0.924
2026-08-03,2026-08-03,2020-05-19,0.911
2026-08-03,2026-08-03,2020-05-20,0.914
2026-08-03,2026-08-03,2020-05-21,0.913
2026-08-03,2026-08-03,2020-05-22,0.886
2026-08-03,2026-08-03,2020-05-25,.
2026-08-03,2026-08-03,2020-05-26,0.916
2026-08-03,2026-08-03,2020-05-27,0.865
2026-08-03,2026-08-03,2020-05-28,0.868
2026-08-03,2026-08-03,2020-05-29,0.906
2026-08-03,2026-08-03,2020-06-01,0.957
2026-08-03,2026-08-03,2020-06-02,1.007
2026-08-03,2026-08-03,2020-06-03,0.997
2026-08-03,2026-08-03,2020-06-04,1.041
2026-08-03,2026-08-03,2020-06-05,1.106
2026-08-03,2026-08-03,2020-06-08,1.097
2026-08-03,2026-08-03,2020-06-09,1.114
2026-08-03,2026-08-03,2020-06-10,1.105
2026-08-03,2026-08-03,2020-06-11,1.007
2026-08-03,2026-08-03,2020-06-12,1.039
2026-08-03,2026-08-03,2020-06-15,1.085
2026-08-03,2026-08-03,2020-06-16,1.121
2026-08-03,2026-08-03,2020-06-17,1.131
2026-08-03,2026-08-03,2020-06-18,1.178
2026-08-03,2026-08-03,2020-06-19,1.165
2026-08-03,2026-08-03,2020-06-22,1.194
2026-08-03,2026-08-03,2020-06-23,1.21
2026-08-03,2026-08-03,2020-06-24,1.097
2026-08-03,2026-08-03,2020-06-25,1.113
2026-08-03,2026-08-03,2020-06-26,1.059
2026-08-03,2026-08-03,2020-06-29,1.116
2026-08-03,2026-08-03,2020-06-30,1.143
2026-08-03,2026-08-03,2020-07-01,1.153
2026-08-03,2026-08-03,2020-07-02,1.177
2026-08-03,2026-08-03,2020-07-03,.
2026-08-03,2026-08-03,2020-07-06,1.17
2026-08-03,2026-08-03,2020-07-07,1.195
2026-08-03,2026-08-03,2020-07-08,1.208
2026-08-03,2026-08-03,2020-07-09,1.175
2026-08-03,2026-08-03,2020-07-10,1.189
2026-08-03,2026-08-03,2020-07-13,1.157
2026-08-03,2026-08-03,2020-07-14,1.154
2026-08-03,2026-08-03,2020-07-15,1.163
2026-08-03,2026-08-03,2020-07-16,1.129
2026-08-03,2026-08-03,2020-07-17,1.114
2026-08-03,2026-08-03,2020-07-20,1.141
2026-08-03,2026-08-03,2020-07-21,1.198
2026-08-03,2026-08-03,2020-07-22,1.194
2026-08-03,2026-08-03,2020-07-23,1.178
2026-08-03,2026-08-03,2020-07-24,1.2
2026-08-03,2026-08-03,2020-07-27,1.199
2026-08-03,2026-08-03,2020-07-28,1.18
2026-08-03,2026-08-03,2020-07-29,1.157
2026-08-03,2026-08-03,2020-07-30,1.129
2026-08-03,2026-08-03,2020-07-31,1.102
2026-08-03,2026-08-03,2020-08-03,1.124
2026-08-03,2026-08-03,2020-08-04,1.119
2026-08-03,2026-08-03,2020-08-05,1.154
2026-08-03,2026-08-03,2020-08-06,1.172
2026-08-03,2026-08-03,2020-08-07,1.157
2026-08-03,2026-08-03,2020-08-10,1.175
2026-08-03,2026-08-03,2020-08-11,1.146
2026-08-03,2026-08-03,2020-08-12,1.183
2026-08-03,2026-08-03,2020-08-13,1.178
2026-08-03,2026-08-03,2020-08-14,1.189
2026-08-03,2026-08-03,2020-08-17,1.208
2026-08-03,2026-08-03,2020-08-18,1.275
2026-08-03,2026-08-03,2020-08-19,1.28
2026-08-03,2026-08-03,2020-08-20,1.294
2026-08-03,2026-08-03,2020-08-21,1.283
2026-08-03,2026-08-03,2020-08-24,1.41
2026-08-03,2026-08-03,2020-08-25,1.432
2026-08-03,2026-08-03,2020-08-26,1.386
2026-08-03,2026-08-03,2020-08-27,1.314
2026-08-03,2026-08-03,2020-08-28,1.348
2026-08-03,2026-08-03,2020-08-31,1.291
2026-08-03,2026-08-03,2020-09-01,1.225
2026-08-03,2026-08-03,2020-09-02,1.194
2026-08-03,2026-08-03,2020-09-03,1.21
2026-08-03,2026-08-03,2020-09-04,1.163
2026-08-03,2026-08-03,2020-09-07,.
2026-08-03,2026-08-03,2020-09-08,1.098
2026-08-03,2026-08-03,2020-09-09,1.113
2026-08-03,2026-08-03,2020-09-10,1.074
2026-08-03,2026-08-03,2020-09-11,1.085
2026-08-03,2026-08-03,2020-09-14,1.116
2026-08-03,2026-08-03,2020-09-15,1.14
2026-08-03,2026-08-03,2020-09-16,1.201
2026-08-03,2026-08-03,2020-09-17,1.216
2026-08-03,2026-08-03,2020-09-18,1.22
2026-08-03,2026-08-03,2020-09-21,1.174
2026-08-03,2026-08-03,2020-09-22,1.166
2026-08-03,2026-08-03,2020-09-23,1.167
2026-08-03,2026-08-03,2020-09-24,1.203
2026-08-03,2026-08-03,2020-09-25,1.251
2026-08-03,2026-08-03,2020-09-28,1.276
2026-08-03,2026-08-03,2020-09-29,1.209
2026-08-03,2026-08-03,2020-09-30,1.191
2026-08-03,2026-08-03,2020-10-01,1.145
2026-08-03,2026-08-03,2020-10-02,1.117
2026-08-03,2026-08-03,2020-10-05,1.196
2026-08-03,2026-08-03,2020-10-06,1.225
2026-08-03,2026-08-03,2020-10-07,1.223
2026-08-03,2026-08-03,2020-10-08,1.253
2026-08-03,2026-08-03,2020-10-09,1.207
2026-08-03,2026-08-03,2020-10-12,1.18
2026-08-03,2026-08-03,2020-10-13,1.172
2026-08-03,2026-08-03,2020-10-14,1.18
2026-08-03,2026-08-03,2020-10-15,1.165
2026-08-03,2026-08-03,2020-10-16,1.138
2026-08-03,2026-08-03,2020-10-19,1.129
2026-08-03,2026-08-03,2020-10-20,1.158
2026-08-03,2026-08-03,2020-10-21,1.119
2026-08-03,2026-08-03,2020-10-22,1.134
2026-08-03,2026-08-03,2020-10-23,1.122
2026-08-03,2026-08-03,2020-10-26,1.087
2026-08-03,2026-08-03,2020-10-27,1.114
2026-08-03,2026-08-03,2020-10-28,1.048
2026-08-03,2026-08-03,2020-10-29,1.016
2026-08-03,2026-08-03,2020-10-30,1.012
2026-08-03,2026-08-03,2020-11-02,1.026
2026-08-03,2026-08-03,2020-11-03,1.05
2026-08-03,2026-08-03,2020-11-04,1.067
2026-08-03,2026-08-03,2020-11-05,1.075
2026-08-03,2026-08-03,2020-11-06,1.048
2026-08-03,2026-08-03,2020-11-09,1.114
2026-08-03,2026-08-03,2020-11-10,1.158
2026-08-03,2026-08-03,2020-11-11,1.144
2026-08-03,2026-08-03,2020-11-12,1.116
2026-08-03,2026-08-03,2020-11-13,1.088
2026-08-03,2026-08-03,2020-11-16,1.122
2026-08-03,2026-08-03,2020-11-17,1.125
2026-08-03,2026-08-03,2020-11-18,1.128
2026-08-03,2026-08-03,2020-11-19,1.146
2026-08-03,2026-08-03,2020-11-20,1.149
2026-08-03,2026-08-03,2020-11-23,1.178
2026-08-03,2026-08-03,2020-11-24,1.231
2026-08-03,2026-08-03,2020-11-25,1.259
2026-08-03,2026-08-03,2020-11-26,.
2026-08-03,2026-08-03,2020-11-27,.
2026-08-03,2026-08-03,2020-11-30,1.216
2026-08-03,2026-08-03,2020-12-01,1.186
2026-08-03,2026-08-03,2020-12-02,1.208
2026-08-03,2026-08-03,2020-12-03,1.235
2026-08-03,2026-08-03,2020-12-04,1.234
2026-08-03,2026-08-03,2020-12-07,1.22
2026-08-03,2026-08-03,2020-12-08,1.227
2026-08-03,2026-08-03,2020-12-09,1.252
2026-08-03,2026-08-03,2020-12-10,1.282
2026-08-03,2026-08-03,2020-12-11,1.285
2026-08-03,2026-08-03,2020-12-14,1.292
2026-08-03,2026-08-03,2020-12-15,1.295
2026-08-03,2026-08-03,2020-12-16,1.325
2026-08-03,2026-08-03,2020-12-17,1.362
2026-08-03,2026-08-03,2020-12-18,1.367
2026-08-03,2026-08-03,2020-12-21,1.324
2026-08-03,2026-08-03,2020-12-22,1.307
2026-08-03,2026-08-03,2020-12-23,1.35
2026-08-03,2026-08-03,2020-12-24,1.348
2026-08-03,2026-08-03,2020-12-25,.
2026-08-03,2026-08-03,2020-12-28,1.341
2026-08-03,2026-08-03,2020-12-29,1.362
2026-08-03,2026-08-03,2020-12-30,1.383
2026-08-03,2026-08-03,2020-12-31,1.366
2026-08-03,2026-08-03,2021-01-01,.
2026-08-03,2026-08-03,2021-01-04,1.337
2026-08-03,2026-08-03,2021-01-05,1.423
2026-08-03,2026-08-03,2021-01-06,1.436
2026-08-03,2026-08-03,2021-01-07,1.455
2026-08-03,2026-08-03,2021-01-08,1.519
2026-08-03,2026-08-03,2021-01-11,1.506
2026-08-03,2026-08-03,2021-01-12,1.533
2026-08-03,2026-08-03,2021-01-13,1.525
2026-08-03,2026-08-03,2021-01-14,1.533
2026-08-03,2026-08-03,2021-01-15,1.494
2026-08-03,2026-08-03,2021-01-18,.
2026-08-03,2026-08-03,2021-01-19,1.507
2026-08-03,2026-08-03,2021-01-20,1.506
2026-08-03,2026-08-03,2021-01-21,1.515
2026-08-03,2026-08-03,2021-01-22,1.518
2026-08-03,2026-08-03,2021-01-25,1.538
2026-08-03,2026-08-03,2021-01-26,1.549
2026-08-03,2026-08-03,2021-01-27,1.539
2026-08-03,2026-08-03,2021-01-28,1.551
2026-08-03,2026-08-03,2021-01-29,1.515
2026-08-03,2026-08-03,2021-02-01,1.562
2026-08-03,2026-08-03,2021-02-02,1.592
2026-08-03,2026-08-03,2021-02-03,1.62
2026-08-03,2026-08-03,2021-02-04,1.617
2026-08-03,2026-08-03,2021-02-05,1.617
2026-08-03,2026-08-03,2021-02-08,1.644
2026-08-03,2026-08-03,2021-02-09,1.633
2026-08-03,2026-08-03,2021-02-10,1.598
2026-08-03,2026-08-03,2021-02-11,1.605
2026-08-03,2026-08-03,2021-02-12,1.655
2026-08-03,2026-08-03,2021-02-15,.
2026-08-03,2026-08-03,2021-02-16,1.75
2026-08-03,2026-08-03,2021-02-17,1.729
2026-08-03,2026-08-03,2021-02-18,1.693
2026-08-03,2026-08-03,2021-02-19,1.731
2026-08-03,2026-08-03,2021-02-22,1.787
2026-08-03,2026-08-03,2021-02-23,1.795
2026-08-03,2026-08-03,2021-02-24,1.819
2026-08-03,2026-08-03,2021-02-25,1.8
2026-08-03,2026-08-03,2021-02-26,1.795
2026-08-03,2026-08-03,2021-03-01,1.874
2026-08-03,2026-08-03,2021-03-02,1.885
2026-08-03,2026-08-03,2021-03-03,1.895
2026-08-03,2026-08-03,2021-03-04,1.954
2026-08-03,2026-08-03,2021-03-05,1.99
2026-08-03,2026-08-03,2021-03-08,1.948
2026-08-03,2026-08-03,2021-03-09,1.945
2026-08-03,2026-08-03,2021-03-10,1.992
2026-08-03,2026-08-03,2021-03-11,2.111
2026-08-03,2026-08-03,2021-03-12,2.111
2026-08-03,2026-08-03,2021-03-15,2.061
2026-08-03,2026-08-03,2021-03-16,2.04
2026-08-03,2026-08-03,2021-03-17,1.982
2026-08-03,2026-08-03,2021-03-18,1.858
2026-08-03,2026-08-03,2021-03-19,1.895
2026-08-03,2026-08-03,2021-03-22,1.9
2026-08-03,2026-08-03,2021-03-23,1.82
2026-08-03,2026-08-03,2021-03-24,1.921
2026-08-03,2026-08-03,2021-03-25,1.858
2026-08-03,2026-08-03,2021-03-26,1.903
2026-08-03,2026-08-03,2021-03-29,1.938
2026-08-03,2026-08-03,2021-03-30,1.938
2026-08-03,2026-08-03,2021-03-31,1.906
2026-08-03,2026-08-03,2021-04-01,1.964
2026-08-03,2026-08-03,2021-04-02,.
2026-08-03,2026-08-03,2021-04-05,1.922
2026-08-03,2026-08-03,2021-04-06,1.931
2026-08-03,2026-08-03,2021-04-07,1.908
2026-08-03,2026-08-03,2021-04-08,1.92
2026-08-03,2026-08-03,2021-04-09,1.936
2026-08-03,2026-08-03,2021-04-12,1.935
2026-08-03,2026-08-03,2021-04-13,1.94
2026-08-03,2026-08-03,2021-04-14,1.988
2026-08-03,2026-08-03,2021-04-15,2.01
2026-08-03,2026-08-03,2021-04-16,1.972
2026-08-03,2026-08-03,2021-04-19,1.98
2026-08-03,2026-08-03,2021-04-20,1.951
2026-08-03,2026-08-03,2021-04-21,1.911
2026-08-03,2026-08-03,2021-04-22,1.946
2026-08-03,2026-08-03,2021-04-23,1.945
2026-08-03,2026-08-03,2021-04-26,1.926
2026-08-03,2026-08-03,2021-04-27,1.975
2026-08-03,2026-08-03,2021-04-28,2.016
2026-08-03,2026-08-03,2021-04-29,2.041
2026-08-03,2026-08-03,2021-04-30,2.005
2026-08-03,2026-08-03,2021-05-03,2.04
2026-08-03,2026-08-03,2021-05-04,2.072
2026-08-03,2026-08-03,2021-05-05,2.05
2026-08-03,2026-08-03,2021-05-06,2.024
2026-08-03,2026-08-03,2021-05-07,2.056
2026-08-03,2026-08-03,2021-05-10,2.063
2026-08-03,2026-08-03,2021-05-11,2.06
2026-08-03,2026-08-03,2021-05-12,2.084
2026-08-03,2026-08-03,2021-05-13,2.011
2026-08-03,2026-08-03,2021-05-14,2.049
2026-08-03,2026-08-03,2021-05-17,2.085
2026-08-03,2026-08-03,2021-05-18,2.073
2026-08-03,2026-08-03,2021-05-19,2.017
2026-08-03,2026-08-03,2021-05-20,1.941
2026-08-03,2026-08-03,2021-05-21,1.973
2026-08-03,2026-08-03,2021-05-24,2.02
2026-08-03,2026-08-03,2021-05-25,2.012
2026-08-03,2026-08-03,2021-05-26,2.044
2026-08-03,2026-08-03,2021-05-27,2.047
2026-08-03,2026-08-03,2021-05-28,2.035
2026-08-03,2026-08-03,2021-05-31,.
2026-08-03,2026-08-03,2021-06-01,2.07
2026-08-03,2026-08-03,2021-06-02,2.093
2026-08-03,2026-08-03,2021-06-03,2.101
2026-08-03,2026-08-03,2021-06-04,2.104
2026-08-03,2026-08-03,2021-06-07,2.095
2026-08-03,2026-08-03,2021-06-08,2.121
2026-08-03,2026-08-03,2021-06-09,2.117
2026-08-03,2026-08-03,2021-06-10,2.129
2026-08-03,2026-08-03,2021-06-11,2.106
2026-08-03,2026-08-03,2021-06-14,2.101
2026-08-03,2026-08-03,2021-06-15,2.09
2026-08-03,2026-08-03,2021-06-16,2.06
2026-08-03,2026-08-03,2021-06-17,2.046
2026-08-03,2026-08-03,2021-06-18,2.079
2026-08-03,2026-08-03,2021-06-21,2.107
2026-08-03,2026-08-03,2021-06-22,2.148
2026-08-03,2026-08-03,2021-06-23,2.189
2026-08-03,2026-08-03,2021-06-24,2.18
2026-08-03,2026-08-03,2021-06-25,2.182
2026-08-03,2026-08-03,2021-06-28,2.135
2026-08-03,2026-08-03,2021-06-29,2.174
2026-08-03,2026-08-03,2021-06-30,2.172
2026-08-03,2026-08-03,2021-07-01,2.195
2026-08-03,2026-08-03,2021-07-02,2.251
2026-08-03,2026-08-03,2021-07-05,.
2026-08-03,2026-08-03,2021-07-06,2.184
2026-08-03,2026-08-03,2021-07-07,2.151
2026-08-03,2026-08-03,2021-07-08,2.209
2026-08-03,2026-08-03,2021-07-09,2.236
2026-08-03,2026-08-03,2021-07-12,2.225
2026-08-03,2026-08-03,2021-07-13,2.257
2026-08-03,2026-08-03,2021-07-14,2.223
2026-08-03,2026-08-03,2021-07-15,2.179
2026-08-03,2026-08-03,2021-07-16,2.185
2026-08-03,2026-08-03,2021-07-19,2.055
2026-08-03,2026-08-03,2021-07-20,2.069
2026-08-03,2026-08-03,2021-07-21,2.145
2026-08-03,2026-08-03,2021-07-22,2.197
2026-08-03,2026-08-03,2021-07-23,2.21
2026-08-03,2026-08-03,2021-07-26,2.237
2026-08-03,2026-08-03,2021-07-27,2.248
2026-08-03,2026-08-03,2021-07-28,2.252
2026-08-03,2026-08-03,2021-07-29,2.295
2026-08-03,2026-08-03,2021-07-30,2.309
2026-08-03,2026-08-03,2021-08-02,2.233
2026-08-03,2026-08-03,2021-08-03,2.217
2026-08-03,2026-08-03,2021-08-04,2.188
2026-08-03,2026-08-03,2021-08-05,2.242
2026-08-03,2026-08-03,2021-08-06,2.2
2026-08-03,2026-08-03,2021-08-09,2.203
2026-08-03,2026-08-03,2021-08-10,2.224
2026-08-03,2026-08-03,2021-08-11,2.256
2026-08-03,2026-08-03,2021-08-12,2.224
2026-08-03,2026-08-03,2021-08-13,2.196
2026-08-03,2026-08-03,2021-08-16,2.151
2026-08-03,2026-08-03,2021-08-17,2.105
2026-08-03,2026-08-03,2021-08-18,2.07
2026-08-03,2026-08-03,2021-08-19,2.032
2026-08-03,2026-08-03,2021-08-20,1.958
2026-08-03,2026-08-03,2021-08-23,2.078
2026-08-03,2026-08-03,2021-08-24,2.251
2026-08-03,2026-08-03,2021-08-25,2.391
2026-08-03,2026-08-03,2021-08-26,2.366
2026-08-03,2026-08-03,2021-08-27,2.385
2026-08-03,2026-08-03,2021-08-30,2.415
2026-08-03,2026-08-03,2021-08-31,2.353
2026-08-03,2026-08-03,2021-09-01,2.178
2026-08-03,2026-08-03,2021-09-02,2.227
2026-08-03,2026-08-03,2021-09-03,2.219
2026-08-03,2026-08-03,2021-09-06,.
2026-08-03,2026-08-03,2021-09-07,2.178
2026-08-03,2026-08-03,2021-09-08,2.2
2026-08-03,2026-08-03,2021-09-09,2.176
2026-08-03,2026-08-03,2021-09-10,2.192
2026-08-03,2026-08-03,2021-09-13,2.224
2026-08-03,2026-08-03,2021-09-14,2.219
2026-08-03,2026-08-03,2021-09-15,2.24
2026-08-03,2026-08-03,2021-09-16,2.209
2026-08-03,2026-08-03,2021-09-17,2.195
2026-08-03,2026-08-03,2021-09-20,2.143
2026-08-03,2026-08-03,2021-09-21,2.123
2026-08-03,2026-08-03,2021-09-22,2.124
2026-08-03,2026-08-03,2021-09-23,2.159
2026-08-03,2026-08-03,2021-09-24,2.183
2026-08-03,2026-08-03,2021-09-27,2.267
2026-08-03,2026-08-03,2021-09-28,2.224
2026-08-03,2026-08-03,2021-09-29,2.237
2026-08-03,2026-08-03,2021-09-30,2.264
2026-08-03,2026-08-03,2021-10-01,2.253
2026-08-03,2026-08-03,2021-10-04,2.322
2026-08-03,2026-08-03,2021-10-05,2.368
2026-08-03,2026-08-03,2021-10-06,2.32
2026-08-03,2026-08-03,2021-10-07,2.35
2026-08-03,2026-08-03,2021-10-08,2.373
2026-08-03,2026-08-03,2021-10-11,2.392
2026-08-03,2026-08-03,2021-10-12,2.384
2026-08-03,2026-08-03,2021-10-13,2.406
2026-08-03,2026-08-03,2021-10-14,2.436
2026-08-03,2026-08-03,2021-10-15,2.466
2026-08-03,2026-08-03,2021-10-18,2.467
2026-08-03,2026-08-03,2021-10-19,2.462
2026-08-03,2026-08-03,2021-10-20,2.494
2026-08-03,2026-08-03,2021-10-21,2.474
2026-08-03,2026-08-03,2021-10-22,2.481
2026-08-03,2026-08-03,2021-10-25,2.506
2026-08-03,2026-08-03,2021-10-26,2.552
2026-08-03,2026-08-03,2021-10-27,2.469
2026-08-03,2026-08-03,2021-10-28,2.471
2026-08-03,2026-08-03,2021-10-29,2.485
2026-08-03,2026-08-03,2021-11-01,2.457
2026-08-03,2026-08-03,2021-11-02,2.466
2026-08-03,2026-08-03,2021-11-03,2.36
2026-08-03,2026-08-03,2021-11-04,2.292
2026-08-03,2026-08-03,2021-11-05,2.308
2026-08-03,2026-08-03,2021-11-08,2.319
2026-08-03,2026-08-03,2021-11-09,2.36
2026-08-03,2026-08-03,2021-11-10,2.28
2026-08-03,2026-08-03,2021-11-11,2.291
2026-08-03,2026-08-03,2021-11-12,2.288
2026-08-03,2026-08-03,2021-11-15,2.311
2026-08-03,2026-08-03,2021-11-16,2.318
2026-08-03,2026-08-03,2021-11-17,2.24
2026-08-03,2026-08-03,2021-11-18,2.253
2026-08-03,2026-08-03,2021-11-19,2.163
2026-08-03,2026-08-03,2021-11-22,2.205
2026-08-03,2026-08-03,2021-11-23,2.302
2026-08-03,2026-08-03,2021-11-24,2.275
2026-08-03,2026-08-03,2021-11-25,.
2026-08-03,2026-08-03,2021-11-26,.
2026-08-03,2026-08-03,2021-11-29,2.1
2026-08-03,2026-08-03,2021-11-30,2.01
2026-08-03,2026-08-03,2021-12-01,1.967
2026-08-03,2026-08-03,2021-12-02,2.0
2026-08-03,2026-08-03,2021-12-03,1.974
2026-08-03,2026-08-03,2021-12-06,2.068
2026-08-03,2026-08-03,2021-12-07,2.125
2026-08-03,2026-08-03,2021-12-08,2.172
2026-08-03,2026-08-03,2021-12-09,2.125
2026-08-03,2026-08-03,2021-12-10,2.12
2026-08-03,2026-08-03,2021-12-13,2.096
2026-08-03,2026-08-03,2021-12-14,2.069
2026-08-03,2026-08-03,2021-12-15,2.119
2026-08-03,2026-08-03,2021-12-16,2.128
2026-08-03,2026-08-03,2021-12-17,2.106
2026-08-03,2026-08-03,2021-12-20,2.074
2026-08-03,2026-08-03,2021-12-21,2.137
2026-08-03,2026-08-03,2021-12-22,2.154
2026-08-03,2026-08-03,2021-12-23,2.197
2026-08-03,2026-08-03,2021-12-24,.
2026-08-03,2026-08-03,2021-12-27,2.228
2026-08-03,2026-08-03,2021-12-28,2.236
2026-08-03,2026-08-03,2021-12-29,2.26
2026-08-03,2026-08-03,2021-12-30,2.264
2026-08-03,2026-08-03,2021-12-31,2.224
2026-08-03,2026-08-03,2022-01-03,2.252
2026-08-03,2026-08-03,2022-01-04,2.276
2026-08-03,2026-08-03,2022-01-05,2.272
2026-08-03,2026-08-03,2022-01-06,2.306
2026-08-03,2026-08-03,2022-01-07,2.296
2026-08-03,2026-08-03,2022-01-10,2.273
2026-08-03,2026-08-03,2022-01-11,2.351
2026-08-03,2026-08-03,2022-01-12,2.399
2026-08-03,2026-08-03,2022-01-13,2.377
2026-08-03,2026-08-03,2022-01-14,2.425
2026-08-03,2026-08-03,2022-01-17,.
2026-08-03,2026-08-03,2022-01-18,2.45
2026-08-03,2026-08-03,2022-01-19,2.447
2026-08-03,2026-08-03,2022-01-20,2.431
2026-08-03,2026-08-03,2022-01-21,2.431
2026-08-03,2026-08-03,2022-01-24,2.412
2026-08-03,2026-08-03,2022-01-25,2.443
2026-08-03,2026-08-03,2022-01-26,2.52
2026-08-03,2026-08-03,2022-01-27,2.548
2026-08-03,2026-08-03,2022-01-28,2.55
2026-08-03,2026-08-03,2022-01-31,2.544
2026-08-03,2026-08-03,2022-02-01,2.579
2026-08-03,2026-08-03,2022-02-02,2.597
2026-08-03,2026-08-03,2022-02-03,2.636
2026-08-03,2026-08-03,2022-02-04,2.668
2026-08-03,2026-08-03,2022-02-07,2.693
2026-08-03,2026-08-03,2022-02-08,2.634
2026-08-03,2026-08-03,2022-02-09,2.657
2026-08-03,2026-08-03,2022-02-10,2.657
2026-08-03,2026-08-03,2022-02-11,2.747
2026-08-03,2026-08-03,2022-02-14,2.764
2026-08-03,2026-08-03,2022-02-15,2.671
2026-08-03,2026-08-03,2022-02-16,2.608
2026-08-03,2026-08-03,2022-02-17,2.64
2026-08-03,2026-08-03,2022-02-18,2.678
2026-08-03,2026-08-03,2022-02-21,.
2026-08-03,2026-08-03,2022-02-22,2.69
2026-08-03,2026-08-03,2022-02-23,2.69
2026-08-03,2026-08-03,2022-02-24,2.58
2026-08-03,2026-08-03,2022-02-25,2.535
2026-08-03,2026-08-03,2022-02-28,2.586
2026-08-03,2026-08-03,2022-03-01,2.977
2026-08-03,2026-08-03,2022-03-02,3.198
2026-08-03,2026-08-03,2022-03-03,3.145
2026-08-03,2026-08-03,2022-03-04,3.386
2026-08-03,2026-08-03,2022-03-07,3.417
2026-08-03,2026-08-03,2022-03-08,3.532
2026-08-03,2026-08-03,2022-03-09,3.191
2026-08-03,2026-08-03,2022-03-10,3.061
2026-08-03,2026-08-03,2022-03-11,3.221
2026-08-03,2026-08-03,2022-03-14,3.079
2026-08-03,2026-08-03,2022-03-15,2.883
2026-08-03,2026-08-03,2022-03-16,2.889
2026-08-03,2026-08-03,2022-03-17,3.145
2026-08-03,2026-08-03,2022-03-18,3.175
2026-08-03,2026-08-03,2022-03-21,3.314
2026-08-03,2026-08-03,2022-03-22,3.251
2026-08-03,2026-08-03,2022-03-23,3.365
2026-08-03,2026-08-03,2022-03-24,3.302
2026-08-03,2026-08-03,2022-03-25,3.38
2026-08-03,2026-08-03,2022-03-28,3.103
2026-08-03,2026-08-03,2022-03-29,3.149
2026-08-03,2026-08-03,2022-03-30,3.245
2026-08-03,2026-08-03,2022-03-31,3.117
2026-08-03,2026-08-03,2022-04-01,3.081
2026-08-03,2026-08-03,2022-04-04,3.16
2026-08-03,2026-08-03,2022-04-05,3.08
2026-08-03,2026-08-03,2022-04-06,3.001
2026-08-03,2026-08-03,2022-04-07,2.989
2026-08-03,2026-08-03,2022-04-08,3.063
2026-08-03,2026-08-03,2022-04-11,2.94
2026-08-03,2026-08-03,2022-04-12,3.088
2026-08-03,2026-08-03,2022-04-13,3.212
2026-08-03,2026-08-03,2022-04-14,3.282
2026-08-03,2026-08-03,2022-04-15,.
2026-08-03,2026-08-03,2022-04-18,3.288
2026-08-03,2026-08-03,2022-04-19,3.153
2026-08-03,2026-08-03,2022-04-20,3.2
2026-08-03,2026-08-03,2022-04-21,3.216
2026-08-03,2026-08-03,2022-04-22,3.182
2026-08-03,2026-08-03,2022-04-25,3.186
2026-08-03,2026-08-03,2022-04-26,3.295
2026-08-03,2026-08-03,2022-04-27,3.382
2026-08-03,2026-08-03,2022-04-28,3.406
2026-08-03,2026-08-03,2022-04-29,3.388
2026-08-03,2026-08-03,2022-05-02,3.414
2026-08-03,2026-08-03,2022-05-03,3.468
2026-08-03,2026-08-03,2022-05-04,3.617
2026-08-03,2026-08-03,2022-05-05,3.596
2026-08-03,2026-08-03,2022-05-06,3.748
2026-08-03,2026-08-03,2022-05-09,3.546
2026-08-03,2026-08-03,2022-05-10,3.61
2026-08-03,2026-08-03,2022-05-11,3.752
2026-08-03,2026-08-03,2022-05-12,3.895
2026-08-03,2026-08-03,2022-05-13,4.05
2026-08-03,2026-08-03,2022-05-16,4.003
2026-08-03,2026-08-03,2022-05-17,3.818
2026-08-03,2026-08-03,2022-05-18,3.591
2026-08-03,2026-08-03,2022-05-19,3.699
2026-08-03,2026-08-03,2022-05-20,3.748
2026-08-03,2026-08-03,2022-05-23,3.69
2026-08-03,2026-08-03,2022-05-24,3.794
2026-08-03,2026-08-03,2022-05-25,3.843
2026-08-03,2026-08-03,2022-05-26,3.887
2026-08-03,2026-08-03,2022-05-27,4.027
2026-08-03,2026-08-03,2022-05-30,.
2026-08-03,2026-08-03,2022-05-31,3.947
2026-08-03,2026-08-03,2022-06-01,4.049
2026-08-03,2026-08-03,2022-06-02,4.21
2026-08-03,2026-08-03,2022-06-03,4.344
2026-08-03,2026-08-03,2022-06-06,4.297
2026-08-03,2026-08-03,2022-06-07,4.207
2026-08-03,2026-08-03,2022-06-08,4.252
2026-08-03,2026-08-03,2022-06-09,4.304
2026-08-03,2026-08-03,2022-06-10,4.205
2026-08-03,2026-08-03,2022-06-13,4.08
2026-08-03,2026-08-03,2022-06-14,4.042
2026-08-03,2026-08-03,2022-06-15,3.95
2026-08-03,2026-08-03,2022-06-16,3.956
2026-08-03,2026-08-03,2022-06-17,3.886
2026-08-03,2026-08-03,2022-06-20,.
2026-08-03,2026-08-03,2022-06-21,3.886
2026-08-03,2026-08-03,2022-06-22,3.863
2026-08-03,2026-08-03,2022-06-23,3.796
2026-08-03,2026-08-03,2022-06-24,4.021
2026-08-03,2026-08-03,2022-06-27,3.954
2026-08-03,2026-08-03,2022-06-28,4.045
2026-08-03,2026-08-03,2022-06-29,3.905
2026-08-03,2026-08-03,2022-06-30,3.777
2026-08-03,2026-08-03,2022-07-01,3.814
2026-08-03,2026-08-03,2022-07-04,.
2026-08-03,2026-08-03,2022-07-05,3.447
2026-08-03,2026-08-03,2022-07-06,3.303
2026-08-03,2026-08-03,2022-07-07,3.467
2026-08-03,2026-08-03,2022-07-08,3.485
2026-08-03,2026-08-03,2022-07-11,3.483
2026-08-03,2026-08-03,2022-07-12,3.226
2026-08-03,2026-08-03,2022-07-13,3.194
2026-08-03,2026-08-03,2022-07-14,3.149
2026-08-03,2026-08-03,2022-07-15,3.096
2026-08-03,2026-08-03,2022-07-18,3.15
2026-08-03,2026-08-03,2022-07-19,3.163
2026-08-03,2026-08-03,2022-07-20,3.146
2026-08-03,2026-08-03,2022-07-21,3.039
2026-08-03,2026-08-03,2022-07-22,2.989
2026-08-03,2026-08-03,2022-07-25,3.159
2026-08-03,2026-08-03,2022-07-26,3.26
2026-08-03,2026-08-03,2022-07-27,3.356
2026-08-03,2026-08-03,2022-07-28,3.468
2026-08-03,2026-08-03,2022-07-29,3.271
2026-08-03,2026-08-03,2022-08-01,2.86
2026-08-03,2026-08-03,2022-08-02,2.84
2026-08-03,2026-08-03,2022-08-03,2.793
2026-08-03,2026-08-03,2022-08-04,2.644
2026-08-03,2026-08-03,2022-08-05,2.652
2026-08-03,2026-08-03,2022-08-08,2.686
2026-08-03,2026-08-03,2022-08-09,2.8
2026-08-03,2026-08-03,2022-08-10,2.869
2026-08-03,2026-08-03,2022-08-11,2.857
2026-08-03,2026-08-03,2022-08-12,2.817
2026-08-03,2026-08-03,2022-08-15,2.753
2026-08-03,2026-08-03,2022-08-16,2.703
2026-08-03,2026-08-03,2022-08-17,2.694
2026-08-03,2026-08-03,2022-08-18,2.82
2026-08-03,2026-08-03,2022-08-19,2.833
2026-08-03,2026-08-03,2022-08-22,2.728
2026-08-03,2026-08-03,2022-08-23,2.755
2026-08-03,2026-08-03,2022-08-24,2.867
2026-08-03,2026-08-03,2022-08-25,2.905
2026-08-03,2026-08-03,2022-08-26,2.939
2026-08-03,2026-08-03,2022-08-29,2.987
2026-08-03,2026-08-03,2022-08-30,2.794
2026-08-03,2026-08-03,2022-08-31,2.638
2026-08-03,2026-08-03,2022-09-01,2.452
2026-08-03,2026-08-03,2022-09-02,2.556
2026-08-03,2026-08-03,2022-09-05,.
2026-08-03,2026-08-03,2022-09-06,2.527
2026-08-03,2026-08-03,2022-09-07,2.451
2026-08-03,2026-08-03,2022-09-08,2.443
2026-08-03,2026-08-03,2022-09-09,2.522
2026-08-03,2026-08-03,2022-09-12,2.577
2026-08-03,2026-08-03,2022-09-13,2.538
2026-08-03,2026-08-03,2022-09-14,2.603
2026-08-03,2026-08-03,2022-09-15,2.516
2026-08-03,2026-08-03,2022-09-16,2.558
2026-08-03,2026-08-03,2022-09-19,2.576
2026-08-03,2026-08-03,2022-09-20,2.556
2026-08-03,2026-08-03,2022-09-21,2.593
2026-08-03,2026-08-03,2022-09-22,2.698
2026-08-03,2026-08-03,2022-09-23,2.578
2026-08-03,2026-08-03,2022-09-26,2.568
2026-08-03,2026-08-03,2022-09-27,2.706
2026-08-03,2026-08-03,2022-09-28,2.771
2026-08-03,2026-08-03,2022-09-29,2.72
2026-08-03,2026-08-03,2022-09-30,2.62
2026-08-03,2026-08-03,2022-10-03,2.715
2026-08-03,2026-08-03,2022-10-04,2.846
2026-08-03,2026-08-03,2022-10-05,2.922
2026-08-03,2026-08-03,2022-10-06,2.943
2026-08-03,2026-08-03,2022-10-07,3.019
2026-08-03,2026-08-03,2022-10-10,.
2026-08-03,2026-08-03,2022-10-11,2.717
2026-08-03,2026-08-03,2022-10-12,2.738
2026-08-03,2026-08-03,2022-10-13,2.869
2026-08-03,2026-08-03,2022-10-14,2.833
2026-08-03,2026-08-03,2022-10-17,2.798
2026-08-03,2026-08-03,2022-10-18,2.655
2026-08-03,2026-08-03,2022-10-19,2.72
2026-08-03,2026-08-03,2022-10-20,2.671
2026-08-03,2026-08-03,2022-10-21,2.639
2026-08-03,2026-08-03,2022-10-24,2.701
2026-08-03,2026-08-03,2022-10-25,2.85
2026-08-03,2026-08-03,2022-10-26,3.143
2026-08-03,2026-08-03,2022-10-27,3.188
2026-08-03,2026-08-03,2022-10-28,2.93
2026-08-03,2026-08-03,2022-10-31,2.849
2026-08-03,2026-08-03,2022-11-01,2.628
2026-08-03,2026-08-03,2022-11-02,2.735
2026-08-03,2026-08-03,2022-11-03,2.723
2026-08-03,2026-08-03,2022-11-04,2.759
2026-08-03,2026-08-03,2022-11-07,2.701
2026-08-03,2026-08-03,2022-11-08,2.636
2026-08-03,2026-08-03,2022-11-09,2.522
2026-08-03,2026-08-03,2022-11-10,2.522
2026-08-03,2026-08-03,2022-11-11,.
2026-08-03,2026-08-03,2022-11-14,2.496
2026-08-03,2026-08-03,2022-11-15,2.438
2026-08-03,2026-08-03,2022-11-16,2.383
2026-08-03,2026-08-03,2022-11-17,2.32
2026-08-03,2026-08-03,2022-11-18,2.224
2026-08-03,2026-08-03,2022-11-21,2.23
2026-08-03,2026-08-03,2022-11-22,2.404
2026-08-03,2026-08-03,2022-11-23,2.48
2026-08-03,2026-08-03,2022-11-24,.
2026-08-03,2026-08-03,2022-11-25,2.38
2026-08-03,2026-08-03,2022-11-28,2.111
2026-08-03,2026-08-03,2022-11-29,2.135
2026-08-03,2026-08-03,2022-11-30,2.289
2026-08-03,2026-08-03,2022-12-01,2.202
2026-08-03,2026-08-03,2022-12-02,2.136
2026-08-03,2026-08-03,2022-12-05,2.048
2026-08-03,2026-08-03,2022-12-06,2.029
2026-08-03,2026-08-03,2022-12-07,1.968
2026-08-03,2026-08-03,2022-12-08,1.979
2026-08-03,2026-08-03,2022-12-09,1.982
2026-08-03,2026-08-03,2022-12-12,1.986
2026-08-03,2026-08-03,2022-12-13,2.067
2026-08-03,2026-08-03,2022-12-14,2.152
2026-08-03,2026-08-03,2022-12-15,2.049
2026-08-03,2026-08-03,2022-12-16,2.009
2026-08-03,2026-08-03,2022-12-19,2.088
2026-08-03,2026-08-03,2022-12-20,2.17
2026-08-03,2026-08-03,2022-12-21,2.192
2026-08-03,2026-08-03,2022-12-22,2.203
2026-08-03,2026-08-03,2022-12-23,2.304
2026-08-03,2026-08-03,2022-12-26,.
2026-08-03,2026-08-03,2022-12-27,2.368
2026-08-03,2026-08-03,2022-12-28,2.383
2026-08-03,2026-08-03,2022-12-29,2.401
2026-08-03,2026-08-03,2022-12-30,2.577
2026-08-03,2026-08-03,2023-01-02,.
2026-08-03,2026-08-03,2023-01-03,2.418
2026-08-03,2026-08-03,2023-01-04,2.338
2026-08-03,2026-08-03,2023-01-05,2.277
2026-08-03,2026-08-03,2023-01-06,2.299
2026-08-03,2026-08-03,2023-01-09,2.308
2026-08-03,2026-08-03,2023-01-10,2.322
2026-08-03,2026-08-03,2023-01-11,2.467
2026-08-03,2026-08-03,2023-01-12,2.488
2026-08-03,2026-08-03,2023-01-13,2.596
2026-08-03,2026-08-03,2023-01-16,.
2026-08-03,2026-08-03,2023-01-17,2.617
2026-08-03,2026-08-03,2023-01-18,2.58
2026-08-03,2026-08-03,2023-01-19,2.671
2026-08-03,2026-08-03,2023-01-20,2.737
2026-08-03,2026-08-03,2023-01-23,2.769
2026-08-03,2026-08-03,2023-01-24,2.739
2026-08-03,2026-08-03,2023-01-25,2.634
2026-08-03,2026-08-03,2023-01-26,2.657
2026-08-03,2026-08-03,2023-01-27,2.625
2026-08-03,2026-08-03,2023-01-30,2.538
2026-08-03,2026-08-03,2023-01-31,2.602
2026-08-03,2026-08-03,2023-02-01,2.51
2026-08-03,2026-08-03,2023-02-02,2.504
2026-08-03,2026-08-03,2023-02-03,2.362
2026-08-03,2026-08-03,2023-02-06,2.369
2026-08-03,2026-08-03,2023-02-07,2.549
2026-08-03,2026-08-03,2023-02-08,2.523
2026-08-03,2026-08-03,2023-02-09,2.502
2026-08-03,2026-08-03,2023-02-10,2.569
2026-08-03,2026-08-03,2023-02-13,2.569
2026-08-03,2026-08-03,2023-02-14,2.529
2026-08-03,2026-08-03,2023-02-15,2.518
2026-08-03,2026-08-03,2023-02-16,2.453
2026-08-03,2026-08-03,2023-02-17,2.439
2026-08-03,2026-08-03,2023-02-20,.
2026-08-03,2026-08-03,2023-02-21,2.452
2026-08-03,2026-08-03,2023-02-22,2.32
2026-08-03,2026-08-03,2023-02-23,2.171
2026-08-03,2026-08-03,2023-02-24,2.155
2026-08-03,2026-08-03,2023-02-27,2.176
2026-08-03,2026-08-03,2023-02-28,2.232
2026-08-03,2026-08-03,2023-03-01,2.476
2026-08-03,2026-08-03,2023-03-02,2.473
2026-08-03,2026-08-03,2023-03-03,2.549
2026-08-03,2026-08-03,2023-03-06,2.564
2026-08-03,2026-08-03,2023-03-07,2.556
2026-08-03,2026-08-03,2023-03-08,2.586
2026-08-03,2026-08-03,2023-03-09,2.496
2026-08-03,2026-08-03,2023-03-10,2.55
2026-08-03,2026-08-03,2023-03-13,2.507
2026-08-03,2026-08-03,2023-03-14,2.496
2026-08-03,2026-08-03,2023-03-15,2.408
2026-08-03,2026-08-03,2023-03-16,2.484
2026-08-03,2026-08-03,2023-03-17,2.469
2026-08-03,2026-08-03,2023-03-20,2.516
2026-08-03,2026-08-03,2023-03-21,2.465
2026-08-03,2026-08-03,2023-03-22,2.52
2026-08-03,2026-08-03,2023-03-23,2.558
2026-08-03,2026-08-03,2023-03-24,2.558
2026-08-03,2026-08-03,2023-03-27,2.645
2026-08-03,2026-08-03,2023-03-28,2.658
2026-08-03,2026-08-03,2023-03-29,2.609
2026-08-03,2026-08-03,2023-03-30,2.57
2026-08-03,2026-08-03,2023-03-31,2.618
2026-08-03,2026-08-03,2023-04-03,2.686
2026-08-03,2026-08-03,2023-04-04,2.664
2026-08-03,2026-08-03,2023-04-05,2.76
2026-08-03,2026-08-03,2023-04-06,2.763
2026-08-03,2026-08-03,2023-04-07,.
2026-08-03,2026-08-03,2023-04-10,2.772
2026-08-03,2026-08-03,2023-04-11,2.809
2026-08-03,2026-08-03,2023-04-12,2.787
2026-08-03,2026-08-03,2023-04-13,2.75
2026-08-03,2026-08-03,2023-04-14,2.754
2026-08-03,2026-08-03,2023-04-17,2.678
2026-08-03,2026-08-03,2023-04-18,2.638
2026-08-03,2026-08-03,2023-04-19,2.526
2026-08-03,2026-08-03,2023-04-20,2.473
2026-08-03,2026-08-03,2023-04-21,2.454
2026-08-03,2026-08-03,2023-04-24,2.483
2026-08-03,2026-08-03,2023-04-25,2.441
2026-08-03,2026-08-03,2023-04-26,2.401
2026-08-03,2026-08-03,2023-04-27,2.418
2026-08-03,2026-08-03,2023-04-28,2.446
2026-08-03,2026-08-03,2023-05-01,2.462
2026-08-03,2026-08-03,2023-05-02,2.341
2026-08-03,2026-08-03,2023-05-03,2.219
2026-08-03,2026-08-03,2023-05-04,2.257
2026-08-03,2026-08-03,2023-05-05,2.333
2026-08-03,2026-08-03,2023-05-08,2.403
2026-08-03,2026-08-03,2023-05-09,2.42
2026-08-03,2026-08-03,2023-05-10,2.436
2026-08-03,2026-08-03,2023-05-11,2.409
2026-08-03,2026-08-03,2023-05-12,2.341
2026-08-03,2026-08-03,2023-05-15,2.39
2026-08-03,2026-08-03,2023-05-16,2.406
2026-08-03,2026-08-03,2023-05-17,2.492
2026-08-03,2026-08-03,2023-05-18,2.468
2026-08-03,2026-08-03,2023-05-19,2.433
2026-08-03,2026-08-03,2023-05-22,2.578
2026-08-03,2026-08-03,2023-05-23,2.577
2026-08-03,2026-08-03,2023-05-24,2.625
2026-08-03,2026-08-03,2023-05-25,2.575
2026-08-03,2026-08-03,2023-05-26,2.655
2026-08-03,2026-08-03,2023-05-29,.
2026-08-03,2026-08-03,2023-05-30,2.555
2026-08-03,2026-08-03,2023-05-31,2.459
2026-08-03,2026-08-03,2023-06-01,2.348
2026-08-03,2026-08-03,2023-06-02,2.418
2026-08-03,2026-08-03,2023-06-05,2.443
2026-08-03,2026-08-03,2023-06-06,2.474
2026-08-03,2026-08-03,2023-06-07,2.555
2026-08-03,2026-08-03,2023-06-08,2.481
2026-08-03,2026-08-03,2023-06-09,2.523
2026-08-03,2026-08-03,2023-06-12,2.381
2026-08-03,2026-08-03,2023-06-13,2.431
2026-08-03,2026-08-03,2023-06-14,2.44
2026-08-03,2026-08-03,2023-06-15,2.494
2026-08-03,2026-08-03,2023-06-16,2.522
2026-08-03,2026-08-03,2023-06-19,.
2026-08-03,2026-08-03,2023-06-20,2.427
2026-08-03,2026-08-03,2023-06-21,2.531
2026-08-03,2026-08-03,2023-06-22,2.362
2026-08-03,2026-08-03,2023-06-23,2.311
2026-08-03,2026-08-03,2023-06-26,2.375
2026-08-03,2026-08-03,2023-06-27,2.332
2026-08-03,2026-08-03,2023-06-28,2.36
2026-08-03,2026-08-03,2023-06-29,2.343
2026-08-03,2026-08-03,2023-06-30,2.411
2026-08-03,2026-08-03,2023-07-03,2.371
2026-08-03,2026-08-03,2023-07-04,.
2026-08-03,2026-08-03,2023-07-05,2.438
2026-08-03,2026-08-03,2023-07-06,2.45
2026-08-03,2026-08-03,2023-07-07,2.48
2026-08-03,2026-08-03,2023-07-10,2.501
2026-08-03,2026-08-03,2023-07-11,2.55
2026-08-03,2026-08-03,2023-07-12,2.602
2026-08-03,2026-08-03,2023-07-13,2.611
2026-08-03,2026-08-03,2023-07-14,2.568
2026-08-03,2026-08-03,2023-07-17,2.574
2026-08-03,2026-08-03,2023-07-18,2.629
2026-08-03,2026-08-03,2023-07-19,2.665
2026-08-03,2026-08-03,2023-07-20,2.725
2026-08-03,2026-08-03,2023-07-21,2.766
2026-08-03,2026-08-03,2023-07-24,2.913
2026-08-03,2026-08-03,2023-07-25,2.878
2026-08-03,2026-08-03,2023-07-26,2.932
2026-08-03,2026-08-03,2023-07-27,2.948
2026-08-03,2026-08-03,2023-07-28,2.932
2026-08-03,2026-08-03,2023-07-31,2.954
2026-08-03,2026-08-03,2023-08-01,2.92
2026-08-03,2026-08-03,2023-08-02,2.766
2026-08-03,2026-08-03,2023-08-03,2.799
2026-08-03,2026-08-03,2023-08-04,2.831
2026-08-03,2026-08-03,2023-08-07,2.866
2026-08-03,2026-08-03,2023-08-08,2.871
2026-08-03,2026-08-03,2023-08-09,2.982
2026-08-03,2026-08-03,2023-08-10,2.945
2026-08-03,2026-08-03,2023-08-11,2.99
2026-08-03,2026-08-03,2023-08-14,2.971
2026-08-03,2026-08-03,2023-08-15,2.897
2026-08-03,2026-08-03,2023-08-16,2.898
2026-08-03,2026-08-03,2023-08-17,2.864
2026-08-03,2026-08-03,2023-08-18,2.889
2026-08-03,2026-08-03,2023-08-21,2.835
2026-08-03,2026-08-03,2023-08-22,3.038
2026-08-03,2026-08-03,2023-08-23,3.025
2026-08-03,2026-08-03,2023-08-24,3.047
2026-08-03,2026-08-03,2023-08-25,2.924
2026-08-03,2026-08-03,2023-08-28,2.851
2026-08-03,2026-08-03,2023-08-29,2.805
2026-08-03,2026-08-03,2023-08-30,2.866
2026-08-03,2026-08-03,2023-08-31,2.861
2026-08-03,2026-08-03,2023-09-01,2.785
2026-08-03,2026-08-03,2023-09-04,.
2026-08-03,2026-08-03,2023-09-05,2.785
2026-08-03,2026-08-03,2023-09-06,2.798
2026-08-03,2026-08-03,2023-09-07,2.818
2026-08-03,2026-08-03,2023-09-08,2.811
2026-08-03,2026-08-03,2023-09-11,2.925
2026-08-03,2026-08-03,2023-09-12,2.908
2026-08-03,2026-08-03,2023-09-13,2.909
2026-08-03,2026-08-03,2023-09-14,2.916
2026-08-03,2026-08-03,2023-09-15,2.885
2026-08-03,2026-08-03,2023-09-18,2.872
2026-08-03,2026-08-03,2023-09-19,2.833
2026-08-03,2026-08-03,2023-09-20,2.842
2026-08-03,2026-08-03,2023-09-21,2.844
2026-08-03,2026-08-03,2023-09-22,2.793
2026-08-03,2026-08-03,2023-09-25,2.759
2026-08-03,2026-08-03,2023-09-26,2.811
2026-08-03,2026-08-03,2023-09-27,2.827
2026-08-03,2026-08-03,2023-09-28,2.716
2026-08-03,2026-08-03,2023-09-29,2.639
2026-08-03,2026-08-03,2023-10-02,2.554
2026-08-03,2026-08-03,2023-10-03,2.5
2026-08-03,2026-08-03,2023-10-04,2.345
2026-08-03,2026-08-03,2023-10-05,2.324
2026-08-03,2026-08-03,2023-10-06,2.321
2026-08-03,2026-08-03,2023-10-09,.
2026-08-03,2026-08-03,2023-10-10,2.333
2026-08-03,2026-08-03,2023-10-11,2.284
2026-08-03,2026-08-03,2023-10-12,2.237
2026-08-03,2026-08-03,2023-10-13,2.276
2026-08-03,2026-08-03,2023-10-16,2.301
2026-08-03,2026-08-03,2023-10-17,2.322
2026-08-03,2026-08-03,2023-10-18,2.367
2026-08-03,2026-08-03,2023-10-19,2.418
2026-08-03,2026-08-03,2023-10-20,2.363
2026-08-03,2026-08-03,2023-10-23,2.319
2026-08-03,2026-08-03,2023-10-24,2.229
2026-08-03,2026-08-03,2023-10-25,2.201
2026-08-03,2026-08-03,2023-10-26,2.215
2026-08-03,2026-08-03,2023-10-27,2.238
2026-08-03,2026-08-03,2023-10-30,2.128
2026-08-03,2026-08-03,2023-10-31,2.13
2026-08-03,2026-08-03,2023-11-01,2.107
2026-08-03,2026-08-03,2023-11-02,2.158
2026-08-03,2026-08-03,2023-11-03,2.116
2026-08-03,2026-08-03,2023-11-06,2.157
2026-08-03,2026-08-03,2023-11-07,2.085
2026-08-03,2026-08-03,2023-11-08,2.049
2026-08-03,2026-08-03,2023-11-09,2.069
2026-08-03,2026-08-03,2023-11-10,2.082
2026-08-03,2026-08-03,2023-11-13,2.134
2026-08-03,2026-08-03,2023-11-14,2.086
2026-08-03,2026-08-03,2023-11-15,2.066
2026-08-03,2026-08-03,2023-11-16,1.954
2026-08-03,2026-08-03,2023-11-17,2.023
2026-08-03,2026-08-03,2023-11-20,2.062
2026-08-03,2026-08-03,2023-11-21,2.122
2026-08-03,2026-08-03,2023-11-22,2.112
2026-08-03,2026-08-03,2023-11-23,.
2026-08-03,2026-08-03,2023-11-24,2.074
2026-08-03,2026-08-03,2023-11-27,2.131
2026-08-03,2026-08-03,2023-11-28,2.149
2026-08-03,2026-08-03,2023-11-29,2.182
2026-08-03,2026-08-03,2023-11-30,2.05
2026-08-03,2026-08-03,2023-12-01,2.016
2026-08-03,2026-08-03,2023-12-04,2.0
2026-08-03,2026-08-03,2023-12-05,1.966
2026-08-03,2026-08-03,2023-12-06,1.872
2026-08-03,2026-08-03,2023-12-07,1.851
2026-08-03,2026-08-03,2023-12-08,1.92
2026-08-03,2026-08-03,2023-12-11,1.909
2026-08-03,2026-08-03,2023-12-12,1.801
2026-08-03,2026-08-03,2023-12-13,1.843
2026-08-03,2026-08-03,2023-12-14,1.97
2026-08-03,2026-08-03,2023-12-15,1.983
2026-08-03,2026-08-03,2023-12-18,2.099
2026-08-03,2026-08-03,2023-12-19,2.141
2026-08-03,2026-08-03,2023-12-20,2.132
2026-08-03,2026-08-03,2023-12-21,2.102
2026-08-03,2026-08-03,2023-12-22,2.184
2026-08-03,2026-08-03,2023-12-25,.
2026-08-03,2026-08-03,2023-12-26,2.21
2026-08-03,2026-08-03,2023-12-27,2.187
2026-08-03,2026-08-03,2023-12-28,2.126
2026-08-03,2026-08-03,2023-12-29,2.06
2026-08-03,2026-08-03,2024-01-01,.
2026-08-03,2026-08-03,2024-01-02,2.053
2026-08-03,2026-08-03,2024-01-03,2.123
2026-08-03,2026-08-03,2024-01-04,2.085
2026-08-03,2026-08-03,2024-01-05,2.092
2026-08-03,2026-08-03,2024-01-08,2.002
2026-08-03,2026-08-03,2024-01-09,2.041
2026-08-03,2026-08-03,2024-01-10,2.06
2026-08-03,2026-08-03,2024-01-11,2.121
2026-08-03,2026-08-03,2024-01-12,2.127
2026-08-03,2026-08-03,2024-01-15,.
2026-08-03,2026-08-03,2024-01-16,2.128
2026-08-03,2026-08-03,2024-01-17,2.144
2026-08-03,2026-08-03,2024-01-18,2.147
2026-08-03,2026-08-03,2024-01-19,2.146
2026-08-03,2026-08-03,2024-01-22,2.206
2026-08-03,2026-08-03,2024-01-23,2.174
2026-08-03,2026-08-03,2024-01-24,2.167
2026-08-03,2026-08-03,2024-01-25,2.213
2026-08-03,2026-08-03,2024-01-26,2.264
2026-08-03,2026-08-03,2024-01-29,2.266
2026-08-03,2026-08-03,2024-01-30,2.285
2026-08-03,2026-08-03,2024-01-31,2.22
2026-08-03,2026-08-03,2024-02-01,2.207
2026-08-03,2026-08-03,2024-02-02,2.149
2026-08-03,2026-08-03,2024-02-05,2.228
2026-08-03,2026-08-03,2024-02-06,2.222
2026-08-03,2026-08-03,2024-02-07,2.285
2026-08-03,2026-08-03,2024-02-08,2.357
2026-08-03,2026-08-03,2024-02-09,2.351
2026-08-03,2026-08-03,2024-02-12,2.391
2026-08-03,2026-08-03,2024-02-13,2.434
2026-08-03,2026-08-03,2024-02-14,2.329
2026-08-03,2026-08-03,2024-02-15,2.328
2026-08-03,2026-08-03,2024-02-16,2.348
2026-08-03,2026-08-03,2024-02-19,.
2026-08-03,2026-08-03,2024-02-20,2.312
2026-08-03,2026-08-03,2024-02-21,2.333
2026-08-03,2026-08-03,2024-02-22,2.387
2026-08-03,2026-08-03,2024-02-23,2.307
2026-08-03,2026-08-03,2024-02-26,2.335
2026-08-03,2026-08-03,2024-02-27,2.367
2026-08-03,2026-08-03,2024-02-28,2.389
2026-08-03,2026-08-03,2024-02-29,2.432
2026-08-03,2026-08-03,2024-03-01,2.482
2026-08-03,2026-08-03,2024-03-04,2.476
2026-08-03,2026-08-03,2024-03-05,2.419
2026-08-03,2026-08-03,2024-03-06,2.418
2026-08-03,2026-08-03,2024-03-07,2.425
2026-08-03,2026-08-03,2024-03-08,2.327
2026-08-03,2026-08-03,2024-03-11,2.532
2026-08-03,2026-08-03,2024-03-12,2.56
2026-08-03,2026-08-03,2024-03-13,2.628
2026-08-03,2026-08-03,2024-03-14,2.637
2026-08-03,2026-08-03,2024-03-15,2.62
2026-08-03,2026-08-03,2024-03-18,2.628
2026-08-03,2026-08-03,2024-03-19,2.636
2026-08-03,2026-08-03,2024-03-20,2.651
2026-08-03,2026-08-03,2024-03-21,2.632
2026-08-03,2026-08-03,2024-03-22,2.615
2026-08-03,2026-08-03,2024-03-25,2.583
2026-08-03,2026-08-03,2024-03-26,2.525
2026-08-03,2026-08-03,2024-03-27,2.524
2026-08-03,2026-08-03,2024-03-28,2.574
2026-08-03,2026-08-03,2024-03-29,.
2026-08-03,2026-08-03,2024-04-01,2.58
2026-08-03,2026-08-03,2024-04-02,2.608
2026-08-03,2026-08-03,2024-04-03,2.576
2026-08-03,2026-08-03,2024-04-04,2.612
2026-08-03,2026-08-03,2024-04-05,2.625
2026-08-03,2026-08-03,2024-04-08,2.604
2026-08-03,2026-08-03,2024-04-09,2.615
2026-08-03,2026-08-03,2024-04-10,2.642
2026-08-03,2026-08-03,2024-04-11,2.644
2026-08-03,2026-08-03,2024-04-12,2.659
2026-08-03,2026-08-03,2024-04-15,2.638
2026-08-03,2026-08-03,2024-04-16,2.666
2026-08-03,2026-08-03,2024-04-17,2.585
2026-08-03,2026-08-03,2024-04-18,2.544
2026-08-03,2026-08-03,2024-04-19,2.509
2026-08-03,2026-08-03,2024-04-22,2.523
2026-08-03,2026-08-03,2024-04-23,2.536
2026-08-03,2026-08-03,2024-04-24,2.593
2026-08-03,2026-08-03,2024-04-25,2.627
2026-08-03,2026-08-03,2024-04-26,2.585
2026-08-03,2026-08-03,2024-04-29,2.589
2026-08-03,2026-08-03,2024-04-30,2.534
2026-08-03,2026-08-03,2024-05-01,2.438
2026-08-03,2026-08-03,2024-05-02,2.454
2026-08-03,2026-08-03,2024-05-03,2.412
2026-08-03,2026-08-03,2024-05-06,2.431
2026-08-03,2026-08-03,2024-05-07,2.396
2026-08-03,2026-08-03,2024-05-08,2.394
2026-08-03,2026-08-03,2024-05-09,2.426
2026-08-03,2026-08-03,2024-05-10,2.378
2026-08-03,2026-08-03,2024-05-13,2.376
2026-08-03,2026-08-03,2024-05-14,2.329
2026-08-03,2026-08-03,2024-05-15,2.367
2026-08-03,2026-08-03,2024-05-16,2.441
2026-08-03,2026-08-03,2024-05-17,2.481
2026-08-03,2026-08-03,2024-05-20,2.444
2026-08-03,2026-08-03,2024-05-21,2.385
2026-08-03,2026-08-03,2024-05-22,2.372
2026-08-03,2026-08-03,2024-05-23,2.395
2026-08-03,2026-08-03,2024-05-24,2.355
2026-08-03,2026-08-03,2024-05-27,.
2026-08-03,2026-08-03,2024-05-28,2.371
2026-08-03,2026-08-03,2024-05-29,2.3
2026-08-03,2026-08-03,2024-05-30,2.244
2026-08-03,2026-08-03,2024-05-31,2.27
2026-08-03,2026-08-03,2024-06-03,2.186
2026-08-03,2026-08-03,2024-06-04,2.215
2026-08-03,2026-08-03,2024-06-05,2.225
2026-08-03,2026-08-03,2024-06-06,2.25
2026-08-03,2026-08-03,2024-06-07,2.209
2026-08-03,2026-08-03,2024-06-10,2.246
2026-08-03,2026-08-03,2024-06-11,2.233
2026-08-03,2026-08-03,2024-06-12,2.228
2026-08-03,2026-08-03,2024-06-13,2.25
2026-08-03,2026-08-03,2024-06-14,2.252
2026-08-03,2026-08-03,2024-06-17,2.271
2026-08-03,2026-08-03,2024-06-18,2.305
2026-08-03,2026-08-03,2024-06-19,.
2026-08-03,2026-08-03,2024-06-20,2.29
2026-08-03,2026-08-03,2024-06-21,2.336
2026-08-03,2026-08-03,2024-06-24,2.337
2026-08-03,2026-08-03,2024-06-25,2.321
2026-08-03,2026-08-03,2024-06-26,2.356
2026-08-03,2026-08-03,2024-06-27,2.379
2026-08-03,2026-08-03,2024-06-28,2.345
2026-08-03,2026-08-03,2024-07-01,2.435
2026-08-03,2026-08-03,2024-07-02,2.439
2026-08-03,2026-08-03,2024-07-03,2.457
2026-08-03,2026-08-03,2024-07-04,.
2026-08-03,2026-08-03,2024-07-05,2.451
2026-08-03,2026-08-03,2024-07-08,2.404
2026-08-03,2026-08-03,2024-07-09,2.407
2026-08-03,2026-08-03,2024-07-10,2.355
2026-08-03,2026-08-03,2024-07-11,2.37
2026-08-03,2026-08-03,2024-07-12,2.356
2026-08-03,2026-08-03,2024-07-15,2.336
2026-08-03,2026-08-03,2024-07-16,2.339
2026-08-03,2026-08-03,2024-07-17,2.382
2026-08-03,2026-08-03,2024-07-18,2.388
2026-08-03,2026-08-03,2024-07-19,2.306
2026-08-03,2026-08-03,2024-07-22,2.367
2026-08-03,2026-08-03,2024-07-23,2.312
2026-08-03,2026-08-03,2024-07-24,2.34
2026-08-03,2026-08-03,2024-07-25,2.363
2026-08-03,2026-08-03,2024-07-26,2.372
2026-08-03,2026-08-03,2024-07-29,2.332
2026-08-03,2026-08-03,2024-07-30,2.292
2026-08-03,2026-08-03,2024-07-31,2.395
2026-08-03,2026-08-03,2024-08-01,2.371
2026-08-03,2026-08-03,2024-08-02,2.283
2026-08-03,2026-08-03,2024-08-05,2.375
2026-08-03,2026-08-03,2024-08-06,2.286
2026-08-03,2026-08-03,2024-08-07,2.322
2026-08-03,2026-08-03,2024-08-08,2.408
2026-08-03,2026-08-03,2024-08-09,2.386
2026-08-03,2026-08-03,2024-08-12,2.429
2026-08-03,2026-08-03,2024-08-13,2.322
2026-08-03,2026-08-03,2024-08-14,2.275
2026-08-03,2026-08-03,2024-08-15,2.308
2026-08-03,2026-08-03,2024-08-16,2.279
2026-08-03,2026-08-03,2024-08-19,2.219
2026-08-03,2026-08-03,2024-08-20,2.208
2026-08-03,2026-08-03,2024-08-21,2.318
2026-08-03,2026-08-03,2024-08-22,2.333
2026-08-03,2026-08-03,2024-08-23,2.366
2026-08-03,2026-08-03,2024-08-26,2.358
2026-08-03,2026-08-03,2024-08-27,2.316
2026-08-03,2026-08-03,2024-08-28,2.124
2026-08-03,2026-08-03,2024-08-29,2.172
2026-08-03,2026-08-03,2024-08-30,2.153
2026-08-03,2026-08-03,2024-09-02,.
2026-08-03,2026-08-03,2024-09-03,2.024
2026-08-03,2026-08-03,2024-09-04,1.964
2026-08-03,2026-08-03,2024-09-05,1.916
2026-08-03,2026-08-03,2024-09-06,1.894
2026-08-03,2026-08-03,2024-09-09,1.941
2026-08-03,2026-08-03,2024-09-10,1.911
2026-08-03,2026-08-03,2024-09-11,1.927
2026-08-03,2026-08-03,2024-09-12,1.956
2026-08-03,2026-08-03,2024-09-13,1.946
2026-08-03,2026-08-03,2024-09-16,1.98
2026-08-03,2026-08-03,2024-09-17,1.972
2026-08-03,2026-08-03,2024-09-18,1.953
2026-08-03,2026-08-03,2024-09-19,2.091
2026-08-03,2026-08-03,2024-09-20,2.077
2026-08-03,2026-08-03,2024-09-23,2.026
2026-08-03,2026-08-03,2024-09-24,2.043
2026-08-03,2026-08-03,2024-09-25,2.021
2026-08-03,2026-08-03,2024-09-26,1.983
2026-08-03,2026-08-03,2024-09-27,1.988
2026-08-03,2026-08-03,2024-09-30,2.003
2026-08-03,2026-08-03,2024-10-01,1.988
2026-08-03,2026-08-03,2024-10-02,2.01
2026-08-03,2026-08-03,2024-10-03,2.099
2026-08-03,2026-08-03,2024-10-04,2.116
2026-08-03,2026-08-03,2024-10-07,2.185
2026-08-03,2026-08-03,2024-10-08,2.112
2026-08-03,2026-08-03,2024-10-09,2.104
2026-08-03,2026-08-03,2024-10-10,2.157
2026-08-03,2026-08-03,2024-10-11,2.146
2026-08-03,2026-08-03,2024-10-14,.
2026-08-03,2026-08-03,2024-10-15,2.063
2026-08-03,2026-08-03,2024-10-16,2.058
2026-08-03,2026-08-03,2024-10-17,2.05
2026-08-03,2026-08-03,2024-10-18,1.973
2026-08-03,2026-08-03,2024-10-21,1.936
2026-08-03,2026-08-03,2024-10-22,1.986
2026-08-03,2026-08-03,2024-10-23,1.941
2026-08-03,2026-08-03,2024-10-24,1.952
2026-08-03,2026-08-03,2024-10-25,1.99
2026-08-03,2026-08-03,2024-10-28,1.889
2026-08-03,2026-08-03,2024-10-29,1.878
2026-08-03,2026-08-03,2024-10-30,1.919
2026-08-03,2026-08-03,2024-10-31,1.949
2026-08-03,2026-08-03,2024-11-01,1.915
2026-08-03,2026-08-03,2024-11-04,1.992
2026-08-03,2026-08-03,2024-11-05,2.007
2026-08-03,2026-08-03,2024-11-06,1.999
2026-08-03,2026-08-03,2024-11-07,2.01
2026-08-03,2026-08-03,2024-11-08,1.979
2026-08-03,2026-08-03,2024-11-11,.
2026-08-03,2026-08-03,2024-11-12,1.899
2026-08-03,2026-08-03,2024-11-13,1.892
2026-08-03,2026-08-03,2024-11-14,1.933
2026-08-03,2026-08-03,2024-11-15,1.904
2026-08-03,2026-08-03,2024-11-18,1.958
2026-08-03,2026-08-03,2024-11-19,1.999
2026-08-03,2026-08-03,2024-11-20,2.008
2026-08-03,2026-08-03,2024-11-21,1.944
2026-08-03,2026-08-03,2024-11-22,1.971
2026-08-03,2026-08-03,2024-11-25,1.915
2026-08-03,2026-08-03,2024-11-26,1.926
2026-08-03,2026-08-03,2024-11-27,1.914
2026-08-03,2026-08-03,2024-11-28,.
2026-08-03,2026-08-03,2024-11-29,1.889
2026-08-03,2026-08-03,2024-12-02,1.881
2026-08-03,2026-08-03,2024-12-03,1.924
2026-08-03,2026-08-03,2024-12-04,1.905
2026-08-03,2026-08-03,2024-12-05,1.889
2026-08-03,2026-08-03,2024-12-06,1.843
2026-08-03,2026-08-03,2024-12-09,1.895
2026-08-03,2026-08-03,2024-12-10,1.923
2026-08-03,2026-08-03,2024-12-11,1.938
2026-08-03,2026-08-03,2024-12-12,1.942
2026-08-03,2026-08-03,2024-12-13,1.965
2026-08-03,2026-08-03,2024-12-16,1.952
2026-08-03,2026-08-03,2024-12-17,1.924
2026-08-03,2026-08-03,2024-12-18,1.893
2026-08-03,2026-08-03,2024-12-19,1.904
2026-08-03,2026-08-03,2024-12-20,1.924
2026-08-03,2026-08-03,2024-12-23,1.956
2026-08-03,2026-08-03,2024-12-24,2.013
2026-08-03,2026-08-03,2024-12-25,.
2026-08-03,2026-08-03,2024-12-26,1.988
2026-08-03,2026-08-03,2024-12-27,1.98
2026-08-03,2026-08-03,2024-12-30,2.008
2026-08-03,2026-08-03,2024-12-31,2.01
2026-08-03,2026-08-03,2025-01-01,.
2026-08-03,2026-08-03,2025-01-02,2.062
2026-08-03,2026-08-03,2025-01-03,2.069
2026-08-03,2026-08-03,2025-01-06,2.05
2026-08-03,2026-08-03,2025-01-07,2.046
2026-08-03,2026-08-03,2025-01-08,2.031
2026-08-03,2026-08-03,2025-01-09,.
2026-08-03,2026-08-03,2025-01-10,2.097
2026-08-03,2026-08-03,2025-01-13,2.125
2026-08-03,2026-08-03,2025-01-14,2.146
2026-08-03,2026-08-03,2025-01-15,2.214
2026-08-03,2026-08-03,2025-01-16,2.147
2026-08-03,2026-08-03,2025-01-17,2.132
2026-08-03,2026-08-03,2025-01-20,.
2026-08-03,2026-08-03,2025-01-21,2.11
2026-08-03,2026-08-03,2025-01-22,2.066
2026-08-03,2026-08-03,2025-01-23,2.045
2026-08-03,2026-08-03,2025-01-24,2.05
2026-08-03,2026-08-03,2025-01-27,2.03
2026-08-03,2026-08-03,2025-01-28,2.056
2026-08-03,2026-08-03,2025-01-29,2.025
2026-08-03,2026-08-03,2025-01-30,2.072
2026-08-03,2026-08-03,2025-01-31,2.077
2026-08-03,2026-08-03,2025-02-03,2.102
2026-08-03,2026-08-03,2025-02-04,2.114
2026-08-03,2026-08-03,2025-02-05,2.074
2026-08-03,2026-08-03,2025-02-06,2.088
2026-08-03,2026-08-03,2025-02-07,2.108
2026-08-03,2026-08-03,2025-02-10,2.099
2026-08-03,2026-08-03,2025-02-11,2.137
2026-08-03,2026-08-03,2025-02-12,2.072
2026-08-03,2026-08-03,2025-02-13,2.116
2026-08-03,2026-08-03,2025-02-14,2.091
2026-08-03,2026-08-03,2025-02-17,.
2026-08-03,2026-08-03,2025-02-18,2.096
2026-08-03,2026-08-03,2025-02-19,2.114
2026-08-03,2026-08-03,2025-02-20,2.108
2026-08-03,2026-08-03,2025-02-21,2.067
2026-08-03,2026-08-03,2025-02-24,2.061
2026-08-03,2026-08-03,2025-02-25,1.994
2026-08-03,2026-08-03,2025-02-26,1.955
2026-08-03,2026-08-03,2025-02-27,1.998
2026-08-03,2026-08-03,2025-02-28,2.006
2026-08-03,2026-08-03,2025-03-03,1.963
2026-08-03,2026-08-03,2025-03-04,1.938
2026-08-03,2026-08-03,2025-03-05,1.994
2026-08-03,2026-08-03,2025-03-06,1.956
2026-08-03,2026-08-03,2025-03-07,1.985
2026-08-03,2026-08-03,2025-03-10,1.932
2026-08-03,2026-08-03,2025-03-11,1.954
2026-08-03,2026-08-03,2025-03-12,2.008
2026-08-03,2026-08-03,2025-03-13,2.038
2026-08-03,2026-08-03,2025-03-14,2.064
2026-08-03,2026-08-03,2025-03-17,2.095
2026-08-03,2026-08-03,2025-03-18,2.089
2026-08-03,2026-08-03,2025-03-19,2.074
2026-08-03,2026-08-03,2025-03-20,2.106
2026-08-03,2026-08-03,2025-03-21,2.1
2026-08-03,2026-08-03,2025-03-24,2.083
2026-08-03,2026-08-03,2025-03-25,2.087
2026-08-03,2026-08-03,2025-03-26,2.133
2026-08-03,2026-08-03,2025-03-27,2.14
2026-08-03,2026-08-03,2025-03-28,2.146
2026-08-03,2026-08-03,2025-03-31,2.211
2026-08-03,2026-08-03,2025-04-01,2.244
2026-08-03,2026-08-03,2025-04-02,2.238
2026-08-03,2026-08-03,2025-04-03,2.072
2026-08-03,2026-08-03,2025-04-04,1.991
2026-08-03,2026-08-03,2025-04-07,1.953
2026-08-03,2026-08-03,2025-04-08,1.892
2026-08-03,2026-08-03,2025-04-09,1.943
2026-08-03,2026-08-03,2025-04-10,1.882
2026-08-03,2026-08-03,2025-04-11,1.911
2026-08-03,2026-08-03,2025-04-14,1.928
2026-08-03,2026-08-03,2025-04-15,1.939
2026-08-03,2026-08-03,2025-04-16,1.953
2026-08-03,2026-08-03,2025-04-17,2.008
2026-08-03,2026-08-03,2025-04-18,.
2026-08-03,2026-08-03,2025-04-21,1.981
2026-08-03,2026-08-03,2025-04-22,2.018
2026-08-03,2026-08-03,2025-04-23,2.005
2026-08-03,2026-08-03,2025-04-24,2.009
2026-08-03,2026-08-03,2025-04-25,2.028
2026-08-03,2026-08-03,2025-04-28,2.011
2026-08-03,2026-08-03,2025-04-29,1.966
2026-08-03,2026-08-03,2025-04-30,1.946
2026-08-03,2026-08-03,2025-05-01,1.946
2026-08-03,2026-08-03,2025-05-02,1.927
2026-08-03,2026-08-03,2025-05-05,1.946
2026-08-03,2026-08-03,2025-05-06,2.009
2026-08-03,2026-08-03,2025-05-07,1.96
2026-08-03,2026-08-03,2025-05-08,2.036
2026-08-03,2026-08-03,2025-05-09,2.05
2026-08-03,2026-08-03,2025-05-12,2.063
2026-08-03,2026-08-03,2025-05-13,2.084
2026-08-03,2026-08-03,2025-05-14,2.075
2026-08-03,2026-08-03,2025-05-15,2.061
2026-08-03,2026-08-03,2025-05-16,2.055
2026-08-03,2026-08-03,2025-05-19,2.074
2026-08-03,2026-08-03,2025-05-20,2.093
2026-08-03,2026-08-03,2025-05-21,2.108
2026-08-03,2026-08-03,2025-05-22,2.106
2026-08-03,2026-08-03,2025-05-23,2.102
2026-08-03,2026-08-03,2025-05-26,.
2026-08-03,2026-08-03,2025-05-27,2.007
2026-08-03,2026-08-03,2025-05-28,2.004
2026-08-03,2026-08-03,2025-05-29,1.979
2026-08-03,2026-08-03,2025-05-30,1.953
2026-08-03,2026-08-03,2025-06-02,2.004
2026-08-03,2026-08-03,2025-06-03,2.022
2026-08-03,2026-08-03,2025-06-04,1.978
2026-08-03,2026-08-03,2025-06-05,1.994
2026-08-03,2026-08-03,2025-06-06,1.995
2026-08-03,2026-08-03,2025-06-09,2.015
2026-08-03,2026-08-03,2025-06-10,2.02
2026-08-03,2026-08-03,2025-06-11,2.119
2026-08-03,2026-08-03,2025-06-12,2.115
2026-08-03,2026-08-03,2025-06-13,2.187
2026-08-03,2026-08-03,2025-06-16,2.162
2026-08-03,2026-08-03,2025-06-17,2.211
2026-08-03,2026-08-03,2025-06-18,2.218
2026-08-03,2026-08-03,2025-06-19,.
2026-08-03,2026-08-03,2025-06-20,2.265
2026-08-03,2026-08-03,2025-06-23,2.104
2026-08-03,2026-08-03,2025-06-24,2.018
2026-08-03,2026-08-03,2025-06-25,2.011
2026-08-03,2026-08-03,2025-06-26,2.01
2026-08-03,2026-08-03,2025-06-27,1.99
2026-08-03,2026-08-03,2025-06-30,2.045
2026-08-03,2026-08-03,2025-07-01,2.025
2026-08-03,2026-08-03,2025-07-02,2.086
2026-08-03,2026-08-03,2025-07-03,2.075
2026-08-03,2026-08-03,2025-07-04,.
2026-08-03,2026-08-03,2025-07-07,2.112
2026-08-03,2026-08-03,2025-07-08,2.133
2026-08-03,2026-08-03,2025-07-09,2.136
2026-08-03,2026-08-03,2025-07-10,2.1
2026-08-03,2026-08-03,2025-07-11,2.16
2026-08-03,2026-08-03,2025-07-14,2.092
2026-08-03,2026-08-03,2025-07-15,2.082
2026-08-03,2026-08-03,2025-07-16,2.063
2026-08-03,2026-08-03,2025-07-17,2.135
2026-08-03,2026-08-03,2025-07-18,2.127
2026-08-03,2026-08-03,2025-07-21,2.104
2026-08-03,2026-08-03,2025-07-22,2.086
2026-08-03,2026-08-03,2025-07-23,2.096
2026-08-03,2026-08-03,2025-07-24,2.085
2026-08-03,2026-08-03,2025-07-25,2.062
2026-08-03,2026-08-03,2025-07-28,2.077
2026-08-03,2026-08-03,2025-07-29,2.147
2026-08-03,2026-08-03,2025-07-30,2.155
2026-08-03,2026-08-03,2025-07-31,2.122
2026-08-03,2026-08-03,2025-08-01,2.073
2026-08-03,2026-08-03,2025-08-04,2.054
2026-08-03,2026-08-03,2025-08-05,2.049
2026-08-03,2026-08-03,2025-08-06,2.053
2026-08-03,2026-08-03,2025-08-07,2.032
2026-08-03,2026-08-03,2025-08-08,2.035
2026-08-03,2026-08-03,2025-08-11,2.053
2026-08-03,2026-08-03,2025-08-12,2.051
2026-08-03,2026-08-03,2025-08-13,2.054
2026-08-03,2026-08-03,2025-08-14,2.1
2026-08-03,2026-08-03,2025-08-15,2.056
2026-08-03,2026-08-03,2025-08-18,2.074
2026-08-03,2026-08-03,2025-08-19,2.227
2026-08-03,2026-08-03,2025-08-20,2.103
2026-08-03,2026-08-03,2025-08-21,2.129
2026-08-03,2026-08-03,2025-08-22,2.144
2026-08-03,2026-08-03,2025-08-25,2.128
2026-08-03,2026-08-03,2025-08-26,2.115
2026-08-03,2026-08-03,2025-08-27,2.1
2026-08-03,2026-08-03,2025-08-28,2.124
2026-08-03,2026-08-03,2025-08-29,2.127
2026-08-03,2026-08-03,2025-09-01,.
2026-08-03,2026-08-03,2025-09-02,2.2
2026-08-03,2026-08-03,2025-09-03,2.179
2026-08-03,2026-08-03,2025-09-04,2.171
2026-08-03,2026-08-03,2025-09-05,2.064
2026-08-03,2026-08-03,2025-09-08,2.062
2026-08-03,2026-08-03,2025-09-09,2.092
2026-08-03,2026-08-03,2025-09-10,2.103
2026-08-03,2026-08-03,2025-09-11,2.001
2026-08-03,2026-08-03,2025-09-12,2.074
2026-08-03,2026-08-03,2025-09-15,2.098
2026-08-03,2026-08-03,2025-09-16,2.102
2026-08-03,2026-08-03,2025-09-17,2.105
2026-08-03,2026-08-03,2025-09-18,2.116
2026-08-03,2026-08-03,2025-09-19,2.1
2026-08-03,2026-08-03,2025-09-22,2.08
2026-08-03,2026-08-03,2025-09-23,2.085
2026-08-03,2026-08-03,2025-09-24,2.095
2026-08-03,2026-08-03,2025-09-25,2.076
2026-08-03,2026-08-03,2025-09-26,2.072
2026-08-03,2026-08-03,2025-09-29,2.021
2026-08-03,2026-08-03,2025-09-30,2.017
2026-08-03,2026-08-03,2025-10-01,1.98
2026-08-03,2026-08-03,2025-10-02,1.944
2026-08-03,2026-08-03,2025-10-03,1.94
2026-08-03,2026-08-03,2025-10-06,2.005
2026-08-03,2026-08-03,2025-10-07,2.007
2026-08-03,2026-08-03,2025-10-08,2.008
2026-08-03,2026-08-03,2025-10-09,1.979
2026-08-03,2026-08-03,2025-10-10,1.922
2026-08-03,2026-08-03,2025-10-13,.
2026-08-03,2026-08-03,2025-10-14,1.941
2026-08-03,2026-08-03,2025-10-15,1.906
2026-08-03,2026-08-03,2025-10-16,1.878
2026-08-03,2026-08-03,2025-10-17,1.899
2026-08-03,2026-08-03,2025-10-20,1.88
2026-08-03,2026-08-03,2025-10-21,1.884
2026-08-03,2026-08-03,2025-10-22,1.914
2026-08-03,2026-08-03,2025-10-23,1.959
2026-08-03,2026-08-03,2025-10-24,1.848
2026-08-03,2026-08-03,2025-10-27,1.867
2026-08-03,2026-08-03,2025-10-28,1.847
2026-08-03,2026-08-03,2025-10-29,1.929
2026-08-03,2026-08-03,2025-10-30,1.922
2026-08-03,2026-08-03,2025-10-31,1.906
2026-08-03,2026-08-03,2025-11-03,1.946
2026-08-03,2026-08-03,2025-11-04,1.97
2026-08-03,2026-08-03,2025-11-05,1.952
2026-08-03,2026-08-03,2025-11-06,2.011
2026-08-03,2026-08-03,2025-11-07,1.994
2026-08-03,2026-08-03,2025-11-10,1.99
2026-08-03,2026-08-03,2025-11-11,.
2026-08-03,2026-08-03,2025-11-12,1.981
2026-08-03,2026-08-03,2025-11-13,1.983
2026-08-03,2026-08-03,2025-11-14,2.035
2026-08-03,2026-08-03,2025-11-17,1.994
2026-08-03,2026-08-03,2025-11-18,2.006
2026-08-03,2026-08-03,2025-11-19,1.945
2026-08-03,2026-08-03,2025-11-20,1.987
2026-08-03,2026-08-03,2025-11-21,1.849
2026-08-03,2026-08-03,2025-11-24,1.891
2026-08-03,2026-08-03,2025-11-25,1.774
2026-08-03,2026-08-03,2025-11-26,1.815
2026-08-03,2026-08-03,2025-11-27,.
2026-08-03,2026-08-03,2025-11-28,1.809
2026-08-03,2026-08-03,2025-12-01,1.858
2026-08-03,2026-08-03,2025-12-02,1.857
2026-08-03,2026-08-03,2025-12-03,1.804
2026-08-03,2026-08-03,2025-12-04,1.81
2026-08-03,2026-08-03,2025-12-05,1.854
2026-08-03,2026-08-03,2025-12-08,1.802
2026-08-03,2026-08-03,2025-12-09,1.801
2026-08-03,2026-08-03,2025-12-10,1.798
2026-08-03,2026-08-03,2025-12-11,1.766
2026-08-03,2026-08-03,2025-12-12,1.721
2026-08-03,2026-08-03,2025-12-15,1.694
2026-08-03,2026-08-03,2025-12-16,1.649
2026-08-03,2026-08-03,2025-12-17,1.678
2026-08-03,2026-08-03,2025-12-18,1.684
2026-08-03,2026-08-03,2025-12-19,1.732
2026-08-03,2026-08-03,2025-12-22,1.695
2026-08-03,2026-08-03,2025-12-23,1.709
2026-08-03,2026-08-03,2025-12-24,1.763
2026-08-03,2026-08-03,2025-12-25,.
2026-08-03,2026-08-03,2025-12-26,1.748
2026-08-03,2026-08-03,2025-12-29,1.759
2026-08-03,2026-08-03,2025-12-30,1.785
2026-08-03,2026-08-03,2025-12-31,1.737
2026-08-03,2026-08-03,2026-01-01,.
2026-08-03,2026-08-03,2026-01-02,1.953
2026-08-03,2026-08-03,2026-01-05,1.966
2026-08-03,2026-08-03,2026-01-06,1.939
2026-08-03,2026-08-03,2026-01-07,1.944
2026-08-03,2026-08-03,2026-01-08,1.991
2026-08-03,2026-08-03,2026-01-09,1.99
2026-08-03,2026-08-03,2026-01-12,2.029
2026-08-03,2026-08-03,2026-01-13,2.058
2026-08-03,2026-08-03,2026-01-14,2.057
2026-08-03,2026-08-03,2026-01-15,2.039
2026-08-03,2026-08-03,2026-01-16,2.028
2026-08-03,2026-08-03,2026-01-19,.
2026-08-03,2026-08-03,2026-01-20,2.079
2026-08-03,2026-08-03,2026-01-21,2.069
2026-08-03,2026-08-03,2026-01-22,2.084
2026-08-03,2026-08-03,2026-01-23,2.112
2026-08-03,2026-08-03,2026-01-26,2.08
2026-08-03,2026-08-03,2026-01-27,2.126
2026-08-03,2026-08-03,2026-01-28,2.153
2026-08-03,2026-08-03,2026-01-29,2.139
2026-08-03,2026-08-03,2026-01-30,2.16
2026-08-03,2026-08-03,2026-02-02,2.076
2026-08-03,2026-08-03,2026-02-03,2.132
2026-08-03,2026-08-03,2026-02-04,2.164
2026-08-03,2026-08-03,2026-02-05,2.175
2026-08-03,2026-08-03,2026-02-06,2.196
2026-08-03,2026-08-03,2026-02-09,2.192
2026-08-03,2026-08-03,2026-02-10,2.172
2026-08-03,2026-08-03,2026-02-11,2.195
2026-08-03,2026-08-03,2026-02-12,2.131
2026-08-03,2026-08-03,2026-02-13,1.912
2026-08-03,2026-08-03,2026-02-16,.
2026-08-03,2026-08-03,2026-02-17,1.917
2026-08-03,2026-08-03,2026-02-18,1.699
2026-08-03,2026-08-03,2026-02-19,1.737
2026-08-03,2026-08-03,2026-02-20,1.716
2026-08-03,2026-08-03,2026-02-23,1.768
2026-08-03,2026-08-03,2026-02-24,1.758
2026-08-03,2026-08-03,2026-02-25,1.777
2026-08-03,2026-08-03,2026-02-26,1.823
2026-08-03,2026-08-03,2026-02-27,1.968
2026-08-03,2026-08-03,2026-03-02,2.275
2026-08-03,2026-08-03,2026-03-03,2.339
2026-08-03,2026-08-03,2026-03-04,2.371
2026-08-03,2026-08-03,2026-03-05,2.439
2026-08-03,2026-08-03,2026-03-06,2.581
2026-08-03,2026-08-03,2026-03-09,2.437
2026-08-03,2026-08-03,2026-03-10,2.48
2026-08-03,2026-08-03,2026-03-11,2.664
2026-08-03,2026-08-03,2026-03-12,2.875
2026-08-03,2026-08-03,2026-03-13,3.054
2026-08-03,2026-08-03,2026-03-16,3.032
2026-08-03,2026-08-03,2026-03-17,3.158
2026-08-03,2026-08-03,2026-03-18,3.153
2026-08-03,2026-08-03,2026-03-19,3.065
2026-08-03,2026-08-03,2026-03-20,3.258
2026-08-03,2026-08-03,2026-03-23,2.936
2026-08-03,2026-08-03,2026-03-24,2.995
2026-08-03,2026-08-03,2026-03-25,2.965
2026-08-03,2026-08-03,2026-03-26,3.057
2026-08-03,2026-08-03,2026-03-27,3.263
2026-08-03,2026-08-03,2026-03-30,3.401
2026-08-03,2026-08-03,2026-03-31,3.315
2026-08-03,2026-08-03,2026-04-01,3.101
2026-08-03,2026-08-03,2026-04-02,3.295
2026-08-03,2026-08-03,2026-04-03,.
2026-08-03,2026-08-03,2026-04-06,3.298
2026-08-03,2026-08-03,2026-04-07,3.232
2026-08-03,2026-08-03,2026-04-08,2.924
2026-08-03,2026-08-03,2026-04-09,2.923
2026-08-03,2026-08-03,2026-04-10,2.975
2026-08-03,2026-08-03,2026-04-13,3.053
2026-08-03,2026-08-03,2026-04-14,2.915
2026-08-03,2026-08-03,2026-04-15,2.968
2026-08-03,2026-08-03,2026-04-16,3.122
2026-08-03,2026-08-03,2026-04-17,3.014
2026-08-03,2026-08-03,2026-04-20,3.113
2026-08-03,2026-08-03,2026-04-21,3.216
2026-08-03,2026-08-03,2026-04-22,3.327
2026-08-03,2026-08-03,2026-04-23,3.456
2026-08-03,2026-08-03,2026-04-24,3.467
2026-08-03,2026-08-03,2026-04-27,3.496
2026-08-03,2026-08-03,2026-04-28,3.561
2026-08-03,2026-08-03,2026-04-29,3.77
2026-08-03,2026-08-03,2026-04-30,3.823
2026-08-03,2026-08-03,2026-05-01,3.598
2026-08-03,2026-08-03,2026-05-04,3.703
2026-08-03,2026-08-03,2026-05-05,3.567
2026-08-03,2026-08-03,2026-05-06,3.451
2026-08-03,2026-08-03,2026-05-07,3.476
2026-08-03,2026-08-03,2026-05-08,3.513
2026-08-03,2026-08-03,2026-05-11,3.605
2026-08-03,2026-08-03,2026-05-12,3.707
2026-08-03,2026-08-03,2026-05-13,3.59
2026-08-03,2026-08-03,2026-05-14,3.593
2026-08-03,2026-08-03,2026-05-15,3.689
2026-08-03,2026-08-03,2026-05-18,3.632
2026-08-03,2026-08-03,2026-05-19,3.651
2026-08-03,2026-08-03,2026-05-20,3.521
2026-08-03,2026-08-03,2026-05-21,3.476
2026-08-03,2026-08-03,2026-05-22,3.465
2026-08-03,2026-08-03,2026-05-25,.
2026-08-03,2026-08-03,2026-05-26,3.237
2026-08-03,2026-08-03,2026-05-27,3.175
2026-08-03,2026-08-03,2026-05-28,3.148
2026-08-03,2026-08-03,2026-05-29,3.031
2026-08-03,2026-08-03,2026-06-01,3.042
2026-08-03,2026-08-03,2026-06-02,3.143
2026-08-03,2026-08-03,2026-06-03,3.111
2026-08-03,2026-08-03,2026-06-04,3.027
2026-08-03,2026-08-03,2026-06-05,3.012
2026-08-03,2026-08-03,2026-06-08,3.049
2026-08-03,2026-08-03,2026-06-09,3.003
2026-08-03,2026-08-03,2026-06-10,3.117
2026-08-03,2026-08-03,2026-06-11,3.045
2026-08-03,2026-08-03,2026-06-12,3.03
2026-08-03,2026-08-03,2026-06-15,2.955
2026-08-03,2026-08-03,2026-06-16,2.875
2026-08-03,2026-08-03,2026-06-17,2.93
2026-08-03,2026-08-03,2026-06-18,2.97
2026-08-03,2026-08-03,2026-06-19,.
2026-08-03,2026-08-03,2026-06-22,2.991
2026-08-03,2026-08-03,2026-06-23,2.95
2026-08-03,2026-08-03,2026-06-24,2.858
2026-08-03,2026-08-03,2026-06-25,3.027
2026-08-03,2026-08-03,2026-06-26,3.006
2026-08-03,2026-08-03,2026-06-29,3.092
2026-08-03,2026-08-03,2026-06-30,3.017
2026-08-03,2026-08-03,2026-07-01,3.035
2026-08-03,2026-08-03,2026-07-02,3.007
2026-08-03,2026-08-03,2026-07-03,.
2026-08-03,2026-08-03,2026-07-06,3.048
2026-08-03,2026-08-03,2026-07-07,3.007
2026-08-03,2026-08-03,2026-07-08,3.145
2026-08-03,2026-08-03,2026-07-09,3.018
2026-08-03,2026-08-03,2026-07-10,2.971
2026-08-03,2026-08-03,2026-07-13,3.151
2026-08-03,2026-08-03,2026-07-14,3.242
2026-08-03,2026-08-03,2026-07-15,3.314
2026-08-03,2026-08-03,2026-07-16,3.263
2026-08-03,2026-08-03,2026-07-17,3.359
2026-08-03,2026-08-03,2026-07-20,3.4
2026-08-03,2026-08-03,2026-07-21,3.518
2026-08-03,2026-08-03,2026-07-22,3.475
2026-08-03,2026-08-03,2026-07-23,3.548
2026-08-03,2026-08-03,2026-07-24,3.508
2026-08-03,2026-08-03,2026-07-27,3.434
